warning: profiles for the non root package will be ignored, specify profiles at the workspace root:
package:   /mnt/data1/nix/vendor/rust/cargo2nix/submodules/addr2line/Cargo.toml
workspace: /mnt/data1/nix/vendor/rust/cargo2nix/Cargo.toml
warning: profiles for the non root package will be ignored, specify profiles at the workspace root:
package:   /mnt/data1/nix/vendor/rust/cargo2nix/submodules/clap/Cargo.toml
workspace: /mnt/data1/nix/vendor/rust/cargo2nix/Cargo.toml
warning: profiles for the non root package will be ignored, specify profiles at the workspace root:
package:   /mnt/data1/nix/vendor/rust/cargo2nix/submodules/aho-corasick/Cargo.toml
workspace: /mnt/data1/nix/vendor/rust/cargo2nix/Cargo.toml
warning: profiles for the non root package will be ignored, specify profiles at the workspace root:
package:   /mnt/data1/nix/vendor/rust/cargo2nix/submodules/annotate-snippets-rs/Cargo.toml
workspace: /mnt/data1/nix/vendor/rust/cargo2nix/Cargo.toml
warning: resolver for the non root package will be ignored, specify resolver at the workspace root:
package:   /mnt/data1/nix/vendor/rust/cargo2nix/submodules/bstr/Cargo.toml
workspace: /mnt/data1/nix/vendor/rust/cargo2nix/Cargo.toml
warning: profiles for the non root package will be ignored, specify profiles at the workspace root:
package:   /mnt/data1/nix/vendor/rust/cargo2nix/submodules/imara-diff/Cargo.toml
workspace: /mnt/data1/nix/vendor/rust/cargo2nix/Cargo.toml
warning: resolver for the non root package will be ignored, specify resolver at the workspace root:
package:   /mnt/data1/nix/vendor/rust/cargo2nix/submodules/http-auth/Cargo.toml
workspace: /mnt/data1/nix/vendor/rust/cargo2nix/Cargo.toml
warning: profiles for the non root package will be ignored, specify profiles at the workspace root:
package:   /mnt/data1/nix/vendor/rust/cargo2nix/submodules/generic-array/Cargo.toml
workspace: /mnt/data1/nix/vendor/rust/cargo2nix/Cargo.toml
warning: patch for the non root package will be ignored, specify patch at the workspace root:
package:   /mnt/data1/nix/vendor/rust/cargo2nix/tools/cargo-repo-sync/Cargo.toml
workspace: /mnt/data1/nix/vendor/rust/cargo2nix/Cargo.toml
warning: profiles for the non root package will be ignored, specify profiles at the workspace root:
package:   /mnt/data1/nix/vendor/rust/cargo2nix/submodules/ahash/Cargo.toml
workspace: /mnt/data1/nix/vendor/rust/cargo2nix/Cargo.toml
warning: resolver for the non root package will be ignored, specify resolver at the workspace root:
package:   /mnt/data1/nix/vendor/rust/cargo2nix/submodules/tracing-tree/Cargo.toml
workspace: /mnt/data1/nix/vendor/rust/cargo2nix/Cargo.toml
warning: /mnt/data1/nix/vendor/rust/cargo2nix/submodules/gitoxide/gix-worktree-stream/Cargo.toml: unused manifest key: package.rust-workspace
warning: /mnt/data1/nix/vendor/rust/cargo2nix/submodules/gitoxide/gix-hash/Cargo.toml: unused manifest key: package.rust-workspace
warning: /mnt/data1/nix/vendor/rust/cargo2nix/submodules/curl-rust/Cargo.toml: `default-features` is ignored for curl-sys, since `default-features` was not specified for `workspace.dependencies.curl-sys`, this could become a hard error in the future
warning: /mnt/data1/nix/vendor/rust/cargo2nix/submodules/zstd-rs/ruzstd/Cargo.toml: `default-features` is ignored for twox-hash, since `default-features` was not specified for `workspace.dependencies.twox-hash`, this could become a hard error in the future
warning: /mnt/data1/nix/vendor/rust/cargo2nix/submodules/zstd-rs/ruzstd/Cargo.toml: unused manifest key: dependencies.fastrand.version
warning: /mnt/data1/nix/vendor/rust/cargo2nix/submodules/zstd-rs/ruzstd/Cargo.toml: unused manifest key: dependencies.twox-hash.version
warning: /mnt/data1/nix/vendor/rust/cargo2nix/submodules/zstd-rs/ruzstd/Cargo.toml: unused manifest key: dev-dependencies.rand.version
warning: /mnt/data1/nix/vendor/rust/cargo2nix/submodules/faster-hex/Cargo.toml: Found `feature = ...` in `target.'cfg(...)'.dependencies`. This key is not supported for selecting dependencies and will not work as expected. Use the [features] section instead: https://doc.rust-lang.org/cargo/reference/features.html
warning: /mnt/data1/nix/vendor/rust/cargo2nix/submodules/faster-hex/Cargo.toml: unused manifest key: target.cfg(not(feature = "alloc")).features
warning: /mnt/data1/nix/vendor/rust/cargo2nix/submodules/quickcheck/Cargo.toml: unused manifest key: package.members
warning: /mnt/data1/nix/vendor/rust/cargo2nix/submodules/assert-impl/Cargo.toml: no edition set: defaulting to the 2015 edition while the latest is 2024
warning: /mnt/data1/nix/vendor/rust/cargo2nix/submodules/bstr/Cargo.toml: unused manifest key: package.members
warning: /mnt/data1/nix/vendor/rust/cargo2nix/submodules/petgraph/Cargo.toml: unused manifest key: dependencies.dot-parser.version
warning: /mnt/data1/nix/vendor/rust/cargo2nix/submodules/petgraph/Cargo.toml: unused manifest key: dependencies.dot-parser-macros.version
warning: /mnt/data1/nix/vendor/rust/cargo2nix/submodules/petgraph/Cargo.toml: unused manifest key: dependencies.fixedbitset.version
warning: /mnt/data1/nix/vendor/rust/cargo2nix/submodules/petgraph/Cargo.toml: unused manifest key: dependencies.hashbrown.version
warning: /mnt/data1/nix/vendor/rust/cargo2nix/submodules/petgraph/Cargo.toml: unused manifest key: dependencies.indexmap.version
warning: /mnt/data1/nix/vendor/rust/cargo2nix/submodules/petgraph/Cargo.toml: unused manifest key: dependencies.quickcheck.version
warning: /mnt/data1/nix/vendor/rust/cargo2nix/submodules/petgraph/Cargo.toml: unused manifest key: dependencies.rayon.version
warning: /mnt/data1/nix/vendor/rust/cargo2nix/submodules/petgraph/Cargo.toml: unused manifest key: dependencies.serde.version
warning: /mnt/data1/nix/vendor/rust/cargo2nix/submodules/petgraph/Cargo.toml: unused manifest key: dependencies.serde_derive.version
warning: /mnt/data1/nix/vendor/rust/cargo2nix/submodules/petgraph/Cargo.toml: unused manifest key: dev-dependencies.itertools.version
warning: /mnt/data1/nix/vendor/rust/cargo2nix/submodules/petgraph/Cargo.toml: unused manifest key: dev-dependencies.odds.version
warning: /mnt/data1/nix/vendor/rust/cargo2nix/submodules/lazy-static/Cargo.toml: no edition set: defaulting to the 2015 edition while the latest is 2024
warning: /mnt/data1/nix/vendor/rust/cargo2nix/submodules/rust-url/url/Cargo.toml: `default-features` is ignored for serde_derive, since `default-features` was not specified for `workspace.dependencies.serde_derive`, this could become a hard error in the future
warning: /mnt/data1/nix/vendor/rust/cargo2nix/submodules/equivalent/Cargo.toml: no edition set: defaulting to the 2015 edition while the latest is 2024
warning: /mnt/data1/nix/vendor/rust/cargo2nix/submodules/memoffset/Cargo.toml: no edition set: defaulting to the 2015 edition while the latest is 2024
warning: /mnt/data1/nix/vendor/rust/cargo2nix/submodules/gitoxide/gix-dir/Cargo.toml: unused manifest key: package.rust-workspace
warning: /mnt/data1/nix/vendor/rust/cargo2nix/submodules/io-uring/Cargo.toml: unused manifest key: package.members
warning: /mnt/data1/nix/vendor/rust/cargo2nix/submodules/gitoxide/gix-odb/Cargo.toml: unused manifest key: package.rust-workspace
warning: /mnt/data1/nix/vendor/rust/cargo2nix/submodules/gitoxide/gix-blame/Cargo.toml: unused manifest key: package.rust-workspace
warning: /mnt/data1/nix/vendor/rust/cargo2nix/submodules/itertools/Cargo.toml: `default-features` is ignored for either, since `default-features` was not specified for `workspace.dependencies.either`, this could become a hard error in the future
warning: /mnt/data1/nix/vendor/rust/cargo2nix/submodules/gitoxide/gix-diff/Cargo.toml: unused manifest key: package.rust-workspace
warning: /mnt/data1/nix/vendor/rust/cargo2nix/submodules/gitoxide/gix-refspec/Cargo.toml: unused manifest key: package.rust-workspace
warning: /mnt/data1/nix/vendor/rust/cargo2nix/submodules/tokio/tokio/Cargo.toml: `default-features` is ignored for mio, since `default-features` was not specified for `workspace.dependencies.mio`, this could become a hard error in the future
warning: /mnt/data1/nix/vendor/rust/cargo2nix/submodules/tokio/tokio/Cargo.toml: `default-features` is ignored for io-uring, since `default-features` was not specified for `workspace.dependencies.io-uring`, this could become a hard error in the future
warning: /mnt/data1/nix/vendor/rust/cargo2nix/submodules/tokio/tokio/Cargo.toml: `default-features` is ignored for mio, since `default-features` was not specified for `workspace.dependencies.mio`, this could become a hard error in the future
warning: /mnt/data1/nix/vendor/rust/cargo2nix/submodules/tokio/tokio/Cargo.toml: `default-features` is ignored for tracing, since `default-features` was not specified for `workspace.dependencies.tracing`, this could become a hard error in the future
warning: /mnt/data1/nix/vendor/rust/cargo2nix/submodules/tokio/tokio/Cargo.toml: `default-features` is ignored for nix, since `default-features` was not specified for `workspace.dependencies.nix`, this could become a hard error in the future
warning: /mnt/data1/nix/vendor/rust/cargo2nix/submodules/tokio/tokio/Cargo.toml: unused manifest key: dependencies.bytes.version
warning: /mnt/data1/nix/vendor/rust/cargo2nix/submodules/tokio/tokio/Cargo.toml: unused manifest key: dependencies.mio.version
warning: /mnt/data1/nix/vendor/rust/cargo2nix/submodules/tokio/tokio/Cargo.toml: unused manifest key: dev-dependencies.futures.version
warning: /mnt/data1/nix/vendor/rust/cargo2nix/submodules/tokio/tokio/Cargo.toml: unused manifest key: dev-dependencies.tokio-stream.path
warning: /mnt/data1/nix/vendor/rust/cargo2nix/submodules/tokio/tokio/Cargo.toml: unused manifest key: dev-dependencies.tokio-stream.version
warning: /mnt/data1/nix/vendor/rust/cargo2nix/submodules/tokio/tokio/Cargo.toml: unused manifest key: dev-dependencies.tokio-test.path
warning: /mnt/data1/nix/vendor/rust/cargo2nix/submodules/tokio/tokio/Cargo.toml: unused manifest key: dev-dependencies.tokio-test.version
warning: /mnt/data1/nix/vendor/rust/cargo2nix/submodules/tokio/tokio/Cargo.toml: unused manifest key: dev-dependencies.tokio-util.path
warning: /mnt/data1/nix/vendor/rust/cargo2nix/submodules/tokio/tokio/Cargo.toml: unused manifest key: dev-dependencies.tokio-util.version
warning: /mnt/data1/nix/vendor/rust/cargo2nix/submodules/tokio/tokio/Cargo.toml: unused manifest key: target.cfg(all(tokio_unstable, target_os = "linux")).dependencies.io-uring.version
warning: /mnt/data1/nix/vendor/rust/cargo2nix/submodules/tokio/tokio/Cargo.toml: unused manifest key: target.cfg(all(tokio_unstable, target_os = "linux")).dependencies.libc.version
warning: /mnt/data1/nix/vendor/rust/cargo2nix/submodules/tokio/tokio/Cargo.toml: unused manifest key: target.cfg(all(tokio_unstable, target_os = "linux")).dependencies.mio.version
warning: /mnt/data1/nix/vendor/rust/cargo2nix/submodules/tokio/tokio/Cargo.toml: unused manifest key: target.cfg(all(tokio_unstable, target_os = "linux")).dependencies.slab.version
warning: /mnt/data1/nix/vendor/rust/cargo2nix/submodules/tokio/tokio/Cargo.toml: unused manifest key: target.cfg(not(target_family = "wasm")).dependencies.socket2.version
warning: /mnt/data1/nix/vendor/rust/cargo2nix/submodules/tokio/tokio/Cargo.toml: unused manifest key: target.cfg(tokio_unstable).dependencies.tracing.version
warning: /mnt/data1/nix/vendor/rust/cargo2nix/submodules/tokio/tokio/Cargo.toml: unused manifest key: target.cfg(unix).dependencies.libc.version
warning: /mnt/data1/nix/vendor/rust/cargo2nix/submodules/tokio/tokio/Cargo.toml: unused manifest key: target.cfg(unix).dependencies.signal-hook-registry.version
warning: /mnt/data1/nix/vendor/rust/cargo2nix/submodules/tokio/tokio/Cargo.toml: unused manifest key: target.cfg(unix).dev-dependencies.libc.version
warning: /mnt/data1/nix/vendor/rust/cargo2nix/submodules/tokio/tokio/Cargo.toml: unused manifest key: target.cfg(unix).dev-dependencies.nix.version
warning: /mnt/data1/nix/vendor/rust/cargo2nix/submodules/tokio/tokio/Cargo.toml: unused manifest key: target.cfg(windows).dependencies.windows-sys.version
warning: /mnt/data1/nix/vendor/rust/cargo2nix/submodules/tokio/tokio/Cargo.toml: unused manifest key: target.cfg(windows).dev-dependencies.windows-sys.version
warning: /mnt/data1/nix/vendor/rust/cargo2nix/submodules/gitoxide/gix-config-value/Cargo.toml: unused manifest key: package.rust-workspace
warning: /mnt/data1/nix/vendor/rust/cargo2nix/submodules/gitoxide/gix-config/Cargo.toml: unused manifest key: package.rust-workspace
warning: /mnt/data1/nix/vendor/rust/cargo2nix/submodules/gitoxide/gix-worktree-state/Cargo.toml: unused manifest key: package.rust-workspace
warning: /mnt/data1/nix/vendor/rust/cargo2nix/submodules/gitoxide/gix-pack/Cargo.toml: unused manifest key: package.rust-workspace
warning: /mnt/data1/nix/vendor/rust/cargo2nix/submodules/gitoxide/gix-archive/Cargo.toml: unused manifest key: package.rust-workspace
warning: /mnt/data1/nix/vendor/rust/cargo2nix/submodules/gitoxide/gix-revision/Cargo.toml: unused manifest key: package.rust-workspace
warning: /mnt/data1/nix/vendor/rust/cargo2nix/submodules/gitoxide/gix-worktree/Cargo.toml: unused manifest key: package.rust-workspace
warning: /mnt/data1/nix/vendor/rust/cargo2nix/submodules/gitoxide/gix-discover/Cargo.toml: unused manifest key: package.rust-workspace
warning: /mnt/data1/nix/vendor/rust/cargo2nix/submodules/im-rs/rc/Cargo.toml: unused manifest key: package.metadata.docs.rs
warning: /mnt/data1/nix/vendor/rust/cargo2nix/submodules/gitoxide/gix/Cargo.toml: unused manifest key: package.rust-workspace
warning: /mnt/data1/nix/vendor/rust/cargo2nix/submodules/gitoxide/gix-packetline/Cargo.toml: unused manifest key: package.rust-workspace
warning: /mnt/data1/nix/vendor/rust/cargo2nix/submodules/version_check/Cargo.toml: no edition set: defaulting to the 2015 edition while the latest is 2024
warning: /mnt/data1/nix/vendor/rust/cargo2nix/submodules/arbitrary/Cargo.toml: unused manifest key: test.0.members
warning: /mnt/data1/nix/vendor/rust/cargo2nix/submodules/zip2/Cargo.toml: `default-features` is ignored for lzma-rust2, since `default-features` was not specified for `workspace.dependencies.lzma-rust2`, this could become a hard error in the future
warning: /mnt/data1/nix/vendor/rust/cargo2nix/submodules/gitoxide/gix-traverse/Cargo.toml: unused manifest key: package.rust-workspace
warning: /mnt/data1/nix/vendor/rust/cargo2nix/submodules/backtrace-rs/Cargo.toml: unused manifest key: dependencies.cpp_demangle.version
warning: /mnt/data1/nix/vendor/rust/cargo2nix/submodules/backtrace-rs/Cargo.toml: unused manifest key: dependencies.serde.version
warning: /mnt/data1/nix/vendor/rust/cargo2nix/submodules/backtrace-rs/Cargo.toml: unused manifest key: target.cfg(not(all(windows, target_env = "msvc", not(target_vendor = "uwp")))).dependencies.addr2line.version
warning: /mnt/data1/nix/vendor/rust/cargo2nix/submodules/backtrace-rs/Cargo.toml: unused manifest key: target.cfg(not(all(windows, target_env = "msvc", not(target_vendor = "uwp")))).dependencies.libc.version
warning: /mnt/data1/nix/vendor/rust/cargo2nix/submodules/backtrace-rs/Cargo.toml: unused manifest key: target.cfg(not(all(windows, target_env = "msvc", not(target_vendor = "uwp")))).dependencies.miniz_oxide.version
warning: /mnt/data1/nix/vendor/rust/cargo2nix/submodules/backtrace-rs/Cargo.toml: unused manifest key: target.cfg(not(all(windows, target_env = "msvc", not(target_vendor = "uwp")))).dependencies.ruzstd.version
warning: /mnt/data1/nix/vendor/rust/cargo2nix/submodules/gitoxide/gix-lock/Cargo.toml: unused manifest key: package.rust-workspace
warning: /mnt/data1/nix/vendor/rust/cargo2nix/submodules/defmac/Cargo.toml: no edition set: defaulting to the 2015 edition while the latest is 2024
warning: /mnt/data1/nix/vendor/rust/cargo2nix/submodules/static-assertions-rs/Cargo.toml: no edition set: defaulting to the 2015 edition while the latest is 2024
warning: /mnt/data1/nix/vendor/rust/cargo2nix/submodules/chrono/Cargo.toml: `default-features` is ignored for serde_derive, since `default-features` was not specified for `workspace.dependencies.serde_derive`, this could become a hard error in the future
warning: /mnt/data1/nix/vendor/rust/cargo2nix/submodules/gitoxide/gix-path/Cargo.toml: unused manifest key: package.rust-workspace
warning: /mnt/data1/nix/vendor/rust/cargo2nix/submodules/rustc-demangle/Cargo.toml: no edition set: defaulting to the 2015 edition while the latest is 2024
warning: /mnt/data1/nix/vendor/rust/cargo2nix/submodules/rustc-demangle/Cargo.toml: unused manifest key: package.members
warning: /mnt/data1/nix/vendor/rust/cargo2nix/submodules/gitoxide/gix-ref/Cargo.toml: unused manifest key: package.rust-workspace
warning: /mnt/data1/nix/vendor/rust/cargo2nix/submodules/gitoxide/gix-index/Cargo.toml: unused manifest key: package.rust-workspace
warning: /mnt/data1/nix/vendor/rust/cargo2nix/submodules/odds/Cargo.toml: no edition set: defaulting to the 2015 edition while the latest is 2024
warning: /mnt/data1/nix/vendor/rust/cargo2nix/submodules/gitoxide/tests/tools/Cargo.toml: unused manifest key: package.rust-workspace
warning: /mnt/data1/nix/vendor/rust/cargo2nix/submodules/gitoxide/gix-hashtable/Cargo.toml: unused manifest key: package.rust-workspace
warning: /mnt/data1/nix/vendor/rust/cargo2nix/submodules/gitoxide/gix-sec/Cargo.toml: unused manifest key: package.rust-workspace
warning: /mnt/data1/nix/vendor/rust/cargo2nix/submodules/regex/Cargo.toml: unused manifest key: package.members
warning: /mnt/data1/nix/vendor/rust/cargo2nix/submodules/pin-project-lite/Cargo.toml: unused manifest key: dev-dependencies.macrotest.branch
warning: /mnt/data1/nix/vendor/rust/cargo2nix/submodules/pin-project-lite/Cargo.toml: unused manifest key: dev-dependencies.trybuild.branch
warning: /mnt/data1/nix/vendor/rust/cargo2nix/submodules/camino/Cargo.toml: unused manifest key: members
warning: /mnt/data1/nix/vendor/rust/cargo2nix/submodules/gitoxide/gix-negotiate/Cargo.toml: unused manifest key: package.rust-workspace
warning: /mnt/data1/nix/vendor/rust/cargo2nix/submodules/gitoxide/gix-submodule/Cargo.toml: unused manifest key: package.rust-workspace
warning: /mnt/data1/nix/vendor/rust/cargo2nix/submodules/signal-hook/signal-hook-registry/Cargo.toml: no edition set: defaulting to the 2015 edition while the latest is 2024
warning: /mnt/data1/nix/vendor/rust/cargo2nix/submodules/gitoxide/gix-fs/Cargo.toml: unused manifest key: package.rust-workspace
warning: /mnt/data1/nix/vendor/rust/cargo2nix/submodules/indexmap/Cargo.toml: unused manifest key: dependencies.serde.version
warning: /mnt/data1/nix/vendor/rust/cargo2nix/submodules/indexmap/Cargo.toml: unused manifest key: dependencies.serde_core.version
warning: /mnt/data1/nix/vendor/rust/cargo2nix/submodules/glob/Cargo.toml: no edition set: defaulting to the 2015 edition while the latest is 2024
warning: /mnt/data1/nix/vendor/rust/cargo2nix/submodules/gitoxide/gix-prompt/Cargo.toml: unused manifest key: package.rust-workspace
warning: /mnt/data1/nix/vendor/rust/cargo2nix/submodules/gitoxide/gix-ignore/Cargo.toml: unused manifest key: package.rust-workspace
warning: /mnt/data1/nix/vendor/rust/cargo2nix/submodules/unicode-ident/Cargo.toml: unused manifest key: bench.0.members
warning: /mnt/data1/nix/vendor/rust/cargo2nix/submodules/gitoxide/gix-quote/Cargo.toml: unused manifest key: package.rust-workspace
warning: /mnt/data1/nix/vendor/rust/cargo2nix/submodules/gitoxide/gix-tempfile/Cargo.toml: unused manifest key: package.rust-workspace
warning: /mnt/data1/nix/vendor/rust/cargo2nix/submodules/gitoxide/gix-url/Cargo.toml: unused manifest key: package.rust-workspace
warning: /mnt/data1/nix/vendor/rust/cargo2nix/submodules/git2-rs/Cargo.toml: unused manifest key: examples
warning: /mnt/data1/nix/vendor/rust/cargo2nix/submodules/gitoxide/gix-revwalk/Cargo.toml: unused manifest key: package.rust-workspace
warning: /mnt/data1/nix/vendor/rust/cargo2nix/submodules/gitoxide/gix-commitgraph/Cargo.toml: unused manifest key: package.rust-workspace
warning: /mnt/data1/nix/vendor/rust/cargo2nix/submodules/gitoxide/gix-transport/Cargo.toml: unused manifest key: package.rust-workspace
warning: /mnt/data1/nix/vendor/rust/cargo2nix/submodules/gitoxide/gix-protocol/Cargo.toml: unused manifest key: package.rust-workspace
warning: /mnt/data1/nix/vendor/rust/cargo2nix/submodules/gitoxide/gix-command/Cargo.toml: unused manifest key: package.rust-workspace
warning: /mnt/data1/nix/vendor/rust/cargo2nix/submodules/text-size/Cargo.toml: `default_features` is deprecated in favor of `default-features` and will not work in the 2024 edition
(in the `serde` dependency)
warning: /mnt/data1/nix/vendor/rust/cargo2nix/submodules/gitoxide/gix-pathspec/Cargo.toml: unused manifest key: package.rust-workspace
warning: /mnt/data1/nix/vendor/rust/cargo2nix/submodules/gitoxide/gix-filter/Cargo.toml: unused manifest key: package.rust-workspace
warning: /mnt/data1/nix/vendor/rust/cargo2nix/submodules/gitoxide/gix-shallow/Cargo.toml: unused manifest key: package.rust-workspace
warning: /mnt/data1/nix/vendor/rust/cargo2nix/submodules/gitoxide/gix-credentials/Cargo.toml: unused manifest key: package.rust-workspace
warning: /mnt/data1/nix/vendor/rust/cargo2nix/submodules/ahash/Cargo.toml: file `/mnt/data1/nix/vendor/rust/cargo2nix/submodules/ahash/tests/map_tests.rs` found to be present in multiple build targets:
  * `integration-test` target `map_tests`
  * `bench` target `map`
warning: /mnt/data1/nix/vendor/rust/cargo2nix/submodules/ahash/Cargo.toml: file `/mnt/data1/nix/vendor/rust/cargo2nix/submodules/ahash/tests/bench.rs` found to be present in multiple build targets:
  * `integration-test` target `bench`
  * `bench` target `ahash`
warning: /mnt/data1/nix/vendor/rust/cargo2nix/submodules/tracing-tree/Cargo.toml: `default-features` is ignored for tracing-log, since `default-features` was not specified for `workspace.dependencies.tracing-log`, this could become a hard error in the future
warning: /mnt/data1/nix/vendor/rust/cargo2nix/submodules/tracing-tree/Cargo.toml: `default-features` is ignored for tracing-subscriber, since `default-features` was not specified for `workspace.dependencies.tracing-subscriber`, this could become a hard error in the future
warning: /mnt/data1/nix/vendor/rust/cargo2nix/submodules/gitoxide/gix-glob/Cargo.toml: unused manifest key: package.rust-workspace
warning: /mnt/data1/nix/vendor/rust/cargo2nix/submodules/fxhash/Cargo.toml: no edition set: defaulting to the 2015 edition while the latest is 2024
warning: /mnt/data1/nix/vendor/rust/cargo2nix/submodules/gitoxide/gix-actor/Cargo.toml: unused manifest key: package.rust-workspace
warning: /mnt/data1/nix/vendor/rust/cargo2nix/submodules/crossbeam/crossbeam-utils/Cargo.toml: unused manifest key: dependencies.atomic-maybe-uninit.version
warning: /mnt/data1/nix/vendor/rust/cargo2nix/submodules/scoped-tls/Cargo.toml: no edition set: defaulting to the 2015 edition while the latest is 2024
warning: /mnt/data1/nix/vendor/rust/cargo2nix/submodules/gitoxide/gix-object/Cargo.toml: unused manifest key: package.rust-workspace
warning: /mnt/data1/nix/vendor/rust/cargo2nix/submodules/gitoxide/gix-attributes/Cargo.toml: unused manifest key: package.rust-workspace
warning: /mnt/data1/nix/vendor/rust/cargo2nix/submodules/static-assertions-rs/proc/Cargo.toml: no edition set: defaulting to the 2015 edition while the latest is 2024
warning: /mnt/data1/nix/vendor/rust/cargo2nix/submodules/once_cell/Cargo.toml: unused manifest key: dependencies.parking_lot_core.version
warning: /mnt/data1/nix/vendor/rust/cargo2nix/submodules/once_cell/Cargo.toml: unused manifest key: package.members
warning: /mnt/data1/nix/vendor/rust/cargo2nix/submodules/colorify/Cargo.toml: no edition set: defaulting to the 2015 edition while the latest is 2024
warning: /mnt/data1/nix/vendor/rust/cargo2nix/submodules/nix/Cargo.toml: unused manifest key: dependencies.memoffset.version
warning: /mnt/data1/nix/vendor/rust/cargo2nix/submodules/nix/Cargo.toml: unused manifest key: dependencies.pin-utils.version
warning: /mnt/data1/nix/vendor/rust/cargo2nix/submodules/gitoxide/gix-features/Cargo.toml: unused manifest key: package.rust-workspace
warning: /mnt/data1/nix/vendor/rust/cargo2nix/submodules/gitoxide/gix-merge/Cargo.toml: unused manifest key: package.rust-workspace
warning: /mnt/data1/nix/vendor/rust/cargo2nix/submodules/gitoxide/gix-mailmap/Cargo.toml: unused manifest key: package.rust-workspace
warning: /mnt/data1/nix/vendor/rust/cargo2nix/submodules/clap/clap_builder/Cargo.toml: unused manifest key: dependencies.anstream.version
warning: /mnt/data1/nix/vendor/rust/cargo2nix/submodules/clap/clap_builder/Cargo.toml: unused manifest key: dependencies.anstyle.version
warning: /mnt/data1/nix/vendor/rust/cargo2nix/submodules/clap/clap_builder/Cargo.toml: unused manifest key: dependencies.backtrace.version
warning: /mnt/data1/nix/vendor/rust/cargo2nix/submodules/clap/clap_builder/Cargo.toml: unused manifest key: dependencies.strsim.version
warning: /mnt/data1/nix/vendor/rust/cargo2nix/submodules/clap/clap_builder/Cargo.toml: unused manifest key: dependencies.terminal_size.version
warning: /mnt/data1/nix/vendor/rust/cargo2nix/submodules/clap/clap_builder/Cargo.toml: unused manifest key: dependencies.unicase.version
warning: /mnt/data1/nix/vendor/rust/cargo2nix/submodules/clap/clap_builder/Cargo.toml: unused manifest key: dev-dependencies.snapbox.version
warning: /mnt/data1/nix/vendor/rust/cargo2nix/submodules/gitoxide/gix-status/Cargo.toml: unused manifest key: package.rust-workspace
warning: patch for `curl` uses the features mechanism. default-features and features will not take effect because the patch dependency does not support this mechanism
warning: patch for `libc` uses the features mechanism. default-features and features will not take effect because the patch dependency does not support this mechanism
warning: patch for `rusqlite` uses the features mechanism. default-features and features will not take effect because the patch dependency does not support this mechanism
warning: Patch `lzma-sys v0.1.20 (/mnt/data1/nix/vendor/rust/cargo2nix/submodules/xz2-rs/lzma-sys)` was not used in the crate graph.
Patch `tokio-core v0.1.18 (/mnt/data1/nix/vendor/rust/cargo2nix/submodules/tokio-core)` was not used in the crate graph.
Patch `xz2 v0.1.7 (/mnt/data1/nix/vendor/rust/cargo2nix/submodules/xz2-rs)` was not used in the crate graph.
Check that the patched package version and available features are compatible
with the dependency requirements. If the patch has a different version from
what is locked in the Cargo.lock file, run `cargo update` to use the new
version. This may also occur with an optional dependency that is not enabled.
warning: type `word_lock::ThreadData` is more private than the item `word_lock::with_thread_data`
  --> submodules/parking_lot/core/src/word_lock.rs:51:1
   |
51 | pub fn with_thread_data<T>(f: impl FnOnce(&ThreadData) -> T) -> T {
   | ^^^^^^^^^^^^^^^^^^^^^^^^^^^^^^^^^^^^^^^^^^^^^^^^^^^^^^^^^^^^^^^^^ function `word_lock::with_thread_data` is reachable at visibility `pub(crate)`
   |
note: but type `word_lock::ThreadData` is only usable at visibility `pub(self)`
  --> submodules/parking_lot/core/src/word_lock.rs:16:1
   |
16 | struct ThreadData {
   | ^^^^^^^^^^^^^^^^^
   = note: `#[warn(private_bounds)]` on by default

warning: `parking_lot_core` (lib) generated 1 warning
warning: unexpected `cfg` condition value: `128`
   --> submodules/atomic-maybe-uninit/src/lib.rs:806:7
    |
806 | #[cfg(target_pointer_width = "128")]
    |       ^^^^^^^^^^^^^^^^^^^^^^^^^^^^
    |
    = note: expected values for `target_pointer_width` are: `16`, `32`, and `64`
    = help: consider using a Cargo feature instead
    = help: or consider adding in `Cargo.toml` the `check-cfg` lint config for the lint:
             [lints.rust]
             unexpected_cfgs = { level = "warn", check-cfg = ['cfg(target_pointer_width, values("128"))'] }
    = help: or consider adding `println!("cargo::rustc-check-cfg=cfg(target_pointer_width, values(\"128\"))");` to the top of the `build.rs`
    = note: see <https://doc.rust-lang.org/nightly/rustc/check-cfg/cargo-specifics.html> for more information about checking conditional configuration
    = note: `#[warn(unexpected_cfgs)]` on by default

warning: unexpected `cfg` condition name: `atomic_maybe_uninit_test_prefer_kuser_cmpxchg`
   --> submodules/atomic-maybe-uninit/src/lib.rs:825:13
    |
825 |             atomic_maybe_uninit_test_prefer_kuser_cmpxchg,
    |             ^^^^^^^^^^^^^^^^^^^^^^^^^^^^^^^^^^^^^^^^^^^^^
    |
    = help: expected names are: `atomic_maybe_uninit_no_asm`, `atomic_maybe_uninit_no_cmpxchg`, `atomic_maybe_uninit_no_cmpxchg8b`, `atomic_maybe_uninit_no_const_mut_refs`, `atomic_maybe_uninit_no_diagnostic_namespace`, `atomic_maybe_uninit_no_ldex_stex`, `atomic_maybe_uninit_no_strict_provenance`, `atomic_maybe_uninit_no_sync`, `atomic_maybe_uninit_pre_llvm_20`, `atomic_maybe_uninit_target_feature`, `atomic_maybe_uninit_unstable_asm_experimental_arch`, `docsrs`, `feature`, and `test` and 31 more
    = help: consider using a Cargo feature instead
    = help: or consider adding in `Cargo.toml` the `check-cfg` lint config for the lint:
             [lints.rust]
             unexpected_cfgs = { level = "warn", check-cfg = ['cfg(atomic_maybe_uninit_test_prefer_kuser_cmpxchg)'] }
    = help: or consider adding `println!("cargo::rustc-check-cfg=cfg(atomic_maybe_uninit_test_prefer_kuser_cmpxchg)");` to the top of the `build.rs`
    = note: see <https://doc.rust-lang.org/nightly/rustc/check-cfg/cargo-specifics.html> for more information about checking conditional configuration

warning: unexpected `cfg` condition name: `atomic_maybe_uninit_test_prefer_kuser_cmpxchg`
   --> submodules/atomic-maybe-uninit/src/lib.rs:836:13
    |
836 |             atomic_maybe_uninit_test_prefer_kuser_cmpxchg,
    |             ^^^^^^^^^^^^^^^^^^^^^^^^^^^^^^^^^^^^^^^^^^^^^
    |
    = help: consider using a Cargo feature instead
    = help: or consider adding in `Cargo.toml` the `check-cfg` lint config for the lint:
             [lints.rust]
             unexpected_cfgs = { level = "warn", check-cfg = ['cfg(atomic_maybe_uninit_test_prefer_kuser_cmpxchg)'] }
    = help: or consider adding `println!("cargo::rustc-check-cfg=cfg(atomic_maybe_uninit_test_prefer_kuser_cmpxchg)");` to the top of the `build.rs`
    = note: see <https://doc.rust-lang.org/nightly/rustc/check-cfg/cargo-specifics.html> for more information about checking conditional configuration

warning: unexpected `cfg` condition value: `128`
  --> submodules/atomic-maybe-uninit/src/gen/utils.rs:96:11
   |
96 |     #[cfg(target_pointer_width = "128")]
   |           ^^^^^^^^^^^^^^^^^^^^^^^^^^^^
   |
   = note: expected values for `target_pointer_width` are: `16`, `32`, and `64`
   = help: consider using a Cargo feature instead
   = help: or consider adding in `Cargo.toml` the `check-cfg` lint config for the lint:
            [lints.rust]
            unexpected_cfgs = { level = "warn", check-cfg = ['cfg(target_pointer_width, values("128"))'] }
   = help: or consider adding `println!("cargo::rustc-check-cfg=cfg(target_pointer_width, values(\"128\"))");` to the top of the `build.rs`
   = note: see <https://doc.rust-lang.org/nightly/rustc/check-cfg/cargo-specifics.html> for more information about checking conditional configuration

warning: unexpected `cfg` condition value: `128`
   --> submodules/atomic-maybe-uninit/src/utils.rs:353:15
    |
353 |         #[cfg(target_pointer_width = "128")]
    |               ^^^^^^^^^^^^^^^^^^^^^^^^^^^^
    |
   ::: submodules/atomic-maybe-uninit/src/arch/x86.rs:24:1
    |
 24 | delegate_size!(delegate_load_store);
    | ----------------------------------- in this macro invocation
    |
    = note: expected values for `target_pointer_width` are: `16`, `32`, and `64`
    = help: consider using a Cargo feature instead
    = help: or consider adding in `Cargo.toml` the `check-cfg` lint config for the lint:
             [lints.rust]
             unexpected_cfgs = { level = "warn", check-cfg = ['cfg(target_pointer_width, values("128"))'] }
    = help: or consider adding `println!("cargo::rustc-check-cfg=cfg(target_pointer_width, values(\"128\"))");` to the top of the `build.rs`
    = note: see <https://doc.rust-lang.org/nightly/rustc/check-cfg/cargo-specifics.html> for more information about checking conditional configuration
    = note: this warning originates in the macro `delegate_size` (in Nightly builds, run with -Z macro-backtrace for more info)

warning: unexpected `cfg` condition value: `128`
   --> submodules/atomic-maybe-uninit/src/utils.rs:355:15
    |
355 |         #[cfg(target_pointer_width = "128")]
    |               ^^^^^^^^^^^^^^^^^^^^^^^^^^^^
    |
   ::: submodules/atomic-maybe-uninit/src/arch/x86.rs:24:1
    |
 24 | delegate_size!(delegate_load_store);
    | ----------------------------------- in this macro invocation
    |
    = note: expected values for `target_pointer_width` are: `16`, `32`, and `64`
    = help: consider using a Cargo feature instead
    = help: or consider adding in `Cargo.toml` the `check-cfg` lint config for the lint:
             [lints.rust]
             unexpected_cfgs = { level = "warn", check-cfg = ['cfg(target_pointer_width, values("128"))'] }
    = help: or consider adding `println!("cargo::rustc-check-cfg=cfg(target_pointer_width, values(\"128\"))");` to the top of the `build.rs`
    = note: see <https://doc.rust-lang.org/nightly/rustc/check-cfg/cargo-specifics.html> for more information about checking conditional configuration
    = note: this warning originates in the macro `delegate_size` (in Nightly builds, run with -Z macro-backtrace for more info)

warning: unexpected `cfg` condition value: `128`
   --> submodules/atomic-maybe-uninit/src/utils.rs:353:15
    |
353 |         #[cfg(target_pointer_width = "128")]
    |               ^^^^^^^^^^^^^^^^^^^^^^^^^^^^
    |
   ::: submodules/atomic-maybe-uninit/src/arch/x86.rs:25:1
    |
 25 | delegate_size!(delegate_swap);
    | ----------------------------- in this macro invocation
    |
    = note: expected values for `target_pointer_width` are: `16`, `32`, and `64`
    = help: consider using a Cargo feature instead
    = help: or consider adding in `Cargo.toml` the `check-cfg` lint config for the lint:
             [lints.rust]
             unexpected_cfgs = { level = "warn", check-cfg = ['cfg(target_pointer_width, values("128"))'] }
    = help: or consider adding `println!("cargo::rustc-check-cfg=cfg(target_pointer_width, values(\"128\"))");` to the top of the `build.rs`
    = note: see <https://doc.rust-lang.org/nightly/rustc/check-cfg/cargo-specifics.html> for more information about checking conditional configuration
    = note: this warning originates in the macro `delegate_size` (in Nightly builds, run with -Z macro-backtrace for more info)

warning: unexpected `cfg` condition value: `128`
   --> submodules/atomic-maybe-uninit/src/utils.rs:355:15
    |
355 |         #[cfg(target_pointer_width = "128")]
    |               ^^^^^^^^^^^^^^^^^^^^^^^^^^^^
    |
   ::: submodules/atomic-maybe-uninit/src/arch/x86.rs:25:1
    |
 25 | delegate_size!(delegate_swap);
    | ----------------------------- in this macro invocation
    |
    = note: expected values for `target_pointer_width` are: `16`, `32`, and `64`
    = help: consider using a Cargo feature instead
    = help: or consider adding in `Cargo.toml` the `check-cfg` lint config for the lint:
             [lints.rust]
             unexpected_cfgs = { level = "warn", check-cfg = ['cfg(target_pointer_width, values("128"))'] }
    = help: or consider adding `println!("cargo::rustc-check-cfg=cfg(target_pointer_width, values(\"128\"))");` to the top of the `build.rs`
    = note: see <https://doc.rust-lang.org/nightly/rustc/check-cfg/cargo-specifics.html> for more information about checking conditional configuration
    = note: this warning originates in the macro `delegate_size` (in Nightly builds, run with -Z macro-backtrace for more info)

warning: unexpected `cfg` condition value: `128`
   --> submodules/atomic-maybe-uninit/src/utils.rs:353:15
    |
353 |         #[cfg(target_pointer_width = "128")]
    |               ^^^^^^^^^^^^^^^^^^^^^^^^^^^^
    |
   ::: submodules/atomic-maybe-uninit/src/arch/x86.rs:27:1
    |
 27 | delegate_size!(delegate_cas);
    | ---------------------------- in this macro invocation
    |
    = note: expected values for `target_pointer_width` are: `16`, `32`, and `64`
    = help: consider using a Cargo feature instead
    = help: or consider adding in `Cargo.toml` the `check-cfg` lint config for the lint:
             [lints.rust]
             unexpected_cfgs = { level = "warn", check-cfg = ['cfg(target_pointer_width, values("128"))'] }
    = help: or consider adding `println!("cargo::rustc-check-cfg=cfg(target_pointer_width, values(\"128\"))");` to the top of the `build.rs`
    = note: see <https://doc.rust-lang.org/nightly/rustc/check-cfg/cargo-specifics.html> for more information about checking conditional configuration
    = note: this warning originates in the macro `delegate_size` (in Nightly builds, run with -Z macro-backtrace for more info)

warning: unexpected `cfg` condition value: `128`
   --> submodules/atomic-maybe-uninit/src/utils.rs:355:15
    |
355 |         #[cfg(target_pointer_width = "128")]
    |               ^^^^^^^^^^^^^^^^^^^^^^^^^^^^
    |
   ::: submodules/atomic-maybe-uninit/src/arch/x86.rs:27:1
    |
 27 | delegate_size!(delegate_cas);
    | ---------------------------- in this macro invocation
    |
    = note: expected values for `target_pointer_width` are: `16`, `32`, and `64`
    = help: consider using a Cargo feature instead
    = help: or consider adding in `Cargo.toml` the `check-cfg` lint config for the lint:
             [lints.rust]
             unexpected_cfgs = { level = "warn", check-cfg = ['cfg(target_pointer_width, values("128"))'] }
    = help: or consider adding `println!("cargo::rustc-check-cfg=cfg(target_pointer_width, values(\"128\"))");` to the top of the `build.rs`
    = note: see <https://doc.rust-lang.org/nightly/rustc/check-cfg/cargo-specifics.html> for more information about checking conditional configuration
    = note: this warning originates in the macro `delegate_size` (in Nightly builds, run with -Z macro-backtrace for more info)

warning: unexpected `cfg` condition value: `128`
   --> submodules/atomic-maybe-uninit/src/lib.rs:973:11
    |
973 |     #[cfg(target_pointer_width = "128")]
    |           ^^^^^^^^^^^^^^^^^^^^^^^^^^^^
    |
    = note: expected values for `target_pointer_width` are: `16`, `32`, and `64`
    = help: consider using a Cargo feature instead
    = help: or consider adding in `Cargo.toml` the `check-cfg` lint config for the lint:
             [lints.rust]
             unexpected_cfgs = { level = "warn", check-cfg = ['cfg(target_pointer_width, values("128"))'] }
    = help: or consider adding `println!("cargo::rustc-check-cfg=cfg(target_pointer_width, values(\"128\"))");` to the top of the `build.rs`
    = note: see <https://doc.rust-lang.org/nightly/rustc/check-cfg/cargo-specifics.html> for more information about checking conditional configuration

warning: unused macro definition: `prefix`
  --> submodules/zlib-rs/libz-rs-sys/src/lib.rs:74:14
   |
74 | macro_rules! prefix {
   |              ^^^^^^
   |
   = note: `#[warn(unused_macros)]` (part of `#[warn(unused)]`) on by default

warning: `atomic-maybe-uninit` (lib) generated 11 warnings
warning: `libz-rs-sys` (lib) generated 1 warning
warning: unexpected `cfg` condition value: `hashbrown_15`
  --> submodules/typesize/src/libs/mod.rs:15:7
   |
15 | #[cfg(feature = "hashbrown_15")]
   |       ^^^^^^^^^^--------------
   |                 |
   |                 help: there is a expected value with a similar name: `"hashbrown"`
   |
   = note: expected values for `feature` are: `arrayvec`, `bitvec`, `chrono`, `dashmap`, `default`, `details`, `extract_map_01`, `halfbrown`, `hashbrown`, `mini_moka`, `nonmax`, `parking_lot`, `saturating_impls`, `secrecy`, `serde_json`, `simd_json`, `std`, `time`, `url`, and `web-time`
   = help: consider adding `hashbrown_15` as a feature in `Cargo.toml`
   = note: see <https://doc.rust-lang.org/nightly/rustc/check-cfg/cargo-specifics.html> for more information about checking conditional configuration
   = note: `#[warn(unexpected_cfgs)]` on by default

warning: `typesize` (lib) generated 1 warning
warning: libgit2-sys@0.18.2+1.9.1: Environment variable NIX_GLIBC_DEV not set. Using hardcoded fallback path from provider: /nix/store/gi4cz4ir3zlwhf1azqfgxqdnczfrwsr7-glibc-2.40-66-dev
warning: libgit2-sys@0.18.2+1.9.1: Environment variable NIX_GCC_PATH not set. Using hardcoded fallback path from provider: /nix/store/82kmz7r96navanrc2fgckh2bamiqrgsw-gcc-14.3.0
warning: libgit2-sys@0.18.2+1.9.1: Environment variable NIX_GCC_CPP_INCLUDE not set. Using hardcoded fallback path from provider: /nix/store/82kmz7r96navanrc2fgckh2bamiqrgsw-gcc-14.3.0/include/c++/14.3.0
warning: libgit2-sys@0.18.2+1.9.1: Environment variable NIX_OPENSSL_INCLUDE not set. Using hardcoded fallback path from provider: /nix/store/ydrckgnllgg8nmhdwni81h7xhcpnrlhd-openssl-3.6.0-dev/include
warning: libgit2-sys@0.18.2+1.9.1: failed to probe system libgit2:
warning: unexpected `cfg` condition value: `arbitrary`
 --> submodules/dashmap/src/lib.rs:4:7
  |
4 | #[cfg(feature = "arbitrary")]
  |       ^^^^^^^^^^^^^^^^^^^^^
  |
  = note: expected values for `feature` are: `all`, `inline`, `inline-more`, `raw-api`, and `typesize`
  = help: consider adding `arbitrary` as a feature in `Cargo.toml`
  = note: see <https://doc.rust-lang.org/nightly/rustc/check-cfg/cargo-specifics.html> for more information about checking conditional configuration
  = note: `#[warn(unexpected_cfgs)]` on by default

warning: unexpected `cfg` condition value: `serde`
  --> submodules/dashmap/src/lib.rs:11:7
   |
11 | #[cfg(feature = "serde")]
   |       ^^^^^^^^^^^^^^^^^
   |
   = note: expected values for `feature` are: `all`, `inline`, `inline-more`, `raw-api`, and `typesize`
   = help: consider adding `serde` as a feature in `Cargo.toml`
   = note: see <https://doc.rust-lang.org/nightly/rustc/check-cfg/cargo-specifics.html> for more information about checking conditional configuration

warning: unexpected `cfg` condition value: `rayon`
  --> submodules/dashmap/src/lib.rs:18:7
   |
18 | #[cfg(feature = "rayon")]
   |       ^^^^^^^^^^^^^^^^^
   |
   = note: expected values for `feature` are: `all`, `inline`, `inline-more`, `raw-api`, and `typesize`
   = help: consider adding `rayon` as a feature in `Cargo.toml`
   = note: see <https://doc.rust-lang.org/nightly/rustc/check-cfg/cargo-specifics.html> for more information about checking conditional configuration

warning: unexpected `cfg` condition value: `borsh`
   --> submodules/indexmap/src/lib.rs:111:7
    |
111 | #[cfg(feature = "borsh")]
    |       ^^^^^^^^^^^^^^^^^
    |
    = note: expected values for `feature` are: `default`, `serde`, `std`, and `test_debug`
    = help: consider adding `borsh` as a feature in `Cargo.toml`
    = note: see <https://doc.rust-lang.org/nightly/rustc/check-cfg/cargo-specifics.html> for more information about checking conditional configuration
    = note: `#[warn(unexpected_cfgs)]` on by default

warning: unexpected `cfg` condition value: `sval`
   --> submodules/indexmap/src/lib.rs:115:7
    |
115 | #[cfg(feature = "sval")]
    |       ^^^^^^^^^^^^^^^^
    |
    = note: expected values for `feature` are: `default`, `serde`, `std`, and `test_debug`
    = help: consider adding `sval` as a feature in `Cargo.toml`
    = note: see <https://doc.rust-lang.org/nightly/rustc/check-cfg/cargo-specifics.html> for more information about checking conditional configuration

warning: unexpected `cfg` condition value: `rayon`
   --> submodules/indexmap/src/lib.rs:124:7
    |
124 | #[cfg(feature = "rayon")]
    |       ^^^^^^^^^^^^^^^^^
    |
    = note: expected values for `feature` are: `default`, `serde`, `std`, and `test_debug`
    = help: consider adding `rayon` as a feature in `Cargo.toml`
    = note: see <https://doc.rust-lang.org/nightly/rustc/check-cfg/cargo-specifics.html> for more information about checking conditional configuration

warning: unexpected `cfg` condition value: `arbitrary`
 --> submodules/indexmap/src/arbitrary.rs:1:7
  |
1 | #[cfg(feature = "arbitrary")]
  |       ^^^^^^^^^^^^^^^^^^^^^
  |
  = note: expected values for `feature` are: `default`, `serde`, `std`, and `test_debug`
  = help: consider adding `arbitrary` as a feature in `Cargo.toml`
  = note: see <https://doc.rust-lang.org/nightly/rustc/check-cfg/cargo-specifics.html> for more information about checking conditional configuration

warning: unexpected `cfg` condition value: `quickcheck`
  --> submodules/indexmap/src/arbitrary.rs:38:7
   |
38 | #[cfg(feature = "quickcheck")]
   |       ^^^^^^^^^^^^^^^^^^^^^^
   |
   = note: expected values for `feature` are: `default`, `serde`, `std`, and `test_debug`
   = help: consider adding `quickcheck` as a feature in `Cargo.toml`
   = note: see <https://doc.rust-lang.org/nightly/rustc/check-cfg/cargo-specifics.html> for more information about checking conditional configuration

warning: unexpected `cfg` condition value: `rayon`
   --> submodules/indexmap/src/macros.rs:202:7
    |
202 | #[cfg(feature = "rayon")]
    |       ^^^^^^^^^^^^^^^^^
    |
    = note: expected values for `feature` are: `default`, `serde`, `std`, and `test_debug`
    = help: consider adding `rayon` as a feature in `Cargo.toml`
    = note: see <https://doc.rust-lang.org/nightly/rustc/check-cfg/cargo-specifics.html> for more information about checking conditional configuration

warning: unexpected `cfg` condition value: `rayon`
   --> submodules/indexmap/src/macros.rs:227:7
    |
227 | #[cfg(feature = "rayon")]
    |       ^^^^^^^^^^^^^^^^^
    |
    = note: expected values for `feature` are: `default`, `serde`, `std`, and `test_debug`
    = help: consider adding `rayon` as a feature in `Cargo.toml`
    = note: see <https://doc.rust-lang.org/nightly/rustc/check-cfg/cargo-specifics.html> for more information about checking conditional configuration

warning: unexpected `cfg` condition value: `rayon`
  --> submodules/indexmap/src/map.rs:26:7
   |
26 | #[cfg(feature = "rayon")]
   |       ^^^^^^^^^^^^^^^^^
   |
   = note: expected values for `feature` are: `default`, `serde`, `std`, and `test_debug`
   = help: consider adding `rayon` as a feature in `Cargo.toml`
   = note: see <https://doc.rust-lang.org/nightly/rustc/check-cfg/cargo-specifics.html> for more information about checking conditional configuration

warning: unexpected `cfg` condition value: `rayon`
   --> submodules/indexmap/src/map/core.rs:193:11
    |
193 |     #[cfg(feature = "rayon")]
    |           ^^^^^^^^^^^^^^^^^
    |
    = note: expected values for `feature` are: `default`, `serde`, `std`, and `test_debug`
    = help: consider adding `rayon` as a feature in `Cargo.toml`
    = note: see <https://doc.rust-lang.org/nightly/rustc/check-cfg/cargo-specifics.html> for more information about checking conditional configuration

warning: unexpected `cfg` condition value: `rayon`
  --> submodules/indexmap/src/set.rs:16:7
   |
16 | #[cfg(feature = "rayon")]
   |       ^^^^^^^^^^^^^^^^^
   |
   = note: expected values for `feature` are: `default`, `serde`, `std`, and `test_debug`
   = help: consider adding `rayon` as a feature in `Cargo.toml`
   = note: see <https://doc.rust-lang.org/nightly/rustc/check-cfg/cargo-specifics.html> for more information about checking conditional configuration

warning: use of deprecated method `hashbrown::HashTable::<T, A>::get_many_mut`: use `get_disjoint_mut` instead
   --> submodules/indexmap/src/map/core.rs:744:28
    |
744 |         match self.indices.get_many_mut(
    |                            ^^^^^^^^^^^^
    |
    = note: `#[warn(deprecated)]` on by default

warning: `dashmap` (lib) generated 3 warnings
warning: `indexmap` (lib) generated 11 warnings
warning: curl-sys@0.4.84+curl-8.17.0: Environment variable NIX_GLIBC_DEV not set. Using hardcoded fallback path from provider: /nix/store/gi4cz4ir3zlwhf1azqfgxqdnczfrwsr7-glibc-2.40-66-dev
warning: curl-sys@0.4.84+curl-8.17.0: Environment variable NIX_GCC_PATH not set. Using hardcoded fallback path from provider: /nix/store/82kmz7r96navanrc2fgckh2bamiqrgsw-gcc-14.3.0
warning: curl-sys@0.4.84+curl-8.17.0: Environment variable NIX_GCC_CPP_INCLUDE not set. Using hardcoded fallback path from provider: /nix/store/82kmz7r96navanrc2fgckh2bamiqrgsw-gcc-14.3.0/include/c++/14.3.0
warning: curl-sys@0.4.84+curl-8.17.0: Environment variable NIX_OPENSSL_INCLUDE not set. Using hardcoded fallback path from provider: /nix/store/ydrckgnllgg8nmhdwni81h7xhcpnrlhd-openssl-3.6.0-dev/include
warning: curl-sys@0.4.84+curl-8.17.0: Environment variable NIX_OPENSSL_LIB not set. Using hardcoded fallback path from provider: /nix/store/ydrckgnllgg8nmhdwni81h7xhcpnrlhd-openssl-3.6.0-dev/lib
warning: curl-sys@0.4.84+curl-8.17.0: SSLBRANCH1v2
warning: curl-sys@0.4.84+curl-8.17.0: SSLBRANCH1v2b
warning: unexpected `cfg` condition value: `serde_enabled`
 --> tools/tool-traits-lib/src/types.rs:7:5
  |
7 |     feature = "serde_enabled",
  |     ^^^^^^^^^^---------------
  |               |
  |               help: there is a expected value with a similar name: `"sha1_enabled"`
  |
  = note: expected values for `feature` are: `cargo_metadata_enabled`, `clap_enabled`, `default`, `git2_enabled`, `hex_enabled`, `pathdiff_enabled`, `regex_enabled`, `serde_json_enabled`, `sha1_enabled`, `syn_enabled`, and `walkdir_enabled`
  = help: consider adding `serde_enabled` as a feature in `Cargo.toml`
  = note: see <https://doc.rust-lang.org/nightly/rustc/check-cfg/cargo-specifics.html> for more information about checking conditional configuration
  = note: `#[warn(unexpected_cfgs)]` on by default

warning: unexpected `cfg` condition value: `serde_enabled`
  --> tools/tool-traits-lib/src/types.rs:20:5
   |
20 |     feature = "serde_enabled",
   |     ^^^^^^^^^^---------------
   |               |
   |               help: there is a expected value with a similar name: `"sha1_enabled"`
   |
   = note: expected values for `feature` are: `cargo_metadata_enabled`, `clap_enabled`, `default`, `git2_enabled`, `hex_enabled`, `pathdiff_enabled`, `regex_enabled`, `serde_json_enabled`, `sha1_enabled`, `syn_enabled`, and `walkdir_enabled`
   = help: consider adding `serde_enabled` as a feature in `Cargo.toml`
   = note: see <https://doc.rust-lang.org/nightly/rustc/check-cfg/cargo-specifics.html> for more information about checking conditional configuration

warning: unexpected `cfg` condition value: `serde_enabled`
  --> tools/tool-traits-lib/src/types.rs:32:5
   |
32 |     feature = "serde_enabled",
   |     ^^^^^^^^^^---------------
   |               |
   |               help: there is a expected value with a similar name: `"sha1_enabled"`
   |
   = note: expected values for `feature` are: `cargo_metadata_enabled`, `clap_enabled`, `default`, `git2_enabled`, `hex_enabled`, `pathdiff_enabled`, `regex_enabled`, `serde_json_enabled`, `sha1_enabled`, `syn_enabled`, and `walkdir_enabled`
   = help: consider adding `serde_enabled` as a feature in `Cargo.toml`
   = note: see <https://doc.rust-lang.org/nightly/rustc/check-cfg/cargo-specifics.html> for more information about checking conditional configuration

warning: unexpected `cfg` condition value: `serde_enabled`
  --> tools/tool-traits-lib/src/types.rs:43:5
   |
43 |     feature = "serde_enabled",
   |     ^^^^^^^^^^---------------
   |               |
   |               help: there is a expected value with a similar name: `"sha1_enabled"`
   |
   = note: expected values for `feature` are: `cargo_metadata_enabled`, `clap_enabled`, `default`, `git2_enabled`, `hex_enabled`, `pathdiff_enabled`, `regex_enabled`, `serde_json_enabled`, `sha1_enabled`, `syn_enabled`, and `walkdir_enabled`
   = help: consider adding `serde_enabled` as a feature in `Cargo.toml`
   = note: see <https://doc.rust-lang.org/nightly/rustc/check-cfg/cargo-specifics.html> for more information about checking conditional configuration

warning: unexpected `cfg` condition value: `serde_enabled`
  --> tools/tool-traits-lib/src/types.rs:53:5
   |
53 |     feature = "serde_enabled",
   |     ^^^^^^^^^^---------------
   |               |
   |               help: there is a expected value with a similar name: `"sha1_enabled"`
   |
   = note: expected values for `feature` are: `cargo_metadata_enabled`, `clap_enabled`, `default`, `git2_enabled`, `hex_enabled`, `pathdiff_enabled`, `regex_enabled`, `serde_json_enabled`, `sha1_enabled`, `syn_enabled`, and `walkdir_enabled`
   = help: consider adding `serde_enabled` as a feature in `Cargo.toml`
   = note: see <https://doc.rust-lang.org/nightly/rustc/check-cfg/cargo-specifics.html> for more information about checking conditional configuration

warning: unexpected `cfg` condition value: `serde_enabled`
  --> tools/tool-traits-lib/src/types.rs:64:5
   |
64 |     feature = "serde_enabled",
   |     ^^^^^^^^^^---------------
   |               |
   |               help: there is a expected value with a similar name: `"sha1_enabled"`
   |
   = note: expected values for `feature` are: `cargo_metadata_enabled`, `clap_enabled`, `default`, `git2_enabled`, `hex_enabled`, `pathdiff_enabled`, `regex_enabled`, `serde_json_enabled`, `sha1_enabled`, `syn_enabled`, and `walkdir_enabled`
   = help: consider adding `serde_enabled` as a feature in `Cargo.toml`
   = note: see <https://doc.rust-lang.org/nightly/rustc/check-cfg/cargo-specifics.html> for more information about checking conditional configuration

warning: unexpected `cfg` condition value: `serde_enabled`
  --> tools/tool-traits-lib/src/types.rs:80:5
   |
80 |     feature = "serde_enabled",
   |     ^^^^^^^^^^---------------
   |               |
   |               help: there is a expected value with a similar name: `"sha1_enabled"`
   |
   = note: expected values for `feature` are: `cargo_metadata_enabled`, `clap_enabled`, `default`, `git2_enabled`, `hex_enabled`, `pathdiff_enabled`, `regex_enabled`, `serde_json_enabled`, `sha1_enabled`, `syn_enabled`, and `walkdir_enabled`
   = help: consider adding `serde_enabled` as a feature in `Cargo.toml`
   = note: see <https://doc.rust-lang.org/nightly/rustc/check-cfg/cargo-specifics.html> for more information about checking conditional configuration

warning: unexpected `cfg` condition value: `serde_enabled`
   --> tools/tool-traits-lib/src/types.rs:105:5
    |
105 |     feature = "serde_enabled",
    |     ^^^^^^^^^^---------------
    |               |
    |               help: there is a expected value with a similar name: `"sha1_enabled"`
    |
    = note: expected values for `feature` are: `cargo_metadata_enabled`, `clap_enabled`, `default`, `git2_enabled`, `hex_enabled`, `pathdiff_enabled`, `regex_enabled`, `serde_json_enabled`, `sha1_enabled`, `syn_enabled`, and `walkdir_enabled`
    = help: consider adding `serde_enabled` as a feature in `Cargo.toml`
    = note: see <https://doc.rust-lang.org/nightly/rustc/check-cfg/cargo-specifics.html> for more information about checking conditional configuration

warning: `tool-traits-lib` (lib) generated 8 warnings
warning: unused variable: `repo_url`
   --> tools/git-wrapper-lib/src/pure_rust_git_executor.rs:109:9
    |
109 |         repo_url: &str,
    |         ^^^^^^^^ help: if this is intentional, prefix it with an underscore: `_repo_url`
    |
    = note: `#[warn(unused_variables)]` (part of `#[warn(unused)]`) on by default

warning: unused variable: `submodule_path`
   --> tools/git-wrapper-lib/src/pure_rust_git_executor.rs:110:9
    |
110 |         submodule_path: &Path,
    |         ^^^^^^^^^^^^^^ help: if this is intentional, prefix it with an underscore: `_submodule_path`

warning: unused variable: `submodule_path`
   --> tools/git-wrapper-lib/src/pure_rust_git_executor.rs:185:9
    |
185 |         submodule_path: &Path,
    |         ^^^^^^^^^^^^^^ help: if this is intentional, prefix it with an underscore: `_submodule_path`

warning: unused variable: `branch`
   --> tools/git-wrapper-lib/src/pure_rust_git_executor.rs:186:9
    |
186 |         branch: &str,
    |         ^^^^^^ help: if this is intentional, prefix it with an underscore: `_branch`

warning: unused variable: `rollup_lock`
  --> tools/git-wrapper-lib/src/system_git_executor.rs:70:9
   |
70 |         rollup_lock: Arc<Mutex<RollupLock>>,
   |         ^^^^^^^^^^^ help: if this is intentional, prefix it with an underscore: `_rollup_lock`

warning: unused variable: `root_dir`
  --> tools/git-wrapper-lib/src/system_git_executor.rs:71:9
   |
71 |         root_dir: &Path,
   |         ^^^^^^^^ help: if this is intentional, prefix it with an underscore: `_root_dir`

warning: fields `rollup_lock` and `root_dir` are never read
  --> tools/git-wrapper-lib/src/pure_rust_git_executor.rs:43:5
   |
42 | pub struct PureRustGitExecutor {
   |            ------------------- fields in this struct
43 |     rollup_lock: Arc<Mutex<RollupLock>>,
   |     ^^^^^^^^^^^
44 |     root_dir: PathBuf,
   |     ^^^^^^^^
   |
   = note: `#[warn(dead_code)]` (part of `#[warn(unused)]`) on by default

warning: field `rollup_lock` is never read
  --> tools/git-wrapper-lib/src/submodule_manager.rs:16:5
   |
14 | pub struct SubmoduleManager {
   |            ---------------- field in this struct
15 |     git_wrapper: Arc<dyn GitWrapperLibTrait + Send + Sync>, // Changed
16 |     rollup_lock: Arc<Mutex<RollupLock>>,
   |     ^^^^^^^^^^^

warning: `git-wrapper-lib` (lib) generated 8 warnings
   Compiling im-rc v15.1.0 (/mnt/data1/nix/vendor/rust/cargo2nix/submodules/im-rs/rc)
warning: librocksdb-sys@0.17.3+10.4.2: Nix path for NIX_GLIBC_DEV matches hardcoded: /nix/store/gi4cz4ir3zlwhf1azqfgxqdnczfrwsr7-glibc-2.40-66-dev
warning: librocksdb-sys@0.17.3+10.4.2: Nix path mismatch for NIX_GCC_PATH: Environment provided '/nix/store/vr15iyyykg9zai6fpgvhcgyw7gckl78w-gcc-wrapper-14.3.0', hardcoded is '/nix/store/82kmz7r96navanrc2fgckh2bamiqrgsw-gcc-14.3.0'.
warning: librocksdb-sys@0.17.3+10.4.2: Using path from environment variable: /nix/store/vr15iyyykg9zai6fpgvhcgyw7gckl78w-gcc-wrapper-14.3.0
warning: librocksdb-sys@0.17.3+10.4.2: Environment variable NIX_GCC_CPP_INCLUDE not set. Using hardcoded fallback path from provider: /nix/store/82kmz7r96navanrc2fgckh2bamiqrgsw-gcc-14.3.0/include/c++/14.3.0
warning: librocksdb-sys@0.17.3+10.4.2: Environment variable NIX_ZLIB_INCLUDE not set. Using hardcoded fallback path from provider: /nix/store/hqvsiah013yzb17b13fn18fpqk7m13cg-zlib-1.3.1-dev/include
warning: librocksdb-sys@0.17.3+10.4.2: Environment variable NIX_BZIP2_INCLUDE not set. Using hardcoded fallback path from provider: /nix/store/q1a3bjhg3b4plgb7fk7zis1gi09rbi1d-bzip2-1.0.8-dev/include
warning: librocksdb-sys@0.17.3+10.4.2: Environment variable NIX_LZ4_INCLUDE not set. Using hardcoded fallback path from provider: /nix/store/n9gqsgvq7vjzbll7mps9pqkmy1hj1gcq-lz4-1.9.4-dev/include
warning: librocksdb-sys@0.17.3+10.4.2: Environment variable NIX_LZ4_LIB not set. Using hardcoded fallback path from provider: /nix/store/9awv9f5xrvfb85jxk4wlh9n138hpnlpx-lz4-1.10.0-lib/lib
warning: librocksdb-sys@0.17.3+10.4.2: Environment variable NIX_ZSTD_INCLUDE not set. Using hardcoded fallback path from provider: /nix/store/cgcbi8wsxhcf8kkzn78h6h158adpfzbc-zstd-1.5.5-dev/include
warning: librocksdb-sys@0.17.3+10.4.2: Environment variable NIX_ZSTD_LIB not set. Using hardcoded fallback path from provider: /nix/store/ry1jx5972j5clvqapx33v9imba8ywvq6-zstd-1.5.5/lib
warning: librocksdb-sys@0.17.3+10.4.2: Environment variable NIX_LLVM_CONFIG not set. Using hardcoded fallback path from provider: /nix/store/v9cr3iv7wnrkjy1s3z1fi7wpkl7sy4hx-llvm-21.1.2-dev/bin/llvm-config
warning: librocksdb-sys@0.17.3+10.4.2: Environment variable NIX_LIBCLANG_PATH not set. Using hardcoded fallback path from provider: /nix/store/10mkp77lmqz8x2awd8hzv6pf7f7rkf6d-clang-19.1.7-lib/lib/
warning: librocksdb-sys@0.17.3+10.4.2: Environment variable NIX_LLVM_CONFIG_PATH not set. Using hardcoded fallback path from provider: /nix/store/b5bmnvk17mq8qm5b8bpi9fkyr5g2d2m4-llvm-21.1.2/lib
warning: librocksdb-sys@0.17.3+10.4.2: Executing build_rocksdb function.
warning: librocksdb-sys@0.17.3+10.4.2: In file included from /nix/store/kzq78n13l8w24jn8bx4djj79k5j717f1-gcc-14.3.0/include/c++/14.3.0/x86_64-unknown-linux-gnu/bits/os_defines.h:39,
warning: librocksdb-sys@0.17.3+10.4.2:                  from /nix/store/kzq78n13l8w24jn8bx4djj79k5j717f1-gcc-14.3.0/include/c++/14.3.0/x86_64-unknown-linux-gnu/bits/c++config.h:683,
warning: librocksdb-sys@0.17.3+10.4.2:                  from /nix/store/82kmz7r96navanrc2fgckh2bamiqrgsw-gcc-14.3.0/include/c++/14.3.0/cstdint:38,
warning: librocksdb-sys@0.17.3+10.4.2:                  from <command-line>:
warning: librocksdb-sys@0.17.3+10.4.2: /nix/store/gi4cz4ir3zlwhf1azqfgxqdnczfrwsr7-glibc-2.40-66-dev/include/features.h:422:4: warning: #warning _FORTIFY_SOURCE requires compiling with optimization (-O) [-Wcpp]
warning: librocksdb-sys@0.17.3+10.4.2:   422 | #  warning _FORTIFY_SOURCE requires compiling with optimization (-O)
warning: librocksdb-sys@0.17.3+10.4.2:       |    ^~~~~~~
warning: librocksdb-sys@0.17.3+10.4.2: In file included from /nix/store/kzq78n13l8w24jn8bx4djj79k5j717f1-gcc-14.3.0/include/c++/14.3.0/x86_64-unknown-linux-gnu/bits/os_defines.h:39,
warning: librocksdb-sys@0.17.3+10.4.2:                  from /nix/store/kzq78n13l8w24jn8bx4djj79k5j717f1-gcc-14.3.0/include/c++/14.3.0/x86_64-unknown-linux-gnu/bits/c++config.h:683,
warning: librocksdb-sys@0.17.3+10.4.2:                  from /nix/store/82kmz7r96navanrc2fgckh2bamiqrgsw-gcc-14.3.0/include/c++/14.3.0/cstdint:38,
warning: librocksdb-sys@0.17.3+10.4.2:                  from <command-line>:
warning: librocksdb-sys@0.17.3+10.4.2: /nix/store/gi4cz4ir3zlwhf1azqfgxqdnczfrwsr7-glibc-2.40-66-dev/include/features.h:422:4: warning: #warning _FORTIFY_SOURCE requires compiling with optimization (-O) [-Wcpp]
warning: librocksdb-sys@0.17.3+10.4.2:   422 | #  warning _FORTIFY_SOURCE requires compiling with optimization (-O)
warning: librocksdb-sys@0.17.3+10.4.2:       |    ^~~~~~~
warning: librocksdb-sys@0.17.3+10.4.2: In file included from /nix/store/kzq78n13l8w24jn8bx4djj79k5j717f1-gcc-14.3.0/include/c++/14.3.0/x86_64-unknown-linux-gnu/bits/os_defines.h:39,
warning: librocksdb-sys@0.17.3+10.4.2:                  from /nix/store/kzq78n13l8w24jn8bx4djj79k5j717f1-gcc-14.3.0/include/c++/14.3.0/x86_64-unknown-linux-gnu/bits/c++config.h:683,
warning: librocksdb-sys@0.17.3+10.4.2:                  from /nix/store/82kmz7r96navanrc2fgckh2bamiqrgsw-gcc-14.3.0/include/c++/14.3.0/cstdint:38,
warning: librocksdb-sys@0.17.3+10.4.2:                  from <command-line>:
warning: librocksdb-sys@0.17.3+10.4.2: /nix/store/gi4cz4ir3zlwhf1azqfgxqdnczfrwsr7-glibc-2.40-66-dev/include/features.h:422:4: warning: #warning _FORTIFY_SOURCE requires compiling with optimization (-O) [-Wcpp]
warning: librocksdb-sys@0.17.3+10.4.2:   422 | #  warning _FORTIFY_SOURCE requires compiling with optimization (-O)
warning: librocksdb-sys@0.17.3+10.4.2:       |    ^~~~~~~
warning: librocksdb-sys@0.17.3+10.4.2: In file included from /nix/store/kzq78n13l8w24jn8bx4djj79k5j717f1-gcc-14.3.0/include/c++/14.3.0/x86_64-unknown-linux-gnu/bits/os_defines.h:39,
warning: librocksdb-sys@0.17.3+10.4.2:                  from /nix/store/kzq78n13l8w24jn8bx4djj79k5j717f1-gcc-14.3.0/include/c++/14.3.0/x86_64-unknown-linux-gnu/bits/c++config.h:683,
warning: librocksdb-sys@0.17.3+10.4.2:                  from /nix/store/82kmz7r96navanrc2fgckh2bamiqrgsw-gcc-14.3.0/include/c++/14.3.0/cstdint:38,
warning: librocksdb-sys@0.17.3+10.4.2:                  from <command-line>:
warning: librocksdb-sys@0.17.3+10.4.2: /nix/store/gi4cz4ir3zlwhf1azqfgxqdnczfrwsr7-glibc-2.40-66-dev/include/features.h:422:4: warning: #warning _FORTIFY_SOURCE requires compiling with optimization (-O) [-Wcpp]
warning: librocksdb-sys@0.17.3+10.4.2:   422 | #  warning _FORTIFY_SOURCE requires compiling with optimization (-O)
warning: librocksdb-sys@0.17.3+10.4.2:       |    ^~~~~~~
warning: librocksdb-sys@0.17.3+10.4.2: In file included from /nix/store/kzq78n13l8w24jn8bx4djj79k5j717f1-gcc-14.3.0/include/c++/14.3.0/x86_64-unknown-linux-gnu/bits/os_defines.h:39,
warning: librocksdb-sys@0.17.3+10.4.2:                  from /nix/store/kzq78n13l8w24jn8bx4djj79k5j717f1-gcc-14.3.0/include/c++/14.3.0/x86_64-unknown-linux-gnu/bits/c++config.h:683,
warning: librocksdb-sys@0.17.3+10.4.2:                  from /nix/store/82kmz7r96navanrc2fgckh2bamiqrgsw-gcc-14.3.0/include/c++/14.3.0/cstdint:38,
warning: librocksdb-sys@0.17.3+10.4.2:                  from <command-line>:
warning: librocksdb-sys@0.17.3+10.4.2: /nix/store/gi4cz4ir3zlwhf1azqfgxqdnczfrwsr7-glibc-2.40-66-dev/include/features.h:422:4: warning: #warning _FORTIFY_SOURCE requires compiling with optimization (-O) [-Wcpp]
warning: librocksdb-sys@0.17.3+10.4.2:   422 | #  warning _FORTIFY_SOURCE requires compiling with optimization (-O)
warning: librocksdb-sys@0.17.3+10.4.2:       |    ^~~~~~~
warning: librocksdb-sys@0.17.3+10.4.2: In file included from /nix/store/kzq78n13l8w24jn8bx4djj79k5j717f1-gcc-14.3.0/include/c++/14.3.0/x86_64-unknown-linux-gnu/bits/os_defines.h:39,
warning: librocksdb-sys@0.17.3+10.4.2:                  from /nix/store/kzq78n13l8w24jn8bx4djj79k5j717f1-gcc-14.3.0/include/c++/14.3.0/x86_64-unknown-linux-gnu/bits/c++config.h:683,
warning: librocksdb-sys@0.17.3+10.4.2:                  from /nix/store/82kmz7r96navanrc2fgckh2bamiqrgsw-gcc-14.3.0/include/c++/14.3.0/cstdint:38,
warning: librocksdb-sys@0.17.3+10.4.2:                  from <command-line>:
warning: librocksdb-sys@0.17.3+10.4.2: /nix/store/gi4cz4ir3zlwhf1azqfgxqdnczfrwsr7-glibc-2.40-66-dev/include/features.h:422:4: warning: #warning _FORTIFY_SOURCE requires compiling with optimization (-O) [-Wcpp]
warning: librocksdb-sys@0.17.3+10.4.2:   422 | #  warning _FORTIFY_SOURCE requires compiling with optimization (-O)
warning: librocksdb-sys@0.17.3+10.4.2:       |    ^~~~~~~
warning: librocksdb-sys@0.17.3+10.4.2: In file included from /nix/store/kzq78n13l8w24jn8bx4djj79k5j717f1-gcc-14.3.0/include/c++/14.3.0/x86_64-unknown-linux-gnu/bits/os_defines.h:39,
warning: librocksdb-sys@0.17.3+10.4.2:                  from /nix/store/kzq78n13l8w24jn8bx4djj79k5j717f1-gcc-14.3.0/include/c++/14.3.0/x86_64-unknown-linux-gnu/bits/c++config.h:683,
warning: librocksdb-sys@0.17.3+10.4.2:                  from /nix/store/82kmz7r96navanrc2fgckh2bamiqrgsw-gcc-14.3.0/include/c++/14.3.0/cstdint:38,
warning: librocksdb-sys@0.17.3+10.4.2:                  from <command-line>:
warning: librocksdb-sys@0.17.3+10.4.2: /nix/store/gi4cz4ir3zlwhf1azqfgxqdnczfrwsr7-glibc-2.40-66-dev/include/features.h:422:4: warning: #warning _FORTIFY_SOURCE requires compiling with optimization (-O) [-Wcpp]
warning: librocksdb-sys@0.17.3+10.4.2:   422 | #  warning _FORTIFY_SOURCE requires compiling with optimization (-O)
warning: librocksdb-sys@0.17.3+10.4.2:       |    ^~~~~~~
warning: librocksdb-sys@0.17.3+10.4.2: In file included from /nix/store/kzq78n13l8w24jn8bx4djj79k5j717f1-gcc-14.3.0/include/c++/14.3.0/x86_64-unknown-linux-gnu/bits/os_defines.h:39,
warning: librocksdb-sys@0.17.3+10.4.2:                  from /nix/store/kzq78n13l8w24jn8bx4djj79k5j717f1-gcc-14.3.0/include/c++/14.3.0/x86_64-unknown-linux-gnu/bits/c++config.h:683,
warning: librocksdb-sys@0.17.3+10.4.2:                  from /nix/store/82kmz7r96navanrc2fgckh2bamiqrgsw-gcc-14.3.0/include/c++/14.3.0/cstdint:38,
warning: librocksdb-sys@0.17.3+10.4.2:                  from <command-line>:
warning: librocksdb-sys@0.17.3+10.4.2: /nix/store/gi4cz4ir3zlwhf1azqfgxqdnczfrwsr7-glibc-2.40-66-dev/include/features.h:422:4: warning: #warning _FORTIFY_SOURCE requires compiling with optimization (-O) [-Wcpp]
warning: librocksdb-sys@0.17.3+10.4.2:   422 | #  warning _FORTIFY_SOURCE requires compiling with optimization (-O)
warning: librocksdb-sys@0.17.3+10.4.2:       |    ^~~~~~~
warning: librocksdb-sys@0.17.3+10.4.2: In file included from /nix/store/kzq78n13l8w24jn8bx4djj79k5j717f1-gcc-14.3.0/include/c++/14.3.0/x86_64-unknown-linux-gnu/bits/os_defines.h:39,
warning: librocksdb-sys@0.17.3+10.4.2:                  from /nix/store/kzq78n13l8w24jn8bx4djj79k5j717f1-gcc-14.3.0/include/c++/14.3.0/x86_64-unknown-linux-gnu/bits/c++config.h:683,
warning: librocksdb-sys@0.17.3+10.4.2:                  from /nix/store/82kmz7r96navanrc2fgckh2bamiqrgsw-gcc-14.3.0/include/c++/14.3.0/cstdint:38,
warning: librocksdb-sys@0.17.3+10.4.2:                  from <command-line>:
warning: librocksdb-sys@0.17.3+10.4.2: /nix/store/gi4cz4ir3zlwhf1azqfgxqdnczfrwsr7-glibc-2.40-66-dev/include/features.h:422:4: warning: #warning _FORTIFY_SOURCE requires compiling with optimization (-O) [-Wcpp]
warning: librocksdb-sys@0.17.3+10.4.2:   422 | #  warning _FORTIFY_SOURCE requires compiling with optimization (-O)
warning: librocksdb-sys@0.17.3+10.4.2:       |    ^~~~~~~
warning: librocksdb-sys@0.17.3+10.4.2: In file included from /nix/store/kzq78n13l8w24jn8bx4djj79k5j717f1-gcc-14.3.0/include/c++/14.3.0/x86_64-unknown-linux-gnu/bits/os_defines.h:39,
warning: librocksdb-sys@0.17.3+10.4.2:                  from /nix/store/kzq78n13l8w24jn8bx4djj79k5j717f1-gcc-14.3.0/include/c++/14.3.0/x86_64-unknown-linux-gnu/bits/c++config.h:683,
warning: librocksdb-sys@0.17.3+10.4.2:                  from /nix/store/82kmz7r96navanrc2fgckh2bamiqrgsw-gcc-14.3.0/include/c++/14.3.0/cstdint:38,
warning: librocksdb-sys@0.17.3+10.4.2:                  from <command-line>:
warning: librocksdb-sys@0.17.3+10.4.2: /nix/store/gi4cz4ir3zlwhf1azqfgxqdnczfrwsr7-glibc-2.40-66-dev/include/features.h:422:4: warning: #warning _FORTIFY_SOURCE requires compiling with optimization (-O) [-Wcpp]
warning: librocksdb-sys@0.17.3+10.4.2:   422 | #  warning _FORTIFY_SOURCE requires compiling with optimization (-O)
warning: librocksdb-sys@0.17.3+10.4.2:       |    ^~~~~~~
warning: librocksdb-sys@0.17.3+10.4.2: In file included from /nix/store/kzq78n13l8w24jn8bx4djj79k5j717f1-gcc-14.3.0/include/c++/14.3.0/x86_64-unknown-linux-gnu/bits/os_defines.h:39,
warning: librocksdb-sys@0.17.3+10.4.2:                  from /nix/store/kzq78n13l8w24jn8bx4djj79k5j717f1-gcc-14.3.0/include/c++/14.3.0/x86_64-unknown-linux-gnu/bits/c++config.h:683,
warning: librocksdb-sys@0.17.3+10.4.2:                  from /nix/store/82kmz7r96navanrc2fgckh2bamiqrgsw-gcc-14.3.0/include/c++/14.3.0/cstdint:38,
warning: librocksdb-sys@0.17.3+10.4.2:                  from <command-line>:
warning: librocksdb-sys@0.17.3+10.4.2: /nix/store/gi4cz4ir3zlwhf1azqfgxqdnczfrwsr7-glibc-2.40-66-dev/include/features.h:422:4: warning: #warning _FORTIFY_SOURCE requires compiling with optimization (-O) [-Wcpp]
warning: librocksdb-sys@0.17.3+10.4.2:   422 | #  warning _FORTIFY_SOURCE requires compiling with optimization (-O)
warning: librocksdb-sys@0.17.3+10.4.2:       |    ^~~~~~~
warning: librocksdb-sys@0.17.3+10.4.2: In file included from /nix/store/kzq78n13l8w24jn8bx4djj79k5j717f1-gcc-14.3.0/include/c++/14.3.0/x86_64-unknown-linux-gnu/bits/os_defines.h:39,
warning: librocksdb-sys@0.17.3+10.4.2:                  from /nix/store/kzq78n13l8w24jn8bx4djj79k5j717f1-gcc-14.3.0/include/c++/14.3.0/x86_64-unknown-linux-gnu/bits/c++config.h:683,
warning: librocksdb-sys@0.17.3+10.4.2:                  from /nix/store/82kmz7r96navanrc2fgckh2bamiqrgsw-gcc-14.3.0/include/c++/14.3.0/cstdint:38,
warning: librocksdb-sys@0.17.3+10.4.2:                  from <command-line>:
warning: librocksdb-sys@0.17.3+10.4.2: /nix/store/gi4cz4ir3zlwhf1azqfgxqdnczfrwsr7-glibc-2.40-66-dev/include/features.h:422:4: warning: #warning _FORTIFY_SOURCE requires compiling with optimization (-O) [-Wcpp]
warning: librocksdb-sys@0.17.3+10.4.2:   422 | #  warning _FORTIFY_SOURCE requires compiling with optimization (-O)
warning: librocksdb-sys@0.17.3+10.4.2:       |    ^~~~~~~
warning: librocksdb-sys@0.17.3+10.4.2: In file included from /nix/store/kzq78n13l8w24jn8bx4djj79k5j717f1-gcc-14.3.0/include/c++/14.3.0/x86_64-unknown-linux-gnu/bits/os_defines.h:39,
warning: librocksdb-sys@0.17.3+10.4.2:                  from /nix/store/kzq78n13l8w24jn8bx4djj79k5j717f1-gcc-14.3.0/include/c++/14.3.0/x86_64-unknown-linux-gnu/bits/c++config.h:683,
warning: librocksdb-sys@0.17.3+10.4.2:                  from /nix/store/82kmz7r96navanrc2fgckh2bamiqrgsw-gcc-14.3.0/include/c++/14.3.0/cstdint:38,
warning: librocksdb-sys@0.17.3+10.4.2:                  from <command-line>:
warning: librocksdb-sys@0.17.3+10.4.2: /nix/store/gi4cz4ir3zlwhf1azqfgxqdnczfrwsr7-glibc-2.40-66-dev/include/features.h:422:4: warning: #warning _FORTIFY_SOURCE requires compiling with optimization (-O) [-Wcpp]
warning: librocksdb-sys@0.17.3+10.4.2:   422 | #  warning _FORTIFY_SOURCE requires compiling with optimization (-O)
warning: librocksdb-sys@0.17.3+10.4.2:       |    ^~~~~~~
warning: librocksdb-sys@0.17.3+10.4.2: In file included from /nix/store/kzq78n13l8w24jn8bx4djj79k5j717f1-gcc-14.3.0/include/c++/14.3.0/x86_64-unknown-linux-gnu/bits/os_defines.h:39,
warning: librocksdb-sys@0.17.3+10.4.2:                  from /nix/store/kzq78n13l8w24jn8bx4djj79k5j717f1-gcc-14.3.0/include/c++/14.3.0/x86_64-unknown-linux-gnu/bits/c++config.h:683,
warning: librocksdb-sys@0.17.3+10.4.2:                  from /nix/store/82kmz7r96navanrc2fgckh2bamiqrgsw-gcc-14.3.0/include/c++/14.3.0/cstdint:38,
warning: librocksdb-sys@0.17.3+10.4.2:                  from <command-line>:
warning: librocksdb-sys@0.17.3+10.4.2: /nix/store/gi4cz4ir3zlwhf1azqfgxqdnczfrwsr7-glibc-2.40-66-dev/include/features.h:422:4: warning: #warning _FORTIFY_SOURCE requires compiling with optimization (-O) [-Wcpp]
warning: librocksdb-sys@0.17.3+10.4.2:   422 | #  warning _FORTIFY_SOURCE requires compiling with optimization (-O)
warning: librocksdb-sys@0.17.3+10.4.2:       |    ^~~~~~~
warning: librocksdb-sys@0.17.3+10.4.2: In file included from /nix/store/kzq78n13l8w24jn8bx4djj79k5j717f1-gcc-14.3.0/include/c++/14.3.0/x86_64-unknown-linux-gnu/bits/os_defines.h:39,
warning: librocksdb-sys@0.17.3+10.4.2:                  from /nix/store/kzq78n13l8w24jn8bx4djj79k5j717f1-gcc-14.3.0/include/c++/14.3.0/x86_64-unknown-linux-gnu/bits/c++config.h:683,
warning: librocksdb-sys@0.17.3+10.4.2:                  from /nix/store/82kmz7r96navanrc2fgckh2bamiqrgsw-gcc-14.3.0/include/c++/14.3.0/cstdint:38,
warning: librocksdb-sys@0.17.3+10.4.2:                  from <command-line>:
warning: librocksdb-sys@0.17.3+10.4.2: /nix/store/gi4cz4ir3zlwhf1azqfgxqdnczfrwsr7-glibc-2.40-66-dev/include/features.h:422:4: warning: #warning _FORTIFY_SOURCE requires compiling with optimization (-O) [-Wcpp]
warning: librocksdb-sys@0.17.3+10.4.2:   422 | #  warning _FORTIFY_SOURCE requires compiling with optimization (-O)
warning: librocksdb-sys@0.17.3+10.4.2:       |    ^~~~~~~
warning: librocksdb-sys@0.17.3+10.4.2: In file included from /nix/store/kzq78n13l8w24jn8bx4djj79k5j717f1-gcc-14.3.0/include/c++/14.3.0/x86_64-unknown-linux-gnu/bits/os_defines.h:39,
warning: librocksdb-sys@0.17.3+10.4.2:                  from /nix/store/kzq78n13l8w24jn8bx4djj79k5j717f1-gcc-14.3.0/include/c++/14.3.0/x86_64-unknown-linux-gnu/bits/c++config.h:683,
warning: librocksdb-sys@0.17.3+10.4.2:                  from /nix/store/82kmz7r96navanrc2fgckh2bamiqrgsw-gcc-14.3.0/include/c++/14.3.0/cstdint:38,
warning: librocksdb-sys@0.17.3+10.4.2:                  from <command-line>:
warning: librocksdb-sys@0.17.3+10.4.2: /nix/store/gi4cz4ir3zlwhf1azqfgxqdnczfrwsr7-glibc-2.40-66-dev/include/features.h:422:4: warning: #warning _FORTIFY_SOURCE requires compiling with optimization (-O) [-Wcpp]
warning: librocksdb-sys@0.17.3+10.4.2:   422 | #  warning _FORTIFY_SOURCE requires compiling with optimization (-O)
warning: librocksdb-sys@0.17.3+10.4.2:       |    ^~~~~~~
warning: librocksdb-sys@0.17.3+10.4.2: In file included from /nix/store/kzq78n13l8w24jn8bx4djj79k5j717f1-gcc-14.3.0/include/c++/14.3.0/x86_64-unknown-linux-gnu/bits/os_defines.h:39,
warning: librocksdb-sys@0.17.3+10.4.2:                  from /nix/store/kzq78n13l8w24jn8bx4djj79k5j717f1-gcc-14.3.0/include/c++/14.3.0/x86_64-unknown-linux-gnu/bits/c++config.h:683,
warning: librocksdb-sys@0.17.3+10.4.2:                  from /nix/store/82kmz7r96navanrc2fgckh2bamiqrgsw-gcc-14.3.0/include/c++/14.3.0/cstdint:38,
warning: librocksdb-sys@0.17.3+10.4.2:                  from <command-line>:
warning: librocksdb-sys@0.17.3+10.4.2: /nix/store/gi4cz4ir3zlwhf1azqfgxqdnczfrwsr7-glibc-2.40-66-dev/include/features.h:422:4: warning: #warning _FORTIFY_SOURCE requires compiling with optimization (-O) [-Wcpp]
warning: librocksdb-sys@0.17.3+10.4.2:   422 | #  warning _FORTIFY_SOURCE requires compiling with optimization (-O)
warning: librocksdb-sys@0.17.3+10.4.2:       |    ^~~~~~~
warning: librocksdb-sys@0.17.3+10.4.2: In file included from /nix/store/kzq78n13l8w24jn8bx4djj79k5j717f1-gcc-14.3.0/include/c++/14.3.0/x86_64-unknown-linux-gnu/bits/os_defines.h:39,
warning: librocksdb-sys@0.17.3+10.4.2:                  from /nix/store/kzq78n13l8w24jn8bx4djj79k5j717f1-gcc-14.3.0/include/c++/14.3.0/x86_64-unknown-linux-gnu/bits/c++config.h:683,
warning: librocksdb-sys@0.17.3+10.4.2:                  from /nix/store/82kmz7r96navanrc2fgckh2bamiqrgsw-gcc-14.3.0/include/c++/14.3.0/cstdint:38,
warning: librocksdb-sys@0.17.3+10.4.2:                  from <command-line>:
warning: librocksdb-sys@0.17.3+10.4.2: /nix/store/gi4cz4ir3zlwhf1azqfgxqdnczfrwsr7-glibc-2.40-66-dev/include/features.h:422:4: warning: #warning _FORTIFY_SOURCE requires compiling with optimization (-O) [-Wcpp]
warning: librocksdb-sys@0.17.3+10.4.2:   422 | #  warning _FORTIFY_SOURCE requires compiling with optimization (-O)
warning: librocksdb-sys@0.17.3+10.4.2:       |    ^~~~~~~
warning: librocksdb-sys@0.17.3+10.4.2: In file included from /nix/store/kzq78n13l8w24jn8bx4djj79k5j717f1-gcc-14.3.0/include/c++/14.3.0/x86_64-unknown-linux-gnu/bits/os_defines.h:39,
warning: librocksdb-sys@0.17.3+10.4.2:                  from /nix/store/kzq78n13l8w24jn8bx4djj79k5j717f1-gcc-14.3.0/include/c++/14.3.0/x86_64-unknown-linux-gnu/bits/c++config.h:683,
warning: librocksdb-sys@0.17.3+10.4.2:                  from /nix/store/82kmz7r96navanrc2fgckh2bamiqrgsw-gcc-14.3.0/include/c++/14.3.0/cstdint:38,
warning: librocksdb-sys@0.17.3+10.4.2:                  from <command-line>:
warning: librocksdb-sys@0.17.3+10.4.2: /nix/store/gi4cz4ir3zlwhf1azqfgxqdnczfrwsr7-glibc-2.40-66-dev/include/features.h:422:4: warning: #warning _FORTIFY_SOURCE requires compiling with optimization (-O) [-Wcpp]
warning: librocksdb-sys@0.17.3+10.4.2:   422 | #  warning _FORTIFY_SOURCE requires compiling with optimization (-O)
warning: librocksdb-sys@0.17.3+10.4.2:       |    ^~~~~~~
warning: librocksdb-sys@0.17.3+10.4.2: In file included from /nix/store/kzq78n13l8w24jn8bx4djj79k5j717f1-gcc-14.3.0/include/c++/14.3.0/x86_64-unknown-linux-gnu/bits/os_defines.h:39,
warning: librocksdb-sys@0.17.3+10.4.2:                  from /nix/store/kzq78n13l8w24jn8bx4djj79k5j717f1-gcc-14.3.0/include/c++/14.3.0/x86_64-unknown-linux-gnu/bits/c++config.h:683,
warning: librocksdb-sys@0.17.3+10.4.2:                  from /nix/store/82kmz7r96navanrc2fgckh2bamiqrgsw-gcc-14.3.0/include/c++/14.3.0/cstdint:38,
warning: librocksdb-sys@0.17.3+10.4.2:                  from <command-line>:
warning: librocksdb-sys@0.17.3+10.4.2: /nix/store/gi4cz4ir3zlwhf1azqfgxqdnczfrwsr7-glibc-2.40-66-dev/include/features.h:422:4: warning: #warning _FORTIFY_SOURCE requires compiling with optimization (-O) [-Wcpp]
warning: librocksdb-sys@0.17.3+10.4.2:   422 | #  warning _FORTIFY_SOURCE requires compiling with optimization (-O)
warning: librocksdb-sys@0.17.3+10.4.2:       |    ^~~~~~~
warning: librocksdb-sys@0.17.3+10.4.2: In file included from /nix/store/kzq78n13l8w24jn8bx4djj79k5j717f1-gcc-14.3.0/include/c++/14.3.0/x86_64-unknown-linux-gnu/bits/os_defines.h:39,
warning: librocksdb-sys@0.17.3+10.4.2:                  from /nix/store/kzq78n13l8w24jn8bx4djj79k5j717f1-gcc-14.3.0/include/c++/14.3.0/x86_64-unknown-linux-gnu/bits/c++config.h:683,
warning: librocksdb-sys@0.17.3+10.4.2:                  from /nix/store/82kmz7r96navanrc2fgckh2bamiqrgsw-gcc-14.3.0/include/c++/14.3.0/cstdint:38,
warning: librocksdb-sys@0.17.3+10.4.2:                  from <command-line>:
warning: librocksdb-sys@0.17.3+10.4.2: /nix/store/gi4cz4ir3zlwhf1azqfgxqdnczfrwsr7-glibc-2.40-66-dev/include/features.h:422:4: warning: #warning _FORTIFY_SOURCE requires compiling with optimization (-O) [-Wcpp]
warning: librocksdb-sys@0.17.3+10.4.2:   422 | #  warning _FORTIFY_SOURCE requires compiling with optimization (-O)
warning: librocksdb-sys@0.17.3+10.4.2:       |    ^~~~~~~
warning: librocksdb-sys@0.17.3+10.4.2: In file included from /nix/store/kzq78n13l8w24jn8bx4djj79k5j717f1-gcc-14.3.0/include/c++/14.3.0/x86_64-unknown-linux-gnu/bits/os_defines.h:39,
warning: librocksdb-sys@0.17.3+10.4.2:                  from /nix/store/kzq78n13l8w24jn8bx4djj79k5j717f1-gcc-14.3.0/include/c++/14.3.0/x86_64-unknown-linux-gnu/bits/c++config.h:683,
warning: librocksdb-sys@0.17.3+10.4.2:                  from /nix/store/82kmz7r96navanrc2fgckh2bamiqrgsw-gcc-14.3.0/include/c++/14.3.0/cstdint:38,
warning: librocksdb-sys@0.17.3+10.4.2:                  from <command-line>:
warning: librocksdb-sys@0.17.3+10.4.2: /nix/store/gi4cz4ir3zlwhf1azqfgxqdnczfrwsr7-glibc-2.40-66-dev/include/features.h:422:4: warning: #warning _FORTIFY_SOURCE requires compiling with optimization (-O) [-Wcpp]
warning: librocksdb-sys@0.17.3+10.4.2:   422 | #  warning _FORTIFY_SOURCE requires compiling with optimization (-O)
warning: librocksdb-sys@0.17.3+10.4.2:       |    ^~~~~~~
warning: librocksdb-sys@0.17.3+10.4.2: In file included from /nix/store/kzq78n13l8w24jn8bx4djj79k5j717f1-gcc-14.3.0/include/c++/14.3.0/x86_64-unknown-linux-gnu/bits/os_defines.h:39,
warning: librocksdb-sys@0.17.3+10.4.2:                  from /nix/store/kzq78n13l8w24jn8bx4djj79k5j717f1-gcc-14.3.0/include/c++/14.3.0/x86_64-unknown-linux-gnu/bits/c++config.h:683,
warning: librocksdb-sys@0.17.3+10.4.2:                  from /nix/store/82kmz7r96navanrc2fgckh2bamiqrgsw-gcc-14.3.0/include/c++/14.3.0/cstdint:38,
warning: librocksdb-sys@0.17.3+10.4.2:                  from <command-line>:
warning: librocksdb-sys@0.17.3+10.4.2: /nix/store/gi4cz4ir3zlwhf1azqfgxqdnczfrwsr7-glibc-2.40-66-dev/include/features.h:422:4: warning: #warning _FORTIFY_SOURCE requires compiling with optimization (-O) [-Wcpp]
warning: librocksdb-sys@0.17.3+10.4.2:   422 | #  warning _FORTIFY_SOURCE requires compiling with optimization (-O)
warning: librocksdb-sys@0.17.3+10.4.2:       |    ^~~~~~~
warning: librocksdb-sys@0.17.3+10.4.2: In file included from /nix/store/kzq78n13l8w24jn8bx4djj79k5j717f1-gcc-14.3.0/include/c++/14.3.0/x86_64-unknown-linux-gnu/bits/os_defines.h:39,
warning: librocksdb-sys@0.17.3+10.4.2:                  from /nix/store/kzq78n13l8w24jn8bx4djj79k5j717f1-gcc-14.3.0/include/c++/14.3.0/x86_64-unknown-linux-gnu/bits/c++config.h:683,
warning: librocksdb-sys@0.17.3+10.4.2:                  from /nix/store/82kmz7r96navanrc2fgckh2bamiqrgsw-gcc-14.3.0/include/c++/14.3.0/cstdint:38,
warning: librocksdb-sys@0.17.3+10.4.2:                  from <command-line>:
warning: librocksdb-sys@0.17.3+10.4.2: /nix/store/gi4cz4ir3zlwhf1azqfgxqdnczfrwsr7-glibc-2.40-66-dev/include/features.h:422:4: warning: #warning _FORTIFY_SOURCE requires compiling with optimization (-O) [-Wcpp]
warning: librocksdb-sys@0.17.3+10.4.2:   422 | #  warning _FORTIFY_SOURCE requires compiling with optimization (-O)
warning: librocksdb-sys@0.17.3+10.4.2:       |    ^~~~~~~
warning: librocksdb-sys@0.17.3+10.4.2: In file included from /nix/store/kzq78n13l8w24jn8bx4djj79k5j717f1-gcc-14.3.0/include/c++/14.3.0/x86_64-unknown-linux-gnu/bits/os_defines.h:39,
warning: librocksdb-sys@0.17.3+10.4.2:                  from /nix/store/kzq78n13l8w24jn8bx4djj79k5j717f1-gcc-14.3.0/include/c++/14.3.0/x86_64-unknown-linux-gnu/bits/c++config.h:683,
warning: librocksdb-sys@0.17.3+10.4.2:                  from /nix/store/82kmz7r96navanrc2fgckh2bamiqrgsw-gcc-14.3.0/include/c++/14.3.0/cstdint:38,
warning: librocksdb-sys@0.17.3+10.4.2:                  from <command-line>:
warning: librocksdb-sys@0.17.3+10.4.2: /nix/store/gi4cz4ir3zlwhf1azqfgxqdnczfrwsr7-glibc-2.40-66-dev/include/features.h:422:4: warning: #warning _FORTIFY_SOURCE requires compiling with optimization (-O) [-Wcpp]
warning: librocksdb-sys@0.17.3+10.4.2:   422 | #  warning _FORTIFY_SOURCE requires compiling with optimization (-O)
warning: librocksdb-sys@0.17.3+10.4.2:       |    ^~~~~~~
warning: librocksdb-sys@0.17.3+10.4.2: In file included from /nix/store/kzq78n13l8w24jn8bx4djj79k5j717f1-gcc-14.3.0/include/c++/14.3.0/x86_64-unknown-linux-gnu/bits/os_defines.h:39,
warning: librocksdb-sys@0.17.3+10.4.2:                  from /nix/store/kzq78n13l8w24jn8bx4djj79k5j717f1-gcc-14.3.0/include/c++/14.3.0/x86_64-unknown-linux-gnu/bits/c++config.h:683,
warning: librocksdb-sys@0.17.3+10.4.2:                  from /nix/store/82kmz7r96navanrc2fgckh2bamiqrgsw-gcc-14.3.0/include/c++/14.3.0/cstdint:38,
warning: librocksdb-sys@0.17.3+10.4.2:                  from <command-line>:
warning: librocksdb-sys@0.17.3+10.4.2: /nix/store/gi4cz4ir3zlwhf1azqfgxqdnczfrwsr7-glibc-2.40-66-dev/include/features.h:422:4: warning: #warning _FORTIFY_SOURCE requires compiling with optimization (-O) [-Wcpp]
warning: librocksdb-sys@0.17.3+10.4.2:   422 | #  warning _FORTIFY_SOURCE requires compiling with optimization (-O)
warning: librocksdb-sys@0.17.3+10.4.2:       |    ^~~~~~~
warning: librocksdb-sys@0.17.3+10.4.2: In file included from /nix/store/kzq78n13l8w24jn8bx4djj79k5j717f1-gcc-14.3.0/include/c++/14.3.0/x86_64-unknown-linux-gnu/bits/os_defines.h:39,
warning: librocksdb-sys@0.17.3+10.4.2:                  from /nix/store/kzq78n13l8w24jn8bx4djj79k5j717f1-gcc-14.3.0/include/c++/14.3.0/x86_64-unknown-linux-gnu/bits/c++config.h:683,
warning: librocksdb-sys@0.17.3+10.4.2:                  from /nix/store/82kmz7r96navanrc2fgckh2bamiqrgsw-gcc-14.3.0/include/c++/14.3.0/cstdint:38,
warning: librocksdb-sys@0.17.3+10.4.2:                  from <command-line>:
warning: librocksdb-sys@0.17.3+10.4.2: /nix/store/gi4cz4ir3zlwhf1azqfgxqdnczfrwsr7-glibc-2.40-66-dev/include/features.h:422:4: warning: #warning _FORTIFY_SOURCE requires compiling with optimization (-O) [-Wcpp]
warning: librocksdb-sys@0.17.3+10.4.2:   422 | #  warning _FORTIFY_SOURCE requires compiling with optimization (-O)
warning: librocksdb-sys@0.17.3+10.4.2:       |    ^~~~~~~
warning: librocksdb-sys@0.17.3+10.4.2: In file included from /nix/store/kzq78n13l8w24jn8bx4djj79k5j717f1-gcc-14.3.0/include/c++/14.3.0/x86_64-unknown-linux-gnu/bits/os_defines.h:39,
warning: librocksdb-sys@0.17.3+10.4.2:                  from /nix/store/kzq78n13l8w24jn8bx4djj79k5j717f1-gcc-14.3.0/include/c++/14.3.0/x86_64-unknown-linux-gnu/bits/c++config.h:683,
warning: librocksdb-sys@0.17.3+10.4.2:                  from /nix/store/82kmz7r96navanrc2fgckh2bamiqrgsw-gcc-14.3.0/include/c++/14.3.0/cstdint:38,
warning: librocksdb-sys@0.17.3+10.4.2:                  from <command-line>:
warning: librocksdb-sys@0.17.3+10.4.2: /nix/store/gi4cz4ir3zlwhf1azqfgxqdnczfrwsr7-glibc-2.40-66-dev/include/features.h:422:4: warning: #warning _FORTIFY_SOURCE requires compiling with optimization (-O) [-Wcpp]
warning: librocksdb-sys@0.17.3+10.4.2:   422 | #  warning _FORTIFY_SOURCE requires compiling with optimization (-O)
warning: librocksdb-sys@0.17.3+10.4.2:       |    ^~~~~~~
warning: librocksdb-sys@0.17.3+10.4.2: In file included from /nix/store/kzq78n13l8w24jn8bx4djj79k5j717f1-gcc-14.3.0/include/c++/14.3.0/x86_64-unknown-linux-gnu/bits/os_defines.h:39,
warning: librocksdb-sys@0.17.3+10.4.2:                  from /nix/store/kzq78n13l8w24jn8bx4djj79k5j717f1-gcc-14.3.0/include/c++/14.3.0/x86_64-unknown-linux-gnu/bits/c++config.h:683,
warning: librocksdb-sys@0.17.3+10.4.2:                  from /nix/store/82kmz7r96navanrc2fgckh2bamiqrgsw-gcc-14.3.0/include/c++/14.3.0/cstdint:38,
warning: librocksdb-sys@0.17.3+10.4.2:                  from <command-line>:
warning: librocksdb-sys@0.17.3+10.4.2: /nix/store/gi4cz4ir3zlwhf1azqfgxqdnczfrwsr7-glibc-2.40-66-dev/include/features.h:422:4: warning: #warning _FORTIFY_SOURCE requires compiling with optimization (-O) [-Wcpp]
warning: librocksdb-sys@0.17.3+10.4.2:   422 | #  warning _FORTIFY_SOURCE requires compiling with optimization (-O)
warning: librocksdb-sys@0.17.3+10.4.2:       |    ^~~~~~~
warning: librocksdb-sys@0.17.3+10.4.2: In file included from /nix/store/kzq78n13l8w24jn8bx4djj79k5j717f1-gcc-14.3.0/include/c++/14.3.0/x86_64-unknown-linux-gnu/bits/os_defines.h:39,
warning: librocksdb-sys@0.17.3+10.4.2:                  from /nix/store/kzq78n13l8w24jn8bx4djj79k5j717f1-gcc-14.3.0/include/c++/14.3.0/x86_64-unknown-linux-gnu/bits/c++config.h:683,
warning: librocksdb-sys@0.17.3+10.4.2:                  from /nix/store/82kmz7r96navanrc2fgckh2bamiqrgsw-gcc-14.3.0/include/c++/14.3.0/cstdint:38,
warning: librocksdb-sys@0.17.3+10.4.2:                  from <command-line>:
warning: librocksdb-sys@0.17.3+10.4.2: /nix/store/gi4cz4ir3zlwhf1azqfgxqdnczfrwsr7-glibc-2.40-66-dev/include/features.h:422:4: warning: #warning _FORTIFY_SOURCE requires compiling with optimization (-O) [-Wcpp]
warning: librocksdb-sys@0.17.3+10.4.2:   422 | #  warning _FORTIFY_SOURCE requires compiling with optimization (-O)
warning: librocksdb-sys@0.17.3+10.4.2:       |    ^~~~~~~
warning: librocksdb-sys@0.17.3+10.4.2: In file included from /nix/store/kzq78n13l8w24jn8bx4djj79k5j717f1-gcc-14.3.0/include/c++/14.3.0/x86_64-unknown-linux-gnu/bits/os_defines.h:39,
warning: librocksdb-sys@0.17.3+10.4.2:                  from /nix/store/kzq78n13l8w24jn8bx4djj79k5j717f1-gcc-14.3.0/include/c++/14.3.0/x86_64-unknown-linux-gnu/bits/c++config.h:683,
warning: librocksdb-sys@0.17.3+10.4.2:                  from /nix/store/82kmz7r96navanrc2fgckh2bamiqrgsw-gcc-14.3.0/include/c++/14.3.0/cstdint:38,
warning: librocksdb-sys@0.17.3+10.4.2:                  from <command-line>:
warning: librocksdb-sys@0.17.3+10.4.2: /nix/store/gi4cz4ir3zlwhf1azqfgxqdnczfrwsr7-glibc-2.40-66-dev/include/features.h:422:4: warning: #warning _FORTIFY_SOURCE requires compiling with optimization (-O) [-Wcpp]
warning: librocksdb-sys@0.17.3+10.4.2:   422 | #  warning _FORTIFY_SOURCE requires compiling with optimization (-O)
warning: librocksdb-sys@0.17.3+10.4.2:       |    ^~~~~~~
warning: librocksdb-sys@0.17.3+10.4.2: In file included from /nix/store/kzq78n13l8w24jn8bx4djj79k5j717f1-gcc-14.3.0/include/c++/14.3.0/x86_64-unknown-linux-gnu/bits/os_defines.h:39,
warning: librocksdb-sys@0.17.3+10.4.2:                  from /nix/store/kzq78n13l8w24jn8bx4djj79k5j717f1-gcc-14.3.0/include/c++/14.3.0/x86_64-unknown-linux-gnu/bits/c++config.h:683,
warning: librocksdb-sys@0.17.3+10.4.2:                  from /nix/store/82kmz7r96navanrc2fgckh2bamiqrgsw-gcc-14.3.0/include/c++/14.3.0/cstdint:38,
warning: librocksdb-sys@0.17.3+10.4.2:                  from <command-line>:
warning: librocksdb-sys@0.17.3+10.4.2: /nix/store/gi4cz4ir3zlwhf1azqfgxqdnczfrwsr7-glibc-2.40-66-dev/include/features.h:422:4: warning: #warning _FORTIFY_SOURCE requires compiling with optimization (-O) [-Wcpp]
warning: librocksdb-sys@0.17.3+10.4.2:   422 | #  warning _FORTIFY_SOURCE requires compiling with optimization (-O)
warning: librocksdb-sys@0.17.3+10.4.2:       |    ^~~~~~~
warning: librocksdb-sys@0.17.3+10.4.2: In file included from /nix/store/kzq78n13l8w24jn8bx4djj79k5j717f1-gcc-14.3.0/include/c++/14.3.0/x86_64-unknown-linux-gnu/bits/os_defines.h:39,
warning: librocksdb-sys@0.17.3+10.4.2:                  from /nix/store/kzq78n13l8w24jn8bx4djj79k5j717f1-gcc-14.3.0/include/c++/14.3.0/x86_64-unknown-linux-gnu/bits/c++config.h:683,
warning: librocksdb-sys@0.17.3+10.4.2:                  from /nix/store/82kmz7r96navanrc2fgckh2bamiqrgsw-gcc-14.3.0/include/c++/14.3.0/cstdint:38,
warning: librocksdb-sys@0.17.3+10.4.2:                  from <command-line>:
warning: librocksdb-sys@0.17.3+10.4.2: /nix/store/gi4cz4ir3zlwhf1azqfgxqdnczfrwsr7-glibc-2.40-66-dev/include/features.h:422:4: warning: #warning _FORTIFY_SOURCE requires compiling with optimization (-O) [-Wcpp]
warning: librocksdb-sys@0.17.3+10.4.2:   422 | #  warning _FORTIFY_SOURCE requires compiling with optimization (-O)
warning: librocksdb-sys@0.17.3+10.4.2:       |    ^~~~~~~
warning: librocksdb-sys@0.17.3+10.4.2: In file included from /nix/store/kzq78n13l8w24jn8bx4djj79k5j717f1-gcc-14.3.0/include/c++/14.3.0/x86_64-unknown-linux-gnu/bits/os_defines.h:39,
warning: librocksdb-sys@0.17.3+10.4.2:                  from /nix/store/kzq78n13l8w24jn8bx4djj79k5j717f1-gcc-14.3.0/include/c++/14.3.0/x86_64-unknown-linux-gnu/bits/c++config.h:683,
warning: librocksdb-sys@0.17.3+10.4.2:                  from /nix/store/82kmz7r96navanrc2fgckh2bamiqrgsw-gcc-14.3.0/include/c++/14.3.0/cstdint:38,
warning: librocksdb-sys@0.17.3+10.4.2:                  from <command-line>:
warning: librocksdb-sys@0.17.3+10.4.2: /nix/store/gi4cz4ir3zlwhf1azqfgxqdnczfrwsr7-glibc-2.40-66-dev/include/features.h:422:4: warning: #warning _FORTIFY_SOURCE requires compiling with optimization (-O) [-Wcpp]
warning: librocksdb-sys@0.17.3+10.4.2:   422 | #  warning _FORTIFY_SOURCE requires compiling with optimization (-O)
warning: librocksdb-sys@0.17.3+10.4.2:       |    ^~~~~~~
warning: librocksdb-sys@0.17.3+10.4.2: In file included from /nix/store/kzq78n13l8w24jn8bx4djj79k5j717f1-gcc-14.3.0/include/c++/14.3.0/x86_64-unknown-linux-gnu/bits/os_defines.h:39,
warning: librocksdb-sys@0.17.3+10.4.2:                  from /nix/store/kzq78n13l8w24jn8bx4djj79k5j717f1-gcc-14.3.0/include/c++/14.3.0/x86_64-unknown-linux-gnu/bits/c++config.h:683,
warning: librocksdb-sys@0.17.3+10.4.2:                  from /nix/store/82kmz7r96navanrc2fgckh2bamiqrgsw-gcc-14.3.0/include/c++/14.3.0/cstdint:38,
warning: librocksdb-sys@0.17.3+10.4.2:                  from <command-line>:
warning: librocksdb-sys@0.17.3+10.4.2: /nix/store/gi4cz4ir3zlwhf1azqfgxqdnczfrwsr7-glibc-2.40-66-dev/include/features.h:422:4: warning: #warning _FORTIFY_SOURCE requires compiling with optimization (-O) [-Wcpp]
warning: librocksdb-sys@0.17.3+10.4.2:   422 | #  warning _FORTIFY_SOURCE requires compiling with optimization (-O)
warning: librocksdb-sys@0.17.3+10.4.2:       |    ^~~~~~~
warning: librocksdb-sys@0.17.3+10.4.2: In file included from /nix/store/kzq78n13l8w24jn8bx4djj79k5j717f1-gcc-14.3.0/include/c++/14.3.0/x86_64-unknown-linux-gnu/bits/os_defines.h:39,
warning: librocksdb-sys@0.17.3+10.4.2:                  from /nix/store/kzq78n13l8w24jn8bx4djj79k5j717f1-gcc-14.3.0/include/c++/14.3.0/x86_64-unknown-linux-gnu/bits/c++config.h:683,
warning: librocksdb-sys@0.17.3+10.4.2:                  from /nix/store/82kmz7r96navanrc2fgckh2bamiqrgsw-gcc-14.3.0/include/c++/14.3.0/cstdint:38,
warning: librocksdb-sys@0.17.3+10.4.2:                  from <command-line>:
warning: librocksdb-sys@0.17.3+10.4.2: /nix/store/gi4cz4ir3zlwhf1azqfgxqdnczfrwsr7-glibc-2.40-66-dev/include/features.h:422:4: warning: #warning _FORTIFY_SOURCE requires compiling with optimization (-O) [-Wcpp]
warning: librocksdb-sys@0.17.3+10.4.2:   422 | #  warning _FORTIFY_SOURCE requires compiling with optimization (-O)
warning: librocksdb-sys@0.17.3+10.4.2:       |    ^~~~~~~
warning: librocksdb-sys@0.17.3+10.4.2: In file included from /nix/store/kzq78n13l8w24jn8bx4djj79k5j717f1-gcc-14.3.0/include/c++/14.3.0/x86_64-unknown-linux-gnu/bits/os_defines.h:39,
warning: librocksdb-sys@0.17.3+10.4.2:                  from /nix/store/kzq78n13l8w24jn8bx4djj79k5j717f1-gcc-14.3.0/include/c++/14.3.0/x86_64-unknown-linux-gnu/bits/c++config.h:683,
warning: librocksdb-sys@0.17.3+10.4.2:                  from /nix/store/82kmz7r96navanrc2fgckh2bamiqrgsw-gcc-14.3.0/include/c++/14.3.0/cstdint:38,
warning: librocksdb-sys@0.17.3+10.4.2:                  from <command-line>:
warning: librocksdb-sys@0.17.3+10.4.2: /nix/store/gi4cz4ir3zlwhf1azqfgxqdnczfrwsr7-glibc-2.40-66-dev/include/features.h:422:4: warning: #warning _FORTIFY_SOURCE requires compiling with optimization (-O) [-Wcpp]
warning: librocksdb-sys@0.17.3+10.4.2:   422 | #  warning _FORTIFY_SOURCE requires compiling with optimization (-O)
warning: librocksdb-sys@0.17.3+10.4.2:       |    ^~~~~~~
warning: librocksdb-sys@0.17.3+10.4.2: In file included from /nix/store/kzq78n13l8w24jn8bx4djj79k5j717f1-gcc-14.3.0/include/c++/14.3.0/x86_64-unknown-linux-gnu/bits/os_defines.h:39,
warning: librocksdb-sys@0.17.3+10.4.2:                  from /nix/store/kzq78n13l8w24jn8bx4djj79k5j717f1-gcc-14.3.0/include/c++/14.3.0/x86_64-unknown-linux-gnu/bits/c++config.h:683,
warning: librocksdb-sys@0.17.3+10.4.2:                  from /nix/store/82kmz7r96navanrc2fgckh2bamiqrgsw-gcc-14.3.0/include/c++/14.3.0/cstdint:38,
warning: librocksdb-sys@0.17.3+10.4.2:                  from <command-line>:
warning: librocksdb-sys@0.17.3+10.4.2: /nix/store/gi4cz4ir3zlwhf1azqfgxqdnczfrwsr7-glibc-2.40-66-dev/include/features.h:422:4: warning: #warning _FORTIFY_SOURCE requires compiling with optimization (-O) [-Wcpp]
warning: librocksdb-sys@0.17.3+10.4.2:   422 | #  warning _FORTIFY_SOURCE requires compiling with optimization (-O)
warning: librocksdb-sys@0.17.3+10.4.2:       |    ^~~~~~~
warning: librocksdb-sys@0.17.3+10.4.2: In file included from /nix/store/kzq78n13l8w24jn8bx4djj79k5j717f1-gcc-14.3.0/include/c++/14.3.0/x86_64-unknown-linux-gnu/bits/os_defines.h:39,
warning: librocksdb-sys@0.17.3+10.4.2:                  from /nix/store/kzq78n13l8w24jn8bx4djj79k5j717f1-gcc-14.3.0/include/c++/14.3.0/x86_64-unknown-linux-gnu/bits/c++config.h:683,
warning: librocksdb-sys@0.17.3+10.4.2:                  from /nix/store/82kmz7r96navanrc2fgckh2bamiqrgsw-gcc-14.3.0/include/c++/14.3.0/cstdint:38,
warning: librocksdb-sys@0.17.3+10.4.2:                  from <command-line>:
warning: librocksdb-sys@0.17.3+10.4.2: /nix/store/gi4cz4ir3zlwhf1azqfgxqdnczfrwsr7-glibc-2.40-66-dev/include/features.h:422:4: warning: #warning _FORTIFY_SOURCE requires compiling with optimization (-O) [-Wcpp]
warning: librocksdb-sys@0.17.3+10.4.2:   422 | #  warning _FORTIFY_SOURCE requires compiling with optimization (-O)
warning: librocksdb-sys@0.17.3+10.4.2:       |    ^~~~~~~
warning: librocksdb-sys@0.17.3+10.4.2: In file included from /nix/store/kzq78n13l8w24jn8bx4djj79k5j717f1-gcc-14.3.0/include/c++/14.3.0/x86_64-unknown-linux-gnu/bits/os_defines.h:39,
warning: librocksdb-sys@0.17.3+10.4.2:                  from /nix/store/kzq78n13l8w24jn8bx4djj79k5j717f1-gcc-14.3.0/include/c++/14.3.0/x86_64-unknown-linux-gnu/bits/c++config.h:683,
warning: librocksdb-sys@0.17.3+10.4.2:                  from /nix/store/82kmz7r96navanrc2fgckh2bamiqrgsw-gcc-14.3.0/include/c++/14.3.0/cstdint:38,
warning: librocksdb-sys@0.17.3+10.4.2:                  from <command-line>:
warning: librocksdb-sys@0.17.3+10.4.2: /nix/store/gi4cz4ir3zlwhf1azqfgxqdnczfrwsr7-glibc-2.40-66-dev/include/features.h:422:4: warning: #warning _FORTIFY_SOURCE requires compiling with optimization (-O) [-Wcpp]
warning: librocksdb-sys@0.17.3+10.4.2:   422 | #  warning _FORTIFY_SOURCE requires compiling with optimization (-O)
warning: librocksdb-sys@0.17.3+10.4.2:       |    ^~~~~~~
warning: librocksdb-sys@0.17.3+10.4.2: In file included from /nix/store/kzq78n13l8w24jn8bx4djj79k5j717f1-gcc-14.3.0/include/c++/14.3.0/x86_64-unknown-linux-gnu/bits/os_defines.h:39,
warning: librocksdb-sys@0.17.3+10.4.2:                  from /nix/store/kzq78n13l8w24jn8bx4djj79k5j717f1-gcc-14.3.0/include/c++/14.3.0/x86_64-unknown-linux-gnu/bits/c++config.h:683,
warning: librocksdb-sys@0.17.3+10.4.2:                  from /nix/store/82kmz7r96navanrc2fgckh2bamiqrgsw-gcc-14.3.0/include/c++/14.3.0/cstdint:38,
warning: librocksdb-sys@0.17.3+10.4.2:                  from <command-line>:
warning: librocksdb-sys@0.17.3+10.4.2: /nix/store/gi4cz4ir3zlwhf1azqfgxqdnczfrwsr7-glibc-2.40-66-dev/include/features.h:422:4: warning: #warning _FORTIFY_SOURCE requires compiling with optimization (-O) [-Wcpp]
warning: librocksdb-sys@0.17.3+10.4.2:   422 | #  warning _FORTIFY_SOURCE requires compiling with optimization (-O)
warning: librocksdb-sys@0.17.3+10.4.2:       |    ^~~~~~~
warning: librocksdb-sys@0.17.3+10.4.2: In file included from /nix/store/kzq78n13l8w24jn8bx4djj79k5j717f1-gcc-14.3.0/include/c++/14.3.0/x86_64-unknown-linux-gnu/bits/os_defines.h:39,
warning: librocksdb-sys@0.17.3+10.4.2:                  from /nix/store/kzq78n13l8w24jn8bx4djj79k5j717f1-gcc-14.3.0/include/c++/14.3.0/x86_64-unknown-linux-gnu/bits/c++config.h:683,
warning: librocksdb-sys@0.17.3+10.4.2:                  from /nix/store/82kmz7r96navanrc2fgckh2bamiqrgsw-gcc-14.3.0/include/c++/14.3.0/cstdint:38,
warning: librocksdb-sys@0.17.3+10.4.2:                  from <command-line>:
warning: librocksdb-sys@0.17.3+10.4.2: /nix/store/gi4cz4ir3zlwhf1azqfgxqdnczfrwsr7-glibc-2.40-66-dev/include/features.h:422:4: warning: #warning _FORTIFY_SOURCE requires compiling with optimization (-O) [-Wcpp]
warning: librocksdb-sys@0.17.3+10.4.2:   422 | #  warning _FORTIFY_SOURCE requires compiling with optimization (-O)
warning: librocksdb-sys@0.17.3+10.4.2:       |    ^~~~~~~
warning: librocksdb-sys@0.17.3+10.4.2: In file included from /nix/store/kzq78n13l8w24jn8bx4djj79k5j717f1-gcc-14.3.0/include/c++/14.3.0/x86_64-unknown-linux-gnu/bits/os_defines.h:39,
warning: librocksdb-sys@0.17.3+10.4.2:                  from /nix/store/kzq78n13l8w24jn8bx4djj79k5j717f1-gcc-14.3.0/include/c++/14.3.0/x86_64-unknown-linux-gnu/bits/c++config.h:683,
warning: librocksdb-sys@0.17.3+10.4.2:                  from /nix/store/82kmz7r96navanrc2fgckh2bamiqrgsw-gcc-14.3.0/include/c++/14.3.0/cstdint:38,
warning: librocksdb-sys@0.17.3+10.4.2:                  from <command-line>:
warning: librocksdb-sys@0.17.3+10.4.2: /nix/store/gi4cz4ir3zlwhf1azqfgxqdnczfrwsr7-glibc-2.40-66-dev/include/features.h:422:4: warning: #warning _FORTIFY_SOURCE requires compiling with optimization (-O) [-Wcpp]
warning: librocksdb-sys@0.17.3+10.4.2:   422 | #  warning _FORTIFY_SOURCE requires compiling with optimization (-O)
warning: librocksdb-sys@0.17.3+10.4.2:       |    ^~~~~~~
warning: librocksdb-sys@0.17.3+10.4.2: In file included from /nix/store/kzq78n13l8w24jn8bx4djj79k5j717f1-gcc-14.3.0/include/c++/14.3.0/x86_64-unknown-linux-gnu/bits/os_defines.h:39,
warning: librocksdb-sys@0.17.3+10.4.2:                  from /nix/store/kzq78n13l8w24jn8bx4djj79k5j717f1-gcc-14.3.0/include/c++/14.3.0/x86_64-unknown-linux-gnu/bits/c++config.h:683,
warning: librocksdb-sys@0.17.3+10.4.2:                  from /nix/store/82kmz7r96navanrc2fgckh2bamiqrgsw-gcc-14.3.0/include/c++/14.3.0/cstdint:38,
warning: librocksdb-sys@0.17.3+10.4.2:                  from <command-line>:
warning: librocksdb-sys@0.17.3+10.4.2: /nix/store/gi4cz4ir3zlwhf1azqfgxqdnczfrwsr7-glibc-2.40-66-dev/include/features.h:422:4: warning: #warning _FORTIFY_SOURCE requires compiling with optimization (-O) [-Wcpp]
warning: librocksdb-sys@0.17.3+10.4.2:   422 | #  warning _FORTIFY_SOURCE requires compiling with optimization (-O)
warning: librocksdb-sys@0.17.3+10.4.2:       |    ^~~~~~~
warning: librocksdb-sys@0.17.3+10.4.2: In file included from /nix/store/kzq78n13l8w24jn8bx4djj79k5j717f1-gcc-14.3.0/include/c++/14.3.0/x86_64-unknown-linux-gnu/bits/os_defines.h:39,
warning: librocksdb-sys@0.17.3+10.4.2:                  from /nix/store/kzq78n13l8w24jn8bx4djj79k5j717f1-gcc-14.3.0/include/c++/14.3.0/x86_64-unknown-linux-gnu/bits/c++config.h:683,
warning: librocksdb-sys@0.17.3+10.4.2:                  from /nix/store/82kmz7r96navanrc2fgckh2bamiqrgsw-gcc-14.3.0/include/c++/14.3.0/cstdint:38,
warning: librocksdb-sys@0.17.3+10.4.2:                  from <command-line>:
warning: librocksdb-sys@0.17.3+10.4.2: /nix/store/gi4cz4ir3zlwhf1azqfgxqdnczfrwsr7-glibc-2.40-66-dev/include/features.h:422:4: warning: #warning _FORTIFY_SOURCE requires compiling with optimization (-O) [-Wcpp]
warning: librocksdb-sys@0.17.3+10.4.2:   422 | #  warning _FORTIFY_SOURCE requires compiling with optimization (-O)
warning: librocksdb-sys@0.17.3+10.4.2:       |    ^~~~~~~
warning: librocksdb-sys@0.17.3+10.4.2: In file included from /nix/store/kzq78n13l8w24jn8bx4djj79k5j717f1-gcc-14.3.0/include/c++/14.3.0/x86_64-unknown-linux-gnu/bits/os_defines.h:39,
warning: librocksdb-sys@0.17.3+10.4.2:                  from /nix/store/kzq78n13l8w24jn8bx4djj79k5j717f1-gcc-14.3.0/include/c++/14.3.0/x86_64-unknown-linux-gnu/bits/c++config.h:683,
warning: librocksdb-sys@0.17.3+10.4.2:                  from /nix/store/82kmz7r96navanrc2fgckh2bamiqrgsw-gcc-14.3.0/include/c++/14.3.0/cstdint:38,
warning: librocksdb-sys@0.17.3+10.4.2:                  from <command-line>:
warning: librocksdb-sys@0.17.3+10.4.2: /nix/store/gi4cz4ir3zlwhf1azqfgxqdnczfrwsr7-glibc-2.40-66-dev/include/features.h:422:4: warning: #warning _FORTIFY_SOURCE requires compiling with optimization (-O) [-Wcpp]
warning: librocksdb-sys@0.17.3+10.4.2:   422 | #  warning _FORTIFY_SOURCE requires compiling with optimization (-O)
warning: librocksdb-sys@0.17.3+10.4.2:       |    ^~~~~~~
warning: librocksdb-sys@0.17.3+10.4.2: In file included from /nix/store/kzq78n13l8w24jn8bx4djj79k5j717f1-gcc-14.3.0/include/c++/14.3.0/x86_64-unknown-linux-gnu/bits/os_defines.h:39,
warning: librocksdb-sys@0.17.3+10.4.2:                  from /nix/store/kzq78n13l8w24jn8bx4djj79k5j717f1-gcc-14.3.0/include/c++/14.3.0/x86_64-unknown-linux-gnu/bits/c++config.h:683,
warning: librocksdb-sys@0.17.3+10.4.2:                  from /nix/store/82kmz7r96navanrc2fgckh2bamiqrgsw-gcc-14.3.0/include/c++/14.3.0/cstdint:38,
warning: librocksdb-sys@0.17.3+10.4.2:                  from <command-line>:
warning: librocksdb-sys@0.17.3+10.4.2: /nix/store/gi4cz4ir3zlwhf1azqfgxqdnczfrwsr7-glibc-2.40-66-dev/include/features.h:422:4: warning: #warning _FORTIFY_SOURCE requires compiling with optimization (-O) [-Wcpp]
warning: librocksdb-sys@0.17.3+10.4.2:   422 | #  warning _FORTIFY_SOURCE requires compiling with optimization (-O)
warning: librocksdb-sys@0.17.3+10.4.2:       |    ^~~~~~~
warning: librocksdb-sys@0.17.3+10.4.2: In file included from /nix/store/kzq78n13l8w24jn8bx4djj79k5j717f1-gcc-14.3.0/include/c++/14.3.0/x86_64-unknown-linux-gnu/bits/os_defines.h:39,
warning: librocksdb-sys@0.17.3+10.4.2:                  from /nix/store/kzq78n13l8w24jn8bx4djj79k5j717f1-gcc-14.3.0/include/c++/14.3.0/x86_64-unknown-linux-gnu/bits/c++config.h:683,
warning: librocksdb-sys@0.17.3+10.4.2:                  from /nix/store/82kmz7r96navanrc2fgckh2bamiqrgsw-gcc-14.3.0/include/c++/14.3.0/cstdint:38,
warning: librocksdb-sys@0.17.3+10.4.2:                  from <command-line>:
warning: librocksdb-sys@0.17.3+10.4.2: /nix/store/gi4cz4ir3zlwhf1azqfgxqdnczfrwsr7-glibc-2.40-66-dev/include/features.h:422:4: warning: #warning _FORTIFY_SOURCE requires compiling with optimization (-O) [-Wcpp]
warning: librocksdb-sys@0.17.3+10.4.2:   422 | #  warning _FORTIFY_SOURCE requires compiling with optimization (-O)
warning: librocksdb-sys@0.17.3+10.4.2:       |    ^~~~~~~
warning: librocksdb-sys@0.17.3+10.4.2: In file included from /nix/store/kzq78n13l8w24jn8bx4djj79k5j717f1-gcc-14.3.0/include/c++/14.3.0/x86_64-unknown-linux-gnu/bits/os_defines.h:39,
warning: librocksdb-sys@0.17.3+10.4.2:                  from /nix/store/kzq78n13l8w24jn8bx4djj79k5j717f1-gcc-14.3.0/include/c++/14.3.0/x86_64-unknown-linux-gnu/bits/c++config.h:683,
warning: librocksdb-sys@0.17.3+10.4.2:                  from /nix/store/82kmz7r96navanrc2fgckh2bamiqrgsw-gcc-14.3.0/include/c++/14.3.0/cstdint:38,
warning: librocksdb-sys@0.17.3+10.4.2:                  from <command-line>:
warning: librocksdb-sys@0.17.3+10.4.2: /nix/store/gi4cz4ir3zlwhf1azqfgxqdnczfrwsr7-glibc-2.40-66-dev/include/features.h:422:4: warning: #warning _FORTIFY_SOURCE requires compiling with optimization (-O) [-Wcpp]
warning: librocksdb-sys@0.17.3+10.4.2:   422 | #  warning _FORTIFY_SOURCE requires compiling with optimization (-O)
warning: librocksdb-sys@0.17.3+10.4.2:       |    ^~~~~~~
warning: librocksdb-sys@0.17.3+10.4.2: In file included from /nix/store/kzq78n13l8w24jn8bx4djj79k5j717f1-gcc-14.3.0/include/c++/14.3.0/x86_64-unknown-linux-gnu/bits/os_defines.h:39,
warning: librocksdb-sys@0.17.3+10.4.2:                  from /nix/store/kzq78n13l8w24jn8bx4djj79k5j717f1-gcc-14.3.0/include/c++/14.3.0/x86_64-unknown-linux-gnu/bits/c++config.h:683,
warning: librocksdb-sys@0.17.3+10.4.2:                  from /nix/store/82kmz7r96navanrc2fgckh2bamiqrgsw-gcc-14.3.0/include/c++/14.3.0/cstdint:38,
warning: librocksdb-sys@0.17.3+10.4.2:                  from <command-line>:
warning: librocksdb-sys@0.17.3+10.4.2: /nix/store/gi4cz4ir3zlwhf1azqfgxqdnczfrwsr7-glibc-2.40-66-dev/include/features.h:422:4: warning: #warning _FORTIFY_SOURCE requires compiling with optimization (-O) [-Wcpp]
warning: librocksdb-sys@0.17.3+10.4.2:   422 | #  warning _FORTIFY_SOURCE requires compiling with optimization (-O)
warning: librocksdb-sys@0.17.3+10.4.2:       |    ^~~~~~~
warning: librocksdb-sys@0.17.3+10.4.2: In file included from /nix/store/kzq78n13l8w24jn8bx4djj79k5j717f1-gcc-14.3.0/include/c++/14.3.0/x86_64-unknown-linux-gnu/bits/os_defines.h:39,
warning: librocksdb-sys@0.17.3+10.4.2:                  from /nix/store/kzq78n13l8w24jn8bx4djj79k5j717f1-gcc-14.3.0/include/c++/14.3.0/x86_64-unknown-linux-gnu/bits/c++config.h:683,
warning: librocksdb-sys@0.17.3+10.4.2:                  from /nix/store/82kmz7r96navanrc2fgckh2bamiqrgsw-gcc-14.3.0/include/c++/14.3.0/cstdint:38,
warning: librocksdb-sys@0.17.3+10.4.2:                  from <command-line>:
warning: librocksdb-sys@0.17.3+10.4.2: /nix/store/gi4cz4ir3zlwhf1azqfgxqdnczfrwsr7-glibc-2.40-66-dev/include/features.h:422:4: warning: #warning _FORTIFY_SOURCE requires compiling with optimization (-O) [-Wcpp]
warning: librocksdb-sys@0.17.3+10.4.2:   422 | #  warning _FORTIFY_SOURCE requires compiling with optimization (-O)
warning: librocksdb-sys@0.17.3+10.4.2:       |    ^~~~~~~
warning: librocksdb-sys@0.17.3+10.4.2: In file included from /nix/store/kzq78n13l8w24jn8bx4djj79k5j717f1-gcc-14.3.0/include/c++/14.3.0/x86_64-unknown-linux-gnu/bits/os_defines.h:39,
warning: librocksdb-sys@0.17.3+10.4.2:                  from /nix/store/kzq78n13l8w24jn8bx4djj79k5j717f1-gcc-14.3.0/include/c++/14.3.0/x86_64-unknown-linux-gnu/bits/c++config.h:683,
warning: librocksdb-sys@0.17.3+10.4.2:                  from /nix/store/82kmz7r96navanrc2fgckh2bamiqrgsw-gcc-14.3.0/include/c++/14.3.0/cstdint:38,
warning: librocksdb-sys@0.17.3+10.4.2:                  from <command-line>:
warning: librocksdb-sys@0.17.3+10.4.2: /nix/store/gi4cz4ir3zlwhf1azqfgxqdnczfrwsr7-glibc-2.40-66-dev/include/features.h:422:4: warning: #warning _FORTIFY_SOURCE requires compiling with optimization (-O) [-Wcpp]
warning: librocksdb-sys@0.17.3+10.4.2:   422 | #  warning _FORTIFY_SOURCE requires compiling with optimization (-O)
warning: librocksdb-sys@0.17.3+10.4.2:       |    ^~~~~~~
warning: librocksdb-sys@0.17.3+10.4.2: In file included from /nix/store/kzq78n13l8w24jn8bx4djj79k5j717f1-gcc-14.3.0/include/c++/14.3.0/x86_64-unknown-linux-gnu/bits/os_defines.h:39,
warning: librocksdb-sys@0.17.3+10.4.2:                  from /nix/store/kzq78n13l8w24jn8bx4djj79k5j717f1-gcc-14.3.0/include/c++/14.3.0/x86_64-unknown-linux-gnu/bits/c++config.h:683,
warning: librocksdb-sys@0.17.3+10.4.2:                  from /nix/store/82kmz7r96navanrc2fgckh2bamiqrgsw-gcc-14.3.0/include/c++/14.3.0/cstdint:38,
warning: librocksdb-sys@0.17.3+10.4.2:                  from <command-line>:
warning: librocksdb-sys@0.17.3+10.4.2: /nix/store/gi4cz4ir3zlwhf1azqfgxqdnczfrwsr7-glibc-2.40-66-dev/include/features.h:422:4: warning: #warning _FORTIFY_SOURCE requires compiling with optimization (-O) [-Wcpp]
warning: librocksdb-sys@0.17.3+10.4.2:   422 | #  warning _FORTIFY_SOURCE requires compiling with optimization (-O)
warning: librocksdb-sys@0.17.3+10.4.2:       |    ^~~~~~~
warning: librocksdb-sys@0.17.3+10.4.2: In file included from /nix/store/kzq78n13l8w24jn8bx4djj79k5j717f1-gcc-14.3.0/include/c++/14.3.0/x86_64-unknown-linux-gnu/bits/os_defines.h:39,
warning: librocksdb-sys@0.17.3+10.4.2:                  from /nix/store/kzq78n13l8w24jn8bx4djj79k5j717f1-gcc-14.3.0/include/c++/14.3.0/x86_64-unknown-linux-gnu/bits/c++config.h:683,
warning: librocksdb-sys@0.17.3+10.4.2:                  from /nix/store/82kmz7r96navanrc2fgckh2bamiqrgsw-gcc-14.3.0/include/c++/14.3.0/cstdint:38,
warning: librocksdb-sys@0.17.3+10.4.2:                  from <command-line>:
warning: librocksdb-sys@0.17.3+10.4.2: /nix/store/gi4cz4ir3zlwhf1azqfgxqdnczfrwsr7-glibc-2.40-66-dev/include/features.h:422:4: warning: #warning _FORTIFY_SOURCE requires compiling with optimization (-O) [-Wcpp]
warning: librocksdb-sys@0.17.3+10.4.2:   422 | #  warning _FORTIFY_SOURCE requires compiling with optimization (-O)
warning: librocksdb-sys@0.17.3+10.4.2:       |    ^~~~~~~
warning: librocksdb-sys@0.17.3+10.4.2: In file included from /nix/store/kzq78n13l8w24jn8bx4djj79k5j717f1-gcc-14.3.0/include/c++/14.3.0/x86_64-unknown-linux-gnu/bits/os_defines.h:39,
warning: librocksdb-sys@0.17.3+10.4.2:                  from /nix/store/kzq78n13l8w24jn8bx4djj79k5j717f1-gcc-14.3.0/include/c++/14.3.0/x86_64-unknown-linux-gnu/bits/c++config.h:683,
warning: librocksdb-sys@0.17.3+10.4.2:                  from /nix/store/82kmz7r96navanrc2fgckh2bamiqrgsw-gcc-14.3.0/include/c++/14.3.0/cstdint:38,
warning: librocksdb-sys@0.17.3+10.4.2:                  from <command-line>:
warning: librocksdb-sys@0.17.3+10.4.2: /nix/store/gi4cz4ir3zlwhf1azqfgxqdnczfrwsr7-glibc-2.40-66-dev/include/features.h:422:4: warning: #warning _FORTIFY_SOURCE requires compiling with optimization (-O) [-Wcpp]
warning: librocksdb-sys@0.17.3+10.4.2:   422 | #  warning _FORTIFY_SOURCE requires compiling with optimization (-O)
warning: librocksdb-sys@0.17.3+10.4.2:       |    ^~~~~~~
warning: librocksdb-sys@0.17.3+10.4.2: In file included from /nix/store/kzq78n13l8w24jn8bx4djj79k5j717f1-gcc-14.3.0/include/c++/14.3.0/x86_64-unknown-linux-gnu/bits/os_defines.h:39,
warning: librocksdb-sys@0.17.3+10.4.2:                  from /nix/store/kzq78n13l8w24jn8bx4djj79k5j717f1-gcc-14.3.0/include/c++/14.3.0/x86_64-unknown-linux-gnu/bits/c++config.h:683,
warning: librocksdb-sys@0.17.3+10.4.2:                  from /nix/store/82kmz7r96navanrc2fgckh2bamiqrgsw-gcc-14.3.0/include/c++/14.3.0/cstdint:38,
warning: librocksdb-sys@0.17.3+10.4.2:                  from <command-line>:
warning: librocksdb-sys@0.17.3+10.4.2: /nix/store/gi4cz4ir3zlwhf1azqfgxqdnczfrwsr7-glibc-2.40-66-dev/include/features.h:422:4: warning: #warning _FORTIFY_SOURCE requires compiling with optimization (-O) [-Wcpp]
warning: librocksdb-sys@0.17.3+10.4.2:   422 | #  warning _FORTIFY_SOURCE requires compiling with optimization (-O)
warning: librocksdb-sys@0.17.3+10.4.2:       |    ^~~~~~~
warning: librocksdb-sys@0.17.3+10.4.2: In file included from /nix/store/kzq78n13l8w24jn8bx4djj79k5j717f1-gcc-14.3.0/include/c++/14.3.0/x86_64-unknown-linux-gnu/bits/os_defines.h:39,
warning: librocksdb-sys@0.17.3+10.4.2:                  from /nix/store/kzq78n13l8w24jn8bx4djj79k5j717f1-gcc-14.3.0/include/c++/14.3.0/x86_64-unknown-linux-gnu/bits/c++config.h:683,
warning: librocksdb-sys@0.17.3+10.4.2:                  from /nix/store/82kmz7r96navanrc2fgckh2bamiqrgsw-gcc-14.3.0/include/c++/14.3.0/cstdint:38,
warning: librocksdb-sys@0.17.3+10.4.2:                  from <command-line>:
warning: librocksdb-sys@0.17.3+10.4.2: /nix/store/gi4cz4ir3zlwhf1azqfgxqdnczfrwsr7-glibc-2.40-66-dev/include/features.h:422:4: warning: #warning _FORTIFY_SOURCE requires compiling with optimization (-O) [-Wcpp]
warning: librocksdb-sys@0.17.3+10.4.2:   422 | #  warning _FORTIFY_SOURCE requires compiling with optimization (-O)
warning: librocksdb-sys@0.17.3+10.4.2:       |    ^~~~~~~
warning: librocksdb-sys@0.17.3+10.4.2: In file included from /nix/store/kzq78n13l8w24jn8bx4djj79k5j717f1-gcc-14.3.0/include/c++/14.3.0/x86_64-unknown-linux-gnu/bits/os_defines.h:39,
warning: librocksdb-sys@0.17.3+10.4.2:                  from /nix/store/kzq78n13l8w24jn8bx4djj79k5j717f1-gcc-14.3.0/include/c++/14.3.0/x86_64-unknown-linux-gnu/bits/c++config.h:683,
warning: librocksdb-sys@0.17.3+10.4.2:                  from /nix/store/82kmz7r96navanrc2fgckh2bamiqrgsw-gcc-14.3.0/include/c++/14.3.0/cstdint:38,
warning: librocksdb-sys@0.17.3+10.4.2:                  from <command-line>:
warning: librocksdb-sys@0.17.3+10.4.2: /nix/store/gi4cz4ir3zlwhf1azqfgxqdnczfrwsr7-glibc-2.40-66-dev/include/features.h:422:4: warning: #warning _FORTIFY_SOURCE requires compiling with optimization (-O) [-Wcpp]
warning: librocksdb-sys@0.17.3+10.4.2:   422 | #  warning _FORTIFY_SOURCE requires compiling with optimization (-O)
warning: librocksdb-sys@0.17.3+10.4.2:       |    ^~~~~~~
warning: librocksdb-sys@0.17.3+10.4.2: In file included from /nix/store/kzq78n13l8w24jn8bx4djj79k5j717f1-gcc-14.3.0/include/c++/14.3.0/x86_64-unknown-linux-gnu/bits/os_defines.h:39,
warning: librocksdb-sys@0.17.3+10.4.2:                  from /nix/store/kzq78n13l8w24jn8bx4djj79k5j717f1-gcc-14.3.0/include/c++/14.3.0/x86_64-unknown-linux-gnu/bits/c++config.h:683,
warning: librocksdb-sys@0.17.3+10.4.2:                  from /nix/store/82kmz7r96navanrc2fgckh2bamiqrgsw-gcc-14.3.0/include/c++/14.3.0/cstdint:38,
warning: librocksdb-sys@0.17.3+10.4.2:                  from <command-line>:
warning: librocksdb-sys@0.17.3+10.4.2: /nix/store/gi4cz4ir3zlwhf1azqfgxqdnczfrwsr7-glibc-2.40-66-dev/include/features.h:422:4: warning: #warning _FORTIFY_SOURCE requires compiling with optimization (-O) [-Wcpp]
warning: librocksdb-sys@0.17.3+10.4.2:   422 | #  warning _FORTIFY_SOURCE requires compiling with optimization (-O)
warning: librocksdb-sys@0.17.3+10.4.2:       |    ^~~~~~~
warning: librocksdb-sys@0.17.3+10.4.2: In file included from /nix/store/kzq78n13l8w24jn8bx4djj79k5j717f1-gcc-14.3.0/include/c++/14.3.0/x86_64-unknown-linux-gnu/bits/os_defines.h:39,
warning: librocksdb-sys@0.17.3+10.4.2:                  from /nix/store/kzq78n13l8w24jn8bx4djj79k5j717f1-gcc-14.3.0/include/c++/14.3.0/x86_64-unknown-linux-gnu/bits/c++config.h:683,
warning: librocksdb-sys@0.17.3+10.4.2:                  from /nix/store/82kmz7r96navanrc2fgckh2bamiqrgsw-gcc-14.3.0/include/c++/14.3.0/cstdint:38,
warning: librocksdb-sys@0.17.3+10.4.2:                  from <command-line>:
warning: librocksdb-sys@0.17.3+10.4.2: /nix/store/gi4cz4ir3zlwhf1azqfgxqdnczfrwsr7-glibc-2.40-66-dev/include/features.h:422:4: warning: #warning _FORTIFY_SOURCE requires compiling with optimization (-O) [-Wcpp]
warning: librocksdb-sys@0.17.3+10.4.2:   422 | #  warning _FORTIFY_SOURCE requires compiling with optimization (-O)
warning: librocksdb-sys@0.17.3+10.4.2:       |    ^~~~~~~
warning: librocksdb-sys@0.17.3+10.4.2: In file included from /nix/store/kzq78n13l8w24jn8bx4djj79k5j717f1-gcc-14.3.0/include/c++/14.3.0/x86_64-unknown-linux-gnu/bits/os_defines.h:39,
warning: librocksdb-sys@0.17.3+10.4.2:                  from /nix/store/kzq78n13l8w24jn8bx4djj79k5j717f1-gcc-14.3.0/include/c++/14.3.0/x86_64-unknown-linux-gnu/bits/c++config.h:683,
warning: librocksdb-sys@0.17.3+10.4.2:                  from /nix/store/82kmz7r96navanrc2fgckh2bamiqrgsw-gcc-14.3.0/include/c++/14.3.0/cstdint:38,
warning: librocksdb-sys@0.17.3+10.4.2:                  from <command-line>:
warning: librocksdb-sys@0.17.3+10.4.2: /nix/store/gi4cz4ir3zlwhf1azqfgxqdnczfrwsr7-glibc-2.40-66-dev/include/features.h:422:4: warning: #warning _FORTIFY_SOURCE requires compiling with optimization (-O) [-Wcpp]
warning: librocksdb-sys@0.17.3+10.4.2:   422 | #  warning _FORTIFY_SOURCE requires compiling with optimization (-O)
warning: librocksdb-sys@0.17.3+10.4.2:       |    ^~~~~~~
warning: librocksdb-sys@0.17.3+10.4.2: In file included from /nix/store/kzq78n13l8w24jn8bx4djj79k5j717f1-gcc-14.3.0/include/c++/14.3.0/x86_64-unknown-linux-gnu/bits/os_defines.h:39,
warning: librocksdb-sys@0.17.3+10.4.2:                  from /nix/store/kzq78n13l8w24jn8bx4djj79k5j717f1-gcc-14.3.0/include/c++/14.3.0/x86_64-unknown-linux-gnu/bits/c++config.h:683,
warning: librocksdb-sys@0.17.3+10.4.2:                  from /nix/store/82kmz7r96navanrc2fgckh2bamiqrgsw-gcc-14.3.0/include/c++/14.3.0/cstdint:38,
warning: librocksdb-sys@0.17.3+10.4.2:                  from <command-line>:
warning: librocksdb-sys@0.17.3+10.4.2: /nix/store/gi4cz4ir3zlwhf1azqfgxqdnczfrwsr7-glibc-2.40-66-dev/include/features.h:422:4: warning: #warning _FORTIFY_SOURCE requires compiling with optimization (-O) [-Wcpp]
warning: librocksdb-sys@0.17.3+10.4.2:   422 | #  warning _FORTIFY_SOURCE requires compiling with optimization (-O)
warning: librocksdb-sys@0.17.3+10.4.2:       |    ^~~~~~~
warning: librocksdb-sys@0.17.3+10.4.2: In file included from /nix/store/kzq78n13l8w24jn8bx4djj79k5j717f1-gcc-14.3.0/include/c++/14.3.0/x86_64-unknown-linux-gnu/bits/os_defines.h:39,
warning: librocksdb-sys@0.17.3+10.4.2:                  from /nix/store/kzq78n13l8w24jn8bx4djj79k5j717f1-gcc-14.3.0/include/c++/14.3.0/x86_64-unknown-linux-gnu/bits/c++config.h:683,
warning: librocksdb-sys@0.17.3+10.4.2:                  from /nix/store/82kmz7r96navanrc2fgckh2bamiqrgsw-gcc-14.3.0/include/c++/14.3.0/cstdint:38,
warning: librocksdb-sys@0.17.3+10.4.2:                  from <command-line>:
warning: librocksdb-sys@0.17.3+10.4.2: /nix/store/gi4cz4ir3zlwhf1azqfgxqdnczfrwsr7-glibc-2.40-66-dev/include/features.h:422:4: warning: #warning _FORTIFY_SOURCE requires compiling with optimization (-O) [-Wcpp]
warning: librocksdb-sys@0.17.3+10.4.2:   422 | #  warning _FORTIFY_SOURCE requires compiling with optimization (-O)
warning: librocksdb-sys@0.17.3+10.4.2:       |    ^~~~~~~
warning: librocksdb-sys@0.17.3+10.4.2: In file included from /nix/store/kzq78n13l8w24jn8bx4djj79k5j717f1-gcc-14.3.0/include/c++/14.3.0/x86_64-unknown-linux-gnu/bits/os_defines.h:39,
warning: librocksdb-sys@0.17.3+10.4.2:                  from /nix/store/kzq78n13l8w24jn8bx4djj79k5j717f1-gcc-14.3.0/include/c++/14.3.0/x86_64-unknown-linux-gnu/bits/c++config.h:683,
warning: librocksdb-sys@0.17.3+10.4.2:                  from /nix/store/82kmz7r96navanrc2fgckh2bamiqrgsw-gcc-14.3.0/include/c++/14.3.0/cstdint:38,
warning: librocksdb-sys@0.17.3+10.4.2:                  from <command-line>:
warning: librocksdb-sys@0.17.3+10.4.2: /nix/store/gi4cz4ir3zlwhf1azqfgxqdnczfrwsr7-glibc-2.40-66-dev/include/features.h:422:4: warning: #warning _FORTIFY_SOURCE requires compiling with optimization (-O) [-Wcpp]
warning: librocksdb-sys@0.17.3+10.4.2:   422 | #  warning _FORTIFY_SOURCE requires compiling with optimization (-O)
warning: librocksdb-sys@0.17.3+10.4.2:       |    ^~~~~~~
warning: librocksdb-sys@0.17.3+10.4.2: In file included from /nix/store/kzq78n13l8w24jn8bx4djj79k5j717f1-gcc-14.3.0/include/c++/14.3.0/x86_64-unknown-linux-gnu/bits/os_defines.h:39,
warning: librocksdb-sys@0.17.3+10.4.2:                  from /nix/store/kzq78n13l8w24jn8bx4djj79k5j717f1-gcc-14.3.0/include/c++/14.3.0/x86_64-unknown-linux-gnu/bits/c++config.h:683,
warning: librocksdb-sys@0.17.3+10.4.2:                  from /nix/store/82kmz7r96navanrc2fgckh2bamiqrgsw-gcc-14.3.0/include/c++/14.3.0/cstdint:38,
warning: librocksdb-sys@0.17.3+10.4.2:                  from <command-line>:
warning: librocksdb-sys@0.17.3+10.4.2: /nix/store/gi4cz4ir3zlwhf1azqfgxqdnczfrwsr7-glibc-2.40-66-dev/include/features.h:422:4: warning: #warning _FORTIFY_SOURCE requires compiling with optimization (-O) [-Wcpp]
warning: librocksdb-sys@0.17.3+10.4.2:   422 | #  warning _FORTIFY_SOURCE requires compiling with optimization (-O)
warning: librocksdb-sys@0.17.3+10.4.2:       |    ^~~~~~~
warning: librocksdb-sys@0.17.3+10.4.2: In file included from /nix/store/kzq78n13l8w24jn8bx4djj79k5j717f1-gcc-14.3.0/include/c++/14.3.0/x86_64-unknown-linux-gnu/bits/os_defines.h:39,
warning: librocksdb-sys@0.17.3+10.4.2:                  from /nix/store/kzq78n13l8w24jn8bx4djj79k5j717f1-gcc-14.3.0/include/c++/14.3.0/x86_64-unknown-linux-gnu/bits/c++config.h:683,
warning: librocksdb-sys@0.17.3+10.4.2:                  from /nix/store/82kmz7r96navanrc2fgckh2bamiqrgsw-gcc-14.3.0/include/c++/14.3.0/cstdint:38,
warning: librocksdb-sys@0.17.3+10.4.2:                  from <command-line>:
warning: librocksdb-sys@0.17.3+10.4.2: /nix/store/gi4cz4ir3zlwhf1azqfgxqdnczfrwsr7-glibc-2.40-66-dev/include/features.h:422:4: warning: #warning _FORTIFY_SOURCE requires compiling with optimization (-O) [-Wcpp]
warning: librocksdb-sys@0.17.3+10.4.2:   422 | #  warning _FORTIFY_SOURCE requires compiling with optimization (-O)
warning: librocksdb-sys@0.17.3+10.4.2:       |    ^~~~~~~
warning: librocksdb-sys@0.17.3+10.4.2: In file included from /nix/store/kzq78n13l8w24jn8bx4djj79k5j717f1-gcc-14.3.0/include/c++/14.3.0/x86_64-unknown-linux-gnu/bits/os_defines.h:39,
warning: librocksdb-sys@0.17.3+10.4.2:                  from /nix/store/kzq78n13l8w24jn8bx4djj79k5j717f1-gcc-14.3.0/include/c++/14.3.0/x86_64-unknown-linux-gnu/bits/c++config.h:683,
warning: librocksdb-sys@0.17.3+10.4.2:                  from /nix/store/82kmz7r96navanrc2fgckh2bamiqrgsw-gcc-14.3.0/include/c++/14.3.0/cstdint:38,
warning: librocksdb-sys@0.17.3+10.4.2:                  from <command-line>:
warning: librocksdb-sys@0.17.3+10.4.2: /nix/store/gi4cz4ir3zlwhf1azqfgxqdnczfrwsr7-glibc-2.40-66-dev/include/features.h:422:4: warning: #warning _FORTIFY_SOURCE requires compiling with optimization (-O) [-Wcpp]
warning: librocksdb-sys@0.17.3+10.4.2:   422 | #  warning _FORTIFY_SOURCE requires compiling with optimization (-O)
warning: librocksdb-sys@0.17.3+10.4.2:       |    ^~~~~~~
warning: librocksdb-sys@0.17.3+10.4.2: In file included from /nix/store/kzq78n13l8w24jn8bx4djj79k5j717f1-gcc-14.3.0/include/c++/14.3.0/x86_64-unknown-linux-gnu/bits/os_defines.h:39,
warning: librocksdb-sys@0.17.3+10.4.2:                  from /nix/store/kzq78n13l8w24jn8bx4djj79k5j717f1-gcc-14.3.0/include/c++/14.3.0/x86_64-unknown-linux-gnu/bits/c++config.h:683,
warning: librocksdb-sys@0.17.3+10.4.2:                  from /nix/store/82kmz7r96navanrc2fgckh2bamiqrgsw-gcc-14.3.0/include/c++/14.3.0/cstdint:38,
warning: librocksdb-sys@0.17.3+10.4.2:                  from <command-line>:
warning: librocksdb-sys@0.17.3+10.4.2: /nix/store/gi4cz4ir3zlwhf1azqfgxqdnczfrwsr7-glibc-2.40-66-dev/include/features.h:422:4: warning: #warning _FORTIFY_SOURCE requires compiling with optimization (-O) [-Wcpp]
warning: librocksdb-sys@0.17.3+10.4.2:   422 | #  warning _FORTIFY_SOURCE requires compiling with optimization (-O)
warning: librocksdb-sys@0.17.3+10.4.2:       |    ^~~~~~~
warning: librocksdb-sys@0.17.3+10.4.2: In file included from /nix/store/kzq78n13l8w24jn8bx4djj79k5j717f1-gcc-14.3.0/include/c++/14.3.0/x86_64-unknown-linux-gnu/bits/os_defines.h:39,
warning: librocksdb-sys@0.17.3+10.4.2:                  from /nix/store/kzq78n13l8w24jn8bx4djj79k5j717f1-gcc-14.3.0/include/c++/14.3.0/x86_64-unknown-linux-gnu/bits/c++config.h:683,
warning: librocksdb-sys@0.17.3+10.4.2:                  from /nix/store/82kmz7r96navanrc2fgckh2bamiqrgsw-gcc-14.3.0/include/c++/14.3.0/cstdint:38,
warning: librocksdb-sys@0.17.3+10.4.2:                  from <command-line>:
warning: librocksdb-sys@0.17.3+10.4.2: /nix/store/gi4cz4ir3zlwhf1azqfgxqdnczfrwsr7-glibc-2.40-66-dev/include/features.h:422:4: warning: #warning _FORTIFY_SOURCE requires compiling with optimization (-O) [-Wcpp]
warning: librocksdb-sys@0.17.3+10.4.2:   422 | #  warning _FORTIFY_SOURCE requires compiling with optimization (-O)
warning: librocksdb-sys@0.17.3+10.4.2:       |    ^~~~~~~
warning: librocksdb-sys@0.17.3+10.4.2: In file included from /nix/store/kzq78n13l8w24jn8bx4djj79k5j717f1-gcc-14.3.0/include/c++/14.3.0/x86_64-unknown-linux-gnu/bits/os_defines.h:39,
warning: librocksdb-sys@0.17.3+10.4.2:                  from /nix/store/kzq78n13l8w24jn8bx4djj79k5j717f1-gcc-14.3.0/include/c++/14.3.0/x86_64-unknown-linux-gnu/bits/c++config.h:683,
warning: librocksdb-sys@0.17.3+10.4.2:                  from /nix/store/82kmz7r96navanrc2fgckh2bamiqrgsw-gcc-14.3.0/include/c++/14.3.0/cstdint:38,
warning: librocksdb-sys@0.17.3+10.4.2:                  from <command-line>:
warning: librocksdb-sys@0.17.3+10.4.2: /nix/store/gi4cz4ir3zlwhf1azqfgxqdnczfrwsr7-glibc-2.40-66-dev/include/features.h:422:4: warning: #warning _FORTIFY_SOURCE requires compiling with optimization (-O) [-Wcpp]
warning: librocksdb-sys@0.17.3+10.4.2:   422 | #  warning _FORTIFY_SOURCE requires compiling with optimization (-O)
warning: librocksdb-sys@0.17.3+10.4.2:       |    ^~~~~~~
warning: librocksdb-sys@0.17.3+10.4.2: In file included from /nix/store/kzq78n13l8w24jn8bx4djj79k5j717f1-gcc-14.3.0/include/c++/14.3.0/x86_64-unknown-linux-gnu/bits/os_defines.h:39,
warning: librocksdb-sys@0.17.3+10.4.2:                  from /nix/store/kzq78n13l8w24jn8bx4djj79k5j717f1-gcc-14.3.0/include/c++/14.3.0/x86_64-unknown-linux-gnu/bits/c++config.h:683,
warning: librocksdb-sys@0.17.3+10.4.2:                  from /nix/store/82kmz7r96navanrc2fgckh2bamiqrgsw-gcc-14.3.0/include/c++/14.3.0/cstdint:38,
warning: librocksdb-sys@0.17.3+10.4.2:                  from <command-line>:
warning: librocksdb-sys@0.17.3+10.4.2: /nix/store/gi4cz4ir3zlwhf1azqfgxqdnczfrwsr7-glibc-2.40-66-dev/include/features.h:422:4: warning: #warning _FORTIFY_SOURCE requires compiling with optimization (-O) [-Wcpp]
warning: librocksdb-sys@0.17.3+10.4.2:   422 | #  warning _FORTIFY_SOURCE requires compiling with optimization (-O)
warning: librocksdb-sys@0.17.3+10.4.2:       |    ^~~~~~~
warning: librocksdb-sys@0.17.3+10.4.2: In file included from /nix/store/kzq78n13l8w24jn8bx4djj79k5j717f1-gcc-14.3.0/include/c++/14.3.0/x86_64-unknown-linux-gnu/bits/os_defines.h:39,
warning: librocksdb-sys@0.17.3+10.4.2:                  from /nix/store/kzq78n13l8w24jn8bx4djj79k5j717f1-gcc-14.3.0/include/c++/14.3.0/x86_64-unknown-linux-gnu/bits/c++config.h:683,
warning: librocksdb-sys@0.17.3+10.4.2:                  from /nix/store/82kmz7r96navanrc2fgckh2bamiqrgsw-gcc-14.3.0/include/c++/14.3.0/cstdint:38,
warning: librocksdb-sys@0.17.3+10.4.2:                  from <command-line>:
warning: librocksdb-sys@0.17.3+10.4.2: /nix/store/gi4cz4ir3zlwhf1azqfgxqdnczfrwsr7-glibc-2.40-66-dev/include/features.h:422:4: warning: #warning _FORTIFY_SOURCE requires compiling with optimization (-O) [-Wcpp]
warning: librocksdb-sys@0.17.3+10.4.2:   422 | #  warning _FORTIFY_SOURCE requires compiling with optimization (-O)
warning: librocksdb-sys@0.17.3+10.4.2:       |    ^~~~~~~
warning: librocksdb-sys@0.17.3+10.4.2: In file included from /nix/store/kzq78n13l8w24jn8bx4djj79k5j717f1-gcc-14.3.0/include/c++/14.3.0/x86_64-unknown-linux-gnu/bits/os_defines.h:39,
warning: librocksdb-sys@0.17.3+10.4.2:                  from /nix/store/kzq78n13l8w24jn8bx4djj79k5j717f1-gcc-14.3.0/include/c++/14.3.0/x86_64-unknown-linux-gnu/bits/c++config.h:683,
warning: librocksdb-sys@0.17.3+10.4.2:                  from /nix/store/82kmz7r96navanrc2fgckh2bamiqrgsw-gcc-14.3.0/include/c++/14.3.0/cstdint:38,
warning: librocksdb-sys@0.17.3+10.4.2:                  from <command-line>:
warning: librocksdb-sys@0.17.3+10.4.2: /nix/store/gi4cz4ir3zlwhf1azqfgxqdnczfrwsr7-glibc-2.40-66-dev/include/features.h:422:4: warning: #warning _FORTIFY_SOURCE requires compiling with optimization (-O) [-Wcpp]
warning: librocksdb-sys@0.17.3+10.4.2:   422 | #  warning _FORTIFY_SOURCE requires compiling with optimization (-O)
warning: librocksdb-sys@0.17.3+10.4.2:       |    ^~~~~~~
warning: librocksdb-sys@0.17.3+10.4.2: In file included from /nix/store/kzq78n13l8w24jn8bx4djj79k5j717f1-gcc-14.3.0/include/c++/14.3.0/x86_64-unknown-linux-gnu/bits/os_defines.h:39,
warning: librocksdb-sys@0.17.3+10.4.2:                  from /nix/store/kzq78n13l8w24jn8bx4djj79k5j717f1-gcc-14.3.0/include/c++/14.3.0/x86_64-unknown-linux-gnu/bits/c++config.h:683,
warning: librocksdb-sys@0.17.3+10.4.2:                  from /nix/store/82kmz7r96navanrc2fgckh2bamiqrgsw-gcc-14.3.0/include/c++/14.3.0/cstdint:38,
warning: librocksdb-sys@0.17.3+10.4.2:                  from <command-line>:
warning: librocksdb-sys@0.17.3+10.4.2: /nix/store/gi4cz4ir3zlwhf1azqfgxqdnczfrwsr7-glibc-2.40-66-dev/include/features.h:422:4: warning: #warning _FORTIFY_SOURCE requires compiling with optimization (-O) [-Wcpp]
warning: librocksdb-sys@0.17.3+10.4.2:   422 | #  warning _FORTIFY_SOURCE requires compiling with optimization (-O)
warning: librocksdb-sys@0.17.3+10.4.2:       |    ^~~~~~~
warning: librocksdb-sys@0.17.3+10.4.2: In file included from /nix/store/kzq78n13l8w24jn8bx4djj79k5j717f1-gcc-14.3.0/include/c++/14.3.0/x86_64-unknown-linux-gnu/bits/os_defines.h:39,
warning: librocksdb-sys@0.17.3+10.4.2:                  from /nix/store/kzq78n13l8w24jn8bx4djj79k5j717f1-gcc-14.3.0/include/c++/14.3.0/x86_64-unknown-linux-gnu/bits/c++config.h:683,
warning: librocksdb-sys@0.17.3+10.4.2:                  from /nix/store/82kmz7r96navanrc2fgckh2bamiqrgsw-gcc-14.3.0/include/c++/14.3.0/cstdint:38,
warning: librocksdb-sys@0.17.3+10.4.2:                  from <command-line>:
warning: librocksdb-sys@0.17.3+10.4.2: /nix/store/gi4cz4ir3zlwhf1azqfgxqdnczfrwsr7-glibc-2.40-66-dev/include/features.h:422:4: warning: #warning _FORTIFY_SOURCE requires compiling with optimization (-O) [-Wcpp]
warning: librocksdb-sys@0.17.3+10.4.2:   422 | #  warning _FORTIFY_SOURCE requires compiling with optimization (-O)
warning: librocksdb-sys@0.17.3+10.4.2:       |    ^~~~~~~
warning: librocksdb-sys@0.17.3+10.4.2: In file included from /nix/store/kzq78n13l8w24jn8bx4djj79k5j717f1-gcc-14.3.0/include/c++/14.3.0/x86_64-unknown-linux-gnu/bits/os_defines.h:39,
warning: librocksdb-sys@0.17.3+10.4.2:                  from /nix/store/kzq78n13l8w24jn8bx4djj79k5j717f1-gcc-14.3.0/include/c++/14.3.0/x86_64-unknown-linux-gnu/bits/c++config.h:683,
warning: librocksdb-sys@0.17.3+10.4.2:                  from /nix/store/82kmz7r96navanrc2fgckh2bamiqrgsw-gcc-14.3.0/include/c++/14.3.0/cstdint:38,
warning: librocksdb-sys@0.17.3+10.4.2:                  from <command-line>:
warning: librocksdb-sys@0.17.3+10.4.2: /nix/store/gi4cz4ir3zlwhf1azqfgxqdnczfrwsr7-glibc-2.40-66-dev/include/features.h:422:4: warning: #warning _FORTIFY_SOURCE requires compiling with optimization (-O) [-Wcpp]
warning: librocksdb-sys@0.17.3+10.4.2:   422 | #  warning _FORTIFY_SOURCE requires compiling with optimization (-O)
warning: librocksdb-sys@0.17.3+10.4.2:       |    ^~~~~~~
warning: librocksdb-sys@0.17.3+10.4.2: In file included from /nix/store/kzq78n13l8w24jn8bx4djj79k5j717f1-gcc-14.3.0/include/c++/14.3.0/x86_64-unknown-linux-gnu/bits/os_defines.h:39,
warning: librocksdb-sys@0.17.3+10.4.2:                  from /nix/store/kzq78n13l8w24jn8bx4djj79k5j717f1-gcc-14.3.0/include/c++/14.3.0/x86_64-unknown-linux-gnu/bits/c++config.h:683,
warning: librocksdb-sys@0.17.3+10.4.2:                  from /nix/store/82kmz7r96navanrc2fgckh2bamiqrgsw-gcc-14.3.0/include/c++/14.3.0/cstdint:38,
warning: librocksdb-sys@0.17.3+10.4.2:                  from <command-line>:
warning: librocksdb-sys@0.17.3+10.4.2: /nix/store/gi4cz4ir3zlwhf1azqfgxqdnczfrwsr7-glibc-2.40-66-dev/include/features.h:422:4: warning: #warning _FORTIFY_SOURCE requires compiling with optimization (-O) [-Wcpp]
warning: librocksdb-sys@0.17.3+10.4.2:   422 | #  warning _FORTIFY_SOURCE requires compiling with optimization (-O)
warning: librocksdb-sys@0.17.3+10.4.2:       |    ^~~~~~~
warning: librocksdb-sys@0.17.3+10.4.2: In file included from /nix/store/kzq78n13l8w24jn8bx4djj79k5j717f1-gcc-14.3.0/include/c++/14.3.0/x86_64-unknown-linux-gnu/bits/os_defines.h:39,
warning: librocksdb-sys@0.17.3+10.4.2:                  from /nix/store/kzq78n13l8w24jn8bx4djj79k5j717f1-gcc-14.3.0/include/c++/14.3.0/x86_64-unknown-linux-gnu/bits/c++config.h:683,
warning: librocksdb-sys@0.17.3+10.4.2:                  from /nix/store/82kmz7r96navanrc2fgckh2bamiqrgsw-gcc-14.3.0/include/c++/14.3.0/cstdint:38,
warning: librocksdb-sys@0.17.3+10.4.2:                  from <command-line>:
warning: librocksdb-sys@0.17.3+10.4.2: /nix/store/gi4cz4ir3zlwhf1azqfgxqdnczfrwsr7-glibc-2.40-66-dev/include/features.h:422:4: warning: #warning _FORTIFY_SOURCE requires compiling with optimization (-O) [-Wcpp]
warning: librocksdb-sys@0.17.3+10.4.2:   422 | #  warning _FORTIFY_SOURCE requires compiling with optimization (-O)
warning: librocksdb-sys@0.17.3+10.4.2:       |    ^~~~~~~
warning: librocksdb-sys@0.17.3+10.4.2: In file included from /nix/store/kzq78n13l8w24jn8bx4djj79k5j717f1-gcc-14.3.0/include/c++/14.3.0/x86_64-unknown-linux-gnu/bits/os_defines.h:39,
warning: librocksdb-sys@0.17.3+10.4.2:                  from /nix/store/kzq78n13l8w24jn8bx4djj79k5j717f1-gcc-14.3.0/include/c++/14.3.0/x86_64-unknown-linux-gnu/bits/c++config.h:683,
warning: librocksdb-sys@0.17.3+10.4.2:                  from /nix/store/82kmz7r96navanrc2fgckh2bamiqrgsw-gcc-14.3.0/include/c++/14.3.0/cstdint:38,
warning: librocksdb-sys@0.17.3+10.4.2:                  from <command-line>:
warning: librocksdb-sys@0.17.3+10.4.2: /nix/store/gi4cz4ir3zlwhf1azqfgxqdnczfrwsr7-glibc-2.40-66-dev/include/features.h:422:4: warning: #warning _FORTIFY_SOURCE requires compiling with optimization (-O) [-Wcpp]
warning: librocksdb-sys@0.17.3+10.4.2:   422 | #  warning _FORTIFY_SOURCE requires compiling with optimization (-O)
warning: librocksdb-sys@0.17.3+10.4.2:       |    ^~~~~~~
warning: librocksdb-sys@0.17.3+10.4.2: In file included from /nix/store/kzq78n13l8w24jn8bx4djj79k5j717f1-gcc-14.3.0/include/c++/14.3.0/x86_64-unknown-linux-gnu/bits/os_defines.h:39,
warning: librocksdb-sys@0.17.3+10.4.2:                  from /nix/store/kzq78n13l8w24jn8bx4djj79k5j717f1-gcc-14.3.0/include/c++/14.3.0/x86_64-unknown-linux-gnu/bits/c++config.h:683,
warning: librocksdb-sys@0.17.3+10.4.2:                  from /nix/store/82kmz7r96navanrc2fgckh2bamiqrgsw-gcc-14.3.0/include/c++/14.3.0/cstdint:38,
warning: librocksdb-sys@0.17.3+10.4.2:                  from <command-line>:
warning: librocksdb-sys@0.17.3+10.4.2: /nix/store/gi4cz4ir3zlwhf1azqfgxqdnczfrwsr7-glibc-2.40-66-dev/include/features.h:422:4: warning: #warning _FORTIFY_SOURCE requires compiling with optimization (-O) [-Wcpp]
warning: librocksdb-sys@0.17.3+10.4.2:   422 | #  warning _FORTIFY_SOURCE requires compiling with optimization (-O)
warning: librocksdb-sys@0.17.3+10.4.2:       |    ^~~~~~~
warning: librocksdb-sys@0.17.3+10.4.2: In file included from /nix/store/kzq78n13l8w24jn8bx4djj79k5j717f1-gcc-14.3.0/include/c++/14.3.0/x86_64-unknown-linux-gnu/bits/os_defines.h:39,
warning: librocksdb-sys@0.17.3+10.4.2:                  from /nix/store/kzq78n13l8w24jn8bx4djj79k5j717f1-gcc-14.3.0/include/c++/14.3.0/x86_64-unknown-linux-gnu/bits/c++config.h:683,
warning: librocksdb-sys@0.17.3+10.4.2:                  from /nix/store/82kmz7r96navanrc2fgckh2bamiqrgsw-gcc-14.3.0/include/c++/14.3.0/cstdint:38,
warning: librocksdb-sys@0.17.3+10.4.2:                  from <command-line>:
warning: librocksdb-sys@0.17.3+10.4.2: /nix/store/gi4cz4ir3zlwhf1azqfgxqdnczfrwsr7-glibc-2.40-66-dev/include/features.h:422:4: warning: #warning _FORTIFY_SOURCE requires compiling with optimization (-O) [-Wcpp]
warning: librocksdb-sys@0.17.3+10.4.2:   422 | #  warning _FORTIFY_SOURCE requires compiling with optimization (-O)
warning: librocksdb-sys@0.17.3+10.4.2:       |    ^~~~~~~
warning: librocksdb-sys@0.17.3+10.4.2: In file included from /nix/store/kzq78n13l8w24jn8bx4djj79k5j717f1-gcc-14.3.0/include/c++/14.3.0/x86_64-unknown-linux-gnu/bits/os_defines.h:39,
warning: librocksdb-sys@0.17.3+10.4.2:                  from /nix/store/kzq78n13l8w24jn8bx4djj79k5j717f1-gcc-14.3.0/include/c++/14.3.0/x86_64-unknown-linux-gnu/bits/c++config.h:683,
warning: librocksdb-sys@0.17.3+10.4.2:                  from /nix/store/82kmz7r96navanrc2fgckh2bamiqrgsw-gcc-14.3.0/include/c++/14.3.0/cstdint:38,
warning: librocksdb-sys@0.17.3+10.4.2:                  from <command-line>:
warning: librocksdb-sys@0.17.3+10.4.2: /nix/store/gi4cz4ir3zlwhf1azqfgxqdnczfrwsr7-glibc-2.40-66-dev/include/features.h:422:4: warning: #warning _FORTIFY_SOURCE requires compiling with optimization (-O) [-Wcpp]
warning: librocksdb-sys@0.17.3+10.4.2:   422 | #  warning _FORTIFY_SOURCE requires compiling with optimization (-O)
warning: librocksdb-sys@0.17.3+10.4.2:       |    ^~~~~~~
warning: librocksdb-sys@0.17.3+10.4.2: In file included from /nix/store/kzq78n13l8w24jn8bx4djj79k5j717f1-gcc-14.3.0/include/c++/14.3.0/x86_64-unknown-linux-gnu/bits/os_defines.h:39,
warning: librocksdb-sys@0.17.3+10.4.2:                  from /nix/store/kzq78n13l8w24jn8bx4djj79k5j717f1-gcc-14.3.0/include/c++/14.3.0/x86_64-unknown-linux-gnu/bits/c++config.h:683,
warning: librocksdb-sys@0.17.3+10.4.2:                  from /nix/store/82kmz7r96navanrc2fgckh2bamiqrgsw-gcc-14.3.0/include/c++/14.3.0/cstdint:38,
warning: librocksdb-sys@0.17.3+10.4.2:                  from <command-line>:
warning: librocksdb-sys@0.17.3+10.4.2: /nix/store/gi4cz4ir3zlwhf1azqfgxqdnczfrwsr7-glibc-2.40-66-dev/include/features.h:422:4: warning: #warning _FORTIFY_SOURCE requires compiling with optimization (-O) [-Wcpp]
warning: librocksdb-sys@0.17.3+10.4.2:   422 | #  warning _FORTIFY_SOURCE requires compiling with optimization (-O)
warning: librocksdb-sys@0.17.3+10.4.2:       |    ^~~~~~~
warning: librocksdb-sys@0.17.3+10.4.2: In file included from /nix/store/kzq78n13l8w24jn8bx4djj79k5j717f1-gcc-14.3.0/include/c++/14.3.0/x86_64-unknown-linux-gnu/bits/os_defines.h:39,
warning: librocksdb-sys@0.17.3+10.4.2:                  from /nix/store/kzq78n13l8w24jn8bx4djj79k5j717f1-gcc-14.3.0/include/c++/14.3.0/x86_64-unknown-linux-gnu/bits/c++config.h:683,
warning: librocksdb-sys@0.17.3+10.4.2:                  from /nix/store/82kmz7r96navanrc2fgckh2bamiqrgsw-gcc-14.3.0/include/c++/14.3.0/cstdint:38,
warning: librocksdb-sys@0.17.3+10.4.2:                  from <command-line>:
warning: librocksdb-sys@0.17.3+10.4.2: /nix/store/gi4cz4ir3zlwhf1azqfgxqdnczfrwsr7-glibc-2.40-66-dev/include/features.h:422:4: warning: #warning _FORTIFY_SOURCE requires compiling with optimization (-O) [-Wcpp]
warning: librocksdb-sys@0.17.3+10.4.2:   422 | #  warning _FORTIFY_SOURCE requires compiling with optimization (-O)
warning: librocksdb-sys@0.17.3+10.4.2:       |    ^~~~~~~
warning: librocksdb-sys@0.17.3+10.4.2: In file included from /nix/store/kzq78n13l8w24jn8bx4djj79k5j717f1-gcc-14.3.0/include/c++/14.3.0/x86_64-unknown-linux-gnu/bits/os_defines.h:39,
warning: librocksdb-sys@0.17.3+10.4.2:                  from /nix/store/kzq78n13l8w24jn8bx4djj79k5j717f1-gcc-14.3.0/include/c++/14.3.0/x86_64-unknown-linux-gnu/bits/c++config.h:683,
warning: librocksdb-sys@0.17.3+10.4.2:                  from /nix/store/82kmz7r96navanrc2fgckh2bamiqrgsw-gcc-14.3.0/include/c++/14.3.0/cstdint:38,
warning: librocksdb-sys@0.17.3+10.4.2:                  from <command-line>:
warning: librocksdb-sys@0.17.3+10.4.2: /nix/store/gi4cz4ir3zlwhf1azqfgxqdnczfrwsr7-glibc-2.40-66-dev/include/features.h:422:4: warning: #warning _FORTIFY_SOURCE requires compiling with optimization (-O) [-Wcpp]
warning: librocksdb-sys@0.17.3+10.4.2:   422 | #  warning _FORTIFY_SOURCE requires compiling with optimization (-O)
warning: librocksdb-sys@0.17.3+10.4.2:       |    ^~~~~~~
warning: librocksdb-sys@0.17.3+10.4.2: In file included from /nix/store/kzq78n13l8w24jn8bx4djj79k5j717f1-gcc-14.3.0/include/c++/14.3.0/x86_64-unknown-linux-gnu/bits/os_defines.h:39,
warning: librocksdb-sys@0.17.3+10.4.2:                  from /nix/store/kzq78n13l8w24jn8bx4djj79k5j717f1-gcc-14.3.0/include/c++/14.3.0/x86_64-unknown-linux-gnu/bits/c++config.h:683,
warning: librocksdb-sys@0.17.3+10.4.2:                  from /nix/store/82kmz7r96navanrc2fgckh2bamiqrgsw-gcc-14.3.0/include/c++/14.3.0/cstdint:38,
warning: librocksdb-sys@0.17.3+10.4.2:                  from <command-line>:
warning: librocksdb-sys@0.17.3+10.4.2: /nix/store/gi4cz4ir3zlwhf1azqfgxqdnczfrwsr7-glibc-2.40-66-dev/include/features.h:422:4: warning: #warning _FORTIFY_SOURCE requires compiling with optimization (-O) [-Wcpp]
warning: librocksdb-sys@0.17.3+10.4.2:   422 | #  warning _FORTIFY_SOURCE requires compiling with optimization (-O)
warning: librocksdb-sys@0.17.3+10.4.2:       |    ^~~~~~~
warning: librocksdb-sys@0.17.3+10.4.2: rocksdb/db/memtable.cc: In constructor 'rocksdb::MemTable::MemTable(const rocksdb::InternalKeyComparator&, const rocksdb::ImmutableOptions&, const rocksdb::MutableCFOptions&, rocksdb::WriteBufferManager*, rocksdb::SequenceNumber, uint32_t)':
warning: librocksdb-sys@0.17.3+10.4.2: rocksdb/db/memtable.cc:141:31: warning: 'void std::atomic_store_explicit(shared_ptr<_Tp>*, shared_ptr<_Tp>, memory_order) [with _Tp = rocksdb::FragmentedRangeTombstoneListCache]' is deprecated: use 'std::atomic<std::shared_ptr<T>>' instead [-Wdeprecated-declarations]
warning: librocksdb-sys@0.17.3+10.4.2:   141 |     std::atomic_store_explicit(
warning: librocksdb-sys@0.17.3+10.4.2:       |     ~~~~~~~~~~~~~~~~~~~~~~~~~~^
warning: librocksdb-sys@0.17.3+10.4.2:   142 |         local_cache_ref_ptr,
warning: librocksdb-sys@0.17.3+10.4.2:       |         ~~~~~~~~~~~~~~~~~~~~
warning: librocksdb-sys@0.17.3+10.4.2:   143 |         std::shared_ptr<FragmentedRangeTombstoneListCache>(new_local_cache_ref,
warning: librocksdb-sys@0.17.3+10.4.2:       |         ~~~~~~~~~~~~~~~~~~~~~~~~~~~~~~~~~~~~~~~~~~~~~~~~~~~~~~~~~~~~~~~~~~~~~~~
warning: librocksdb-sys@0.17.3+10.4.2:   144 |                                                            new_cache.get()),
warning: librocksdb-sys@0.17.3+10.4.2:       |                                                            ~~~~~~~~~~~~~~~~~
warning: librocksdb-sys@0.17.3+10.4.2:   145 |         std::memory_order_relaxed);
warning: librocksdb-sys@0.17.3+10.4.2:       |         ~~~~~~~~~~~~~~~~~~~~~~~~~~
warning: librocksdb-sys@0.17.3+10.4.2: In file included from /nix/store/82kmz7r96navanrc2fgckh2bamiqrgsw-gcc-14.3.0/include/c++/14.3.0/memory:81,
warning: librocksdb-sys@0.17.3+10.4.2:                  from rocksdb/db/memtable.h:14,
warning: librocksdb-sys@0.17.3+10.4.2:                  from rocksdb/db/memtable.cc:10:
warning: librocksdb-sys@0.17.3+10.4.2: /nix/store/82kmz7r96navanrc2fgckh2bamiqrgsw-gcc-14.3.0/include/c++/14.3.0/bits/shared_ptr_atomic.h:173:5: note: declared here
warning: librocksdb-sys@0.17.3+10.4.2:   173 |     atomic_store_explicit(shared_ptr<_Tp>* __p, shared_ptr<_Tp> __r,
warning: librocksdb-sys@0.17.3+10.4.2:       |     ^~~~~~~~~~~~~~~~~~~~~
warning: librocksdb-sys@0.17.3+10.4.2: rocksdb/db/memtable.cc: In member function 'rocksdb::FragmentedRangeTombstoneIterator* rocksdb::MemTable::NewRangeTombstoneIteratorInternal(const rocksdb::ReadOptions&, rocksdb::SequenceNumber, bool)':
warning: librocksdb-sys@0.17.3+10.4.2: rocksdb/db/memtable.cc:793:32: warning: 'std::shared_ptr<_Tp> std::atomic_load_explicit(const shared_ptr<_Tp>*, memory_order) [with _Tp = rocksdb::FragmentedRangeTombstoneListCache]' is deprecated: use 'std::atomic<std::shared_ptr<T>>' instead [-Wdeprecated-declarations]
warning: librocksdb-sys@0.17.3+10.4.2:   793 |       std::atomic_load_explicit(cached_range_tombstone_.Access(),
warning: librocksdb-sys@0.17.3+10.4.2:       |       ~~~~~~~~~~~~~~~~~~~~~~~~~^~~~~~~~~~~~~~~~~~~~~~~~~~~~~~~~~~
warning: librocksdb-sys@0.17.3+10.4.2:   794 |                                 std::memory_order_relaxed);
warning: librocksdb-sys@0.17.3+10.4.2:       |                                 ~~~~~~~~~~~~~~~~~~~~~~~~~~
warning: librocksdb-sys@0.17.3+10.4.2: /nix/store/82kmz7r96navanrc2fgckh2bamiqrgsw-gcc-14.3.0/include/c++/14.3.0/bits/shared_ptr_atomic.h:133:5: note: declared here
warning: librocksdb-sys@0.17.3+10.4.2:   133 |     atomic_load_explicit(const shared_ptr<_Tp>* __p, memory_order)
warning: librocksdb-sys@0.17.3+10.4.2:       |     ^~~~~~~~~~~~~~~~~~~~
warning: librocksdb-sys@0.17.3+10.4.2: rocksdb/db/memtable.cc: In member function 'rocksdb::Status rocksdb::MemTable::Add(rocksdb::SequenceNumber, rocksdb::ValueType, const rocksdb::Slice&, const rocksdb::Slice&, const rocksdb::ProtectionInfoKVOS64*, bool, rocksdb::MemTablePostProcessInfo*, void**)':
warning: librocksdb-sys@0.17.3+10.4.2: rocksdb/db/memtable.cc:1071:33: warning: 'void std::atomic_store_explicit(shared_ptr<_Tp>*, shared_ptr<_Tp>, memory_order) [with _Tp = rocksdb::FragmentedRangeTombstoneListCache]' is deprecated: use 'std::atomic<std::shared_ptr<T>>' instead [-Wdeprecated-declarations]
warning: librocksdb-sys@0.17.3+10.4.2:  1071 |       std::atomic_store_explicit(
warning: librocksdb-sys@0.17.3+10.4.2:       |       ~~~~~~~~~~~~~~~~~~~~~~~~~~^
warning: librocksdb-sys@0.17.3+10.4.2:  1072 |           local_cache_ref_ptr,
warning: librocksdb-sys@0.17.3+10.4.2:       |           ~~~~~~~~~~~~~~~~~~~~
warning: librocksdb-sys@0.17.3+10.4.2:  1073 |           std::shared_ptr<FragmentedRangeTombstoneListCache>(
warning: librocksdb-sys@0.17.3+10.4.2:       |           ~~~~~~~~~~~~~~~~~~~~~~~~~~~~~~~~~~~~~~~~~~~~~~~~~~~
warning: librocksdb-sys@0.17.3+10.4.2:  1074 |               new_local_cache_ref, new_cache.get()),
warning: librocksdb-sys@0.17.3+10.4.2:       |               ~~~~~~~~~~~~~~~~~~~~~~~~~~~~~~~~~~~~~~
warning: librocksdb-sys@0.17.3+10.4.2:  1075 |           std::memory_order_relaxed);
warning: librocksdb-sys@0.17.3+10.4.2:       |           ~~~~~~~~~~~~~~~~~~~~~~~~~~
warning: librocksdb-sys@0.17.3+10.4.2: /nix/store/82kmz7r96navanrc2fgckh2bamiqrgsw-gcc-14.3.0/include/c++/14.3.0/bits/shared_ptr_atomic.h:173:5: note: declared here
warning: librocksdb-sys@0.17.3+10.4.2:   173 |     atomic_store_explicit(shared_ptr<_Tp>* __p, shared_ptr<_Tp> __r,
warning: librocksdb-sys@0.17.3+10.4.2:       |     ^~~~~~~~~~~~~~~~~~~~~
warning: librocksdb-sys@0.17.3+10.4.2: In file included from /nix/store/kzq78n13l8w24jn8bx4djj79k5j717f1-gcc-14.3.0/include/c++/14.3.0/x86_64-unknown-linux-gnu/bits/os_defines.h:39,
warning: librocksdb-sys@0.17.3+10.4.2:                  from /nix/store/kzq78n13l8w24jn8bx4djj79k5j717f1-gcc-14.3.0/include/c++/14.3.0/x86_64-unknown-linux-gnu/bits/c++config.h:683,
warning: librocksdb-sys@0.17.3+10.4.2:                  from /nix/store/82kmz7r96navanrc2fgckh2bamiqrgsw-gcc-14.3.0/include/c++/14.3.0/cstdint:38,
warning: librocksdb-sys@0.17.3+10.4.2:                  from <command-line>:
warning: librocksdb-sys@0.17.3+10.4.2: /nix/store/gi4cz4ir3zlwhf1azqfgxqdnczfrwsr7-glibc-2.40-66-dev/include/features.h:422:4: warning: #warning _FORTIFY_SOURCE requires compiling with optimization (-O) [-Wcpp]
warning: librocksdb-sys@0.17.3+10.4.2:   422 | #  warning _FORTIFY_SOURCE requires compiling with optimization (-O)
warning: librocksdb-sys@0.17.3+10.4.2:       |    ^~~~~~~
warning: librocksdb-sys@0.17.3+10.4.2: In file included from /nix/store/kzq78n13l8w24jn8bx4djj79k5j717f1-gcc-14.3.0/include/c++/14.3.0/x86_64-unknown-linux-gnu/bits/os_defines.h:39,
warning: librocksdb-sys@0.17.3+10.4.2:                  from /nix/store/kzq78n13l8w24jn8bx4djj79k5j717f1-gcc-14.3.0/include/c++/14.3.0/x86_64-unknown-linux-gnu/bits/c++config.h:683,
warning: librocksdb-sys@0.17.3+10.4.2:                  from /nix/store/82kmz7r96navanrc2fgckh2bamiqrgsw-gcc-14.3.0/include/c++/14.3.0/cstdint:38,
warning: librocksdb-sys@0.17.3+10.4.2:                  from <command-line>:
warning: librocksdb-sys@0.17.3+10.4.2: /nix/store/gi4cz4ir3zlwhf1azqfgxqdnczfrwsr7-glibc-2.40-66-dev/include/features.h:422:4: warning: #warning _FORTIFY_SOURCE requires compiling with optimization (-O) [-Wcpp]
warning: librocksdb-sys@0.17.3+10.4.2:   422 | #  warning _FORTIFY_SOURCE requires compiling with optimization (-O)
warning: librocksdb-sys@0.17.3+10.4.2:       |    ^~~~~~~
warning: librocksdb-sys@0.17.3+10.4.2: In file included from /nix/store/kzq78n13l8w24jn8bx4djj79k5j717f1-gcc-14.3.0/include/c++/14.3.0/x86_64-unknown-linux-gnu/bits/os_defines.h:39,
warning: librocksdb-sys@0.17.3+10.4.2:                  from /nix/store/kzq78n13l8w24jn8bx4djj79k5j717f1-gcc-14.3.0/include/c++/14.3.0/x86_64-unknown-linux-gnu/bits/c++config.h:683,
warning: librocksdb-sys@0.17.3+10.4.2:                  from /nix/store/82kmz7r96navanrc2fgckh2bamiqrgsw-gcc-14.3.0/include/c++/14.3.0/cstdint:38,
warning: librocksdb-sys@0.17.3+10.4.2:                  from <command-line>:
warning: librocksdb-sys@0.17.3+10.4.2: /nix/store/gi4cz4ir3zlwhf1azqfgxqdnczfrwsr7-glibc-2.40-66-dev/include/features.h:422:4: warning: #warning _FORTIFY_SOURCE requires compiling with optimization (-O) [-Wcpp]
warning: librocksdb-sys@0.17.3+10.4.2:   422 | #  warning _FORTIFY_SOURCE requires compiling with optimization (-O)
warning: librocksdb-sys@0.17.3+10.4.2:       |    ^~~~~~~
warning: librocksdb-sys@0.17.3+10.4.2: In file included from /nix/store/kzq78n13l8w24jn8bx4djj79k5j717f1-gcc-14.3.0/include/c++/14.3.0/x86_64-unknown-linux-gnu/bits/os_defines.h:39,
warning: librocksdb-sys@0.17.3+10.4.2:                  from /nix/store/kzq78n13l8w24jn8bx4djj79k5j717f1-gcc-14.3.0/include/c++/14.3.0/x86_64-unknown-linux-gnu/bits/c++config.h:683,
warning: librocksdb-sys@0.17.3+10.4.2:                  from /nix/store/82kmz7r96navanrc2fgckh2bamiqrgsw-gcc-14.3.0/include/c++/14.3.0/cstdint:38,
warning: librocksdb-sys@0.17.3+10.4.2:                  from <command-line>:
warning: librocksdb-sys@0.17.3+10.4.2: /nix/store/gi4cz4ir3zlwhf1azqfgxqdnczfrwsr7-glibc-2.40-66-dev/include/features.h:422:4: warning: #warning _FORTIFY_SOURCE requires compiling with optimization (-O) [-Wcpp]
warning: librocksdb-sys@0.17.3+10.4.2:   422 | #  warning _FORTIFY_SOURCE requires compiling with optimization (-O)
warning: librocksdb-sys@0.17.3+10.4.2:       |    ^~~~~~~
warning: librocksdb-sys@0.17.3+10.4.2: In file included from /nix/store/kzq78n13l8w24jn8bx4djj79k5j717f1-gcc-14.3.0/include/c++/14.3.0/x86_64-unknown-linux-gnu/bits/os_defines.h:39,
warning: librocksdb-sys@0.17.3+10.4.2:                  from /nix/store/kzq78n13l8w24jn8bx4djj79k5j717f1-gcc-14.3.0/include/c++/14.3.0/x86_64-unknown-linux-gnu/bits/c++config.h:683,
warning: librocksdb-sys@0.17.3+10.4.2:                  from /nix/store/82kmz7r96navanrc2fgckh2bamiqrgsw-gcc-14.3.0/include/c++/14.3.0/cstdint:38,
warning: librocksdb-sys@0.17.3+10.4.2:                  from <command-line>:
warning: librocksdb-sys@0.17.3+10.4.2: /nix/store/gi4cz4ir3zlwhf1azqfgxqdnczfrwsr7-glibc-2.40-66-dev/include/features.h:422:4: warning: #warning _FORTIFY_SOURCE requires compiling with optimization (-O) [-Wcpp]
warning: librocksdb-sys@0.17.3+10.4.2:   422 | #  warning _FORTIFY_SOURCE requires compiling with optimization (-O)
warning: librocksdb-sys@0.17.3+10.4.2:       |    ^~~~~~~
warning: librocksdb-sys@0.17.3+10.4.2: In file included from /nix/store/kzq78n13l8w24jn8bx4djj79k5j717f1-gcc-14.3.0/include/c++/14.3.0/x86_64-unknown-linux-gnu/bits/os_defines.h:39,
warning: librocksdb-sys@0.17.3+10.4.2:                  from /nix/store/kzq78n13l8w24jn8bx4djj79k5j717f1-gcc-14.3.0/include/c++/14.3.0/x86_64-unknown-linux-gnu/bits/c++config.h:683,
warning: librocksdb-sys@0.17.3+10.4.2:                  from /nix/store/82kmz7r96navanrc2fgckh2bamiqrgsw-gcc-14.3.0/include/c++/14.3.0/cstdint:38,
warning: librocksdb-sys@0.17.3+10.4.2:                  from <command-line>:
warning: librocksdb-sys@0.17.3+10.4.2: /nix/store/gi4cz4ir3zlwhf1azqfgxqdnczfrwsr7-glibc-2.40-66-dev/include/features.h:422:4: warning: #warning _FORTIFY_SOURCE requires compiling with optimization (-O) [-Wcpp]
warning: librocksdb-sys@0.17.3+10.4.2:   422 | #  warning _FORTIFY_SOURCE requires compiling with optimization (-O)
warning: librocksdb-sys@0.17.3+10.4.2:       |    ^~~~~~~
warning: librocksdb-sys@0.17.3+10.4.2: In file included from /nix/store/kzq78n13l8w24jn8bx4djj79k5j717f1-gcc-14.3.0/include/c++/14.3.0/x86_64-unknown-linux-gnu/bits/os_defines.h:39,
warning: librocksdb-sys@0.17.3+10.4.2:                  from /nix/store/kzq78n13l8w24jn8bx4djj79k5j717f1-gcc-14.3.0/include/c++/14.3.0/x86_64-unknown-linux-gnu/bits/c++config.h:683,
warning: librocksdb-sys@0.17.3+10.4.2:                  from /nix/store/82kmz7r96navanrc2fgckh2bamiqrgsw-gcc-14.3.0/include/c++/14.3.0/cstdint:38,
warning: librocksdb-sys@0.17.3+10.4.2:                  from <command-line>:
warning: librocksdb-sys@0.17.3+10.4.2: /nix/store/gi4cz4ir3zlwhf1azqfgxqdnczfrwsr7-glibc-2.40-66-dev/include/features.h:422:4: warning: #warning _FORTIFY_SOURCE requires compiling with optimization (-O) [-Wcpp]
warning: librocksdb-sys@0.17.3+10.4.2:   422 | #  warning _FORTIFY_SOURCE requires compiling with optimization (-O)
warning: librocksdb-sys@0.17.3+10.4.2:       |    ^~~~~~~
warning: librocksdb-sys@0.17.3+10.4.2: In file included from /nix/store/kzq78n13l8w24jn8bx4djj79k5j717f1-gcc-14.3.0/include/c++/14.3.0/x86_64-unknown-linux-gnu/bits/os_defines.h:39,
warning: librocksdb-sys@0.17.3+10.4.2:                  from /nix/store/kzq78n13l8w24jn8bx4djj79k5j717f1-gcc-14.3.0/include/c++/14.3.0/x86_64-unknown-linux-gnu/bits/c++config.h:683,
warning: librocksdb-sys@0.17.3+10.4.2:                  from /nix/store/82kmz7r96navanrc2fgckh2bamiqrgsw-gcc-14.3.0/include/c++/14.3.0/cstdint:38,
warning: librocksdb-sys@0.17.3+10.4.2:                  from <command-line>:
warning: librocksdb-sys@0.17.3+10.4.2: /nix/store/gi4cz4ir3zlwhf1azqfgxqdnczfrwsr7-glibc-2.40-66-dev/include/features.h:422:4: warning: #warning _FORTIFY_SOURCE requires compiling with optimization (-O) [-Wcpp]
warning: librocksdb-sys@0.17.3+10.4.2:   422 | #  warning _FORTIFY_SOURCE requires compiling with optimization (-O)
warning: librocksdb-sys@0.17.3+10.4.2:       |    ^~~~~~~
warning: librocksdb-sys@0.17.3+10.4.2: In file included from /nix/store/kzq78n13l8w24jn8bx4djj79k5j717f1-gcc-14.3.0/include/c++/14.3.0/x86_64-unknown-linux-gnu/bits/os_defines.h:39,
warning: librocksdb-sys@0.17.3+10.4.2:                  from /nix/store/kzq78n13l8w24jn8bx4djj79k5j717f1-gcc-14.3.0/include/c++/14.3.0/x86_64-unknown-linux-gnu/bits/c++config.h:683,
warning: librocksdb-sys@0.17.3+10.4.2:                  from /nix/store/82kmz7r96navanrc2fgckh2bamiqrgsw-gcc-14.3.0/include/c++/14.3.0/cstdint:38,
warning: librocksdb-sys@0.17.3+10.4.2:                  from <command-line>:
warning: librocksdb-sys@0.17.3+10.4.2: /nix/store/gi4cz4ir3zlwhf1azqfgxqdnczfrwsr7-glibc-2.40-66-dev/include/features.h:422:4: warning: #warning _FORTIFY_SOURCE requires compiling with optimization (-O) [-Wcpp]
warning: librocksdb-sys@0.17.3+10.4.2:   422 | #  warning _FORTIFY_SOURCE requires compiling with optimization (-O)
warning: librocksdb-sys@0.17.3+10.4.2:       |    ^~~~~~~
warning: librocksdb-sys@0.17.3+10.4.2: In file included from /nix/store/kzq78n13l8w24jn8bx4djj79k5j717f1-gcc-14.3.0/include/c++/14.3.0/x86_64-unknown-linux-gnu/bits/os_defines.h:39,
warning: librocksdb-sys@0.17.3+10.4.2:                  from /nix/store/kzq78n13l8w24jn8bx4djj79k5j717f1-gcc-14.3.0/include/c++/14.3.0/x86_64-unknown-linux-gnu/bits/c++config.h:683,
warning: librocksdb-sys@0.17.3+10.4.2:                  from /nix/store/82kmz7r96navanrc2fgckh2bamiqrgsw-gcc-14.3.0/include/c++/14.3.0/cstdint:38,
warning: librocksdb-sys@0.17.3+10.4.2:                  from <command-line>:
warning: librocksdb-sys@0.17.3+10.4.2: /nix/store/gi4cz4ir3zlwhf1azqfgxqdnczfrwsr7-glibc-2.40-66-dev/include/features.h:422:4: warning: #warning _FORTIFY_SOURCE requires compiling with optimization (-O) [-Wcpp]
warning: librocksdb-sys@0.17.3+10.4.2:   422 | #  warning _FORTIFY_SOURCE requires compiling with optimization (-O)
warning: librocksdb-sys@0.17.3+10.4.2:       |    ^~~~~~~
warning: librocksdb-sys@0.17.3+10.4.2: In file included from /nix/store/kzq78n13l8w24jn8bx4djj79k5j717f1-gcc-14.3.0/include/c++/14.3.0/x86_64-unknown-linux-gnu/bits/os_defines.h:39,
warning: librocksdb-sys@0.17.3+10.4.2:                  from /nix/store/kzq78n13l8w24jn8bx4djj79k5j717f1-gcc-14.3.0/include/c++/14.3.0/x86_64-unknown-linux-gnu/bits/c++config.h:683,
warning: librocksdb-sys@0.17.3+10.4.2:                  from /nix/store/82kmz7r96navanrc2fgckh2bamiqrgsw-gcc-14.3.0/include/c++/14.3.0/cstdint:38,
warning: librocksdb-sys@0.17.3+10.4.2:                  from <command-line>:
warning: librocksdb-sys@0.17.3+10.4.2: /nix/store/gi4cz4ir3zlwhf1azqfgxqdnczfrwsr7-glibc-2.40-66-dev/include/features.h:422:4: warning: #warning _FORTIFY_SOURCE requires compiling with optimization (-O) [-Wcpp]
warning: librocksdb-sys@0.17.3+10.4.2:   422 | #  warning _FORTIFY_SOURCE requires compiling with optimization (-O)
warning: librocksdb-sys@0.17.3+10.4.2:       |    ^~~~~~~
warning: librocksdb-sys@0.17.3+10.4.2: In file included from /nix/store/kzq78n13l8w24jn8bx4djj79k5j717f1-gcc-14.3.0/include/c++/14.3.0/x86_64-unknown-linux-gnu/bits/os_defines.h:39,
warning: librocksdb-sys@0.17.3+10.4.2:                  from /nix/store/kzq78n13l8w24jn8bx4djj79k5j717f1-gcc-14.3.0/include/c++/14.3.0/x86_64-unknown-linux-gnu/bits/c++config.h:683,
warning: librocksdb-sys@0.17.3+10.4.2:                  from /nix/store/82kmz7r96navanrc2fgckh2bamiqrgsw-gcc-14.3.0/include/c++/14.3.0/cstdint:38,
warning: librocksdb-sys@0.17.3+10.4.2:                  from <command-line>:
warning: librocksdb-sys@0.17.3+10.4.2: /nix/store/gi4cz4ir3zlwhf1azqfgxqdnczfrwsr7-glibc-2.40-66-dev/include/features.h:422:4: warning: #warning _FORTIFY_SOURCE requires compiling with optimization (-O) [-Wcpp]
warning: librocksdb-sys@0.17.3+10.4.2:   422 | #  warning _FORTIFY_SOURCE requires compiling with optimization (-O)
warning: librocksdb-sys@0.17.3+10.4.2:       |    ^~~~~~~
warning: librocksdb-sys@0.17.3+10.4.2: In file included from /nix/store/kzq78n13l8w24jn8bx4djj79k5j717f1-gcc-14.3.0/include/c++/14.3.0/x86_64-unknown-linux-gnu/bits/os_defines.h:39,
warning: librocksdb-sys@0.17.3+10.4.2:                  from /nix/store/kzq78n13l8w24jn8bx4djj79k5j717f1-gcc-14.3.0/include/c++/14.3.0/x86_64-unknown-linux-gnu/bits/c++config.h:683,
warning: librocksdb-sys@0.17.3+10.4.2:                  from /nix/store/82kmz7r96navanrc2fgckh2bamiqrgsw-gcc-14.3.0/include/c++/14.3.0/cstdint:38,
warning: librocksdb-sys@0.17.3+10.4.2:                  from <command-line>:
warning: librocksdb-sys@0.17.3+10.4.2: /nix/store/gi4cz4ir3zlwhf1azqfgxqdnczfrwsr7-glibc-2.40-66-dev/include/features.h:422:4: warning: #warning _FORTIFY_SOURCE requires compiling with optimization (-O) [-Wcpp]
warning: librocksdb-sys@0.17.3+10.4.2:   422 | #  warning _FORTIFY_SOURCE requires compiling with optimization (-O)
warning: librocksdb-sys@0.17.3+10.4.2:       |    ^~~~~~~
warning: librocksdb-sys@0.17.3+10.4.2: In file included from /nix/store/kzq78n13l8w24jn8bx4djj79k5j717f1-gcc-14.3.0/include/c++/14.3.0/x86_64-unknown-linux-gnu/bits/os_defines.h:39,
warning: librocksdb-sys@0.17.3+10.4.2:                  from /nix/store/kzq78n13l8w24jn8bx4djj79k5j717f1-gcc-14.3.0/include/c++/14.3.0/x86_64-unknown-linux-gnu/bits/c++config.h:683,
warning: librocksdb-sys@0.17.3+10.4.2:                  from /nix/store/82kmz7r96navanrc2fgckh2bamiqrgsw-gcc-14.3.0/include/c++/14.3.0/cstdint:38,
warning: librocksdb-sys@0.17.3+10.4.2:                  from <command-line>:
warning: librocksdb-sys@0.17.3+10.4.2: /nix/store/gi4cz4ir3zlwhf1azqfgxqdnczfrwsr7-glibc-2.40-66-dev/include/features.h:422:4: warning: #warning _FORTIFY_SOURCE requires compiling with optimization (-O) [-Wcpp]
warning: librocksdb-sys@0.17.3+10.4.2:   422 | #  warning _FORTIFY_SOURCE requires compiling with optimization (-O)
warning: librocksdb-sys@0.17.3+10.4.2:       |    ^~~~~~~
warning: librocksdb-sys@0.17.3+10.4.2: In file included from /nix/store/kzq78n13l8w24jn8bx4djj79k5j717f1-gcc-14.3.0/include/c++/14.3.0/x86_64-unknown-linux-gnu/bits/os_defines.h:39,
warning: librocksdb-sys@0.17.3+10.4.2:                  from /nix/store/kzq78n13l8w24jn8bx4djj79k5j717f1-gcc-14.3.0/include/c++/14.3.0/x86_64-unknown-linux-gnu/bits/c++config.h:683,
warning: librocksdb-sys@0.17.3+10.4.2:                  from /nix/store/82kmz7r96navanrc2fgckh2bamiqrgsw-gcc-14.3.0/include/c++/14.3.0/cstdint:38,
warning: librocksdb-sys@0.17.3+10.4.2:                  from <command-line>:
warning: librocksdb-sys@0.17.3+10.4.2: /nix/store/gi4cz4ir3zlwhf1azqfgxqdnczfrwsr7-glibc-2.40-66-dev/include/features.h:422:4: warning: #warning _FORTIFY_SOURCE requires compiling with optimization (-O) [-Wcpp]
warning: librocksdb-sys@0.17.3+10.4.2:   422 | #  warning _FORTIFY_SOURCE requires compiling with optimization (-O)
warning: librocksdb-sys@0.17.3+10.4.2:       |    ^~~~~~~
warning: librocksdb-sys@0.17.3+10.4.2: In file included from /nix/store/kzq78n13l8w24jn8bx4djj79k5j717f1-gcc-14.3.0/include/c++/14.3.0/x86_64-unknown-linux-gnu/bits/os_defines.h:39,
warning: librocksdb-sys@0.17.3+10.4.2:                  from /nix/store/kzq78n13l8w24jn8bx4djj79k5j717f1-gcc-14.3.0/include/c++/14.3.0/x86_64-unknown-linux-gnu/bits/c++config.h:683,
warning: librocksdb-sys@0.17.3+10.4.2:                  from /nix/store/82kmz7r96navanrc2fgckh2bamiqrgsw-gcc-14.3.0/include/c++/14.3.0/cstdint:38,
warning: librocksdb-sys@0.17.3+10.4.2:                  from <command-line>:
warning: librocksdb-sys@0.17.3+10.4.2: /nix/store/gi4cz4ir3zlwhf1azqfgxqdnczfrwsr7-glibc-2.40-66-dev/include/features.h:422:4: warning: #warning _FORTIFY_SOURCE requires compiling with optimization (-O) [-Wcpp]
warning: librocksdb-sys@0.17.3+10.4.2:   422 | #  warning _FORTIFY_SOURCE requires compiling with optimization (-O)
warning: librocksdb-sys@0.17.3+10.4.2:       |    ^~~~~~~
warning: librocksdb-sys@0.17.3+10.4.2: In file included from /nix/store/kzq78n13l8w24jn8bx4djj79k5j717f1-gcc-14.3.0/include/c++/14.3.0/x86_64-unknown-linux-gnu/bits/os_defines.h:39,
warning: librocksdb-sys@0.17.3+10.4.2:                  from /nix/store/kzq78n13l8w24jn8bx4djj79k5j717f1-gcc-14.3.0/include/c++/14.3.0/x86_64-unknown-linux-gnu/bits/c++config.h:683,
warning: librocksdb-sys@0.17.3+10.4.2:                  from /nix/store/82kmz7r96navanrc2fgckh2bamiqrgsw-gcc-14.3.0/include/c++/14.3.0/cstdint:38,
warning: librocksdb-sys@0.17.3+10.4.2:                  from <command-line>:
warning: librocksdb-sys@0.17.3+10.4.2: /nix/store/gi4cz4ir3zlwhf1azqfgxqdnczfrwsr7-glibc-2.40-66-dev/include/features.h:422:4: warning: #warning _FORTIFY_SOURCE requires compiling with optimization (-O) [-Wcpp]
warning: librocksdb-sys@0.17.3+10.4.2:   422 | #  warning _FORTIFY_SOURCE requires compiling with optimization (-O)
warning: librocksdb-sys@0.17.3+10.4.2:       |    ^~~~~~~
warning: librocksdb-sys@0.17.3+10.4.2: In file included from /nix/store/kzq78n13l8w24jn8bx4djj79k5j717f1-gcc-14.3.0/include/c++/14.3.0/x86_64-unknown-linux-gnu/bits/os_defines.h:39,
warning: librocksdb-sys@0.17.3+10.4.2:                  from /nix/store/kzq78n13l8w24jn8bx4djj79k5j717f1-gcc-14.3.0/include/c++/14.3.0/x86_64-unknown-linux-gnu/bits/c++config.h:683,
warning: librocksdb-sys@0.17.3+10.4.2:                  from /nix/store/82kmz7r96navanrc2fgckh2bamiqrgsw-gcc-14.3.0/include/c++/14.3.0/cstdint:38,
warning: librocksdb-sys@0.17.3+10.4.2:                  from <command-line>:
warning: librocksdb-sys@0.17.3+10.4.2: /nix/store/gi4cz4ir3zlwhf1azqfgxqdnczfrwsr7-glibc-2.40-66-dev/include/features.h:422:4: warning: #warning _FORTIFY_SOURCE requires compiling with optimization (-O) [-Wcpp]
warning: librocksdb-sys@0.17.3+10.4.2:   422 | #  warning _FORTIFY_SOURCE requires compiling with optimization (-O)
warning: librocksdb-sys@0.17.3+10.4.2:       |    ^~~~~~~
warning: librocksdb-sys@0.17.3+10.4.2: In file included from /nix/store/kzq78n13l8w24jn8bx4djj79k5j717f1-gcc-14.3.0/include/c++/14.3.0/x86_64-unknown-linux-gnu/bits/os_defines.h:39,
warning: librocksdb-sys@0.17.3+10.4.2:                  from /nix/store/kzq78n13l8w24jn8bx4djj79k5j717f1-gcc-14.3.0/include/c++/14.3.0/x86_64-unknown-linux-gnu/bits/c++config.h:683,
warning: librocksdb-sys@0.17.3+10.4.2:                  from /nix/store/82kmz7r96navanrc2fgckh2bamiqrgsw-gcc-14.3.0/include/c++/14.3.0/cstdint:38,
warning: librocksdb-sys@0.17.3+10.4.2:                  from <command-line>:
warning: librocksdb-sys@0.17.3+10.4.2: /nix/store/gi4cz4ir3zlwhf1azqfgxqdnczfrwsr7-glibc-2.40-66-dev/include/features.h:422:4: warning: #warning _FORTIFY_SOURCE requires compiling with optimization (-O) [-Wcpp]
warning: librocksdb-sys@0.17.3+10.4.2:   422 | #  warning _FORTIFY_SOURCE requires compiling with optimization (-O)
warning: librocksdb-sys@0.17.3+10.4.2:       |    ^~~~~~~
warning: librocksdb-sys@0.17.3+10.4.2: In file included from /nix/store/kzq78n13l8w24jn8bx4djj79k5j717f1-gcc-14.3.0/include/c++/14.3.0/x86_64-unknown-linux-gnu/bits/os_defines.h:39,
warning: librocksdb-sys@0.17.3+10.4.2:                  from /nix/store/kzq78n13l8w24jn8bx4djj79k5j717f1-gcc-14.3.0/include/c++/14.3.0/x86_64-unknown-linux-gnu/bits/c++config.h:683,
warning: librocksdb-sys@0.17.3+10.4.2:                  from /nix/store/82kmz7r96navanrc2fgckh2bamiqrgsw-gcc-14.3.0/include/c++/14.3.0/cstdint:38,
warning: librocksdb-sys@0.17.3+10.4.2:                  from <command-line>:
warning: librocksdb-sys@0.17.3+10.4.2: /nix/store/gi4cz4ir3zlwhf1azqfgxqdnczfrwsr7-glibc-2.40-66-dev/include/features.h:422:4: warning: #warning _FORTIFY_SOURCE requires compiling with optimization (-O) [-Wcpp]
warning: librocksdb-sys@0.17.3+10.4.2:   422 | #  warning _FORTIFY_SOURCE requires compiling with optimization (-O)
warning: librocksdb-sys@0.17.3+10.4.2:       |    ^~~~~~~
warning: librocksdb-sys@0.17.3+10.4.2: In file included from /nix/store/kzq78n13l8w24jn8bx4djj79k5j717f1-gcc-14.3.0/include/c++/14.3.0/x86_64-unknown-linux-gnu/bits/os_defines.h:39,
warning: librocksdb-sys@0.17.3+10.4.2:                  from /nix/store/kzq78n13l8w24jn8bx4djj79k5j717f1-gcc-14.3.0/include/c++/14.3.0/x86_64-unknown-linux-gnu/bits/c++config.h:683,
warning: librocksdb-sys@0.17.3+10.4.2:                  from /nix/store/82kmz7r96navanrc2fgckh2bamiqrgsw-gcc-14.3.0/include/c++/14.3.0/cstdint:38,
warning: librocksdb-sys@0.17.3+10.4.2:                  from <command-line>:
warning: librocksdb-sys@0.17.3+10.4.2: /nix/store/gi4cz4ir3zlwhf1azqfgxqdnczfrwsr7-glibc-2.40-66-dev/include/features.h:422:4: warning: #warning _FORTIFY_SOURCE requires compiling with optimization (-O) [-Wcpp]
warning: librocksdb-sys@0.17.3+10.4.2:   422 | #  warning _FORTIFY_SOURCE requires compiling with optimization (-O)
warning: librocksdb-sys@0.17.3+10.4.2:       |    ^~~~~~~
warning: librocksdb-sys@0.17.3+10.4.2: In file included from /nix/store/kzq78n13l8w24jn8bx4djj79k5j717f1-gcc-14.3.0/include/c++/14.3.0/x86_64-unknown-linux-gnu/bits/os_defines.h:39,
warning: librocksdb-sys@0.17.3+10.4.2:                  from /nix/store/kzq78n13l8w24jn8bx4djj79k5j717f1-gcc-14.3.0/include/c++/14.3.0/x86_64-unknown-linux-gnu/bits/c++config.h:683,
warning: librocksdb-sys@0.17.3+10.4.2:                  from /nix/store/82kmz7r96navanrc2fgckh2bamiqrgsw-gcc-14.3.0/include/c++/14.3.0/cstdint:38,
warning: librocksdb-sys@0.17.3+10.4.2:                  from <command-line>:
warning: librocksdb-sys@0.17.3+10.4.2: /nix/store/gi4cz4ir3zlwhf1azqfgxqdnczfrwsr7-glibc-2.40-66-dev/include/features.h:422:4: warning: #warning _FORTIFY_SOURCE requires compiling with optimization (-O) [-Wcpp]
warning: librocksdb-sys@0.17.3+10.4.2:   422 | #  warning _FORTIFY_SOURCE requires compiling with optimization (-O)
warning: librocksdb-sys@0.17.3+10.4.2:       |    ^~~~~~~
warning: librocksdb-sys@0.17.3+10.4.2: In file included from /nix/store/kzq78n13l8w24jn8bx4djj79k5j717f1-gcc-14.3.0/include/c++/14.3.0/x86_64-unknown-linux-gnu/bits/os_defines.h:39,
warning: librocksdb-sys@0.17.3+10.4.2:                  from /nix/store/kzq78n13l8w24jn8bx4djj79k5j717f1-gcc-14.3.0/include/c++/14.3.0/x86_64-unknown-linux-gnu/bits/c++config.h:683,
warning: librocksdb-sys@0.17.3+10.4.2:                  from /nix/store/82kmz7r96navanrc2fgckh2bamiqrgsw-gcc-14.3.0/include/c++/14.3.0/cstdint:38,
warning: librocksdb-sys@0.17.3+10.4.2:                  from <command-line>:
warning: librocksdb-sys@0.17.3+10.4.2: /nix/store/gi4cz4ir3zlwhf1azqfgxqdnczfrwsr7-glibc-2.40-66-dev/include/features.h:422:4: warning: #warning _FORTIFY_SOURCE requires compiling with optimization (-O) [-Wcpp]
warning: librocksdb-sys@0.17.3+10.4.2:   422 | #  warning _FORTIFY_SOURCE requires compiling with optimization (-O)
warning: librocksdb-sys@0.17.3+10.4.2:       |    ^~~~~~~
warning: librocksdb-sys@0.17.3+10.4.2: In file included from /nix/store/kzq78n13l8w24jn8bx4djj79k5j717f1-gcc-14.3.0/include/c++/14.3.0/x86_64-unknown-linux-gnu/bits/os_defines.h:39,
warning: librocksdb-sys@0.17.3+10.4.2:                  from /nix/store/kzq78n13l8w24jn8bx4djj79k5j717f1-gcc-14.3.0/include/c++/14.3.0/x86_64-unknown-linux-gnu/bits/c++config.h:683,
warning: librocksdb-sys@0.17.3+10.4.2:                  from /nix/store/82kmz7r96navanrc2fgckh2bamiqrgsw-gcc-14.3.0/include/c++/14.3.0/cstdint:38,
warning: librocksdb-sys@0.17.3+10.4.2:                  from <command-line>:
warning: librocksdb-sys@0.17.3+10.4.2: /nix/store/gi4cz4ir3zlwhf1azqfgxqdnczfrwsr7-glibc-2.40-66-dev/include/features.h:422:4: warning: #warning _FORTIFY_SOURCE requires compiling with optimization (-O) [-Wcpp]
warning: librocksdb-sys@0.17.3+10.4.2:   422 | #  warning _FORTIFY_SOURCE requires compiling with optimization (-O)
warning: librocksdb-sys@0.17.3+10.4.2:       |    ^~~~~~~
warning: librocksdb-sys@0.17.3+10.4.2: In file included from /nix/store/kzq78n13l8w24jn8bx4djj79k5j717f1-gcc-14.3.0/include/c++/14.3.0/x86_64-unknown-linux-gnu/bits/os_defines.h:39,
warning: librocksdb-sys@0.17.3+10.4.2:                  from /nix/store/kzq78n13l8w24jn8bx4djj79k5j717f1-gcc-14.3.0/include/c++/14.3.0/x86_64-unknown-linux-gnu/bits/c++config.h:683,
warning: librocksdb-sys@0.17.3+10.4.2:                  from /nix/store/82kmz7r96navanrc2fgckh2bamiqrgsw-gcc-14.3.0/include/c++/14.3.0/cstdint:38,
warning: librocksdb-sys@0.17.3+10.4.2:                  from <command-line>:
warning: librocksdb-sys@0.17.3+10.4.2: /nix/store/gi4cz4ir3zlwhf1azqfgxqdnczfrwsr7-glibc-2.40-66-dev/include/features.h:422:4: warning: #warning _FORTIFY_SOURCE requires compiling with optimization (-O) [-Wcpp]
warning: librocksdb-sys@0.17.3+10.4.2:   422 | #  warning _FORTIFY_SOURCE requires compiling with optimization (-O)
warning: librocksdb-sys@0.17.3+10.4.2:       |    ^~~~~~~
warning: librocksdb-sys@0.17.3+10.4.2: In file included from /nix/store/kzq78n13l8w24jn8bx4djj79k5j717f1-gcc-14.3.0/include/c++/14.3.0/x86_64-unknown-linux-gnu/bits/os_defines.h:39,
warning: librocksdb-sys@0.17.3+10.4.2:                  from /nix/store/kzq78n13l8w24jn8bx4djj79k5j717f1-gcc-14.3.0/include/c++/14.3.0/x86_64-unknown-linux-gnu/bits/c++config.h:683,
warning: librocksdb-sys@0.17.3+10.4.2:                  from /nix/store/82kmz7r96navanrc2fgckh2bamiqrgsw-gcc-14.3.0/include/c++/14.3.0/cstdint:38,
warning: librocksdb-sys@0.17.3+10.4.2:                  from <command-line>:
warning: librocksdb-sys@0.17.3+10.4.2: /nix/store/gi4cz4ir3zlwhf1azqfgxqdnczfrwsr7-glibc-2.40-66-dev/include/features.h:422:4: warning: #warning _FORTIFY_SOURCE requires compiling with optimization (-O) [-Wcpp]
warning: librocksdb-sys@0.17.3+10.4.2:   422 | #  warning _FORTIFY_SOURCE requires compiling with optimization (-O)
warning: librocksdb-sys@0.17.3+10.4.2:       |    ^~~~~~~
warning: librocksdb-sys@0.17.3+10.4.2: In file included from /nix/store/kzq78n13l8w24jn8bx4djj79k5j717f1-gcc-14.3.0/include/c++/14.3.0/x86_64-unknown-linux-gnu/bits/os_defines.h:39,
warning: librocksdb-sys@0.17.3+10.4.2:                  from /nix/store/kzq78n13l8w24jn8bx4djj79k5j717f1-gcc-14.3.0/include/c++/14.3.0/x86_64-unknown-linux-gnu/bits/c++config.h:683,
warning: librocksdb-sys@0.17.3+10.4.2:                  from /nix/store/82kmz7r96navanrc2fgckh2bamiqrgsw-gcc-14.3.0/include/c++/14.3.0/cstdint:38,
warning: librocksdb-sys@0.17.3+10.4.2:                  from <command-line>:
warning: librocksdb-sys@0.17.3+10.4.2: /nix/store/gi4cz4ir3zlwhf1azqfgxqdnczfrwsr7-glibc-2.40-66-dev/include/features.h:422:4: warning: #warning _FORTIFY_SOURCE requires compiling with optimization (-O) [-Wcpp]
warning: librocksdb-sys@0.17.3+10.4.2:   422 | #  warning _FORTIFY_SOURCE requires compiling with optimization (-O)
warning: librocksdb-sys@0.17.3+10.4.2:       |    ^~~~~~~
warning: librocksdb-sys@0.17.3+10.4.2: In file included from /nix/store/kzq78n13l8w24jn8bx4djj79k5j717f1-gcc-14.3.0/include/c++/14.3.0/x86_64-unknown-linux-gnu/bits/os_defines.h:39,
warning: librocksdb-sys@0.17.3+10.4.2:                  from /nix/store/kzq78n13l8w24jn8bx4djj79k5j717f1-gcc-14.3.0/include/c++/14.3.0/x86_64-unknown-linux-gnu/bits/c++config.h:683,
warning: librocksdb-sys@0.17.3+10.4.2:                  from /nix/store/82kmz7r96navanrc2fgckh2bamiqrgsw-gcc-14.3.0/include/c++/14.3.0/cstdint:38,
warning: librocksdb-sys@0.17.3+10.4.2:                  from <command-line>:
warning: librocksdb-sys@0.17.3+10.4.2: /nix/store/gi4cz4ir3zlwhf1azqfgxqdnczfrwsr7-glibc-2.40-66-dev/include/features.h:422:4: warning: #warning _FORTIFY_SOURCE requires compiling with optimization (-O) [-Wcpp]
warning: librocksdb-sys@0.17.3+10.4.2:   422 | #  warning _FORTIFY_SOURCE requires compiling with optimization (-O)
warning: librocksdb-sys@0.17.3+10.4.2:       |    ^~~~~~~
warning: librocksdb-sys@0.17.3+10.4.2: In file included from /nix/store/kzq78n13l8w24jn8bx4djj79k5j717f1-gcc-14.3.0/include/c++/14.3.0/x86_64-unknown-linux-gnu/bits/os_defines.h:39,
warning: librocksdb-sys@0.17.3+10.4.2:                  from /nix/store/kzq78n13l8w24jn8bx4djj79k5j717f1-gcc-14.3.0/include/c++/14.3.0/x86_64-unknown-linux-gnu/bits/c++config.h:683,
warning: librocksdb-sys@0.17.3+10.4.2:                  from /nix/store/82kmz7r96navanrc2fgckh2bamiqrgsw-gcc-14.3.0/include/c++/14.3.0/cstdint:38,
warning: librocksdb-sys@0.17.3+10.4.2:                  from <command-line>:
warning: librocksdb-sys@0.17.3+10.4.2: /nix/store/gi4cz4ir3zlwhf1azqfgxqdnczfrwsr7-glibc-2.40-66-dev/include/features.h:422:4: warning: #warning _FORTIFY_SOURCE requires compiling with optimization (-O) [-Wcpp]
warning: librocksdb-sys@0.17.3+10.4.2:   422 | #  warning _FORTIFY_SOURCE requires compiling with optimization (-O)
warning: librocksdb-sys@0.17.3+10.4.2:       |    ^~~~~~~
warning: librocksdb-sys@0.17.3+10.4.2: In file included from /nix/store/kzq78n13l8w24jn8bx4djj79k5j717f1-gcc-14.3.0/include/c++/14.3.0/x86_64-unknown-linux-gnu/bits/os_defines.h:39,
warning: librocksdb-sys@0.17.3+10.4.2:                  from /nix/store/kzq78n13l8w24jn8bx4djj79k5j717f1-gcc-14.3.0/include/c++/14.3.0/x86_64-unknown-linux-gnu/bits/c++config.h:683,
warning: librocksdb-sys@0.17.3+10.4.2:                  from /nix/store/82kmz7r96navanrc2fgckh2bamiqrgsw-gcc-14.3.0/include/c++/14.3.0/cstdint:38,
warning: librocksdb-sys@0.17.3+10.4.2:                  from <command-line>:
warning: librocksdb-sys@0.17.3+10.4.2: /nix/store/gi4cz4ir3zlwhf1azqfgxqdnczfrwsr7-glibc-2.40-66-dev/include/features.h:422:4: warning: #warning _FORTIFY_SOURCE requires compiling with optimization (-O) [-Wcpp]
warning: librocksdb-sys@0.17.3+10.4.2:   422 | #  warning _FORTIFY_SOURCE requires compiling with optimization (-O)
warning: librocksdb-sys@0.17.3+10.4.2:       |    ^~~~~~~
warning: librocksdb-sys@0.17.3+10.4.2: In file included from /nix/store/kzq78n13l8w24jn8bx4djj79k5j717f1-gcc-14.3.0/include/c++/14.3.0/x86_64-unknown-linux-gnu/bits/os_defines.h:39,
warning: librocksdb-sys@0.17.3+10.4.2:                  from /nix/store/kzq78n13l8w24jn8bx4djj79k5j717f1-gcc-14.3.0/include/c++/14.3.0/x86_64-unknown-linux-gnu/bits/c++config.h:683,
warning: librocksdb-sys@0.17.3+10.4.2:                  from /nix/store/82kmz7r96navanrc2fgckh2bamiqrgsw-gcc-14.3.0/include/c++/14.3.0/cstdint:38,
warning: librocksdb-sys@0.17.3+10.4.2:                  from <command-line>:
warning: librocksdb-sys@0.17.3+10.4.2: /nix/store/gi4cz4ir3zlwhf1azqfgxqdnczfrwsr7-glibc-2.40-66-dev/include/features.h:422:4: warning: #warning _FORTIFY_SOURCE requires compiling with optimization (-O) [-Wcpp]
warning: librocksdb-sys@0.17.3+10.4.2:   422 | #  warning _FORTIFY_SOURCE requires compiling with optimization (-O)
warning: librocksdb-sys@0.17.3+10.4.2:       |    ^~~~~~~
warning: librocksdb-sys@0.17.3+10.4.2: In file included from /nix/store/kzq78n13l8w24jn8bx4djj79k5j717f1-gcc-14.3.0/include/c++/14.3.0/x86_64-unknown-linux-gnu/bits/os_defines.h:39,
warning: librocksdb-sys@0.17.3+10.4.2:                  from /nix/store/kzq78n13l8w24jn8bx4djj79k5j717f1-gcc-14.3.0/include/c++/14.3.0/x86_64-unknown-linux-gnu/bits/c++config.h:683,
warning: librocksdb-sys@0.17.3+10.4.2:                  from /nix/store/82kmz7r96navanrc2fgckh2bamiqrgsw-gcc-14.3.0/include/c++/14.3.0/cstdint:38,
warning: librocksdb-sys@0.17.3+10.4.2:                  from <command-line>:
warning: librocksdb-sys@0.17.3+10.4.2: /nix/store/gi4cz4ir3zlwhf1azqfgxqdnczfrwsr7-glibc-2.40-66-dev/include/features.h:422:4: warning: #warning _FORTIFY_SOURCE requires compiling with optimization (-O) [-Wcpp]
warning: librocksdb-sys@0.17.3+10.4.2:   422 | #  warning _FORTIFY_SOURCE requires compiling with optimization (-O)
warning: librocksdb-sys@0.17.3+10.4.2:       |    ^~~~~~~
warning: librocksdb-sys@0.17.3+10.4.2: In file included from /nix/store/kzq78n13l8w24jn8bx4djj79k5j717f1-gcc-14.3.0/include/c++/14.3.0/x86_64-unknown-linux-gnu/bits/os_defines.h:39,
warning: librocksdb-sys@0.17.3+10.4.2:                  from /nix/store/kzq78n13l8w24jn8bx4djj79k5j717f1-gcc-14.3.0/include/c++/14.3.0/x86_64-unknown-linux-gnu/bits/c++config.h:683,
warning: librocksdb-sys@0.17.3+10.4.2:                  from /nix/store/82kmz7r96navanrc2fgckh2bamiqrgsw-gcc-14.3.0/include/c++/14.3.0/cstdint:38,
warning: librocksdb-sys@0.17.3+10.4.2:                  from <command-line>:
warning: librocksdb-sys@0.17.3+10.4.2: /nix/store/gi4cz4ir3zlwhf1azqfgxqdnczfrwsr7-glibc-2.40-66-dev/include/features.h:422:4: warning: #warning _FORTIFY_SOURCE requires compiling with optimization (-O) [-Wcpp]
warning: librocksdb-sys@0.17.3+10.4.2:   422 | #  warning _FORTIFY_SOURCE requires compiling with optimization (-O)
warning: librocksdb-sys@0.17.3+10.4.2:       |    ^~~~~~~
warning: librocksdb-sys@0.17.3+10.4.2: In file included from /nix/store/kzq78n13l8w24jn8bx4djj79k5j717f1-gcc-14.3.0/include/c++/14.3.0/x86_64-unknown-linux-gnu/bits/os_defines.h:39,
warning: librocksdb-sys@0.17.3+10.4.2:                  from /nix/store/kzq78n13l8w24jn8bx4djj79k5j717f1-gcc-14.3.0/include/c++/14.3.0/x86_64-unknown-linux-gnu/bits/c++config.h:683,
warning: librocksdb-sys@0.17.3+10.4.2:                  from /nix/store/82kmz7r96navanrc2fgckh2bamiqrgsw-gcc-14.3.0/include/c++/14.3.0/cstdint:38,
warning: librocksdb-sys@0.17.3+10.4.2:                  from <command-line>:
warning: librocksdb-sys@0.17.3+10.4.2: /nix/store/gi4cz4ir3zlwhf1azqfgxqdnczfrwsr7-glibc-2.40-66-dev/include/features.h:422:4: warning: #warning _FORTIFY_SOURCE requires compiling with optimization (-O) [-Wcpp]
warning: librocksdb-sys@0.17.3+10.4.2:   422 | #  warning _FORTIFY_SOURCE requires compiling with optimization (-O)
warning: librocksdb-sys@0.17.3+10.4.2:       |    ^~~~~~~
warning: librocksdb-sys@0.17.3+10.4.2: In file included from /nix/store/kzq78n13l8w24jn8bx4djj79k5j717f1-gcc-14.3.0/include/c++/14.3.0/x86_64-unknown-linux-gnu/bits/os_defines.h:39,
warning: librocksdb-sys@0.17.3+10.4.2:                  from /nix/store/kzq78n13l8w24jn8bx4djj79k5j717f1-gcc-14.3.0/include/c++/14.3.0/x86_64-unknown-linux-gnu/bits/c++config.h:683,
warning: librocksdb-sys@0.17.3+10.4.2:                  from /nix/store/82kmz7r96navanrc2fgckh2bamiqrgsw-gcc-14.3.0/include/c++/14.3.0/cstdint:38,
warning: librocksdb-sys@0.17.3+10.4.2:                  from <command-line>:
warning: librocksdb-sys@0.17.3+10.4.2: /nix/store/gi4cz4ir3zlwhf1azqfgxqdnczfrwsr7-glibc-2.40-66-dev/include/features.h:422:4: warning: #warning _FORTIFY_SOURCE requires compiling with optimization (-O) [-Wcpp]
warning: librocksdb-sys@0.17.3+10.4.2:   422 | #  warning _FORTIFY_SOURCE requires compiling with optimization (-O)
warning: librocksdb-sys@0.17.3+10.4.2:       |    ^~~~~~~
warning: librocksdb-sys@0.17.3+10.4.2: In file included from /nix/store/kzq78n13l8w24jn8bx4djj79k5j717f1-gcc-14.3.0/include/c++/14.3.0/x86_64-unknown-linux-gnu/bits/os_defines.h:39,
warning: librocksdb-sys@0.17.3+10.4.2:                  from /nix/store/kzq78n13l8w24jn8bx4djj79k5j717f1-gcc-14.3.0/include/c++/14.3.0/x86_64-unknown-linux-gnu/bits/c++config.h:683,
warning: librocksdb-sys@0.17.3+10.4.2:                  from /nix/store/82kmz7r96navanrc2fgckh2bamiqrgsw-gcc-14.3.0/include/c++/14.3.0/cstdint:38,
warning: librocksdb-sys@0.17.3+10.4.2:                  from <command-line>:
warning: librocksdb-sys@0.17.3+10.4.2: /nix/store/gi4cz4ir3zlwhf1azqfgxqdnczfrwsr7-glibc-2.40-66-dev/include/features.h:422:4: warning: #warning _FORTIFY_SOURCE requires compiling with optimization (-O) [-Wcpp]
warning: librocksdb-sys@0.17.3+10.4.2:   422 | #  warning _FORTIFY_SOURCE requires compiling with optimization (-O)
warning: librocksdb-sys@0.17.3+10.4.2:       |    ^~~~~~~
warning: librocksdb-sys@0.17.3+10.4.2: In file included from /nix/store/kzq78n13l8w24jn8bx4djj79k5j717f1-gcc-14.3.0/include/c++/14.3.0/x86_64-unknown-linux-gnu/bits/os_defines.h:39,
warning: librocksdb-sys@0.17.3+10.4.2:                  from /nix/store/kzq78n13l8w24jn8bx4djj79k5j717f1-gcc-14.3.0/include/c++/14.3.0/x86_64-unknown-linux-gnu/bits/c++config.h:683,
warning: librocksdb-sys@0.17.3+10.4.2:                  from /nix/store/82kmz7r96navanrc2fgckh2bamiqrgsw-gcc-14.3.0/include/c++/14.3.0/cstdint:38,
warning: librocksdb-sys@0.17.3+10.4.2:                  from <command-line>:
warning: librocksdb-sys@0.17.3+10.4.2: /nix/store/gi4cz4ir3zlwhf1azqfgxqdnczfrwsr7-glibc-2.40-66-dev/include/features.h:422:4: warning: #warning _FORTIFY_SOURCE requires compiling with optimization (-O) [-Wcpp]
warning: librocksdb-sys@0.17.3+10.4.2:   422 | #  warning _FORTIFY_SOURCE requires compiling with optimization (-O)
warning: librocksdb-sys@0.17.3+10.4.2:       |    ^~~~~~~
warning: librocksdb-sys@0.17.3+10.4.2: In file included from /nix/store/kzq78n13l8w24jn8bx4djj79k5j717f1-gcc-14.3.0/include/c++/14.3.0/x86_64-unknown-linux-gnu/bits/os_defines.h:39,
warning: librocksdb-sys@0.17.3+10.4.2:                  from /nix/store/kzq78n13l8w24jn8bx4djj79k5j717f1-gcc-14.3.0/include/c++/14.3.0/x86_64-unknown-linux-gnu/bits/c++config.h:683,
warning: librocksdb-sys@0.17.3+10.4.2:                  from /nix/store/82kmz7r96navanrc2fgckh2bamiqrgsw-gcc-14.3.0/include/c++/14.3.0/cstdint:38,
warning: librocksdb-sys@0.17.3+10.4.2:                  from <command-line>:
warning: librocksdb-sys@0.17.3+10.4.2: /nix/store/gi4cz4ir3zlwhf1azqfgxqdnczfrwsr7-glibc-2.40-66-dev/include/features.h:422:4: warning: #warning _FORTIFY_SOURCE requires compiling with optimization (-O) [-Wcpp]
warning: librocksdb-sys@0.17.3+10.4.2:   422 | #  warning _FORTIFY_SOURCE requires compiling with optimization (-O)
warning: librocksdb-sys@0.17.3+10.4.2:       |    ^~~~~~~
warning: librocksdb-sys@0.17.3+10.4.2: In file included from /nix/store/kzq78n13l8w24jn8bx4djj79k5j717f1-gcc-14.3.0/include/c++/14.3.0/x86_64-unknown-linux-gnu/bits/os_defines.h:39,
warning: librocksdb-sys@0.17.3+10.4.2:                  from /nix/store/kzq78n13l8w24jn8bx4djj79k5j717f1-gcc-14.3.0/include/c++/14.3.0/x86_64-unknown-linux-gnu/bits/c++config.h:683,
warning: librocksdb-sys@0.17.3+10.4.2:                  from /nix/store/82kmz7r96navanrc2fgckh2bamiqrgsw-gcc-14.3.0/include/c++/14.3.0/cstdint:38,
warning: librocksdb-sys@0.17.3+10.4.2:                  from <command-line>:
warning: librocksdb-sys@0.17.3+10.4.2: /nix/store/gi4cz4ir3zlwhf1azqfgxqdnczfrwsr7-glibc-2.40-66-dev/include/features.h:422:4: warning: #warning _FORTIFY_SOURCE requires compiling with optimization (-O) [-Wcpp]
warning: librocksdb-sys@0.17.3+10.4.2:   422 | #  warning _FORTIFY_SOURCE requires compiling with optimization (-O)
warning: librocksdb-sys@0.17.3+10.4.2:       |    ^~~~~~~
warning: librocksdb-sys@0.17.3+10.4.2: In file included from /nix/store/kzq78n13l8w24jn8bx4djj79k5j717f1-gcc-14.3.0/include/c++/14.3.0/x86_64-unknown-linux-gnu/bits/os_defines.h:39,
warning: librocksdb-sys@0.17.3+10.4.2:                  from /nix/store/kzq78n13l8w24jn8bx4djj79k5j717f1-gcc-14.3.0/include/c++/14.3.0/x86_64-unknown-linux-gnu/bits/c++config.h:683,
warning: librocksdb-sys@0.17.3+10.4.2:                  from /nix/store/82kmz7r96navanrc2fgckh2bamiqrgsw-gcc-14.3.0/include/c++/14.3.0/cstdint:38,
warning: librocksdb-sys@0.17.3+10.4.2:                  from <command-line>:
warning: librocksdb-sys@0.17.3+10.4.2: /nix/store/gi4cz4ir3zlwhf1azqfgxqdnczfrwsr7-glibc-2.40-66-dev/include/features.h:422:4: warning: #warning _FORTIFY_SOURCE requires compiling with optimization (-O) [-Wcpp]
warning: librocksdb-sys@0.17.3+10.4.2:   422 | #  warning _FORTIFY_SOURCE requires compiling with optimization (-O)
warning: librocksdb-sys@0.17.3+10.4.2:       |    ^~~~~~~
warning: librocksdb-sys@0.17.3+10.4.2: In file included from /nix/store/kzq78n13l8w24jn8bx4djj79k5j717f1-gcc-14.3.0/include/c++/14.3.0/x86_64-unknown-linux-gnu/bits/os_defines.h:39,
warning: librocksdb-sys@0.17.3+10.4.2:                  from /nix/store/kzq78n13l8w24jn8bx4djj79k5j717f1-gcc-14.3.0/include/c++/14.3.0/x86_64-unknown-linux-gnu/bits/c++config.h:683,
warning: librocksdb-sys@0.17.3+10.4.2:                  from /nix/store/82kmz7r96navanrc2fgckh2bamiqrgsw-gcc-14.3.0/include/c++/14.3.0/cstdint:38,
warning: librocksdb-sys@0.17.3+10.4.2:                  from <command-line>:
warning: librocksdb-sys@0.17.3+10.4.2: /nix/store/gi4cz4ir3zlwhf1azqfgxqdnczfrwsr7-glibc-2.40-66-dev/include/features.h:422:4: warning: #warning _FORTIFY_SOURCE requires compiling with optimization (-O) [-Wcpp]
warning: librocksdb-sys@0.17.3+10.4.2:   422 | #  warning _FORTIFY_SOURCE requires compiling with optimization (-O)
warning: librocksdb-sys@0.17.3+10.4.2:       |    ^~~~~~~
warning: librocksdb-sys@0.17.3+10.4.2: In file included from /nix/store/kzq78n13l8w24jn8bx4djj79k5j717f1-gcc-14.3.0/include/c++/14.3.0/x86_64-unknown-linux-gnu/bits/os_defines.h:39,
warning: librocksdb-sys@0.17.3+10.4.2:                  from /nix/store/kzq78n13l8w24jn8bx4djj79k5j717f1-gcc-14.3.0/include/c++/14.3.0/x86_64-unknown-linux-gnu/bits/c++config.h:683,
warning: librocksdb-sys@0.17.3+10.4.2:                  from /nix/store/82kmz7r96navanrc2fgckh2bamiqrgsw-gcc-14.3.0/include/c++/14.3.0/cstdint:38,
warning: librocksdb-sys@0.17.3+10.4.2:                  from <command-line>:
warning: librocksdb-sys@0.17.3+10.4.2: /nix/store/gi4cz4ir3zlwhf1azqfgxqdnczfrwsr7-glibc-2.40-66-dev/include/features.h:422:4: warning: #warning _FORTIFY_SOURCE requires compiling with optimization (-O) [-Wcpp]
warning: librocksdb-sys@0.17.3+10.4.2:   422 | #  warning _FORTIFY_SOURCE requires compiling with optimization (-O)
warning: librocksdb-sys@0.17.3+10.4.2:       |    ^~~~~~~
warning: librocksdb-sys@0.17.3+10.4.2: In file included from /nix/store/kzq78n13l8w24jn8bx4djj79k5j717f1-gcc-14.3.0/include/c++/14.3.0/x86_64-unknown-linux-gnu/bits/os_defines.h:39,
warning: librocksdb-sys@0.17.3+10.4.2:                  from /nix/store/kzq78n13l8w24jn8bx4djj79k5j717f1-gcc-14.3.0/include/c++/14.3.0/x86_64-unknown-linux-gnu/bits/c++config.h:683,
warning: librocksdb-sys@0.17.3+10.4.2:                  from /nix/store/82kmz7r96navanrc2fgckh2bamiqrgsw-gcc-14.3.0/include/c++/14.3.0/cstdint:38,
warning: librocksdb-sys@0.17.3+10.4.2:                  from <command-line>:
warning: librocksdb-sys@0.17.3+10.4.2: /nix/store/gi4cz4ir3zlwhf1azqfgxqdnczfrwsr7-glibc-2.40-66-dev/include/features.h:422:4: warning: #warning _FORTIFY_SOURCE requires compiling with optimization (-O) [-Wcpp]
warning: librocksdb-sys@0.17.3+10.4.2:   422 | #  warning _FORTIFY_SOURCE requires compiling with optimization (-O)
warning: librocksdb-sys@0.17.3+10.4.2:       |    ^~~~~~~
warning: librocksdb-sys@0.17.3+10.4.2: In file included from /nix/store/kzq78n13l8w24jn8bx4djj79k5j717f1-gcc-14.3.0/include/c++/14.3.0/x86_64-unknown-linux-gnu/bits/os_defines.h:39,
warning: librocksdb-sys@0.17.3+10.4.2:                  from /nix/store/kzq78n13l8w24jn8bx4djj79k5j717f1-gcc-14.3.0/include/c++/14.3.0/x86_64-unknown-linux-gnu/bits/c++config.h:683,
warning: librocksdb-sys@0.17.3+10.4.2:                  from /nix/store/82kmz7r96navanrc2fgckh2bamiqrgsw-gcc-14.3.0/include/c++/14.3.0/cstdint:38,
warning: librocksdb-sys@0.17.3+10.4.2:                  from <command-line>:
warning: librocksdb-sys@0.17.3+10.4.2: /nix/store/gi4cz4ir3zlwhf1azqfgxqdnczfrwsr7-glibc-2.40-66-dev/include/features.h:422:4: warning: #warning _FORTIFY_SOURCE requires compiling with optimization (-O) [-Wcpp]
warning: librocksdb-sys@0.17.3+10.4.2:   422 | #  warning _FORTIFY_SOURCE requires compiling with optimization (-O)
warning: librocksdb-sys@0.17.3+10.4.2:       |    ^~~~~~~
warning: librocksdb-sys@0.17.3+10.4.2: In file included from /nix/store/kzq78n13l8w24jn8bx4djj79k5j717f1-gcc-14.3.0/include/c++/14.3.0/x86_64-unknown-linux-gnu/bits/os_defines.h:39,
warning: librocksdb-sys@0.17.3+10.4.2:                  from /nix/store/kzq78n13l8w24jn8bx4djj79k5j717f1-gcc-14.3.0/include/c++/14.3.0/x86_64-unknown-linux-gnu/bits/c++config.h:683,
warning: librocksdb-sys@0.17.3+10.4.2:                  from /nix/store/82kmz7r96navanrc2fgckh2bamiqrgsw-gcc-14.3.0/include/c++/14.3.0/cstdint:38,
warning: librocksdb-sys@0.17.3+10.4.2:                  from <command-line>:
warning: librocksdb-sys@0.17.3+10.4.2: /nix/store/gi4cz4ir3zlwhf1azqfgxqdnczfrwsr7-glibc-2.40-66-dev/include/features.h:422:4: warning: #warning _FORTIFY_SOURCE requires compiling with optimization (-O) [-Wcpp]
warning: librocksdb-sys@0.17.3+10.4.2:   422 | #  warning _FORTIFY_SOURCE requires compiling with optimization (-O)
warning: librocksdb-sys@0.17.3+10.4.2:       |    ^~~~~~~
warning: librocksdb-sys@0.17.3+10.4.2: In file included from /nix/store/kzq78n13l8w24jn8bx4djj79k5j717f1-gcc-14.3.0/include/c++/14.3.0/x86_64-unknown-linux-gnu/bits/os_defines.h:39,
warning: librocksdb-sys@0.17.3+10.4.2:                  from /nix/store/kzq78n13l8w24jn8bx4djj79k5j717f1-gcc-14.3.0/include/c++/14.3.0/x86_64-unknown-linux-gnu/bits/c++config.h:683,
warning: librocksdb-sys@0.17.3+10.4.2:                  from /nix/store/82kmz7r96navanrc2fgckh2bamiqrgsw-gcc-14.3.0/include/c++/14.3.0/cstdint:38,
warning: librocksdb-sys@0.17.3+10.4.2:                  from <command-line>:
warning: librocksdb-sys@0.17.3+10.4.2: /nix/store/gi4cz4ir3zlwhf1azqfgxqdnczfrwsr7-glibc-2.40-66-dev/include/features.h:422:4: warning: #warning _FORTIFY_SOURCE requires compiling with optimization (-O) [-Wcpp]
warning: librocksdb-sys@0.17.3+10.4.2:   422 | #  warning _FORTIFY_SOURCE requires compiling with optimization (-O)
warning: librocksdb-sys@0.17.3+10.4.2:       |    ^~~~~~~
warning: librocksdb-sys@0.17.3+10.4.2: In file included from /nix/store/kzq78n13l8w24jn8bx4djj79k5j717f1-gcc-14.3.0/include/c++/14.3.0/x86_64-unknown-linux-gnu/bits/os_defines.h:39,
warning: librocksdb-sys@0.17.3+10.4.2:                  from /nix/store/kzq78n13l8w24jn8bx4djj79k5j717f1-gcc-14.3.0/include/c++/14.3.0/x86_64-unknown-linux-gnu/bits/c++config.h:683,
warning: librocksdb-sys@0.17.3+10.4.2:                  from /nix/store/82kmz7r96navanrc2fgckh2bamiqrgsw-gcc-14.3.0/include/c++/14.3.0/cstdint:38,
warning: librocksdb-sys@0.17.3+10.4.2:                  from <command-line>:
warning: librocksdb-sys@0.17.3+10.4.2: /nix/store/gi4cz4ir3zlwhf1azqfgxqdnczfrwsr7-glibc-2.40-66-dev/include/features.h:422:4: warning: #warning _FORTIFY_SOURCE requires compiling with optimization (-O) [-Wcpp]
warning: librocksdb-sys@0.17.3+10.4.2:   422 | #  warning _FORTIFY_SOURCE requires compiling with optimization (-O)
warning: librocksdb-sys@0.17.3+10.4.2:       |    ^~~~~~~
warning: librocksdb-sys@0.17.3+10.4.2: In file included from /nix/store/kzq78n13l8w24jn8bx4djj79k5j717f1-gcc-14.3.0/include/c++/14.3.0/x86_64-unknown-linux-gnu/bits/os_defines.h:39,
warning: librocksdb-sys@0.17.3+10.4.2:                  from /nix/store/kzq78n13l8w24jn8bx4djj79k5j717f1-gcc-14.3.0/include/c++/14.3.0/x86_64-unknown-linux-gnu/bits/c++config.h:683,
warning: librocksdb-sys@0.17.3+10.4.2:                  from /nix/store/82kmz7r96navanrc2fgckh2bamiqrgsw-gcc-14.3.0/include/c++/14.3.0/cstdint:38,
warning: librocksdb-sys@0.17.3+10.4.2:                  from <command-line>:
warning: librocksdb-sys@0.17.3+10.4.2: /nix/store/gi4cz4ir3zlwhf1azqfgxqdnczfrwsr7-glibc-2.40-66-dev/include/features.h:422:4: warning: #warning _FORTIFY_SOURCE requires compiling with optimization (-O) [-Wcpp]
warning: librocksdb-sys@0.17.3+10.4.2:   422 | #  warning _FORTIFY_SOURCE requires compiling with optimization (-O)
warning: librocksdb-sys@0.17.3+10.4.2:       |    ^~~~~~~
warning: librocksdb-sys@0.17.3+10.4.2: In file included from /nix/store/kzq78n13l8w24jn8bx4djj79k5j717f1-gcc-14.3.0/include/c++/14.3.0/x86_64-unknown-linux-gnu/bits/os_defines.h:39,
warning: librocksdb-sys@0.17.3+10.4.2:                  from /nix/store/kzq78n13l8w24jn8bx4djj79k5j717f1-gcc-14.3.0/include/c++/14.3.0/x86_64-unknown-linux-gnu/bits/c++config.h:683,
warning: librocksdb-sys@0.17.3+10.4.2:                  from /nix/store/82kmz7r96navanrc2fgckh2bamiqrgsw-gcc-14.3.0/include/c++/14.3.0/cstdint:38,
warning: librocksdb-sys@0.17.3+10.4.2:                  from <command-line>:
warning: librocksdb-sys@0.17.3+10.4.2: /nix/store/gi4cz4ir3zlwhf1azqfgxqdnczfrwsr7-glibc-2.40-66-dev/include/features.h:422:4: warning: #warning _FORTIFY_SOURCE requires compiling with optimization (-O) [-Wcpp]
warning: librocksdb-sys@0.17.3+10.4.2:   422 | #  warning _FORTIFY_SOURCE requires compiling with optimization (-O)
warning: librocksdb-sys@0.17.3+10.4.2:       |    ^~~~~~~
warning: librocksdb-sys@0.17.3+10.4.2: In file included from /nix/store/kzq78n13l8w24jn8bx4djj79k5j717f1-gcc-14.3.0/include/c++/14.3.0/x86_64-unknown-linux-gnu/bits/os_defines.h:39,
warning: librocksdb-sys@0.17.3+10.4.2:                  from /nix/store/kzq78n13l8w24jn8bx4djj79k5j717f1-gcc-14.3.0/include/c++/14.3.0/x86_64-unknown-linux-gnu/bits/c++config.h:683,
warning: librocksdb-sys@0.17.3+10.4.2:                  from /nix/store/82kmz7r96navanrc2fgckh2bamiqrgsw-gcc-14.3.0/include/c++/14.3.0/cstdint:38,
warning: librocksdb-sys@0.17.3+10.4.2:                  from <command-line>:
warning: librocksdb-sys@0.17.3+10.4.2: /nix/store/gi4cz4ir3zlwhf1azqfgxqdnczfrwsr7-glibc-2.40-66-dev/include/features.h:422:4: warning: #warning _FORTIFY_SOURCE requires compiling with optimization (-O) [-Wcpp]
warning: librocksdb-sys@0.17.3+10.4.2:   422 | #  warning _FORTIFY_SOURCE requires compiling with optimization (-O)
warning: librocksdb-sys@0.17.3+10.4.2:       |    ^~~~~~~
warning: librocksdb-sys@0.17.3+10.4.2: In file included from /nix/store/kzq78n13l8w24jn8bx4djj79k5j717f1-gcc-14.3.0/include/c++/14.3.0/x86_64-unknown-linux-gnu/bits/os_defines.h:39,
warning: librocksdb-sys@0.17.3+10.4.2:                  from /nix/store/kzq78n13l8w24jn8bx4djj79k5j717f1-gcc-14.3.0/include/c++/14.3.0/x86_64-unknown-linux-gnu/bits/c++config.h:683,
warning: librocksdb-sys@0.17.3+10.4.2:                  from /nix/store/82kmz7r96navanrc2fgckh2bamiqrgsw-gcc-14.3.0/include/c++/14.3.0/cstdint:38,
warning: librocksdb-sys@0.17.3+10.4.2:                  from <command-line>:
warning: librocksdb-sys@0.17.3+10.4.2: /nix/store/gi4cz4ir3zlwhf1azqfgxqdnczfrwsr7-glibc-2.40-66-dev/include/features.h:422:4: warning: #warning _FORTIFY_SOURCE requires compiling with optimization (-O) [-Wcpp]
warning: librocksdb-sys@0.17.3+10.4.2:   422 | #  warning _FORTIFY_SOURCE requires compiling with optimization (-O)
warning: librocksdb-sys@0.17.3+10.4.2:       |    ^~~~~~~
warning: librocksdb-sys@0.17.3+10.4.2: In file included from /nix/store/kzq78n13l8w24jn8bx4djj79k5j717f1-gcc-14.3.0/include/c++/14.3.0/x86_64-unknown-linux-gnu/bits/os_defines.h:39,
warning: librocksdb-sys@0.17.3+10.4.2:                  from /nix/store/kzq78n13l8w24jn8bx4djj79k5j717f1-gcc-14.3.0/include/c++/14.3.0/x86_64-unknown-linux-gnu/bits/c++config.h:683,
warning: librocksdb-sys@0.17.3+10.4.2:                  from /nix/store/82kmz7r96navanrc2fgckh2bamiqrgsw-gcc-14.3.0/include/c++/14.3.0/cstdint:38,
warning: librocksdb-sys@0.17.3+10.4.2:                  from <command-line>:
warning: librocksdb-sys@0.17.3+10.4.2: /nix/store/gi4cz4ir3zlwhf1azqfgxqdnczfrwsr7-glibc-2.40-66-dev/include/features.h:422:4: warning: #warning _FORTIFY_SOURCE requires compiling with optimization (-O) [-Wcpp]
warning: librocksdb-sys@0.17.3+10.4.2:   422 | #  warning _FORTIFY_SOURCE requires compiling with optimization (-O)
warning: librocksdb-sys@0.17.3+10.4.2:       |    ^~~~~~~
warning: librocksdb-sys@0.17.3+10.4.2: In file included from /nix/store/kzq78n13l8w24jn8bx4djj79k5j717f1-gcc-14.3.0/include/c++/14.3.0/x86_64-unknown-linux-gnu/bits/os_defines.h:39,
warning: librocksdb-sys@0.17.3+10.4.2:                  from /nix/store/kzq78n13l8w24jn8bx4djj79k5j717f1-gcc-14.3.0/include/c++/14.3.0/x86_64-unknown-linux-gnu/bits/c++config.h:683,
warning: librocksdb-sys@0.17.3+10.4.2:                  from /nix/store/82kmz7r96navanrc2fgckh2bamiqrgsw-gcc-14.3.0/include/c++/14.3.0/cstdint:38,
warning: librocksdb-sys@0.17.3+10.4.2:                  from <command-line>:
warning: librocksdb-sys@0.17.3+10.4.2: /nix/store/gi4cz4ir3zlwhf1azqfgxqdnczfrwsr7-glibc-2.40-66-dev/include/features.h:422:4: warning: #warning _FORTIFY_SOURCE requires compiling with optimization (-O) [-Wcpp]
warning: librocksdb-sys@0.17.3+10.4.2:   422 | #  warning _FORTIFY_SOURCE requires compiling with optimization (-O)
warning: librocksdb-sys@0.17.3+10.4.2:       |    ^~~~~~~
warning: librocksdb-sys@0.17.3+10.4.2: In file included from /nix/store/kzq78n13l8w24jn8bx4djj79k5j717f1-gcc-14.3.0/include/c++/14.3.0/x86_64-unknown-linux-gnu/bits/os_defines.h:39,
warning: librocksdb-sys@0.17.3+10.4.2:                  from /nix/store/kzq78n13l8w24jn8bx4djj79k5j717f1-gcc-14.3.0/include/c++/14.3.0/x86_64-unknown-linux-gnu/bits/c++config.h:683,
warning: librocksdb-sys@0.17.3+10.4.2:                  from /nix/store/82kmz7r96navanrc2fgckh2bamiqrgsw-gcc-14.3.0/include/c++/14.3.0/cstdint:38,
warning: librocksdb-sys@0.17.3+10.4.2:                  from <command-line>:
warning: librocksdb-sys@0.17.3+10.4.2: /nix/store/gi4cz4ir3zlwhf1azqfgxqdnczfrwsr7-glibc-2.40-66-dev/include/features.h:422:4: warning: #warning _FORTIFY_SOURCE requires compiling with optimization (-O) [-Wcpp]
warning: librocksdb-sys@0.17.3+10.4.2:   422 | #  warning _FORTIFY_SOURCE requires compiling with optimization (-O)
warning: librocksdb-sys@0.17.3+10.4.2:       |    ^~~~~~~
warning: librocksdb-sys@0.17.3+10.4.2: In file included from /nix/store/kzq78n13l8w24jn8bx4djj79k5j717f1-gcc-14.3.0/include/c++/14.3.0/x86_64-unknown-linux-gnu/bits/os_defines.h:39,
warning: librocksdb-sys@0.17.3+10.4.2:                  from /nix/store/kzq78n13l8w24jn8bx4djj79k5j717f1-gcc-14.3.0/include/c++/14.3.0/x86_64-unknown-linux-gnu/bits/c++config.h:683,
warning: librocksdb-sys@0.17.3+10.4.2:                  from /nix/store/82kmz7r96navanrc2fgckh2bamiqrgsw-gcc-14.3.0/include/c++/14.3.0/cstdint:38,
warning: librocksdb-sys@0.17.3+10.4.2:                  from <command-line>:
warning: librocksdb-sys@0.17.3+10.4.2: /nix/store/gi4cz4ir3zlwhf1azqfgxqdnczfrwsr7-glibc-2.40-66-dev/include/features.h:422:4: warning: #warning _FORTIFY_SOURCE requires compiling with optimization (-O) [-Wcpp]
warning: librocksdb-sys@0.17.3+10.4.2:   422 | #  warning _FORTIFY_SOURCE requires compiling with optimization (-O)
warning: librocksdb-sys@0.17.3+10.4.2:       |    ^~~~~~~
warning: librocksdb-sys@0.17.3+10.4.2: In file included from /nix/store/kzq78n13l8w24jn8bx4djj79k5j717f1-gcc-14.3.0/include/c++/14.3.0/x86_64-unknown-linux-gnu/bits/os_defines.h:39,
warning: librocksdb-sys@0.17.3+10.4.2:                  from /nix/store/kzq78n13l8w24jn8bx4djj79k5j717f1-gcc-14.3.0/include/c++/14.3.0/x86_64-unknown-linux-gnu/bits/c++config.h:683,
warning: librocksdb-sys@0.17.3+10.4.2:                  from /nix/store/82kmz7r96navanrc2fgckh2bamiqrgsw-gcc-14.3.0/include/c++/14.3.0/cstdint:38,
warning: librocksdb-sys@0.17.3+10.4.2:                  from <command-line>:
warning: librocksdb-sys@0.17.3+10.4.2: /nix/store/gi4cz4ir3zlwhf1azqfgxqdnczfrwsr7-glibc-2.40-66-dev/include/features.h:422:4: warning: #warning _FORTIFY_SOURCE requires compiling with optimization (-O) [-Wcpp]
warning: librocksdb-sys@0.17.3+10.4.2:   422 | #  warning _FORTIFY_SOURCE requires compiling with optimization (-O)
warning: librocksdb-sys@0.17.3+10.4.2:       |    ^~~~~~~
warning: librocksdb-sys@0.17.3+10.4.2: In file included from /nix/store/kzq78n13l8w24jn8bx4djj79k5j717f1-gcc-14.3.0/include/c++/14.3.0/x86_64-unknown-linux-gnu/bits/os_defines.h:39,
warning: librocksdb-sys@0.17.3+10.4.2:                  from /nix/store/kzq78n13l8w24jn8bx4djj79k5j717f1-gcc-14.3.0/include/c++/14.3.0/x86_64-unknown-linux-gnu/bits/c++config.h:683,
warning: librocksdb-sys@0.17.3+10.4.2:                  from /nix/store/82kmz7r96navanrc2fgckh2bamiqrgsw-gcc-14.3.0/include/c++/14.3.0/cstdint:38,
warning: librocksdb-sys@0.17.3+10.4.2:                  from <command-line>:
warning: librocksdb-sys@0.17.3+10.4.2: /nix/store/gi4cz4ir3zlwhf1azqfgxqdnczfrwsr7-glibc-2.40-66-dev/include/features.h:422:4: warning: #warning _FORTIFY_SOURCE requires compiling with optimization (-O) [-Wcpp]
warning: librocksdb-sys@0.17.3+10.4.2:   422 | #  warning _FORTIFY_SOURCE requires compiling with optimization (-O)
warning: librocksdb-sys@0.17.3+10.4.2:       |    ^~~~~~~
warning: librocksdb-sys@0.17.3+10.4.2: In file included from /nix/store/kzq78n13l8w24jn8bx4djj79k5j717f1-gcc-14.3.0/include/c++/14.3.0/x86_64-unknown-linux-gnu/bits/os_defines.h:39,
warning: librocksdb-sys@0.17.3+10.4.2:                  from /nix/store/kzq78n13l8w24jn8bx4djj79k5j717f1-gcc-14.3.0/include/c++/14.3.0/x86_64-unknown-linux-gnu/bits/c++config.h:683,
warning: librocksdb-sys@0.17.3+10.4.2:                  from /nix/store/82kmz7r96navanrc2fgckh2bamiqrgsw-gcc-14.3.0/include/c++/14.3.0/cstdint:38,
warning: librocksdb-sys@0.17.3+10.4.2:                  from <command-line>:
warning: librocksdb-sys@0.17.3+10.4.2: /nix/store/gi4cz4ir3zlwhf1azqfgxqdnczfrwsr7-glibc-2.40-66-dev/include/features.h:422:4: warning: #warning _FORTIFY_SOURCE requires compiling with optimization (-O) [-Wcpp]
warning: librocksdb-sys@0.17.3+10.4.2:   422 | #  warning _FORTIFY_SOURCE requires compiling with optimization (-O)
warning: librocksdb-sys@0.17.3+10.4.2:       |    ^~~~~~~
warning: librocksdb-sys@0.17.3+10.4.2: In file included from /nix/store/kzq78n13l8w24jn8bx4djj79k5j717f1-gcc-14.3.0/include/c++/14.3.0/x86_64-unknown-linux-gnu/bits/os_defines.h:39,
warning: librocksdb-sys@0.17.3+10.4.2:                  from /nix/store/kzq78n13l8w24jn8bx4djj79k5j717f1-gcc-14.3.0/include/c++/14.3.0/x86_64-unknown-linux-gnu/bits/c++config.h:683,
warning: librocksdb-sys@0.17.3+10.4.2:                  from /nix/store/82kmz7r96navanrc2fgckh2bamiqrgsw-gcc-14.3.0/include/c++/14.3.0/cstdint:38,
warning: librocksdb-sys@0.17.3+10.4.2:                  from <command-line>:
warning: librocksdb-sys@0.17.3+10.4.2: /nix/store/gi4cz4ir3zlwhf1azqfgxqdnczfrwsr7-glibc-2.40-66-dev/include/features.h:422:4: warning: #warning _FORTIFY_SOURCE requires compiling with optimization (-O) [-Wcpp]
warning: librocksdb-sys@0.17.3+10.4.2:   422 | #  warning _FORTIFY_SOURCE requires compiling with optimization (-O)
warning: librocksdb-sys@0.17.3+10.4.2:       |    ^~~~~~~
warning: librocksdb-sys@0.17.3+10.4.2: In file included from /nix/store/kzq78n13l8w24jn8bx4djj79k5j717f1-gcc-14.3.0/include/c++/14.3.0/x86_64-unknown-linux-gnu/bits/os_defines.h:39,
warning: librocksdb-sys@0.17.3+10.4.2:                  from /nix/store/kzq78n13l8w24jn8bx4djj79k5j717f1-gcc-14.3.0/include/c++/14.3.0/x86_64-unknown-linux-gnu/bits/c++config.h:683,
warning: librocksdb-sys@0.17.3+10.4.2:                  from /nix/store/82kmz7r96navanrc2fgckh2bamiqrgsw-gcc-14.3.0/include/c++/14.3.0/cstdint:38,
warning: librocksdb-sys@0.17.3+10.4.2:                  from <command-line>:
warning: librocksdb-sys@0.17.3+10.4.2: /nix/store/gi4cz4ir3zlwhf1azqfgxqdnczfrwsr7-glibc-2.40-66-dev/include/features.h:422:4: warning: #warning _FORTIFY_SOURCE requires compiling with optimization (-O) [-Wcpp]
warning: librocksdb-sys@0.17.3+10.4.2:   422 | #  warning _FORTIFY_SOURCE requires compiling with optimization (-O)
warning: librocksdb-sys@0.17.3+10.4.2:       |    ^~~~~~~
warning: librocksdb-sys@0.17.3+10.4.2: In file included from /nix/store/kzq78n13l8w24jn8bx4djj79k5j717f1-gcc-14.3.0/include/c++/14.3.0/x86_64-unknown-linux-gnu/bits/os_defines.h:39,
warning: librocksdb-sys@0.17.3+10.4.2:                  from /nix/store/kzq78n13l8w24jn8bx4djj79k5j717f1-gcc-14.3.0/include/c++/14.3.0/x86_64-unknown-linux-gnu/bits/c++config.h:683,
warning: librocksdb-sys@0.17.3+10.4.2:                  from /nix/store/82kmz7r96navanrc2fgckh2bamiqrgsw-gcc-14.3.0/include/c++/14.3.0/cstdint:38,
warning: librocksdb-sys@0.17.3+10.4.2:                  from <command-line>:
warning: librocksdb-sys@0.17.3+10.4.2: /nix/store/gi4cz4ir3zlwhf1azqfgxqdnczfrwsr7-glibc-2.40-66-dev/include/features.h:422:4: warning: #warning _FORTIFY_SOURCE requires compiling with optimization (-O) [-Wcpp]
warning: librocksdb-sys@0.17.3+10.4.2:   422 | #  warning _FORTIFY_SOURCE requires compiling with optimization (-O)
warning: librocksdb-sys@0.17.3+10.4.2:       |    ^~~~~~~
warning: librocksdb-sys@0.17.3+10.4.2: In file included from /nix/store/kzq78n13l8w24jn8bx4djj79k5j717f1-gcc-14.3.0/include/c++/14.3.0/x86_64-unknown-linux-gnu/bits/os_defines.h:39,
warning: librocksdb-sys@0.17.3+10.4.2:                  from /nix/store/kzq78n13l8w24jn8bx4djj79k5j717f1-gcc-14.3.0/include/c++/14.3.0/x86_64-unknown-linux-gnu/bits/c++config.h:683,
warning: librocksdb-sys@0.17.3+10.4.2:                  from /nix/store/82kmz7r96navanrc2fgckh2bamiqrgsw-gcc-14.3.0/include/c++/14.3.0/cstdint:38,
warning: librocksdb-sys@0.17.3+10.4.2:                  from <command-line>:
warning: librocksdb-sys@0.17.3+10.4.2: /nix/store/gi4cz4ir3zlwhf1azqfgxqdnczfrwsr7-glibc-2.40-66-dev/include/features.h:422:4: warning: #warning _FORTIFY_SOURCE requires compiling with optimization (-O) [-Wcpp]
warning: librocksdb-sys@0.17.3+10.4.2:   422 | #  warning _FORTIFY_SOURCE requires compiling with optimization (-O)
warning: librocksdb-sys@0.17.3+10.4.2:       |    ^~~~~~~
warning: librocksdb-sys@0.17.3+10.4.2: In file included from /nix/store/kzq78n13l8w24jn8bx4djj79k5j717f1-gcc-14.3.0/include/c++/14.3.0/x86_64-unknown-linux-gnu/bits/os_defines.h:39,
warning: librocksdb-sys@0.17.3+10.4.2:                  from /nix/store/kzq78n13l8w24jn8bx4djj79k5j717f1-gcc-14.3.0/include/c++/14.3.0/x86_64-unknown-linux-gnu/bits/c++config.h:683,
warning: librocksdb-sys@0.17.3+10.4.2:                  from /nix/store/82kmz7r96navanrc2fgckh2bamiqrgsw-gcc-14.3.0/include/c++/14.3.0/cstdint:38,
warning: librocksdb-sys@0.17.3+10.4.2:                  from <command-line>:
warning: librocksdb-sys@0.17.3+10.4.2: /nix/store/gi4cz4ir3zlwhf1azqfgxqdnczfrwsr7-glibc-2.40-66-dev/include/features.h:422:4: warning: #warning _FORTIFY_SOURCE requires compiling with optimization (-O) [-Wcpp]
warning: librocksdb-sys@0.17.3+10.4.2:   422 | #  warning _FORTIFY_SOURCE requires compiling with optimization (-O)
warning: librocksdb-sys@0.17.3+10.4.2:       |    ^~~~~~~
warning: librocksdb-sys@0.17.3+10.4.2: In file included from /nix/store/kzq78n13l8w24jn8bx4djj79k5j717f1-gcc-14.3.0/include/c++/14.3.0/x86_64-unknown-linux-gnu/bits/os_defines.h:39,
warning: librocksdb-sys@0.17.3+10.4.2:                  from /nix/store/kzq78n13l8w24jn8bx4djj79k5j717f1-gcc-14.3.0/include/c++/14.3.0/x86_64-unknown-linux-gnu/bits/c++config.h:683,
warning: librocksdb-sys@0.17.3+10.4.2:                  from /nix/store/82kmz7r96navanrc2fgckh2bamiqrgsw-gcc-14.3.0/include/c++/14.3.0/cstdint:38,
warning: librocksdb-sys@0.17.3+10.4.2:                  from <command-line>:
warning: librocksdb-sys@0.17.3+10.4.2: /nix/store/gi4cz4ir3zlwhf1azqfgxqdnczfrwsr7-glibc-2.40-66-dev/include/features.h:422:4: warning: #warning _FORTIFY_SOURCE requires compiling with optimization (-O) [-Wcpp]
warning: librocksdb-sys@0.17.3+10.4.2:   422 | #  warning _FORTIFY_SOURCE requires compiling with optimization (-O)
warning: librocksdb-sys@0.17.3+10.4.2:       |    ^~~~~~~
warning: librocksdb-sys@0.17.3+10.4.2: In file included from /nix/store/kzq78n13l8w24jn8bx4djj79k5j717f1-gcc-14.3.0/include/c++/14.3.0/x86_64-unknown-linux-gnu/bits/os_defines.h:39,
warning: librocksdb-sys@0.17.3+10.4.2:                  from /nix/store/kzq78n13l8w24jn8bx4djj79k5j717f1-gcc-14.3.0/include/c++/14.3.0/x86_64-unknown-linux-gnu/bits/c++config.h:683,
warning: librocksdb-sys@0.17.3+10.4.2:                  from /nix/store/82kmz7r96navanrc2fgckh2bamiqrgsw-gcc-14.3.0/include/c++/14.3.0/cstdint:38,
warning: librocksdb-sys@0.17.3+10.4.2:                  from <command-line>:
warning: librocksdb-sys@0.17.3+10.4.2: /nix/store/gi4cz4ir3zlwhf1azqfgxqdnczfrwsr7-glibc-2.40-66-dev/include/features.h:422:4: warning: #warning _FORTIFY_SOURCE requires compiling with optimization (-O) [-Wcpp]
warning: librocksdb-sys@0.17.3+10.4.2:   422 | #  warning _FORTIFY_SOURCE requires compiling with optimization (-O)
warning: librocksdb-sys@0.17.3+10.4.2:       |    ^~~~~~~
warning: librocksdb-sys@0.17.3+10.4.2: In file included from /nix/store/kzq78n13l8w24jn8bx4djj79k5j717f1-gcc-14.3.0/include/c++/14.3.0/x86_64-unknown-linux-gnu/bits/os_defines.h:39,
warning: librocksdb-sys@0.17.3+10.4.2:                  from /nix/store/kzq78n13l8w24jn8bx4djj79k5j717f1-gcc-14.3.0/include/c++/14.3.0/x86_64-unknown-linux-gnu/bits/c++config.h:683,
warning: librocksdb-sys@0.17.3+10.4.2:                  from /nix/store/82kmz7r96navanrc2fgckh2bamiqrgsw-gcc-14.3.0/include/c++/14.3.0/cstdint:38,
warning: librocksdb-sys@0.17.3+10.4.2:                  from <command-line>:
warning: librocksdb-sys@0.17.3+10.4.2: /nix/store/gi4cz4ir3zlwhf1azqfgxqdnczfrwsr7-glibc-2.40-66-dev/include/features.h:422:4: warning: #warning _FORTIFY_SOURCE requires compiling with optimization (-O) [-Wcpp]
warning: librocksdb-sys@0.17.3+10.4.2:   422 | #  warning _FORTIFY_SOURCE requires compiling with optimization (-O)
warning: librocksdb-sys@0.17.3+10.4.2:       |    ^~~~~~~
warning: librocksdb-sys@0.17.3+10.4.2: In file included from /nix/store/kzq78n13l8w24jn8bx4djj79k5j717f1-gcc-14.3.0/include/c++/14.3.0/x86_64-unknown-linux-gnu/bits/os_defines.h:39,
warning: librocksdb-sys@0.17.3+10.4.2:                  from /nix/store/kzq78n13l8w24jn8bx4djj79k5j717f1-gcc-14.3.0/include/c++/14.3.0/x86_64-unknown-linux-gnu/bits/c++config.h:683,
warning: librocksdb-sys@0.17.3+10.4.2:                  from /nix/store/82kmz7r96navanrc2fgckh2bamiqrgsw-gcc-14.3.0/include/c++/14.3.0/cstdint:38,
warning: librocksdb-sys@0.17.3+10.4.2:                  from <command-line>:
warning: librocksdb-sys@0.17.3+10.4.2: /nix/store/gi4cz4ir3zlwhf1azqfgxqdnczfrwsr7-glibc-2.40-66-dev/include/features.h:422:4: warning: #warning _FORTIFY_SOURCE requires compiling with optimization (-O) [-Wcpp]
warning: librocksdb-sys@0.17.3+10.4.2:   422 | #  warning _FORTIFY_SOURCE requires compiling with optimization (-O)
warning: librocksdb-sys@0.17.3+10.4.2:       |    ^~~~~~~
warning: librocksdb-sys@0.17.3+10.4.2: In file included from /nix/store/kzq78n13l8w24jn8bx4djj79k5j717f1-gcc-14.3.0/include/c++/14.3.0/x86_64-unknown-linux-gnu/bits/os_defines.h:39,
warning: librocksdb-sys@0.17.3+10.4.2:                  from /nix/store/kzq78n13l8w24jn8bx4djj79k5j717f1-gcc-14.3.0/include/c++/14.3.0/x86_64-unknown-linux-gnu/bits/c++config.h:683,
warning: librocksdb-sys@0.17.3+10.4.2:                  from /nix/store/82kmz7r96navanrc2fgckh2bamiqrgsw-gcc-14.3.0/include/c++/14.3.0/cstdint:38,
warning: librocksdb-sys@0.17.3+10.4.2:                  from <command-line>:
warning: librocksdb-sys@0.17.3+10.4.2: /nix/store/gi4cz4ir3zlwhf1azqfgxqdnczfrwsr7-glibc-2.40-66-dev/include/features.h:422:4: warning: #warning _FORTIFY_SOURCE requires compiling with optimization (-O) [-Wcpp]
warning: librocksdb-sys@0.17.3+10.4.2:   422 | #  warning _FORTIFY_SOURCE requires compiling with optimization (-O)
warning: librocksdb-sys@0.17.3+10.4.2:       |    ^~~~~~~
warning: librocksdb-sys@0.17.3+10.4.2: In file included from /nix/store/kzq78n13l8w24jn8bx4djj79k5j717f1-gcc-14.3.0/include/c++/14.3.0/x86_64-unknown-linux-gnu/bits/os_defines.h:39,
warning: librocksdb-sys@0.17.3+10.4.2:                  from /nix/store/kzq78n13l8w24jn8bx4djj79k5j717f1-gcc-14.3.0/include/c++/14.3.0/x86_64-unknown-linux-gnu/bits/c++config.h:683,
warning: librocksdb-sys@0.17.3+10.4.2:                  from /nix/store/82kmz7r96navanrc2fgckh2bamiqrgsw-gcc-14.3.0/include/c++/14.3.0/cstdint:38,
warning: librocksdb-sys@0.17.3+10.4.2:                  from <command-line>:
warning: librocksdb-sys@0.17.3+10.4.2: /nix/store/gi4cz4ir3zlwhf1azqfgxqdnczfrwsr7-glibc-2.40-66-dev/include/features.h:422:4: warning: #warning _FORTIFY_SOURCE requires compiling with optimization (-O) [-Wcpp]
warning: librocksdb-sys@0.17.3+10.4.2:   422 | #  warning _FORTIFY_SOURCE requires compiling with optimization (-O)
warning: librocksdb-sys@0.17.3+10.4.2:       |    ^~~~~~~
warning: librocksdb-sys@0.17.3+10.4.2: In file included from /nix/store/kzq78n13l8w24jn8bx4djj79k5j717f1-gcc-14.3.0/include/c++/14.3.0/x86_64-unknown-linux-gnu/bits/os_defines.h:39,
warning: librocksdb-sys@0.17.3+10.4.2:                  from /nix/store/kzq78n13l8w24jn8bx4djj79k5j717f1-gcc-14.3.0/include/c++/14.3.0/x86_64-unknown-linux-gnu/bits/c++config.h:683,
warning: librocksdb-sys@0.17.3+10.4.2:                  from /nix/store/82kmz7r96navanrc2fgckh2bamiqrgsw-gcc-14.3.0/include/c++/14.3.0/cstdint:38,
warning: librocksdb-sys@0.17.3+10.4.2:                  from <command-line>:
warning: librocksdb-sys@0.17.3+10.4.2: /nix/store/gi4cz4ir3zlwhf1azqfgxqdnczfrwsr7-glibc-2.40-66-dev/include/features.h:422:4: warning: #warning _FORTIFY_SOURCE requires compiling with optimization (-O) [-Wcpp]
warning: librocksdb-sys@0.17.3+10.4.2:   422 | #  warning _FORTIFY_SOURCE requires compiling with optimization (-O)
warning: librocksdb-sys@0.17.3+10.4.2:       |    ^~~~~~~
warning: librocksdb-sys@0.17.3+10.4.2: In file included from /nix/store/kzq78n13l8w24jn8bx4djj79k5j717f1-gcc-14.3.0/include/c++/14.3.0/x86_64-unknown-linux-gnu/bits/os_defines.h:39,
warning: librocksdb-sys@0.17.3+10.4.2:                  from /nix/store/kzq78n13l8w24jn8bx4djj79k5j717f1-gcc-14.3.0/include/c++/14.3.0/x86_64-unknown-linux-gnu/bits/c++config.h:683,
warning: librocksdb-sys@0.17.3+10.4.2:                  from /nix/store/82kmz7r96navanrc2fgckh2bamiqrgsw-gcc-14.3.0/include/c++/14.3.0/cstdint:38,
warning: librocksdb-sys@0.17.3+10.4.2:                  from <command-line>:
warning: librocksdb-sys@0.17.3+10.4.2: /nix/store/gi4cz4ir3zlwhf1azqfgxqdnczfrwsr7-glibc-2.40-66-dev/include/features.h:422:4: warning: #warning _FORTIFY_SOURCE requires compiling with optimization (-O) [-Wcpp]
warning: librocksdb-sys@0.17.3+10.4.2:   422 | #  warning _FORTIFY_SOURCE requires compiling with optimization (-O)
warning: librocksdb-sys@0.17.3+10.4.2:       |    ^~~~~~~
warning: librocksdb-sys@0.17.3+10.4.2: In file included from /nix/store/kzq78n13l8w24jn8bx4djj79k5j717f1-gcc-14.3.0/include/c++/14.3.0/x86_64-unknown-linux-gnu/bits/os_defines.h:39,
warning: librocksdb-sys@0.17.3+10.4.2:                  from /nix/store/kzq78n13l8w24jn8bx4djj79k5j717f1-gcc-14.3.0/include/c++/14.3.0/x86_64-unknown-linux-gnu/bits/c++config.h:683,
warning: librocksdb-sys@0.17.3+10.4.2:                  from /nix/store/82kmz7r96navanrc2fgckh2bamiqrgsw-gcc-14.3.0/include/c++/14.3.0/cstdint:38,
warning: librocksdb-sys@0.17.3+10.4.2:                  from <command-line>:
warning: librocksdb-sys@0.17.3+10.4.2: /nix/store/gi4cz4ir3zlwhf1azqfgxqdnczfrwsr7-glibc-2.40-66-dev/include/features.h:422:4: warning: #warning _FORTIFY_SOURCE requires compiling with optimization (-O) [-Wcpp]
warning: librocksdb-sys@0.17.3+10.4.2:   422 | #  warning _FORTIFY_SOURCE requires compiling with optimization (-O)
warning: librocksdb-sys@0.17.3+10.4.2:       |    ^~~~~~~
warning: librocksdb-sys@0.17.3+10.4.2: In file included from /nix/store/kzq78n13l8w24jn8bx4djj79k5j717f1-gcc-14.3.0/include/c++/14.3.0/x86_64-unknown-linux-gnu/bits/os_defines.h:39,
warning: librocksdb-sys@0.17.3+10.4.2:                  from /nix/store/kzq78n13l8w24jn8bx4djj79k5j717f1-gcc-14.3.0/include/c++/14.3.0/x86_64-unknown-linux-gnu/bits/c++config.h:683,
warning: librocksdb-sys@0.17.3+10.4.2:                  from /nix/store/82kmz7r96navanrc2fgckh2bamiqrgsw-gcc-14.3.0/include/c++/14.3.0/cstdint:38,
warning: librocksdb-sys@0.17.3+10.4.2:                  from <command-line>:
warning: librocksdb-sys@0.17.3+10.4.2: /nix/store/gi4cz4ir3zlwhf1azqfgxqdnczfrwsr7-glibc-2.40-66-dev/include/features.h:422:4: warning: #warning _FORTIFY_SOURCE requires compiling with optimization (-O) [-Wcpp]
warning: librocksdb-sys@0.17.3+10.4.2:   422 | #  warning _FORTIFY_SOURCE requires compiling with optimization (-O)
warning: librocksdb-sys@0.17.3+10.4.2:       |    ^~~~~~~
warning: librocksdb-sys@0.17.3+10.4.2: In file included from /nix/store/kzq78n13l8w24jn8bx4djj79k5j717f1-gcc-14.3.0/include/c++/14.3.0/x86_64-unknown-linux-gnu/bits/os_defines.h:39,
warning: librocksdb-sys@0.17.3+10.4.2:                  from /nix/store/kzq78n13l8w24jn8bx4djj79k5j717f1-gcc-14.3.0/include/c++/14.3.0/x86_64-unknown-linux-gnu/bits/c++config.h:683,
warning: librocksdb-sys@0.17.3+10.4.2:                  from /nix/store/82kmz7r96navanrc2fgckh2bamiqrgsw-gcc-14.3.0/include/c++/14.3.0/cstdint:38,
warning: librocksdb-sys@0.17.3+10.4.2:                  from <command-line>:
warning: librocksdb-sys@0.17.3+10.4.2: /nix/store/gi4cz4ir3zlwhf1azqfgxqdnczfrwsr7-glibc-2.40-66-dev/include/features.h:422:4: warning: #warning _FORTIFY_SOURCE requires compiling with optimization (-O) [-Wcpp]
warning: librocksdb-sys@0.17.3+10.4.2:   422 | #  warning _FORTIFY_SOURCE requires compiling with optimization (-O)
warning: librocksdb-sys@0.17.3+10.4.2:       |    ^~~~~~~
warning: librocksdb-sys@0.17.3+10.4.2: In file included from /nix/store/kzq78n13l8w24jn8bx4djj79k5j717f1-gcc-14.3.0/include/c++/14.3.0/x86_64-unknown-linux-gnu/bits/os_defines.h:39,
warning: librocksdb-sys@0.17.3+10.4.2:                  from /nix/store/kzq78n13l8w24jn8bx4djj79k5j717f1-gcc-14.3.0/include/c++/14.3.0/x86_64-unknown-linux-gnu/bits/c++config.h:683,
warning: librocksdb-sys@0.17.3+10.4.2:                  from /nix/store/82kmz7r96navanrc2fgckh2bamiqrgsw-gcc-14.3.0/include/c++/14.3.0/cstdint:38,
warning: librocksdb-sys@0.17.3+10.4.2:                  from <command-line>:
warning: librocksdb-sys@0.17.3+10.4.2: /nix/store/gi4cz4ir3zlwhf1azqfgxqdnczfrwsr7-glibc-2.40-66-dev/include/features.h:422:4: warning: #warning _FORTIFY_SOURCE requires compiling with optimization (-O) [-Wcpp]
warning: librocksdb-sys@0.17.3+10.4.2:   422 | #  warning _FORTIFY_SOURCE requires compiling with optimization (-O)
warning: librocksdb-sys@0.17.3+10.4.2:       |    ^~~~~~~
warning: librocksdb-sys@0.17.3+10.4.2: In file included from /nix/store/kzq78n13l8w24jn8bx4djj79k5j717f1-gcc-14.3.0/include/c++/14.3.0/x86_64-unknown-linux-gnu/bits/os_defines.h:39,
warning: librocksdb-sys@0.17.3+10.4.2:                  from /nix/store/kzq78n13l8w24jn8bx4djj79k5j717f1-gcc-14.3.0/include/c++/14.3.0/x86_64-unknown-linux-gnu/bits/c++config.h:683,
warning: librocksdb-sys@0.17.3+10.4.2:                  from /nix/store/82kmz7r96navanrc2fgckh2bamiqrgsw-gcc-14.3.0/include/c++/14.3.0/cstdint:38,
warning: librocksdb-sys@0.17.3+10.4.2:                  from <command-line>:
warning: librocksdb-sys@0.17.3+10.4.2: /nix/store/gi4cz4ir3zlwhf1azqfgxqdnczfrwsr7-glibc-2.40-66-dev/include/features.h:422:4: warning: #warning _FORTIFY_SOURCE requires compiling with optimization (-O) [-Wcpp]
warning: librocksdb-sys@0.17.3+10.4.2:   422 | #  warning _FORTIFY_SOURCE requires compiling with optimization (-O)
warning: librocksdb-sys@0.17.3+10.4.2:       |    ^~~~~~~
warning: librocksdb-sys@0.17.3+10.4.2: In file included from /nix/store/kzq78n13l8w24jn8bx4djj79k5j717f1-gcc-14.3.0/include/c++/14.3.0/x86_64-unknown-linux-gnu/bits/os_defines.h:39,
warning: librocksdb-sys@0.17.3+10.4.2:                  from /nix/store/kzq78n13l8w24jn8bx4djj79k5j717f1-gcc-14.3.0/include/c++/14.3.0/x86_64-unknown-linux-gnu/bits/c++config.h:683,
warning: librocksdb-sys@0.17.3+10.4.2:                  from /nix/store/82kmz7r96navanrc2fgckh2bamiqrgsw-gcc-14.3.0/include/c++/14.3.0/cstdint:38,
warning: librocksdb-sys@0.17.3+10.4.2:                  from <command-line>:
warning: librocksdb-sys@0.17.3+10.4.2: /nix/store/gi4cz4ir3zlwhf1azqfgxqdnczfrwsr7-glibc-2.40-66-dev/include/features.h:422:4: warning: #warning _FORTIFY_SOURCE requires compiling with optimization (-O) [-Wcpp]
warning: librocksdb-sys@0.17.3+10.4.2:   422 | #  warning _FORTIFY_SOURCE requires compiling with optimization (-O)
warning: librocksdb-sys@0.17.3+10.4.2:       |    ^~~~~~~
warning: librocksdb-sys@0.17.3+10.4.2: In file included from /nix/store/kzq78n13l8w24jn8bx4djj79k5j717f1-gcc-14.3.0/include/c++/14.3.0/x86_64-unknown-linux-gnu/bits/os_defines.h:39,
warning: librocksdb-sys@0.17.3+10.4.2:                  from /nix/store/kzq78n13l8w24jn8bx4djj79k5j717f1-gcc-14.3.0/include/c++/14.3.0/x86_64-unknown-linux-gnu/bits/c++config.h:683,
warning: librocksdb-sys@0.17.3+10.4.2:                  from /nix/store/82kmz7r96navanrc2fgckh2bamiqrgsw-gcc-14.3.0/include/c++/14.3.0/cstdint:38,
warning: librocksdb-sys@0.17.3+10.4.2:                  from <command-line>:
warning: librocksdb-sys@0.17.3+10.4.2: /nix/store/gi4cz4ir3zlwhf1azqfgxqdnczfrwsr7-glibc-2.40-66-dev/include/features.h:422:4: warning: #warning _FORTIFY_SOURCE requires compiling with optimization (-O) [-Wcpp]
warning: librocksdb-sys@0.17.3+10.4.2:   422 | #  warning _FORTIFY_SOURCE requires compiling with optimization (-O)
warning: librocksdb-sys@0.17.3+10.4.2:       |    ^~~~~~~
warning: librocksdb-sys@0.17.3+10.4.2: In file included from /nix/store/kzq78n13l8w24jn8bx4djj79k5j717f1-gcc-14.3.0/include/c++/14.3.0/x86_64-unknown-linux-gnu/bits/os_defines.h:39,
warning: librocksdb-sys@0.17.3+10.4.2:                  from /nix/store/kzq78n13l8w24jn8bx4djj79k5j717f1-gcc-14.3.0/include/c++/14.3.0/x86_64-unknown-linux-gnu/bits/c++config.h:683,
warning: librocksdb-sys@0.17.3+10.4.2:                  from /nix/store/82kmz7r96navanrc2fgckh2bamiqrgsw-gcc-14.3.0/include/c++/14.3.0/cstdint:38,
warning: librocksdb-sys@0.17.3+10.4.2:                  from <command-line>:
warning: librocksdb-sys@0.17.3+10.4.2: /nix/store/gi4cz4ir3zlwhf1azqfgxqdnczfrwsr7-glibc-2.40-66-dev/include/features.h:422:4: warning: #warning _FORTIFY_SOURCE requires compiling with optimization (-O) [-Wcpp]
warning: librocksdb-sys@0.17.3+10.4.2:   422 | #  warning _FORTIFY_SOURCE requires compiling with optimization (-O)
warning: librocksdb-sys@0.17.3+10.4.2:       |    ^~~~~~~
warning: librocksdb-sys@0.17.3+10.4.2: In file included from /nix/store/kzq78n13l8w24jn8bx4djj79k5j717f1-gcc-14.3.0/include/c++/14.3.0/x86_64-unknown-linux-gnu/bits/os_defines.h:39,
warning: librocksdb-sys@0.17.3+10.4.2:                  from /nix/store/kzq78n13l8w24jn8bx4djj79k5j717f1-gcc-14.3.0/include/c++/14.3.0/x86_64-unknown-linux-gnu/bits/c++config.h:683,
warning: librocksdb-sys@0.17.3+10.4.2:                  from /nix/store/82kmz7r96navanrc2fgckh2bamiqrgsw-gcc-14.3.0/include/c++/14.3.0/cstdint:38,
warning: librocksdb-sys@0.17.3+10.4.2:                  from <command-line>:
warning: librocksdb-sys@0.17.3+10.4.2: /nix/store/gi4cz4ir3zlwhf1azqfgxqdnczfrwsr7-glibc-2.40-66-dev/include/features.h:422:4: warning: #warning _FORTIFY_SOURCE requires compiling with optimization (-O) [-Wcpp]
warning: librocksdb-sys@0.17.3+10.4.2:   422 | #  warning _FORTIFY_SOURCE requires compiling with optimization (-O)
warning: librocksdb-sys@0.17.3+10.4.2:       |    ^~~~~~~
warning: librocksdb-sys@0.17.3+10.4.2: In file included from /nix/store/kzq78n13l8w24jn8bx4djj79k5j717f1-gcc-14.3.0/include/c++/14.3.0/x86_64-unknown-linux-gnu/bits/os_defines.h:39,
warning: librocksdb-sys@0.17.3+10.4.2:                  from /nix/store/kzq78n13l8w24jn8bx4djj79k5j717f1-gcc-14.3.0/include/c++/14.3.0/x86_64-unknown-linux-gnu/bits/c++config.h:683,
warning: librocksdb-sys@0.17.3+10.4.2:                  from /nix/store/82kmz7r96navanrc2fgckh2bamiqrgsw-gcc-14.3.0/include/c++/14.3.0/cstdint:38,
warning: librocksdb-sys@0.17.3+10.4.2:                  from <command-line>:
warning: librocksdb-sys@0.17.3+10.4.2: /nix/store/gi4cz4ir3zlwhf1azqfgxqdnczfrwsr7-glibc-2.40-66-dev/include/features.h:422:4: warning: #warning _FORTIFY_SOURCE requires compiling with optimization (-O) [-Wcpp]
warning: librocksdb-sys@0.17.3+10.4.2:   422 | #  warning _FORTIFY_SOURCE requires compiling with optimization (-O)
warning: librocksdb-sys@0.17.3+10.4.2:       |    ^~~~~~~
warning: librocksdb-sys@0.17.3+10.4.2: In file included from /nix/store/kzq78n13l8w24jn8bx4djj79k5j717f1-gcc-14.3.0/include/c++/14.3.0/x86_64-unknown-linux-gnu/bits/os_defines.h:39,
warning: librocksdb-sys@0.17.3+10.4.2:                  from /nix/store/kzq78n13l8w24jn8bx4djj79k5j717f1-gcc-14.3.0/include/c++/14.3.0/x86_64-unknown-linux-gnu/bits/c++config.h:683,
warning: librocksdb-sys@0.17.3+10.4.2:                  from /nix/store/82kmz7r96navanrc2fgckh2bamiqrgsw-gcc-14.3.0/include/c++/14.3.0/cstdint:38,
warning: librocksdb-sys@0.17.3+10.4.2:                  from <command-line>:
warning: librocksdb-sys@0.17.3+10.4.2: /nix/store/gi4cz4ir3zlwhf1azqfgxqdnczfrwsr7-glibc-2.40-66-dev/include/features.h:422:4: warning: #warning _FORTIFY_SOURCE requires compiling with optimization (-O) [-Wcpp]
warning: librocksdb-sys@0.17.3+10.4.2:   422 | #  warning _FORTIFY_SOURCE requires compiling with optimization (-O)
warning: librocksdb-sys@0.17.3+10.4.2:       |    ^~~~~~~
warning: librocksdb-sys@0.17.3+10.4.2: In file included from /nix/store/kzq78n13l8w24jn8bx4djj79k5j717f1-gcc-14.3.0/include/c++/14.3.0/x86_64-unknown-linux-gnu/bits/os_defines.h:39,
warning: librocksdb-sys@0.17.3+10.4.2:                  from /nix/store/kzq78n13l8w24jn8bx4djj79k5j717f1-gcc-14.3.0/include/c++/14.3.0/x86_64-unknown-linux-gnu/bits/c++config.h:683,
warning: librocksdb-sys@0.17.3+10.4.2:                  from /nix/store/82kmz7r96navanrc2fgckh2bamiqrgsw-gcc-14.3.0/include/c++/14.3.0/cstdint:38,
warning: librocksdb-sys@0.17.3+10.4.2:                  from <command-line>:
warning: librocksdb-sys@0.17.3+10.4.2: /nix/store/gi4cz4ir3zlwhf1azqfgxqdnczfrwsr7-glibc-2.40-66-dev/include/features.h:422:4: warning: #warning _FORTIFY_SOURCE requires compiling with optimization (-O) [-Wcpp]
warning: librocksdb-sys@0.17.3+10.4.2:   422 | #  warning _FORTIFY_SOURCE requires compiling with optimization (-O)
warning: librocksdb-sys@0.17.3+10.4.2:       |    ^~~~~~~
warning: librocksdb-sys@0.17.3+10.4.2: In file included from /nix/store/kzq78n13l8w24jn8bx4djj79k5j717f1-gcc-14.3.0/include/c++/14.3.0/x86_64-unknown-linux-gnu/bits/os_defines.h:39,
warning: librocksdb-sys@0.17.3+10.4.2:                  from /nix/store/kzq78n13l8w24jn8bx4djj79k5j717f1-gcc-14.3.0/include/c++/14.3.0/x86_64-unknown-linux-gnu/bits/c++config.h:683,
warning: librocksdb-sys@0.17.3+10.4.2:                  from /nix/store/82kmz7r96navanrc2fgckh2bamiqrgsw-gcc-14.3.0/include/c++/14.3.0/cstdint:38,
warning: librocksdb-sys@0.17.3+10.4.2:                  from <command-line>:
warning: librocksdb-sys@0.17.3+10.4.2: /nix/store/gi4cz4ir3zlwhf1azqfgxqdnczfrwsr7-glibc-2.40-66-dev/include/features.h:422:4: warning: #warning _FORTIFY_SOURCE requires compiling with optimization (-O) [-Wcpp]
warning: librocksdb-sys@0.17.3+10.4.2:   422 | #  warning _FORTIFY_SOURCE requires compiling with optimization (-O)
warning: librocksdb-sys@0.17.3+10.4.2:       |    ^~~~~~~
warning: librocksdb-sys@0.17.3+10.4.2: In file included from /nix/store/kzq78n13l8w24jn8bx4djj79k5j717f1-gcc-14.3.0/include/c++/14.3.0/x86_64-unknown-linux-gnu/bits/os_defines.h:39,
warning: librocksdb-sys@0.17.3+10.4.2:                  from /nix/store/kzq78n13l8w24jn8bx4djj79k5j717f1-gcc-14.3.0/include/c++/14.3.0/x86_64-unknown-linux-gnu/bits/c++config.h:683,
warning: librocksdb-sys@0.17.3+10.4.2:                  from /nix/store/82kmz7r96navanrc2fgckh2bamiqrgsw-gcc-14.3.0/include/c++/14.3.0/cstdint:38,
warning: librocksdb-sys@0.17.3+10.4.2:                  from <command-line>:
warning: librocksdb-sys@0.17.3+10.4.2: /nix/store/gi4cz4ir3zlwhf1azqfgxqdnczfrwsr7-glibc-2.40-66-dev/include/features.h:422:4: warning: #warning _FORTIFY_SOURCE requires compiling with optimization (-O) [-Wcpp]
warning: librocksdb-sys@0.17.3+10.4.2:   422 | #  warning _FORTIFY_SOURCE requires compiling with optimization (-O)
warning: librocksdb-sys@0.17.3+10.4.2:       |    ^~~~~~~
warning: librocksdb-sys@0.17.3+10.4.2: In file included from /nix/store/kzq78n13l8w24jn8bx4djj79k5j717f1-gcc-14.3.0/include/c++/14.3.0/x86_64-unknown-linux-gnu/bits/os_defines.h:39,
warning: librocksdb-sys@0.17.3+10.4.2:                  from /nix/store/kzq78n13l8w24jn8bx4djj79k5j717f1-gcc-14.3.0/include/c++/14.3.0/x86_64-unknown-linux-gnu/bits/c++config.h:683,
warning: librocksdb-sys@0.17.3+10.4.2:                  from /nix/store/82kmz7r96navanrc2fgckh2bamiqrgsw-gcc-14.3.0/include/c++/14.3.0/cstdint:38,
warning: librocksdb-sys@0.17.3+10.4.2:                  from <command-line>:
warning: librocksdb-sys@0.17.3+10.4.2: /nix/store/gi4cz4ir3zlwhf1azqfgxqdnczfrwsr7-glibc-2.40-66-dev/include/features.h:422:4: warning: #warning _FORTIFY_SOURCE requires compiling with optimization (-O) [-Wcpp]
warning: librocksdb-sys@0.17.3+10.4.2:   422 | #  warning _FORTIFY_SOURCE requires compiling with optimization (-O)
warning: librocksdb-sys@0.17.3+10.4.2:       |    ^~~~~~~
warning: librocksdb-sys@0.17.3+10.4.2: In file included from /nix/store/kzq78n13l8w24jn8bx4djj79k5j717f1-gcc-14.3.0/include/c++/14.3.0/x86_64-unknown-linux-gnu/bits/os_defines.h:39,
warning: librocksdb-sys@0.17.3+10.4.2:                  from /nix/store/kzq78n13l8w24jn8bx4djj79k5j717f1-gcc-14.3.0/include/c++/14.3.0/x86_64-unknown-linux-gnu/bits/c++config.h:683,
warning: librocksdb-sys@0.17.3+10.4.2:                  from /nix/store/82kmz7r96navanrc2fgckh2bamiqrgsw-gcc-14.3.0/include/c++/14.3.0/cstdint:38,
warning: librocksdb-sys@0.17.3+10.4.2:                  from <command-line>:
warning: librocksdb-sys@0.17.3+10.4.2: /nix/store/gi4cz4ir3zlwhf1azqfgxqdnczfrwsr7-glibc-2.40-66-dev/include/features.h:422:4: warning: #warning _FORTIFY_SOURCE requires compiling with optimization (-O) [-Wcpp]
warning: librocksdb-sys@0.17.3+10.4.2:   422 | #  warning _FORTIFY_SOURCE requires compiling with optimization (-O)
warning: librocksdb-sys@0.17.3+10.4.2:       |    ^~~~~~~
warning: librocksdb-sys@0.17.3+10.4.2: In file included from /nix/store/kzq78n13l8w24jn8bx4djj79k5j717f1-gcc-14.3.0/include/c++/14.3.0/x86_64-unknown-linux-gnu/bits/os_defines.h:39,
warning: librocksdb-sys@0.17.3+10.4.2:                  from /nix/store/kzq78n13l8w24jn8bx4djj79k5j717f1-gcc-14.3.0/include/c++/14.3.0/x86_64-unknown-linux-gnu/bits/c++config.h:683,
warning: librocksdb-sys@0.17.3+10.4.2:                  from /nix/store/82kmz7r96navanrc2fgckh2bamiqrgsw-gcc-14.3.0/include/c++/14.3.0/cstdint:38,
warning: librocksdb-sys@0.17.3+10.4.2:                  from <command-line>:
warning: librocksdb-sys@0.17.3+10.4.2: /nix/store/gi4cz4ir3zlwhf1azqfgxqdnczfrwsr7-glibc-2.40-66-dev/include/features.h:422:4: warning: #warning _FORTIFY_SOURCE requires compiling with optimization (-O) [-Wcpp]
warning: librocksdb-sys@0.17.3+10.4.2:   422 | #  warning _FORTIFY_SOURCE requires compiling with optimization (-O)
warning: librocksdb-sys@0.17.3+10.4.2:       |    ^~~~~~~
warning: librocksdb-sys@0.17.3+10.4.2: In file included from /nix/store/kzq78n13l8w24jn8bx4djj79k5j717f1-gcc-14.3.0/include/c++/14.3.0/x86_64-unknown-linux-gnu/bits/os_defines.h:39,
warning: librocksdb-sys@0.17.3+10.4.2:                  from /nix/store/kzq78n13l8w24jn8bx4djj79k5j717f1-gcc-14.3.0/include/c++/14.3.0/x86_64-unknown-linux-gnu/bits/c++config.h:683,
warning: librocksdb-sys@0.17.3+10.4.2:                  from /nix/store/82kmz7r96navanrc2fgckh2bamiqrgsw-gcc-14.3.0/include/c++/14.3.0/cstdint:38,
warning: librocksdb-sys@0.17.3+10.4.2:                  from <command-line>:
warning: librocksdb-sys@0.17.3+10.4.2: /nix/store/gi4cz4ir3zlwhf1azqfgxqdnczfrwsr7-glibc-2.40-66-dev/include/features.h:422:4: warning: #warning _FORTIFY_SOURCE requires compiling with optimization (-O) [-Wcpp]
warning: librocksdb-sys@0.17.3+10.4.2:   422 | #  warning _FORTIFY_SOURCE requires compiling with optimization (-O)
warning: librocksdb-sys@0.17.3+10.4.2:       |    ^~~~~~~
warning: librocksdb-sys@0.17.3+10.4.2: In file included from /nix/store/kzq78n13l8w24jn8bx4djj79k5j717f1-gcc-14.3.0/include/c++/14.3.0/x86_64-unknown-linux-gnu/bits/os_defines.h:39,
warning: librocksdb-sys@0.17.3+10.4.2:                  from /nix/store/kzq78n13l8w24jn8bx4djj79k5j717f1-gcc-14.3.0/include/c++/14.3.0/x86_64-unknown-linux-gnu/bits/c++config.h:683,
warning: librocksdb-sys@0.17.3+10.4.2:                  from /nix/store/82kmz7r96navanrc2fgckh2bamiqrgsw-gcc-14.3.0/include/c++/14.3.0/cstdint:38,
warning: librocksdb-sys@0.17.3+10.4.2:                  from <command-line>:
warning: librocksdb-sys@0.17.3+10.4.2: /nix/store/gi4cz4ir3zlwhf1azqfgxqdnczfrwsr7-glibc-2.40-66-dev/include/features.h:422:4: warning: #warning _FORTIFY_SOURCE requires compiling with optimization (-O) [-Wcpp]
warning: librocksdb-sys@0.17.3+10.4.2:   422 | #  warning _FORTIFY_SOURCE requires compiling with optimization (-O)
warning: librocksdb-sys@0.17.3+10.4.2:       |    ^~~~~~~
warning: librocksdb-sys@0.17.3+10.4.2: In file included from /nix/store/kzq78n13l8w24jn8bx4djj79k5j717f1-gcc-14.3.0/include/c++/14.3.0/x86_64-unknown-linux-gnu/bits/os_defines.h:39,
warning: librocksdb-sys@0.17.3+10.4.2:                  from /nix/store/kzq78n13l8w24jn8bx4djj79k5j717f1-gcc-14.3.0/include/c++/14.3.0/x86_64-unknown-linux-gnu/bits/c++config.h:683,
warning: librocksdb-sys@0.17.3+10.4.2:                  from /nix/store/82kmz7r96navanrc2fgckh2bamiqrgsw-gcc-14.3.0/include/c++/14.3.0/cstdint:38,
warning: librocksdb-sys@0.17.3+10.4.2:                  from <command-line>:
warning: librocksdb-sys@0.17.3+10.4.2: /nix/store/gi4cz4ir3zlwhf1azqfgxqdnczfrwsr7-glibc-2.40-66-dev/include/features.h:422:4: warning: #warning _FORTIFY_SOURCE requires compiling with optimization (-O) [-Wcpp]
warning: librocksdb-sys@0.17.3+10.4.2:   422 | #  warning _FORTIFY_SOURCE requires compiling with optimization (-O)
warning: librocksdb-sys@0.17.3+10.4.2:       |    ^~~~~~~
warning: librocksdb-sys@0.17.3+10.4.2: In file included from /nix/store/kzq78n13l8w24jn8bx4djj79k5j717f1-gcc-14.3.0/include/c++/14.3.0/x86_64-unknown-linux-gnu/bits/os_defines.h:39,
warning: librocksdb-sys@0.17.3+10.4.2:                  from /nix/store/kzq78n13l8w24jn8bx4djj79k5j717f1-gcc-14.3.0/include/c++/14.3.0/x86_64-unknown-linux-gnu/bits/c++config.h:683,
warning: librocksdb-sys@0.17.3+10.4.2:                  from /nix/store/82kmz7r96navanrc2fgckh2bamiqrgsw-gcc-14.3.0/include/c++/14.3.0/cstdint:38,
warning: librocksdb-sys@0.17.3+10.4.2:                  from <command-line>:
warning: librocksdb-sys@0.17.3+10.4.2: /nix/store/gi4cz4ir3zlwhf1azqfgxqdnczfrwsr7-glibc-2.40-66-dev/include/features.h:422:4: warning: #warning _FORTIFY_SOURCE requires compiling with optimization (-O) [-Wcpp]
warning: librocksdb-sys@0.17.3+10.4.2:   422 | #  warning _FORTIFY_SOURCE requires compiling with optimization (-O)
warning: librocksdb-sys@0.17.3+10.4.2:       |    ^~~~~~~
warning: librocksdb-sys@0.17.3+10.4.2: In file included from /nix/store/kzq78n13l8w24jn8bx4djj79k5j717f1-gcc-14.3.0/include/c++/14.3.0/x86_64-unknown-linux-gnu/bits/os_defines.h:39,
warning: librocksdb-sys@0.17.3+10.4.2:                  from /nix/store/kzq78n13l8w24jn8bx4djj79k5j717f1-gcc-14.3.0/include/c++/14.3.0/x86_64-unknown-linux-gnu/bits/c++config.h:683,
warning: librocksdb-sys@0.17.3+10.4.2:                  from /nix/store/82kmz7r96navanrc2fgckh2bamiqrgsw-gcc-14.3.0/include/c++/14.3.0/cstdint:38,
warning: librocksdb-sys@0.17.3+10.4.2:                  from <command-line>:
warning: librocksdb-sys@0.17.3+10.4.2: /nix/store/gi4cz4ir3zlwhf1azqfgxqdnczfrwsr7-glibc-2.40-66-dev/include/features.h:422:4: warning: #warning _FORTIFY_SOURCE requires compiling with optimization (-O) [-Wcpp]
warning: librocksdb-sys@0.17.3+10.4.2:   422 | #  warning _FORTIFY_SOURCE requires compiling with optimization (-O)
warning: librocksdb-sys@0.17.3+10.4.2:       |    ^~~~~~~
warning: librocksdb-sys@0.17.3+10.4.2: In file included from /nix/store/kzq78n13l8w24jn8bx4djj79k5j717f1-gcc-14.3.0/include/c++/14.3.0/x86_64-unknown-linux-gnu/bits/os_defines.h:39,
warning: librocksdb-sys@0.17.3+10.4.2:                  from /nix/store/kzq78n13l8w24jn8bx4djj79k5j717f1-gcc-14.3.0/include/c++/14.3.0/x86_64-unknown-linux-gnu/bits/c++config.h:683,
warning: librocksdb-sys@0.17.3+10.4.2:                  from /nix/store/82kmz7r96navanrc2fgckh2bamiqrgsw-gcc-14.3.0/include/c++/14.3.0/cstdint:38,
warning: librocksdb-sys@0.17.3+10.4.2:                  from <command-line>:
warning: librocksdb-sys@0.17.3+10.4.2: /nix/store/gi4cz4ir3zlwhf1azqfgxqdnczfrwsr7-glibc-2.40-66-dev/include/features.h:422:4: warning: #warning _FORTIFY_SOURCE requires compiling with optimization (-O) [-Wcpp]
warning: librocksdb-sys@0.17.3+10.4.2:   422 | #  warning _FORTIFY_SOURCE requires compiling with optimization (-O)
warning: librocksdb-sys@0.17.3+10.4.2:       |    ^~~~~~~
warning: librocksdb-sys@0.17.3+10.4.2: In file included from /nix/store/kzq78n13l8w24jn8bx4djj79k5j717f1-gcc-14.3.0/include/c++/14.3.0/x86_64-unknown-linux-gnu/bits/os_defines.h:39,
warning: librocksdb-sys@0.17.3+10.4.2:                  from /nix/store/kzq78n13l8w24jn8bx4djj79k5j717f1-gcc-14.3.0/include/c++/14.3.0/x86_64-unknown-linux-gnu/bits/c++config.h:683,
warning: librocksdb-sys@0.17.3+10.4.2:                  from /nix/store/82kmz7r96navanrc2fgckh2bamiqrgsw-gcc-14.3.0/include/c++/14.3.0/cstdint:38,
warning: librocksdb-sys@0.17.3+10.4.2:                  from <command-line>:
warning: librocksdb-sys@0.17.3+10.4.2: /nix/store/gi4cz4ir3zlwhf1azqfgxqdnczfrwsr7-glibc-2.40-66-dev/include/features.h:422:4: warning: #warning _FORTIFY_SOURCE requires compiling with optimization (-O) [-Wcpp]
warning: librocksdb-sys@0.17.3+10.4.2:   422 | #  warning _FORTIFY_SOURCE requires compiling with optimization (-O)
warning: librocksdb-sys@0.17.3+10.4.2:       |    ^~~~~~~
warning: librocksdb-sys@0.17.3+10.4.2: In file included from /nix/store/kzq78n13l8w24jn8bx4djj79k5j717f1-gcc-14.3.0/include/c++/14.3.0/x86_64-unknown-linux-gnu/bits/os_defines.h:39,
warning: librocksdb-sys@0.17.3+10.4.2:                  from /nix/store/kzq78n13l8w24jn8bx4djj79k5j717f1-gcc-14.3.0/include/c++/14.3.0/x86_64-unknown-linux-gnu/bits/c++config.h:683,
warning: librocksdb-sys@0.17.3+10.4.2:                  from /nix/store/82kmz7r96navanrc2fgckh2bamiqrgsw-gcc-14.3.0/include/c++/14.3.0/cstdint:38,
warning: librocksdb-sys@0.17.3+10.4.2:                  from <command-line>:
warning: librocksdb-sys@0.17.3+10.4.2: /nix/store/gi4cz4ir3zlwhf1azqfgxqdnczfrwsr7-glibc-2.40-66-dev/include/features.h:422:4: warning: #warning _FORTIFY_SOURCE requires compiling with optimization (-O) [-Wcpp]
warning: librocksdb-sys@0.17.3+10.4.2:   422 | #  warning _FORTIFY_SOURCE requires compiling with optimization (-O)
warning: librocksdb-sys@0.17.3+10.4.2:       |    ^~~~~~~
warning: librocksdb-sys@0.17.3+10.4.2: In file included from /nix/store/kzq78n13l8w24jn8bx4djj79k5j717f1-gcc-14.3.0/include/c++/14.3.0/x86_64-unknown-linux-gnu/bits/os_defines.h:39,
warning: librocksdb-sys@0.17.3+10.4.2:                  from /nix/store/kzq78n13l8w24jn8bx4djj79k5j717f1-gcc-14.3.0/include/c++/14.3.0/x86_64-unknown-linux-gnu/bits/c++config.h:683,
warning: librocksdb-sys@0.17.3+10.4.2:                  from /nix/store/82kmz7r96navanrc2fgckh2bamiqrgsw-gcc-14.3.0/include/c++/14.3.0/cstdint:38,
warning: librocksdb-sys@0.17.3+10.4.2:                  from <command-line>:
warning: librocksdb-sys@0.17.3+10.4.2: /nix/store/gi4cz4ir3zlwhf1azqfgxqdnczfrwsr7-glibc-2.40-66-dev/include/features.h:422:4: warning: #warning _FORTIFY_SOURCE requires compiling with optimization (-O) [-Wcpp]
warning: librocksdb-sys@0.17.3+10.4.2:   422 | #  warning _FORTIFY_SOURCE requires compiling with optimization (-O)
warning: librocksdb-sys@0.17.3+10.4.2:       |    ^~~~~~~
warning: librocksdb-sys@0.17.3+10.4.2: In file included from /nix/store/kzq78n13l8w24jn8bx4djj79k5j717f1-gcc-14.3.0/include/c++/14.3.0/x86_64-unknown-linux-gnu/bits/os_defines.h:39,
warning: librocksdb-sys@0.17.3+10.4.2:                  from /nix/store/kzq78n13l8w24jn8bx4djj79k5j717f1-gcc-14.3.0/include/c++/14.3.0/x86_64-unknown-linux-gnu/bits/c++config.h:683,
warning: librocksdb-sys@0.17.3+10.4.2:                  from /nix/store/82kmz7r96navanrc2fgckh2bamiqrgsw-gcc-14.3.0/include/c++/14.3.0/cstdint:38,
warning: librocksdb-sys@0.17.3+10.4.2:                  from <command-line>:
warning: librocksdb-sys@0.17.3+10.4.2: /nix/store/gi4cz4ir3zlwhf1azqfgxqdnczfrwsr7-glibc-2.40-66-dev/include/features.h:422:4: warning: #warning _FORTIFY_SOURCE requires compiling with optimization (-O) [-Wcpp]
warning: librocksdb-sys@0.17.3+10.4.2:   422 | #  warning _FORTIFY_SOURCE requires compiling with optimization (-O)
warning: librocksdb-sys@0.17.3+10.4.2:       |    ^~~~~~~
warning: librocksdb-sys@0.17.3+10.4.2: In file included from /nix/store/kzq78n13l8w24jn8bx4djj79k5j717f1-gcc-14.3.0/include/c++/14.3.0/x86_64-unknown-linux-gnu/bits/os_defines.h:39,
warning: librocksdb-sys@0.17.3+10.4.2:                  from /nix/store/kzq78n13l8w24jn8bx4djj79k5j717f1-gcc-14.3.0/include/c++/14.3.0/x86_64-unknown-linux-gnu/bits/c++config.h:683,
warning: librocksdb-sys@0.17.3+10.4.2:                  from /nix/store/82kmz7r96navanrc2fgckh2bamiqrgsw-gcc-14.3.0/include/c++/14.3.0/cstdint:38,
warning: librocksdb-sys@0.17.3+10.4.2:                  from <command-line>:
warning: librocksdb-sys@0.17.3+10.4.2: /nix/store/gi4cz4ir3zlwhf1azqfgxqdnczfrwsr7-glibc-2.40-66-dev/include/features.h:422:4: warning: #warning _FORTIFY_SOURCE requires compiling with optimization (-O) [-Wcpp]
warning: librocksdb-sys@0.17.3+10.4.2:   422 | #  warning _FORTIFY_SOURCE requires compiling with optimization (-O)
warning: librocksdb-sys@0.17.3+10.4.2:       |    ^~~~~~~
warning: librocksdb-sys@0.17.3+10.4.2: In file included from /nix/store/kzq78n13l8w24jn8bx4djj79k5j717f1-gcc-14.3.0/include/c++/14.3.0/x86_64-unknown-linux-gnu/bits/os_defines.h:39,
warning: librocksdb-sys@0.17.3+10.4.2:                  from /nix/store/kzq78n13l8w24jn8bx4djj79k5j717f1-gcc-14.3.0/include/c++/14.3.0/x86_64-unknown-linux-gnu/bits/c++config.h:683,
warning: librocksdb-sys@0.17.3+10.4.2:                  from /nix/store/82kmz7r96navanrc2fgckh2bamiqrgsw-gcc-14.3.0/include/c++/14.3.0/cstdint:38,
warning: librocksdb-sys@0.17.3+10.4.2:                  from <command-line>:
warning: librocksdb-sys@0.17.3+10.4.2: /nix/store/gi4cz4ir3zlwhf1azqfgxqdnczfrwsr7-glibc-2.40-66-dev/include/features.h:422:4: warning: #warning _FORTIFY_SOURCE requires compiling with optimization (-O) [-Wcpp]
warning: librocksdb-sys@0.17.3+10.4.2:   422 | #  warning _FORTIFY_SOURCE requires compiling with optimization (-O)
warning: librocksdb-sys@0.17.3+10.4.2:       |    ^~~~~~~
warning: librocksdb-sys@0.17.3+10.4.2: In file included from /nix/store/kzq78n13l8w24jn8bx4djj79k5j717f1-gcc-14.3.0/include/c++/14.3.0/x86_64-unknown-linux-gnu/bits/os_defines.h:39,
warning: librocksdb-sys@0.17.3+10.4.2:                  from /nix/store/kzq78n13l8w24jn8bx4djj79k5j717f1-gcc-14.3.0/include/c++/14.3.0/x86_64-unknown-linux-gnu/bits/c++config.h:683,
warning: librocksdb-sys@0.17.3+10.4.2:                  from /nix/store/82kmz7r96navanrc2fgckh2bamiqrgsw-gcc-14.3.0/include/c++/14.3.0/cstdint:38,
warning: librocksdb-sys@0.17.3+10.4.2:                  from <command-line>:
warning: librocksdb-sys@0.17.3+10.4.2: /nix/store/gi4cz4ir3zlwhf1azqfgxqdnczfrwsr7-glibc-2.40-66-dev/include/features.h:422:4: warning: #warning _FORTIFY_SOURCE requires compiling with optimization (-O) [-Wcpp]
warning: librocksdb-sys@0.17.3+10.4.2:   422 | #  warning _FORTIFY_SOURCE requires compiling with optimization (-O)
warning: librocksdb-sys@0.17.3+10.4.2:       |    ^~~~~~~
warning: librocksdb-sys@0.17.3+10.4.2: In file included from /nix/store/kzq78n13l8w24jn8bx4djj79k5j717f1-gcc-14.3.0/include/c++/14.3.0/x86_64-unknown-linux-gnu/bits/os_defines.h:39,
warning: librocksdb-sys@0.17.3+10.4.2:                  from /nix/store/kzq78n13l8w24jn8bx4djj79k5j717f1-gcc-14.3.0/include/c++/14.3.0/x86_64-unknown-linux-gnu/bits/c++config.h:683,
warning: librocksdb-sys@0.17.3+10.4.2:                  from /nix/store/82kmz7r96navanrc2fgckh2bamiqrgsw-gcc-14.3.0/include/c++/14.3.0/cstdint:38,
warning: librocksdb-sys@0.17.3+10.4.2:                  from <command-line>:
warning: librocksdb-sys@0.17.3+10.4.2: /nix/store/gi4cz4ir3zlwhf1azqfgxqdnczfrwsr7-glibc-2.40-66-dev/include/features.h:422:4: warning: #warning _FORTIFY_SOURCE requires compiling with optimization (-O) [-Wcpp]
warning: librocksdb-sys@0.17.3+10.4.2:   422 | #  warning _FORTIFY_SOURCE requires compiling with optimization (-O)
warning: librocksdb-sys@0.17.3+10.4.2:       |    ^~~~~~~
warning: librocksdb-sys@0.17.3+10.4.2: In file included from /nix/store/kzq78n13l8w24jn8bx4djj79k5j717f1-gcc-14.3.0/include/c++/14.3.0/x86_64-unknown-linux-gnu/bits/os_defines.h:39,
warning: librocksdb-sys@0.17.3+10.4.2:                  from /nix/store/kzq78n13l8w24jn8bx4djj79k5j717f1-gcc-14.3.0/include/c++/14.3.0/x86_64-unknown-linux-gnu/bits/c++config.h:683,
warning: librocksdb-sys@0.17.3+10.4.2:                  from /nix/store/82kmz7r96navanrc2fgckh2bamiqrgsw-gcc-14.3.0/include/c++/14.3.0/cstdint:38,
warning: librocksdb-sys@0.17.3+10.4.2:                  from <command-line>:
warning: librocksdb-sys@0.17.3+10.4.2: /nix/store/gi4cz4ir3zlwhf1azqfgxqdnczfrwsr7-glibc-2.40-66-dev/include/features.h:422:4: warning: #warning _FORTIFY_SOURCE requires compiling with optimization (-O) [-Wcpp]
warning: librocksdb-sys@0.17.3+10.4.2:   422 | #  warning _FORTIFY_SOURCE requires compiling with optimization (-O)
warning: librocksdb-sys@0.17.3+10.4.2:       |    ^~~~~~~
warning: librocksdb-sys@0.17.3+10.4.2: In file included from /nix/store/kzq78n13l8w24jn8bx4djj79k5j717f1-gcc-14.3.0/include/c++/14.3.0/x86_64-unknown-linux-gnu/bits/os_defines.h:39,
warning: librocksdb-sys@0.17.3+10.4.2:                  from /nix/store/kzq78n13l8w24jn8bx4djj79k5j717f1-gcc-14.3.0/include/c++/14.3.0/x86_64-unknown-linux-gnu/bits/c++config.h:683,
warning: librocksdb-sys@0.17.3+10.4.2:                  from /nix/store/82kmz7r96navanrc2fgckh2bamiqrgsw-gcc-14.3.0/include/c++/14.3.0/cstdint:38,
warning: librocksdb-sys@0.17.3+10.4.2:                  from <command-line>:
warning: librocksdb-sys@0.17.3+10.4.2: /nix/store/gi4cz4ir3zlwhf1azqfgxqdnczfrwsr7-glibc-2.40-66-dev/include/features.h:422:4: warning: #warning _FORTIFY_SOURCE requires compiling with optimization (-O) [-Wcpp]
warning: librocksdb-sys@0.17.3+10.4.2:   422 | #  warning _FORTIFY_SOURCE requires compiling with optimization (-O)
warning: librocksdb-sys@0.17.3+10.4.2:       |    ^~~~~~~
warning: librocksdb-sys@0.17.3+10.4.2: In file included from /nix/store/kzq78n13l8w24jn8bx4djj79k5j717f1-gcc-14.3.0/include/c++/14.3.0/x86_64-unknown-linux-gnu/bits/os_defines.h:39,
warning: librocksdb-sys@0.17.3+10.4.2:                  from /nix/store/kzq78n13l8w24jn8bx4djj79k5j717f1-gcc-14.3.0/include/c++/14.3.0/x86_64-unknown-linux-gnu/bits/c++config.h:683,
warning: librocksdb-sys@0.17.3+10.4.2:                  from /nix/store/82kmz7r96navanrc2fgckh2bamiqrgsw-gcc-14.3.0/include/c++/14.3.0/cstdint:38,
warning: librocksdb-sys@0.17.3+10.4.2:                  from <command-line>:
warning: librocksdb-sys@0.17.3+10.4.2: /nix/store/gi4cz4ir3zlwhf1azqfgxqdnczfrwsr7-glibc-2.40-66-dev/include/features.h:422:4: warning: #warning _FORTIFY_SOURCE requires compiling with optimization (-O) [-Wcpp]
warning: librocksdb-sys@0.17.3+10.4.2:   422 | #  warning _FORTIFY_SOURCE requires compiling with optimization (-O)
warning: librocksdb-sys@0.17.3+10.4.2:       |    ^~~~~~~
warning: librocksdb-sys@0.17.3+10.4.2: In file included from /nix/store/kzq78n13l8w24jn8bx4djj79k5j717f1-gcc-14.3.0/include/c++/14.3.0/x86_64-unknown-linux-gnu/bits/os_defines.h:39,
warning: librocksdb-sys@0.17.3+10.4.2:                  from /nix/store/kzq78n13l8w24jn8bx4djj79k5j717f1-gcc-14.3.0/include/c++/14.3.0/x86_64-unknown-linux-gnu/bits/c++config.h:683,
warning: librocksdb-sys@0.17.3+10.4.2:                  from /nix/store/82kmz7r96navanrc2fgckh2bamiqrgsw-gcc-14.3.0/include/c++/14.3.0/cstdint:38,
warning: librocksdb-sys@0.17.3+10.4.2:                  from <command-line>:
warning: librocksdb-sys@0.17.3+10.4.2: /nix/store/gi4cz4ir3zlwhf1azqfgxqdnczfrwsr7-glibc-2.40-66-dev/include/features.h:422:4: warning: #warning _FORTIFY_SOURCE requires compiling with optimization (-O) [-Wcpp]
warning: librocksdb-sys@0.17.3+10.4.2:   422 | #  warning _FORTIFY_SOURCE requires compiling with optimization (-O)
warning: librocksdb-sys@0.17.3+10.4.2:       |    ^~~~~~~
warning: librocksdb-sys@0.17.3+10.4.2: In file included from /nix/store/kzq78n13l8w24jn8bx4djj79k5j717f1-gcc-14.3.0/include/c++/14.3.0/x86_64-unknown-linux-gnu/bits/os_defines.h:39,
warning: librocksdb-sys@0.17.3+10.4.2:                  from /nix/store/kzq78n13l8w24jn8bx4djj79k5j717f1-gcc-14.3.0/include/c++/14.3.0/x86_64-unknown-linux-gnu/bits/c++config.h:683,
warning: librocksdb-sys@0.17.3+10.4.2:                  from /nix/store/82kmz7r96navanrc2fgckh2bamiqrgsw-gcc-14.3.0/include/c++/14.3.0/cstdint:38,
warning: librocksdb-sys@0.17.3+10.4.2:                  from <command-line>:
warning: librocksdb-sys@0.17.3+10.4.2: /nix/store/gi4cz4ir3zlwhf1azqfgxqdnczfrwsr7-glibc-2.40-66-dev/include/features.h:422:4: warning: #warning _FORTIFY_SOURCE requires compiling with optimization (-O) [-Wcpp]
warning: librocksdb-sys@0.17.3+10.4.2:   422 | #  warning _FORTIFY_SOURCE requires compiling with optimization (-O)
warning: librocksdb-sys@0.17.3+10.4.2:       |    ^~~~~~~
warning: librocksdb-sys@0.17.3+10.4.2: In file included from /nix/store/kzq78n13l8w24jn8bx4djj79k5j717f1-gcc-14.3.0/include/c++/14.3.0/x86_64-unknown-linux-gnu/bits/os_defines.h:39,
warning: librocksdb-sys@0.17.3+10.4.2:                  from /nix/store/kzq78n13l8w24jn8bx4djj79k5j717f1-gcc-14.3.0/include/c++/14.3.0/x86_64-unknown-linux-gnu/bits/c++config.h:683,
warning: librocksdb-sys@0.17.3+10.4.2:                  from /nix/store/82kmz7r96navanrc2fgckh2bamiqrgsw-gcc-14.3.0/include/c++/14.3.0/cstdint:38,
warning: librocksdb-sys@0.17.3+10.4.2:                  from <command-line>:
warning: librocksdb-sys@0.17.3+10.4.2: /nix/store/gi4cz4ir3zlwhf1azqfgxqdnczfrwsr7-glibc-2.40-66-dev/include/features.h:422:4: warning: #warning _FORTIFY_SOURCE requires compiling with optimization (-O) [-Wcpp]
warning: librocksdb-sys@0.17.3+10.4.2:   422 | #  warning _FORTIFY_SOURCE requires compiling with optimization (-O)
warning: librocksdb-sys@0.17.3+10.4.2:       |    ^~~~~~~
warning: librocksdb-sys@0.17.3+10.4.2: In file included from /nix/store/kzq78n13l8w24jn8bx4djj79k5j717f1-gcc-14.3.0/include/c++/14.3.0/x86_64-unknown-linux-gnu/bits/os_defines.h:39,
warning: librocksdb-sys@0.17.3+10.4.2:                  from /nix/store/kzq78n13l8w24jn8bx4djj79k5j717f1-gcc-14.3.0/include/c++/14.3.0/x86_64-unknown-linux-gnu/bits/c++config.h:683,
warning: librocksdb-sys@0.17.3+10.4.2:                  from /nix/store/82kmz7r96navanrc2fgckh2bamiqrgsw-gcc-14.3.0/include/c++/14.3.0/cstdint:38,
warning: librocksdb-sys@0.17.3+10.4.2:                  from <command-line>:
warning: librocksdb-sys@0.17.3+10.4.2: /nix/store/gi4cz4ir3zlwhf1azqfgxqdnczfrwsr7-glibc-2.40-66-dev/include/features.h:422:4: warning: #warning _FORTIFY_SOURCE requires compiling with optimization (-O) [-Wcpp]
warning: librocksdb-sys@0.17.3+10.4.2:   422 | #  warning _FORTIFY_SOURCE requires compiling with optimization (-O)
warning: librocksdb-sys@0.17.3+10.4.2:       |    ^~~~~~~
warning: librocksdb-sys@0.17.3+10.4.2: In file included from /nix/store/kzq78n13l8w24jn8bx4djj79k5j717f1-gcc-14.3.0/include/c++/14.3.0/x86_64-unknown-linux-gnu/bits/os_defines.h:39,
warning: librocksdb-sys@0.17.3+10.4.2:                  from /nix/store/kzq78n13l8w24jn8bx4djj79k5j717f1-gcc-14.3.0/include/c++/14.3.0/x86_64-unknown-linux-gnu/bits/c++config.h:683,
warning: librocksdb-sys@0.17.3+10.4.2:                  from /nix/store/82kmz7r96navanrc2fgckh2bamiqrgsw-gcc-14.3.0/include/c++/14.3.0/cstdint:38,
warning: librocksdb-sys@0.17.3+10.4.2:                  from <command-line>:
warning: librocksdb-sys@0.17.3+10.4.2: /nix/store/gi4cz4ir3zlwhf1azqfgxqdnczfrwsr7-glibc-2.40-66-dev/include/features.h:422:4: warning: #warning _FORTIFY_SOURCE requires compiling with optimization (-O) [-Wcpp]
warning: librocksdb-sys@0.17.3+10.4.2:   422 | #  warning _FORTIFY_SOURCE requires compiling with optimization (-O)
warning: librocksdb-sys@0.17.3+10.4.2:       |    ^~~~~~~
warning: librocksdb-sys@0.17.3+10.4.2: In file included from /nix/store/kzq78n13l8w24jn8bx4djj79k5j717f1-gcc-14.3.0/include/c++/14.3.0/x86_64-unknown-linux-gnu/bits/os_defines.h:39,
warning: librocksdb-sys@0.17.3+10.4.2:                  from /nix/store/kzq78n13l8w24jn8bx4djj79k5j717f1-gcc-14.3.0/include/c++/14.3.0/x86_64-unknown-linux-gnu/bits/c++config.h:683,
warning: librocksdb-sys@0.17.3+10.4.2:                  from /nix/store/82kmz7r96navanrc2fgckh2bamiqrgsw-gcc-14.3.0/include/c++/14.3.0/cstdint:38,
warning: librocksdb-sys@0.17.3+10.4.2:                  from <command-line>:
warning: librocksdb-sys@0.17.3+10.4.2: /nix/store/gi4cz4ir3zlwhf1azqfgxqdnczfrwsr7-glibc-2.40-66-dev/include/features.h:422:4: warning: #warning _FORTIFY_SOURCE requires compiling with optimization (-O) [-Wcpp]
warning: librocksdb-sys@0.17.3+10.4.2:   422 | #  warning _FORTIFY_SOURCE requires compiling with optimization (-O)
warning: librocksdb-sys@0.17.3+10.4.2:       |    ^~~~~~~
warning: librocksdb-sys@0.17.3+10.4.2: In file included from /nix/store/kzq78n13l8w24jn8bx4djj79k5j717f1-gcc-14.3.0/include/c++/14.3.0/x86_64-unknown-linux-gnu/bits/os_defines.h:39,
warning: librocksdb-sys@0.17.3+10.4.2:                  from /nix/store/kzq78n13l8w24jn8bx4djj79k5j717f1-gcc-14.3.0/include/c++/14.3.0/x86_64-unknown-linux-gnu/bits/c++config.h:683,
warning: librocksdb-sys@0.17.3+10.4.2:                  from /nix/store/82kmz7r96navanrc2fgckh2bamiqrgsw-gcc-14.3.0/include/c++/14.3.0/cstdint:38,
warning: librocksdb-sys@0.17.3+10.4.2:                  from <command-line>:
warning: librocksdb-sys@0.17.3+10.4.2: /nix/store/gi4cz4ir3zlwhf1azqfgxqdnczfrwsr7-glibc-2.40-66-dev/include/features.h:422:4: warning: #warning _FORTIFY_SOURCE requires compiling with optimization (-O) [-Wcpp]
warning: librocksdb-sys@0.17.3+10.4.2:   422 | #  warning _FORTIFY_SOURCE requires compiling with optimization (-O)
warning: librocksdb-sys@0.17.3+10.4.2:       |    ^~~~~~~
warning: librocksdb-sys@0.17.3+10.4.2: In file included from /nix/store/kzq78n13l8w24jn8bx4djj79k5j717f1-gcc-14.3.0/include/c++/14.3.0/x86_64-unknown-linux-gnu/bits/os_defines.h:39,
warning: librocksdb-sys@0.17.3+10.4.2:                  from /nix/store/kzq78n13l8w24jn8bx4djj79k5j717f1-gcc-14.3.0/include/c++/14.3.0/x86_64-unknown-linux-gnu/bits/c++config.h:683,
warning: librocksdb-sys@0.17.3+10.4.2:                  from /nix/store/82kmz7r96navanrc2fgckh2bamiqrgsw-gcc-14.3.0/include/c++/14.3.0/cstdint:38,
warning: librocksdb-sys@0.17.3+10.4.2:                  from <command-line>:
warning: librocksdb-sys@0.17.3+10.4.2: /nix/store/gi4cz4ir3zlwhf1azqfgxqdnczfrwsr7-glibc-2.40-66-dev/include/features.h:422:4: warning: #warning _FORTIFY_SOURCE requires compiling with optimization (-O) [-Wcpp]
warning: librocksdb-sys@0.17.3+10.4.2:   422 | #  warning _FORTIFY_SOURCE requires compiling with optimization (-O)
warning: librocksdb-sys@0.17.3+10.4.2:       |    ^~~~~~~
warning: librocksdb-sys@0.17.3+10.4.2: In file included from /nix/store/kzq78n13l8w24jn8bx4djj79k5j717f1-gcc-14.3.0/include/c++/14.3.0/x86_64-unknown-linux-gnu/bits/os_defines.h:39,
warning: librocksdb-sys@0.17.3+10.4.2:                  from /nix/store/kzq78n13l8w24jn8bx4djj79k5j717f1-gcc-14.3.0/include/c++/14.3.0/x86_64-unknown-linux-gnu/bits/c++config.h:683,
warning: librocksdb-sys@0.17.3+10.4.2:                  from /nix/store/82kmz7r96navanrc2fgckh2bamiqrgsw-gcc-14.3.0/include/c++/14.3.0/cstdint:38,
warning: librocksdb-sys@0.17.3+10.4.2:                  from <command-line>:
warning: librocksdb-sys@0.17.3+10.4.2: /nix/store/gi4cz4ir3zlwhf1azqfgxqdnczfrwsr7-glibc-2.40-66-dev/include/features.h:422:4: warning: #warning _FORTIFY_SOURCE requires compiling with optimization (-O) [-Wcpp]
warning: librocksdb-sys@0.17.3+10.4.2:   422 | #  warning _FORTIFY_SOURCE requires compiling with optimization (-O)
warning: librocksdb-sys@0.17.3+10.4.2:       |    ^~~~~~~
warning: librocksdb-sys@0.17.3+10.4.2: In file included from /nix/store/kzq78n13l8w24jn8bx4djj79k5j717f1-gcc-14.3.0/include/c++/14.3.0/x86_64-unknown-linux-gnu/bits/os_defines.h:39,
warning: librocksdb-sys@0.17.3+10.4.2:                  from /nix/store/kzq78n13l8w24jn8bx4djj79k5j717f1-gcc-14.3.0/include/c++/14.3.0/x86_64-unknown-linux-gnu/bits/c++config.h:683,
warning: librocksdb-sys@0.17.3+10.4.2:                  from /nix/store/82kmz7r96navanrc2fgckh2bamiqrgsw-gcc-14.3.0/include/c++/14.3.0/cstdint:38,
warning: librocksdb-sys@0.17.3+10.4.2:                  from <command-line>:
warning: librocksdb-sys@0.17.3+10.4.2: /nix/store/gi4cz4ir3zlwhf1azqfgxqdnczfrwsr7-glibc-2.40-66-dev/include/features.h:422:4: warning: #warning _FORTIFY_SOURCE requires compiling with optimization (-O) [-Wcpp]
warning: librocksdb-sys@0.17.3+10.4.2:   422 | #  warning _FORTIFY_SOURCE requires compiling with optimization (-O)
warning: librocksdb-sys@0.17.3+10.4.2:       |    ^~~~~~~
warning: librocksdb-sys@0.17.3+10.4.2: In file included from /nix/store/kzq78n13l8w24jn8bx4djj79k5j717f1-gcc-14.3.0/include/c++/14.3.0/x86_64-unknown-linux-gnu/bits/os_defines.h:39,
warning: librocksdb-sys@0.17.3+10.4.2:                  from /nix/store/kzq78n13l8w24jn8bx4djj79k5j717f1-gcc-14.3.0/include/c++/14.3.0/x86_64-unknown-linux-gnu/bits/c++config.h:683,
warning: librocksdb-sys@0.17.3+10.4.2:                  from /nix/store/82kmz7r96navanrc2fgckh2bamiqrgsw-gcc-14.3.0/include/c++/14.3.0/cstdint:38,
warning: librocksdb-sys@0.17.3+10.4.2:                  from <command-line>:
warning: librocksdb-sys@0.17.3+10.4.2: /nix/store/gi4cz4ir3zlwhf1azqfgxqdnczfrwsr7-glibc-2.40-66-dev/include/features.h:422:4: warning: #warning _FORTIFY_SOURCE requires compiling with optimization (-O) [-Wcpp]
warning: librocksdb-sys@0.17.3+10.4.2:   422 | #  warning _FORTIFY_SOURCE requires compiling with optimization (-O)
warning: librocksdb-sys@0.17.3+10.4.2:       |    ^~~~~~~
warning: librocksdb-sys@0.17.3+10.4.2: In file included from /nix/store/kzq78n13l8w24jn8bx4djj79k5j717f1-gcc-14.3.0/include/c++/14.3.0/x86_64-unknown-linux-gnu/bits/os_defines.h:39,
warning: librocksdb-sys@0.17.3+10.4.2:                  from /nix/store/kzq78n13l8w24jn8bx4djj79k5j717f1-gcc-14.3.0/include/c++/14.3.0/x86_64-unknown-linux-gnu/bits/c++config.h:683,
warning: librocksdb-sys@0.17.3+10.4.2:                  from /nix/store/82kmz7r96navanrc2fgckh2bamiqrgsw-gcc-14.3.0/include/c++/14.3.0/cstdint:38,
warning: librocksdb-sys@0.17.3+10.4.2:                  from <command-line>:
warning: librocksdb-sys@0.17.3+10.4.2: /nix/store/gi4cz4ir3zlwhf1azqfgxqdnczfrwsr7-glibc-2.40-66-dev/include/features.h:422:4: warning: #warning _FORTIFY_SOURCE requires compiling with optimization (-O) [-Wcpp]
warning: librocksdb-sys@0.17.3+10.4.2:   422 | #  warning _FORTIFY_SOURCE requires compiling with optimization (-O)
warning: librocksdb-sys@0.17.3+10.4.2:       |    ^~~~~~~
warning: librocksdb-sys@0.17.3+10.4.2: In file included from /nix/store/kzq78n13l8w24jn8bx4djj79k5j717f1-gcc-14.3.0/include/c++/14.3.0/x86_64-unknown-linux-gnu/bits/os_defines.h:39,
warning: librocksdb-sys@0.17.3+10.4.2:                  from /nix/store/kzq78n13l8w24jn8bx4djj79k5j717f1-gcc-14.3.0/include/c++/14.3.0/x86_64-unknown-linux-gnu/bits/c++config.h:683,
warning: librocksdb-sys@0.17.3+10.4.2:                  from /nix/store/82kmz7r96navanrc2fgckh2bamiqrgsw-gcc-14.3.0/include/c++/14.3.0/cstdint:38,
warning: librocksdb-sys@0.17.3+10.4.2:                  from <command-line>:
warning: librocksdb-sys@0.17.3+10.4.2: /nix/store/gi4cz4ir3zlwhf1azqfgxqdnczfrwsr7-glibc-2.40-66-dev/include/features.h:422:4: warning: #warning _FORTIFY_SOURCE requires compiling with optimization (-O) [-Wcpp]
warning: librocksdb-sys@0.17.3+10.4.2:   422 | #  warning _FORTIFY_SOURCE requires compiling with optimization (-O)
warning: librocksdb-sys@0.17.3+10.4.2:       |    ^~~~~~~
warning: librocksdb-sys@0.17.3+10.4.2: In file included from /nix/store/kzq78n13l8w24jn8bx4djj79k5j717f1-gcc-14.3.0/include/c++/14.3.0/x86_64-unknown-linux-gnu/bits/os_defines.h:39,
warning: librocksdb-sys@0.17.3+10.4.2:                  from /nix/store/kzq78n13l8w24jn8bx4djj79k5j717f1-gcc-14.3.0/include/c++/14.3.0/x86_64-unknown-linux-gnu/bits/c++config.h:683,
warning: librocksdb-sys@0.17.3+10.4.2:                  from /nix/store/82kmz7r96navanrc2fgckh2bamiqrgsw-gcc-14.3.0/include/c++/14.3.0/cstdint:38,
warning: librocksdb-sys@0.17.3+10.4.2:                  from <command-line>:
warning: librocksdb-sys@0.17.3+10.4.2: /nix/store/gi4cz4ir3zlwhf1azqfgxqdnczfrwsr7-glibc-2.40-66-dev/include/features.h:422:4: warning: #warning _FORTIFY_SOURCE requires compiling with optimization (-O) [-Wcpp]
warning: librocksdb-sys@0.17.3+10.4.2:   422 | #  warning _FORTIFY_SOURCE requires compiling with optimization (-O)
warning: librocksdb-sys@0.17.3+10.4.2:       |    ^~~~~~~
warning: librocksdb-sys@0.17.3+10.4.2: In file included from /nix/store/kzq78n13l8w24jn8bx4djj79k5j717f1-gcc-14.3.0/include/c++/14.3.0/x86_64-unknown-linux-gnu/bits/os_defines.h:39,
warning: librocksdb-sys@0.17.3+10.4.2:                  from /nix/store/kzq78n13l8w24jn8bx4djj79k5j717f1-gcc-14.3.0/include/c++/14.3.0/x86_64-unknown-linux-gnu/bits/c++config.h:683,
warning: librocksdb-sys@0.17.3+10.4.2:                  from /nix/store/82kmz7r96navanrc2fgckh2bamiqrgsw-gcc-14.3.0/include/c++/14.3.0/cstdint:38,
warning: librocksdb-sys@0.17.3+10.4.2:                  from <command-line>:
warning: librocksdb-sys@0.17.3+10.4.2: /nix/store/gi4cz4ir3zlwhf1azqfgxqdnczfrwsr7-glibc-2.40-66-dev/include/features.h:422:4: warning: #warning _FORTIFY_SOURCE requires compiling with optimization (-O) [-Wcpp]
warning: librocksdb-sys@0.17.3+10.4.2:   422 | #  warning _FORTIFY_SOURCE requires compiling with optimization (-O)
warning: librocksdb-sys@0.17.3+10.4.2:       |    ^~~~~~~
warning: librocksdb-sys@0.17.3+10.4.2: In file included from /nix/store/kzq78n13l8w24jn8bx4djj79k5j717f1-gcc-14.3.0/include/c++/14.3.0/x86_64-unknown-linux-gnu/bits/os_defines.h:39,
warning: librocksdb-sys@0.17.3+10.4.2:                  from /nix/store/kzq78n13l8w24jn8bx4djj79k5j717f1-gcc-14.3.0/include/c++/14.3.0/x86_64-unknown-linux-gnu/bits/c++config.h:683,
warning: librocksdb-sys@0.17.3+10.4.2:                  from /nix/store/82kmz7r96navanrc2fgckh2bamiqrgsw-gcc-14.3.0/include/c++/14.3.0/cstdint:38,
warning: librocksdb-sys@0.17.3+10.4.2:                  from <command-line>:
warning: librocksdb-sys@0.17.3+10.4.2: /nix/store/gi4cz4ir3zlwhf1azqfgxqdnczfrwsr7-glibc-2.40-66-dev/include/features.h:422:4: warning: #warning _FORTIFY_SOURCE requires compiling with optimization (-O) [-Wcpp]
warning: librocksdb-sys@0.17.3+10.4.2:   422 | #  warning _FORTIFY_SOURCE requires compiling with optimization (-O)
warning: librocksdb-sys@0.17.3+10.4.2:       |    ^~~~~~~
warning: librocksdb-sys@0.17.3+10.4.2: In file included from /nix/store/kzq78n13l8w24jn8bx4djj79k5j717f1-gcc-14.3.0/include/c++/14.3.0/x86_64-unknown-linux-gnu/bits/os_defines.h:39,
warning: librocksdb-sys@0.17.3+10.4.2:                  from /nix/store/kzq78n13l8w24jn8bx4djj79k5j717f1-gcc-14.3.0/include/c++/14.3.0/x86_64-unknown-linux-gnu/bits/c++config.h:683,
warning: librocksdb-sys@0.17.3+10.4.2:                  from /nix/store/82kmz7r96navanrc2fgckh2bamiqrgsw-gcc-14.3.0/include/c++/14.3.0/cstdint:38,
warning: librocksdb-sys@0.17.3+10.4.2:                  from <command-line>:
warning: librocksdb-sys@0.17.3+10.4.2: /nix/store/gi4cz4ir3zlwhf1azqfgxqdnczfrwsr7-glibc-2.40-66-dev/include/features.h:422:4: warning: #warning _FORTIFY_SOURCE requires compiling with optimization (-O) [-Wcpp]
warning: librocksdb-sys@0.17.3+10.4.2:   422 | #  warning _FORTIFY_SOURCE requires compiling with optimization (-O)
warning: librocksdb-sys@0.17.3+10.4.2:       |    ^~~~~~~
warning: librocksdb-sys@0.17.3+10.4.2: In file included from /nix/store/kzq78n13l8w24jn8bx4djj79k5j717f1-gcc-14.3.0/include/c++/14.3.0/x86_64-unknown-linux-gnu/bits/os_defines.h:39,
warning: librocksdb-sys@0.17.3+10.4.2:                  from /nix/store/kzq78n13l8w24jn8bx4djj79k5j717f1-gcc-14.3.0/include/c++/14.3.0/x86_64-unknown-linux-gnu/bits/c++config.h:683,
warning: librocksdb-sys@0.17.3+10.4.2:                  from /nix/store/82kmz7r96navanrc2fgckh2bamiqrgsw-gcc-14.3.0/include/c++/14.3.0/cstdint:38,
warning: librocksdb-sys@0.17.3+10.4.2:                  from <command-line>:
warning: librocksdb-sys@0.17.3+10.4.2: /nix/store/gi4cz4ir3zlwhf1azqfgxqdnczfrwsr7-glibc-2.40-66-dev/include/features.h:422:4: warning: #warning _FORTIFY_SOURCE requires compiling with optimization (-O) [-Wcpp]
warning: librocksdb-sys@0.17.3+10.4.2:   422 | #  warning _FORTIFY_SOURCE requires compiling with optimization (-O)
warning: librocksdb-sys@0.17.3+10.4.2:       |    ^~~~~~~
warning: librocksdb-sys@0.17.3+10.4.2: In file included from /nix/store/kzq78n13l8w24jn8bx4djj79k5j717f1-gcc-14.3.0/include/c++/14.3.0/x86_64-unknown-linux-gnu/bits/os_defines.h:39,
warning: librocksdb-sys@0.17.3+10.4.2:                  from /nix/store/kzq78n13l8w24jn8bx4djj79k5j717f1-gcc-14.3.0/include/c++/14.3.0/x86_64-unknown-linux-gnu/bits/c++config.h:683,
warning: librocksdb-sys@0.17.3+10.4.2:                  from /nix/store/82kmz7r96navanrc2fgckh2bamiqrgsw-gcc-14.3.0/include/c++/14.3.0/cstdint:38,
warning: librocksdb-sys@0.17.3+10.4.2:                  from <command-line>:
warning: librocksdb-sys@0.17.3+10.4.2: /nix/store/gi4cz4ir3zlwhf1azqfgxqdnczfrwsr7-glibc-2.40-66-dev/include/features.h:422:4: warning: #warning _FORTIFY_SOURCE requires compiling with optimization (-O) [-Wcpp]
warning: librocksdb-sys@0.17.3+10.4.2:   422 | #  warning _FORTIFY_SOURCE requires compiling with optimization (-O)
warning: librocksdb-sys@0.17.3+10.4.2:       |    ^~~~~~~
warning: librocksdb-sys@0.17.3+10.4.2: In file included from /nix/store/kzq78n13l8w24jn8bx4djj79k5j717f1-gcc-14.3.0/include/c++/14.3.0/x86_64-unknown-linux-gnu/bits/os_defines.h:39,
warning: librocksdb-sys@0.17.3+10.4.2:                  from /nix/store/kzq78n13l8w24jn8bx4djj79k5j717f1-gcc-14.3.0/include/c++/14.3.0/x86_64-unknown-linux-gnu/bits/c++config.h:683,
warning: librocksdb-sys@0.17.3+10.4.2:                  from /nix/store/82kmz7r96navanrc2fgckh2bamiqrgsw-gcc-14.3.0/include/c++/14.3.0/cstdint:38,
warning: librocksdb-sys@0.17.3+10.4.2:                  from <command-line>:
warning: librocksdb-sys@0.17.3+10.4.2: /nix/store/gi4cz4ir3zlwhf1azqfgxqdnczfrwsr7-glibc-2.40-66-dev/include/features.h:422:4: warning: #warning _FORTIFY_SOURCE requires compiling with optimization (-O) [-Wcpp]
warning: librocksdb-sys@0.17.3+10.4.2:   422 | #  warning _FORTIFY_SOURCE requires compiling with optimization (-O)
warning: librocksdb-sys@0.17.3+10.4.2:       |    ^~~~~~~
warning: librocksdb-sys@0.17.3+10.4.2: In file included from /nix/store/kzq78n13l8w24jn8bx4djj79k5j717f1-gcc-14.3.0/include/c++/14.3.0/x86_64-unknown-linux-gnu/bits/os_defines.h:39,
warning: librocksdb-sys@0.17.3+10.4.2:                  from /nix/store/kzq78n13l8w24jn8bx4djj79k5j717f1-gcc-14.3.0/include/c++/14.3.0/x86_64-unknown-linux-gnu/bits/c++config.h:683,
warning: librocksdb-sys@0.17.3+10.4.2:                  from /nix/store/82kmz7r96navanrc2fgckh2bamiqrgsw-gcc-14.3.0/include/c++/14.3.0/cstdint:38,
warning: librocksdb-sys@0.17.3+10.4.2:                  from <command-line>:
warning: librocksdb-sys@0.17.3+10.4.2: /nix/store/gi4cz4ir3zlwhf1azqfgxqdnczfrwsr7-glibc-2.40-66-dev/include/features.h:422:4: warning: #warning _FORTIFY_SOURCE requires compiling with optimization (-O) [-Wcpp]
warning: librocksdb-sys@0.17.3+10.4.2:   422 | #  warning _FORTIFY_SOURCE requires compiling with optimization (-O)
warning: librocksdb-sys@0.17.3+10.4.2:       |    ^~~~~~~
warning: librocksdb-sys@0.17.3+10.4.2: In file included from /nix/store/kzq78n13l8w24jn8bx4djj79k5j717f1-gcc-14.3.0/include/c++/14.3.0/x86_64-unknown-linux-gnu/bits/os_defines.h:39,
warning: librocksdb-sys@0.17.3+10.4.2:                  from /nix/store/kzq78n13l8w24jn8bx4djj79k5j717f1-gcc-14.3.0/include/c++/14.3.0/x86_64-unknown-linux-gnu/bits/c++config.h:683,
warning: librocksdb-sys@0.17.3+10.4.2:                  from /nix/store/82kmz7r96navanrc2fgckh2bamiqrgsw-gcc-14.3.0/include/c++/14.3.0/cstdint:38,
warning: librocksdb-sys@0.17.3+10.4.2:                  from <command-line>:
warning: librocksdb-sys@0.17.3+10.4.2: /nix/store/gi4cz4ir3zlwhf1azqfgxqdnczfrwsr7-glibc-2.40-66-dev/include/features.h:422:4: warning: #warning _FORTIFY_SOURCE requires compiling with optimization (-O) [-Wcpp]
warning: librocksdb-sys@0.17.3+10.4.2:   422 | #  warning _FORTIFY_SOURCE requires compiling with optimization (-O)
warning: librocksdb-sys@0.17.3+10.4.2:       |    ^~~~~~~
warning: librocksdb-sys@0.17.3+10.4.2: In file included from /nix/store/kzq78n13l8w24jn8bx4djj79k5j717f1-gcc-14.3.0/include/c++/14.3.0/x86_64-unknown-linux-gnu/bits/os_defines.h:39,
warning: librocksdb-sys@0.17.3+10.4.2:                  from /nix/store/kzq78n13l8w24jn8bx4djj79k5j717f1-gcc-14.3.0/include/c++/14.3.0/x86_64-unknown-linux-gnu/bits/c++config.h:683,
warning: librocksdb-sys@0.17.3+10.4.2:                  from /nix/store/82kmz7r96navanrc2fgckh2bamiqrgsw-gcc-14.3.0/include/c++/14.3.0/cstdint:38,
warning: librocksdb-sys@0.17.3+10.4.2:                  from <command-line>:
warning: librocksdb-sys@0.17.3+10.4.2: /nix/store/gi4cz4ir3zlwhf1azqfgxqdnczfrwsr7-glibc-2.40-66-dev/include/features.h:422:4: warning: #warning _FORTIFY_SOURCE requires compiling with optimization (-O) [-Wcpp]
warning: librocksdb-sys@0.17.3+10.4.2:   422 | #  warning _FORTIFY_SOURCE requires compiling with optimization (-O)
warning: librocksdb-sys@0.17.3+10.4.2:       |    ^~~~~~~
warning: librocksdb-sys@0.17.3+10.4.2: In file included from /nix/store/kzq78n13l8w24jn8bx4djj79k5j717f1-gcc-14.3.0/include/c++/14.3.0/x86_64-unknown-linux-gnu/bits/os_defines.h:39,
warning: librocksdb-sys@0.17.3+10.4.2:                  from /nix/store/kzq78n13l8w24jn8bx4djj79k5j717f1-gcc-14.3.0/include/c++/14.3.0/x86_64-unknown-linux-gnu/bits/c++config.h:683,
warning: librocksdb-sys@0.17.3+10.4.2:                  from /nix/store/82kmz7r96navanrc2fgckh2bamiqrgsw-gcc-14.3.0/include/c++/14.3.0/cstdint:38,
warning: librocksdb-sys@0.17.3+10.4.2:                  from <command-line>:
warning: librocksdb-sys@0.17.3+10.4.2: /nix/store/gi4cz4ir3zlwhf1azqfgxqdnczfrwsr7-glibc-2.40-66-dev/include/features.h:422:4: warning: #warning _FORTIFY_SOURCE requires compiling with optimization (-O) [-Wcpp]
warning: librocksdb-sys@0.17.3+10.4.2:   422 | #  warning _FORTIFY_SOURCE requires compiling with optimization (-O)
warning: librocksdb-sys@0.17.3+10.4.2:       |    ^~~~~~~
warning: librocksdb-sys@0.17.3+10.4.2: In file included from /nix/store/kzq78n13l8w24jn8bx4djj79k5j717f1-gcc-14.3.0/include/c++/14.3.0/x86_64-unknown-linux-gnu/bits/os_defines.h:39,
warning: librocksdb-sys@0.17.3+10.4.2:                  from /nix/store/kzq78n13l8w24jn8bx4djj79k5j717f1-gcc-14.3.0/include/c++/14.3.0/x86_64-unknown-linux-gnu/bits/c++config.h:683,
warning: librocksdb-sys@0.17.3+10.4.2:                  from /nix/store/82kmz7r96navanrc2fgckh2bamiqrgsw-gcc-14.3.0/include/c++/14.3.0/cstdint:38,
warning: librocksdb-sys@0.17.3+10.4.2:                  from <command-line>:
warning: librocksdb-sys@0.17.3+10.4.2: /nix/store/gi4cz4ir3zlwhf1azqfgxqdnczfrwsr7-glibc-2.40-66-dev/include/features.h:422:4: warning: #warning _FORTIFY_SOURCE requires compiling with optimization (-O) [-Wcpp]
warning: librocksdb-sys@0.17.3+10.4.2:   422 | #  warning _FORTIFY_SOURCE requires compiling with optimization (-O)
warning: librocksdb-sys@0.17.3+10.4.2:       |    ^~~~~~~
warning: librocksdb-sys@0.17.3+10.4.2: In file included from /nix/store/kzq78n13l8w24jn8bx4djj79k5j717f1-gcc-14.3.0/include/c++/14.3.0/x86_64-unknown-linux-gnu/bits/os_defines.h:39,
warning: librocksdb-sys@0.17.3+10.4.2:                  from /nix/store/kzq78n13l8w24jn8bx4djj79k5j717f1-gcc-14.3.0/include/c++/14.3.0/x86_64-unknown-linux-gnu/bits/c++config.h:683,
warning: librocksdb-sys@0.17.3+10.4.2:                  from /nix/store/82kmz7r96navanrc2fgckh2bamiqrgsw-gcc-14.3.0/include/c++/14.3.0/cstdint:38,
warning: librocksdb-sys@0.17.3+10.4.2:                  from <command-line>:
warning: librocksdb-sys@0.17.3+10.4.2: /nix/store/gi4cz4ir3zlwhf1azqfgxqdnczfrwsr7-glibc-2.40-66-dev/include/features.h:422:4: warning: #warning _FORTIFY_SOURCE requires compiling with optimization (-O) [-Wcpp]
warning: librocksdb-sys@0.17.3+10.4.2:   422 | #  warning _FORTIFY_SOURCE requires compiling with optimization (-O)
warning: librocksdb-sys@0.17.3+10.4.2:       |    ^~~~~~~
warning: librocksdb-sys@0.17.3+10.4.2: In file included from /nix/store/kzq78n13l8w24jn8bx4djj79k5j717f1-gcc-14.3.0/include/c++/14.3.0/x86_64-unknown-linux-gnu/bits/os_defines.h:39,
warning: librocksdb-sys@0.17.3+10.4.2:                  from /nix/store/kzq78n13l8w24jn8bx4djj79k5j717f1-gcc-14.3.0/include/c++/14.3.0/x86_64-unknown-linux-gnu/bits/c++config.h:683,
warning: librocksdb-sys@0.17.3+10.4.2:                  from /nix/store/82kmz7r96navanrc2fgckh2bamiqrgsw-gcc-14.3.0/include/c++/14.3.0/cstdint:38,
warning: librocksdb-sys@0.17.3+10.4.2:                  from <command-line>:
warning: librocksdb-sys@0.17.3+10.4.2: /nix/store/gi4cz4ir3zlwhf1azqfgxqdnczfrwsr7-glibc-2.40-66-dev/include/features.h:422:4: warning: #warning _FORTIFY_SOURCE requires compiling with optimization (-O) [-Wcpp]
warning: librocksdb-sys@0.17.3+10.4.2:   422 | #  warning _FORTIFY_SOURCE requires compiling with optimization (-O)
warning: librocksdb-sys@0.17.3+10.4.2:       |    ^~~~~~~
warning: librocksdb-sys@0.17.3+10.4.2: In file included from /nix/store/kzq78n13l8w24jn8bx4djj79k5j717f1-gcc-14.3.0/include/c++/14.3.0/x86_64-unknown-linux-gnu/bits/os_defines.h:39,
warning: librocksdb-sys@0.17.3+10.4.2:                  from /nix/store/kzq78n13l8w24jn8bx4djj79k5j717f1-gcc-14.3.0/include/c++/14.3.0/x86_64-unknown-linux-gnu/bits/c++config.h:683,
warning: librocksdb-sys@0.17.3+10.4.2:                  from /nix/store/82kmz7r96navanrc2fgckh2bamiqrgsw-gcc-14.3.0/include/c++/14.3.0/cstdint:38,
warning: librocksdb-sys@0.17.3+10.4.2:                  from <command-line>:
warning: librocksdb-sys@0.17.3+10.4.2: /nix/store/gi4cz4ir3zlwhf1azqfgxqdnczfrwsr7-glibc-2.40-66-dev/include/features.h:422:4: warning: #warning _FORTIFY_SOURCE requires compiling with optimization (-O) [-Wcpp]
warning: librocksdb-sys@0.17.3+10.4.2:   422 | #  warning _FORTIFY_SOURCE requires compiling with optimization (-O)
warning: librocksdb-sys@0.17.3+10.4.2:       |    ^~~~~~~
warning: librocksdb-sys@0.17.3+10.4.2: In file included from /nix/store/kzq78n13l8w24jn8bx4djj79k5j717f1-gcc-14.3.0/include/c++/14.3.0/x86_64-unknown-linux-gnu/bits/os_defines.h:39,
warning: librocksdb-sys@0.17.3+10.4.2:                  from /nix/store/kzq78n13l8w24jn8bx4djj79k5j717f1-gcc-14.3.0/include/c++/14.3.0/x86_64-unknown-linux-gnu/bits/c++config.h:683,
warning: librocksdb-sys@0.17.3+10.4.2:                  from /nix/store/82kmz7r96navanrc2fgckh2bamiqrgsw-gcc-14.3.0/include/c++/14.3.0/cstdint:38,
warning: librocksdb-sys@0.17.3+10.4.2:                  from <command-line>:
warning: librocksdb-sys@0.17.3+10.4.2: /nix/store/gi4cz4ir3zlwhf1azqfgxqdnczfrwsr7-glibc-2.40-66-dev/include/features.h:422:4: warning: #warning _FORTIFY_SOURCE requires compiling with optimization (-O) [-Wcpp]
warning: librocksdb-sys@0.17.3+10.4.2:   422 | #  warning _FORTIFY_SOURCE requires compiling with optimization (-O)
warning: librocksdb-sys@0.17.3+10.4.2:       |    ^~~~~~~
warning: librocksdb-sys@0.17.3+10.4.2: In file included from /nix/store/kzq78n13l8w24jn8bx4djj79k5j717f1-gcc-14.3.0/include/c++/14.3.0/x86_64-unknown-linux-gnu/bits/os_defines.h:39,
warning: librocksdb-sys@0.17.3+10.4.2:                  from /nix/store/kzq78n13l8w24jn8bx4djj79k5j717f1-gcc-14.3.0/include/c++/14.3.0/x86_64-unknown-linux-gnu/bits/c++config.h:683,
warning: librocksdb-sys@0.17.3+10.4.2:                  from /nix/store/82kmz7r96navanrc2fgckh2bamiqrgsw-gcc-14.3.0/include/c++/14.3.0/cstdint:38,
warning: librocksdb-sys@0.17.3+10.4.2:                  from <command-line>:
warning: librocksdb-sys@0.17.3+10.4.2: /nix/store/gi4cz4ir3zlwhf1azqfgxqdnczfrwsr7-glibc-2.40-66-dev/include/features.h:422:4: warning: #warning _FORTIFY_SOURCE requires compiling with optimization (-O) [-Wcpp]
warning: librocksdb-sys@0.17.3+10.4.2:   422 | #  warning _FORTIFY_SOURCE requires compiling with optimization (-O)
warning: librocksdb-sys@0.17.3+10.4.2:       |    ^~~~~~~
warning: librocksdb-sys@0.17.3+10.4.2: In file included from /nix/store/kzq78n13l8w24jn8bx4djj79k5j717f1-gcc-14.3.0/include/c++/14.3.0/x86_64-unknown-linux-gnu/bits/os_defines.h:39,
warning: librocksdb-sys@0.17.3+10.4.2:                  from /nix/store/kzq78n13l8w24jn8bx4djj79k5j717f1-gcc-14.3.0/include/c++/14.3.0/x86_64-unknown-linux-gnu/bits/c++config.h:683,
warning: librocksdb-sys@0.17.3+10.4.2:                  from /nix/store/82kmz7r96navanrc2fgckh2bamiqrgsw-gcc-14.3.0/include/c++/14.3.0/cstdint:38,
warning: librocksdb-sys@0.17.3+10.4.2:                  from <command-line>:
warning: librocksdb-sys@0.17.3+10.4.2: /nix/store/gi4cz4ir3zlwhf1azqfgxqdnczfrwsr7-glibc-2.40-66-dev/include/features.h:422:4: warning: #warning _FORTIFY_SOURCE requires compiling with optimization (-O) [-Wcpp]
warning: librocksdb-sys@0.17.3+10.4.2:   422 | #  warning _FORTIFY_SOURCE requires compiling with optimization (-O)
warning: librocksdb-sys@0.17.3+10.4.2:       |    ^~~~~~~
warning: librocksdb-sys@0.17.3+10.4.2: In file included from /nix/store/kzq78n13l8w24jn8bx4djj79k5j717f1-gcc-14.3.0/include/c++/14.3.0/x86_64-unknown-linux-gnu/bits/os_defines.h:39,
warning: librocksdb-sys@0.17.3+10.4.2:                  from /nix/store/kzq78n13l8w24jn8bx4djj79k5j717f1-gcc-14.3.0/include/c++/14.3.0/x86_64-unknown-linux-gnu/bits/c++config.h:683,
warning: librocksdb-sys@0.17.3+10.4.2:                  from /nix/store/82kmz7r96navanrc2fgckh2bamiqrgsw-gcc-14.3.0/include/c++/14.3.0/cstdint:38,
warning: librocksdb-sys@0.17.3+10.4.2:                  from <command-line>:
warning: librocksdb-sys@0.17.3+10.4.2: /nix/store/gi4cz4ir3zlwhf1azqfgxqdnczfrwsr7-glibc-2.40-66-dev/include/features.h:422:4: warning: #warning _FORTIFY_SOURCE requires compiling with optimization (-O) [-Wcpp]
warning: librocksdb-sys@0.17.3+10.4.2:   422 | #  warning _FORTIFY_SOURCE requires compiling with optimization (-O)
warning: librocksdb-sys@0.17.3+10.4.2:       |    ^~~~~~~
warning: librocksdb-sys@0.17.3+10.4.2: In file included from /nix/store/kzq78n13l8w24jn8bx4djj79k5j717f1-gcc-14.3.0/include/c++/14.3.0/x86_64-unknown-linux-gnu/bits/os_defines.h:39,
warning: librocksdb-sys@0.17.3+10.4.2:                  from /nix/store/kzq78n13l8w24jn8bx4djj79k5j717f1-gcc-14.3.0/include/c++/14.3.0/x86_64-unknown-linux-gnu/bits/c++config.h:683,
warning: librocksdb-sys@0.17.3+10.4.2:                  from /nix/store/82kmz7r96navanrc2fgckh2bamiqrgsw-gcc-14.3.0/include/c++/14.3.0/cstdint:38,
warning: librocksdb-sys@0.17.3+10.4.2:                  from <command-line>:
warning: librocksdb-sys@0.17.3+10.4.2: /nix/store/gi4cz4ir3zlwhf1azqfgxqdnczfrwsr7-glibc-2.40-66-dev/include/features.h:422:4: warning: #warning _FORTIFY_SOURCE requires compiling with optimization (-O) [-Wcpp]
warning: librocksdb-sys@0.17.3+10.4.2:   422 | #  warning _FORTIFY_SOURCE requires compiling with optimization (-O)
warning: librocksdb-sys@0.17.3+10.4.2:       |    ^~~~~~~
warning: librocksdb-sys@0.17.3+10.4.2: In file included from /nix/store/kzq78n13l8w24jn8bx4djj79k5j717f1-gcc-14.3.0/include/c++/14.3.0/x86_64-unknown-linux-gnu/bits/os_defines.h:39,
warning: librocksdb-sys@0.17.3+10.4.2:                  from /nix/store/kzq78n13l8w24jn8bx4djj79k5j717f1-gcc-14.3.0/include/c++/14.3.0/x86_64-unknown-linux-gnu/bits/c++config.h:683,
warning: librocksdb-sys@0.17.3+10.4.2:                  from /nix/store/82kmz7r96navanrc2fgckh2bamiqrgsw-gcc-14.3.0/include/c++/14.3.0/cstdint:38,
warning: librocksdb-sys@0.17.3+10.4.2:                  from <command-line>:
warning: librocksdb-sys@0.17.3+10.4.2: /nix/store/gi4cz4ir3zlwhf1azqfgxqdnczfrwsr7-glibc-2.40-66-dev/include/features.h:422:4: warning: #warning _FORTIFY_SOURCE requires compiling with optimization (-O) [-Wcpp]
warning: librocksdb-sys@0.17.3+10.4.2:   422 | #  warning _FORTIFY_SOURCE requires compiling with optimization (-O)
warning: librocksdb-sys@0.17.3+10.4.2:       |    ^~~~~~~
warning: librocksdb-sys@0.17.3+10.4.2: In file included from /nix/store/kzq78n13l8w24jn8bx4djj79k5j717f1-gcc-14.3.0/include/c++/14.3.0/x86_64-unknown-linux-gnu/bits/os_defines.h:39,
warning: librocksdb-sys@0.17.3+10.4.2:                  from /nix/store/kzq78n13l8w24jn8bx4djj79k5j717f1-gcc-14.3.0/include/c++/14.3.0/x86_64-unknown-linux-gnu/bits/c++config.h:683,
warning: librocksdb-sys@0.17.3+10.4.2:                  from /nix/store/82kmz7r96navanrc2fgckh2bamiqrgsw-gcc-14.3.0/include/c++/14.3.0/cstdint:38,
warning: librocksdb-sys@0.17.3+10.4.2:                  from <command-line>:
warning: librocksdb-sys@0.17.3+10.4.2: /nix/store/gi4cz4ir3zlwhf1azqfgxqdnczfrwsr7-glibc-2.40-66-dev/include/features.h:422:4: warning: #warning _FORTIFY_SOURCE requires compiling with optimization (-O) [-Wcpp]
warning: librocksdb-sys@0.17.3+10.4.2:   422 | #  warning _FORTIFY_SOURCE requires compiling with optimization (-O)
warning: librocksdb-sys@0.17.3+10.4.2:       |    ^~~~~~~
warning: librocksdb-sys@0.17.3+10.4.2: In file included from /nix/store/kzq78n13l8w24jn8bx4djj79k5j717f1-gcc-14.3.0/include/c++/14.3.0/x86_64-unknown-linux-gnu/bits/os_defines.h:39,
warning: librocksdb-sys@0.17.3+10.4.2:                  from /nix/store/kzq78n13l8w24jn8bx4djj79k5j717f1-gcc-14.3.0/include/c++/14.3.0/x86_64-unknown-linux-gnu/bits/c++config.h:683,
warning: librocksdb-sys@0.17.3+10.4.2:                  from /nix/store/82kmz7r96navanrc2fgckh2bamiqrgsw-gcc-14.3.0/include/c++/14.3.0/cstdint:38,
warning: librocksdb-sys@0.17.3+10.4.2:                  from <command-line>:
warning: librocksdb-sys@0.17.3+10.4.2: /nix/store/gi4cz4ir3zlwhf1azqfgxqdnczfrwsr7-glibc-2.40-66-dev/include/features.h:422:4: warning: #warning _FORTIFY_SOURCE requires compiling with optimization (-O) [-Wcpp]
warning: librocksdb-sys@0.17.3+10.4.2:   422 | #  warning _FORTIFY_SOURCE requires compiling with optimization (-O)
warning: librocksdb-sys@0.17.3+10.4.2:       |    ^~~~~~~
warning: librocksdb-sys@0.17.3+10.4.2: In file included from /nix/store/kzq78n13l8w24jn8bx4djj79k5j717f1-gcc-14.3.0/include/c++/14.3.0/x86_64-unknown-linux-gnu/bits/os_defines.h:39,
warning: librocksdb-sys@0.17.3+10.4.2:                  from /nix/store/kzq78n13l8w24jn8bx4djj79k5j717f1-gcc-14.3.0/include/c++/14.3.0/x86_64-unknown-linux-gnu/bits/c++config.h:683,
warning: librocksdb-sys@0.17.3+10.4.2:                  from /nix/store/82kmz7r96navanrc2fgckh2bamiqrgsw-gcc-14.3.0/include/c++/14.3.0/cstdint:38,
warning: librocksdb-sys@0.17.3+10.4.2:                  from <command-line>:
warning: librocksdb-sys@0.17.3+10.4.2: /nix/store/gi4cz4ir3zlwhf1azqfgxqdnczfrwsr7-glibc-2.40-66-dev/include/features.h:422:4: warning: #warning _FORTIFY_SOURCE requires compiling with optimization (-O) [-Wcpp]
warning: librocksdb-sys@0.17.3+10.4.2:   422 | #  warning _FORTIFY_SOURCE requires compiling with optimization (-O)
warning: librocksdb-sys@0.17.3+10.4.2:       |    ^~~~~~~
warning: librocksdb-sys@0.17.3+10.4.2: In file included from /nix/store/kzq78n13l8w24jn8bx4djj79k5j717f1-gcc-14.3.0/include/c++/14.3.0/x86_64-unknown-linux-gnu/bits/os_defines.h:39,
warning: librocksdb-sys@0.17.3+10.4.2:                  from /nix/store/kzq78n13l8w24jn8bx4djj79k5j717f1-gcc-14.3.0/include/c++/14.3.0/x86_64-unknown-linux-gnu/bits/c++config.h:683,
warning: librocksdb-sys@0.17.3+10.4.2:                  from /nix/store/82kmz7r96navanrc2fgckh2bamiqrgsw-gcc-14.3.0/include/c++/14.3.0/cstdint:38,
warning: librocksdb-sys@0.17.3+10.4.2:                  from <command-line>:
warning: librocksdb-sys@0.17.3+10.4.2: /nix/store/gi4cz4ir3zlwhf1azqfgxqdnczfrwsr7-glibc-2.40-66-dev/include/features.h:422:4: warning: #warning _FORTIFY_SOURCE requires compiling with optimization (-O) [-Wcpp]
warning: librocksdb-sys@0.17.3+10.4.2:   422 | #  warning _FORTIFY_SOURCE requires compiling with optimization (-O)
warning: librocksdb-sys@0.17.3+10.4.2:       |    ^~~~~~~
warning: librocksdb-sys@0.17.3+10.4.2: In file included from /nix/store/kzq78n13l8w24jn8bx4djj79k5j717f1-gcc-14.3.0/include/c++/14.3.0/x86_64-unknown-linux-gnu/bits/os_defines.h:39,
warning: librocksdb-sys@0.17.3+10.4.2:                  from /nix/store/kzq78n13l8w24jn8bx4djj79k5j717f1-gcc-14.3.0/include/c++/14.3.0/x86_64-unknown-linux-gnu/bits/c++config.h:683,
warning: librocksdb-sys@0.17.3+10.4.2:                  from /nix/store/82kmz7r96navanrc2fgckh2bamiqrgsw-gcc-14.3.0/include/c++/14.3.0/cstdint:38,
warning: librocksdb-sys@0.17.3+10.4.2:                  from <command-line>:
warning: librocksdb-sys@0.17.3+10.4.2: /nix/store/gi4cz4ir3zlwhf1azqfgxqdnczfrwsr7-glibc-2.40-66-dev/include/features.h:422:4: warning: #warning _FORTIFY_SOURCE requires compiling with optimization (-O) [-Wcpp]
warning: librocksdb-sys@0.17.3+10.4.2:   422 | #  warning _FORTIFY_SOURCE requires compiling with optimization (-O)
warning: librocksdb-sys@0.17.3+10.4.2:       |    ^~~~~~~
warning: librocksdb-sys@0.17.3+10.4.2: In file included from /nix/store/kzq78n13l8w24jn8bx4djj79k5j717f1-gcc-14.3.0/include/c++/14.3.0/x86_64-unknown-linux-gnu/bits/os_defines.h:39,
warning: librocksdb-sys@0.17.3+10.4.2:                  from /nix/store/kzq78n13l8w24jn8bx4djj79k5j717f1-gcc-14.3.0/include/c++/14.3.0/x86_64-unknown-linux-gnu/bits/c++config.h:683,
warning: librocksdb-sys@0.17.3+10.4.2:                  from /nix/store/82kmz7r96navanrc2fgckh2bamiqrgsw-gcc-14.3.0/include/c++/14.3.0/cstdint:38,
warning: librocksdb-sys@0.17.3+10.4.2:                  from <command-line>:
warning: librocksdb-sys@0.17.3+10.4.2: /nix/store/gi4cz4ir3zlwhf1azqfgxqdnczfrwsr7-glibc-2.40-66-dev/include/features.h:422:4: warning: #warning _FORTIFY_SOURCE requires compiling with optimization (-O) [-Wcpp]
warning: librocksdb-sys@0.17.3+10.4.2:   422 | #  warning _FORTIFY_SOURCE requires compiling with optimization (-O)
warning: librocksdb-sys@0.17.3+10.4.2:       |    ^~~~~~~
warning: librocksdb-sys@0.17.3+10.4.2: In file included from /nix/store/kzq78n13l8w24jn8bx4djj79k5j717f1-gcc-14.3.0/include/c++/14.3.0/x86_64-unknown-linux-gnu/bits/os_defines.h:39,
warning: librocksdb-sys@0.17.3+10.4.2:                  from /nix/store/kzq78n13l8w24jn8bx4djj79k5j717f1-gcc-14.3.0/include/c++/14.3.0/x86_64-unknown-linux-gnu/bits/c++config.h:683,
warning: librocksdb-sys@0.17.3+10.4.2:                  from /nix/store/82kmz7r96navanrc2fgckh2bamiqrgsw-gcc-14.3.0/include/c++/14.3.0/cstdint:38,
warning: librocksdb-sys@0.17.3+10.4.2:                  from <command-line>:
warning: librocksdb-sys@0.17.3+10.4.2: /nix/store/gi4cz4ir3zlwhf1azqfgxqdnczfrwsr7-glibc-2.40-66-dev/include/features.h:422:4: warning: #warning _FORTIFY_SOURCE requires compiling with optimization (-O) [-Wcpp]
warning: librocksdb-sys@0.17.3+10.4.2:   422 | #  warning _FORTIFY_SOURCE requires compiling with optimization (-O)
warning: librocksdb-sys@0.17.3+10.4.2:       |    ^~~~~~~
warning: librocksdb-sys@0.17.3+10.4.2: In file included from /nix/store/kzq78n13l8w24jn8bx4djj79k5j717f1-gcc-14.3.0/include/c++/14.3.0/x86_64-unknown-linux-gnu/bits/os_defines.h:39,
warning: librocksdb-sys@0.17.3+10.4.2:                  from /nix/store/kzq78n13l8w24jn8bx4djj79k5j717f1-gcc-14.3.0/include/c++/14.3.0/x86_64-unknown-linux-gnu/bits/c++config.h:683,
warning: librocksdb-sys@0.17.3+10.4.2:                  from /nix/store/82kmz7r96navanrc2fgckh2bamiqrgsw-gcc-14.3.0/include/c++/14.3.0/cstdint:38,
warning: librocksdb-sys@0.17.3+10.4.2:                  from <command-line>:
warning: librocksdb-sys@0.17.3+10.4.2: /nix/store/gi4cz4ir3zlwhf1azqfgxqdnczfrwsr7-glibc-2.40-66-dev/include/features.h:422:4: warning: #warning _FORTIFY_SOURCE requires compiling with optimization (-O) [-Wcpp]
warning: librocksdb-sys@0.17.3+10.4.2:   422 | #  warning _FORTIFY_SOURCE requires compiling with optimization (-O)
warning: librocksdb-sys@0.17.3+10.4.2:       |    ^~~~~~~
warning: librocksdb-sys@0.17.3+10.4.2: In file included from /nix/store/kzq78n13l8w24jn8bx4djj79k5j717f1-gcc-14.3.0/include/c++/14.3.0/x86_64-unknown-linux-gnu/bits/os_defines.h:39,
warning: librocksdb-sys@0.17.3+10.4.2:                  from /nix/store/kzq78n13l8w24jn8bx4djj79k5j717f1-gcc-14.3.0/include/c++/14.3.0/x86_64-unknown-linux-gnu/bits/c++config.h:683,
warning: librocksdb-sys@0.17.3+10.4.2:                  from /nix/store/82kmz7r96navanrc2fgckh2bamiqrgsw-gcc-14.3.0/include/c++/14.3.0/cstdint:38,
warning: librocksdb-sys@0.17.3+10.4.2:                  from <command-line>:
warning: librocksdb-sys@0.17.3+10.4.2: /nix/store/gi4cz4ir3zlwhf1azqfgxqdnczfrwsr7-glibc-2.40-66-dev/include/features.h:422:4: warning: #warning _FORTIFY_SOURCE requires compiling with optimization (-O) [-Wcpp]
warning: librocksdb-sys@0.17.3+10.4.2:   422 | #  warning _FORTIFY_SOURCE requires compiling with optimization (-O)
warning: librocksdb-sys@0.17.3+10.4.2:       |    ^~~~~~~
warning: librocksdb-sys@0.17.3+10.4.2: In file included from /nix/store/kzq78n13l8w24jn8bx4djj79k5j717f1-gcc-14.3.0/include/c++/14.3.0/x86_64-unknown-linux-gnu/bits/os_defines.h:39,
warning: librocksdb-sys@0.17.3+10.4.2:                  from /nix/store/kzq78n13l8w24jn8bx4djj79k5j717f1-gcc-14.3.0/include/c++/14.3.0/x86_64-unknown-linux-gnu/bits/c++config.h:683,
warning: librocksdb-sys@0.17.3+10.4.2:                  from /nix/store/82kmz7r96navanrc2fgckh2bamiqrgsw-gcc-14.3.0/include/c++/14.3.0/cstdint:38,
warning: librocksdb-sys@0.17.3+10.4.2:                  from <command-line>:
warning: librocksdb-sys@0.17.3+10.4.2: /nix/store/gi4cz4ir3zlwhf1azqfgxqdnczfrwsr7-glibc-2.40-66-dev/include/features.h:422:4: warning: #warning _FORTIFY_SOURCE requires compiling with optimization (-O) [-Wcpp]
warning: librocksdb-sys@0.17.3+10.4.2:   422 | #  warning _FORTIFY_SOURCE requires compiling with optimization (-O)
warning: librocksdb-sys@0.17.3+10.4.2:       |    ^~~~~~~
warning: librocksdb-sys@0.17.3+10.4.2: In file included from /nix/store/kzq78n13l8w24jn8bx4djj79k5j717f1-gcc-14.3.0/include/c++/14.3.0/x86_64-unknown-linux-gnu/bits/os_defines.h:39,
warning: librocksdb-sys@0.17.3+10.4.2:                  from /nix/store/kzq78n13l8w24jn8bx4djj79k5j717f1-gcc-14.3.0/include/c++/14.3.0/x86_64-unknown-linux-gnu/bits/c++config.h:683,
warning: librocksdb-sys@0.17.3+10.4.2:                  from /nix/store/82kmz7r96navanrc2fgckh2bamiqrgsw-gcc-14.3.0/include/c++/14.3.0/cstdint:38,
warning: librocksdb-sys@0.17.3+10.4.2:                  from <command-line>:
warning: librocksdb-sys@0.17.3+10.4.2: /nix/store/gi4cz4ir3zlwhf1azqfgxqdnczfrwsr7-glibc-2.40-66-dev/include/features.h:422:4: warning: #warning _FORTIFY_SOURCE requires compiling with optimization (-O) [-Wcpp]
warning: librocksdb-sys@0.17.3+10.4.2:   422 | #  warning _FORTIFY_SOURCE requires compiling with optimization (-O)
warning: librocksdb-sys@0.17.3+10.4.2:       |    ^~~~~~~
warning: librocksdb-sys@0.17.3+10.4.2: In file included from /nix/store/kzq78n13l8w24jn8bx4djj79k5j717f1-gcc-14.3.0/include/c++/14.3.0/x86_64-unknown-linux-gnu/bits/os_defines.h:39,
warning: librocksdb-sys@0.17.3+10.4.2:                  from /nix/store/kzq78n13l8w24jn8bx4djj79k5j717f1-gcc-14.3.0/include/c++/14.3.0/x86_64-unknown-linux-gnu/bits/c++config.h:683,
warning: librocksdb-sys@0.17.3+10.4.2:                  from /nix/store/82kmz7r96navanrc2fgckh2bamiqrgsw-gcc-14.3.0/include/c++/14.3.0/cstdint:38,
warning: librocksdb-sys@0.17.3+10.4.2:                  from <command-line>:
warning: librocksdb-sys@0.17.3+10.4.2: /nix/store/gi4cz4ir3zlwhf1azqfgxqdnczfrwsr7-glibc-2.40-66-dev/include/features.h:422:4: warning: #warning _FORTIFY_SOURCE requires compiling with optimization (-O) [-Wcpp]
warning: librocksdb-sys@0.17.3+10.4.2:   422 | #  warning _FORTIFY_SOURCE requires compiling with optimization (-O)
warning: librocksdb-sys@0.17.3+10.4.2:       |    ^~~~~~~
warning: librocksdb-sys@0.17.3+10.4.2: In file included from /nix/store/kzq78n13l8w24jn8bx4djj79k5j717f1-gcc-14.3.0/include/c++/14.3.0/x86_64-unknown-linux-gnu/bits/os_defines.h:39,
warning: librocksdb-sys@0.17.3+10.4.2:                  from /nix/store/kzq78n13l8w24jn8bx4djj79k5j717f1-gcc-14.3.0/include/c++/14.3.0/x86_64-unknown-linux-gnu/bits/c++config.h:683,
warning: librocksdb-sys@0.17.3+10.4.2:                  from /nix/store/82kmz7r96navanrc2fgckh2bamiqrgsw-gcc-14.3.0/include/c++/14.3.0/cstdint:38,
warning: librocksdb-sys@0.17.3+10.4.2:                  from <command-line>:
warning: librocksdb-sys@0.17.3+10.4.2: /nix/store/gi4cz4ir3zlwhf1azqfgxqdnczfrwsr7-glibc-2.40-66-dev/include/features.h:422:4: warning: #warning _FORTIFY_SOURCE requires compiling with optimization (-O) [-Wcpp]
warning: librocksdb-sys@0.17.3+10.4.2:   422 | #  warning _FORTIFY_SOURCE requires compiling with optimization (-O)
warning: librocksdb-sys@0.17.3+10.4.2:       |    ^~~~~~~
warning: librocksdb-sys@0.17.3+10.4.2: In file included from /nix/store/kzq78n13l8w24jn8bx4djj79k5j717f1-gcc-14.3.0/include/c++/14.3.0/x86_64-unknown-linux-gnu/bits/os_defines.h:39,
warning: librocksdb-sys@0.17.3+10.4.2:                  from /nix/store/kzq78n13l8w24jn8bx4djj79k5j717f1-gcc-14.3.0/include/c++/14.3.0/x86_64-unknown-linux-gnu/bits/c++config.h:683,
warning: librocksdb-sys@0.17.3+10.4.2:                  from /nix/store/82kmz7r96navanrc2fgckh2bamiqrgsw-gcc-14.3.0/include/c++/14.3.0/cstdint:38,
warning: librocksdb-sys@0.17.3+10.4.2:                  from <command-line>:
warning: librocksdb-sys@0.17.3+10.4.2: /nix/store/gi4cz4ir3zlwhf1azqfgxqdnczfrwsr7-glibc-2.40-66-dev/include/features.h:422:4: warning: #warning _FORTIFY_SOURCE requires compiling with optimization (-O) [-Wcpp]
warning: librocksdb-sys@0.17.3+10.4.2:   422 | #  warning _FORTIFY_SOURCE requires compiling with optimization (-O)
warning: librocksdb-sys@0.17.3+10.4.2:       |    ^~~~~~~
warning: librocksdb-sys@0.17.3+10.4.2: In file included from /nix/store/kzq78n13l8w24jn8bx4djj79k5j717f1-gcc-14.3.0/include/c++/14.3.0/x86_64-unknown-linux-gnu/bits/os_defines.h:39,
warning: librocksdb-sys@0.17.3+10.4.2:                  from /nix/store/kzq78n13l8w24jn8bx4djj79k5j717f1-gcc-14.3.0/include/c++/14.3.0/x86_64-unknown-linux-gnu/bits/c++config.h:683,
warning: librocksdb-sys@0.17.3+10.4.2:                  from /nix/store/82kmz7r96navanrc2fgckh2bamiqrgsw-gcc-14.3.0/include/c++/14.3.0/cstdint:38,
warning: librocksdb-sys@0.17.3+10.4.2:                  from <command-line>:
warning: librocksdb-sys@0.17.3+10.4.2: /nix/store/gi4cz4ir3zlwhf1azqfgxqdnczfrwsr7-glibc-2.40-66-dev/include/features.h:422:4: warning: #warning _FORTIFY_SOURCE requires compiling with optimization (-O) [-Wcpp]
warning: librocksdb-sys@0.17.3+10.4.2:   422 | #  warning _FORTIFY_SOURCE requires compiling with optimization (-O)
warning: librocksdb-sys@0.17.3+10.4.2:       |    ^~~~~~~
warning: librocksdb-sys@0.17.3+10.4.2: In file included from /nix/store/kzq78n13l8w24jn8bx4djj79k5j717f1-gcc-14.3.0/include/c++/14.3.0/x86_64-unknown-linux-gnu/bits/os_defines.h:39,
warning: librocksdb-sys@0.17.3+10.4.2:                  from /nix/store/kzq78n13l8w24jn8bx4djj79k5j717f1-gcc-14.3.0/include/c++/14.3.0/x86_64-unknown-linux-gnu/bits/c++config.h:683,
warning: librocksdb-sys@0.17.3+10.4.2:                  from /nix/store/82kmz7r96navanrc2fgckh2bamiqrgsw-gcc-14.3.0/include/c++/14.3.0/cstdint:38,
warning: librocksdb-sys@0.17.3+10.4.2:                  from <command-line>:
warning: librocksdb-sys@0.17.3+10.4.2: /nix/store/gi4cz4ir3zlwhf1azqfgxqdnczfrwsr7-glibc-2.40-66-dev/include/features.h:422:4: warning: #warning _FORTIFY_SOURCE requires compiling with optimization (-O) [-Wcpp]
warning: librocksdb-sys@0.17.3+10.4.2:   422 | #  warning _FORTIFY_SOURCE requires compiling with optimization (-O)
warning: librocksdb-sys@0.17.3+10.4.2:       |    ^~~~~~~
warning: librocksdb-sys@0.17.3+10.4.2: In file included from /nix/store/kzq78n13l8w24jn8bx4djj79k5j717f1-gcc-14.3.0/include/c++/14.3.0/x86_64-unknown-linux-gnu/bits/os_defines.h:39,
warning: librocksdb-sys@0.17.3+10.4.2:                  from /nix/store/kzq78n13l8w24jn8bx4djj79k5j717f1-gcc-14.3.0/include/c++/14.3.0/x86_64-unknown-linux-gnu/bits/c++config.h:683,
warning: librocksdb-sys@0.17.3+10.4.2:                  from /nix/store/82kmz7r96navanrc2fgckh2bamiqrgsw-gcc-14.3.0/include/c++/14.3.0/cstdint:38,
warning: librocksdb-sys@0.17.3+10.4.2:                  from <command-line>:
warning: librocksdb-sys@0.17.3+10.4.2: /nix/store/gi4cz4ir3zlwhf1azqfgxqdnczfrwsr7-glibc-2.40-66-dev/include/features.h:422:4: warning: #warning _FORTIFY_SOURCE requires compiling with optimization (-O) [-Wcpp]
warning: librocksdb-sys@0.17.3+10.4.2:   422 | #  warning _FORTIFY_SOURCE requires compiling with optimization (-O)
warning: librocksdb-sys@0.17.3+10.4.2:       |    ^~~~~~~
warning: librocksdb-sys@0.17.3+10.4.2: In file included from /nix/store/kzq78n13l8w24jn8bx4djj79k5j717f1-gcc-14.3.0/include/c++/14.3.0/x86_64-unknown-linux-gnu/bits/os_defines.h:39,
warning: librocksdb-sys@0.17.3+10.4.2:                  from /nix/store/kzq78n13l8w24jn8bx4djj79k5j717f1-gcc-14.3.0/include/c++/14.3.0/x86_64-unknown-linux-gnu/bits/c++config.h:683,
warning: librocksdb-sys@0.17.3+10.4.2:                  from /nix/store/82kmz7r96navanrc2fgckh2bamiqrgsw-gcc-14.3.0/include/c++/14.3.0/cstdint:38,
warning: librocksdb-sys@0.17.3+10.4.2:                  from <command-line>:
warning: librocksdb-sys@0.17.3+10.4.2: /nix/store/gi4cz4ir3zlwhf1azqfgxqdnczfrwsr7-glibc-2.40-66-dev/include/features.h:422:4: warning: #warning _FORTIFY_SOURCE requires compiling with optimization (-O) [-Wcpp]
warning: librocksdb-sys@0.17.3+10.4.2:   422 | #  warning _FORTIFY_SOURCE requires compiling with optimization (-O)
warning: librocksdb-sys@0.17.3+10.4.2:       |    ^~~~~~~
warning: librocksdb-sys@0.17.3+10.4.2: In file included from /nix/store/kzq78n13l8w24jn8bx4djj79k5j717f1-gcc-14.3.0/include/c++/14.3.0/x86_64-unknown-linux-gnu/bits/os_defines.h:39,
warning: librocksdb-sys@0.17.3+10.4.2:                  from /nix/store/kzq78n13l8w24jn8bx4djj79k5j717f1-gcc-14.3.0/include/c++/14.3.0/x86_64-unknown-linux-gnu/bits/c++config.h:683,
warning: librocksdb-sys@0.17.3+10.4.2:                  from /nix/store/82kmz7r96navanrc2fgckh2bamiqrgsw-gcc-14.3.0/include/c++/14.3.0/cstdint:38,
warning: librocksdb-sys@0.17.3+10.4.2:                  from <command-line>:
warning: librocksdb-sys@0.17.3+10.4.2: /nix/store/gi4cz4ir3zlwhf1azqfgxqdnczfrwsr7-glibc-2.40-66-dev/include/features.h:422:4: warning: #warning _FORTIFY_SOURCE requires compiling with optimization (-O) [-Wcpp]
warning: librocksdb-sys@0.17.3+10.4.2:   422 | #  warning _FORTIFY_SOURCE requires compiling with optimization (-O)
warning: librocksdb-sys@0.17.3+10.4.2:       |    ^~~~~~~
warning: librocksdb-sys@0.17.3+10.4.2: In file included from /nix/store/kzq78n13l8w24jn8bx4djj79k5j717f1-gcc-14.3.0/include/c++/14.3.0/x86_64-unknown-linux-gnu/bits/os_defines.h:39,
warning: librocksdb-sys@0.17.3+10.4.2:                  from /nix/store/kzq78n13l8w24jn8bx4djj79k5j717f1-gcc-14.3.0/include/c++/14.3.0/x86_64-unknown-linux-gnu/bits/c++config.h:683,
warning: librocksdb-sys@0.17.3+10.4.2:                  from /nix/store/82kmz7r96navanrc2fgckh2bamiqrgsw-gcc-14.3.0/include/c++/14.3.0/cstdint:38,
warning: librocksdb-sys@0.17.3+10.4.2:                  from <command-line>:
warning: librocksdb-sys@0.17.3+10.4.2: /nix/store/gi4cz4ir3zlwhf1azqfgxqdnczfrwsr7-glibc-2.40-66-dev/include/features.h:422:4: warning: #warning _FORTIFY_SOURCE requires compiling with optimization (-O) [-Wcpp]
warning: librocksdb-sys@0.17.3+10.4.2:   422 | #  warning _FORTIFY_SOURCE requires compiling with optimization (-O)
warning: librocksdb-sys@0.17.3+10.4.2:       |    ^~~~~~~
warning: librocksdb-sys@0.17.3+10.4.2: In file included from /nix/store/kzq78n13l8w24jn8bx4djj79k5j717f1-gcc-14.3.0/include/c++/14.3.0/x86_64-unknown-linux-gnu/bits/os_defines.h:39,
warning: librocksdb-sys@0.17.3+10.4.2:                  from /nix/store/kzq78n13l8w24jn8bx4djj79k5j717f1-gcc-14.3.0/include/c++/14.3.0/x86_64-unknown-linux-gnu/bits/c++config.h:683,
warning: librocksdb-sys@0.17.3+10.4.2:                  from /nix/store/82kmz7r96navanrc2fgckh2bamiqrgsw-gcc-14.3.0/include/c++/14.3.0/cstdint:38,
warning: librocksdb-sys@0.17.3+10.4.2:                  from <command-line>:
warning: librocksdb-sys@0.17.3+10.4.2: /nix/store/gi4cz4ir3zlwhf1azqfgxqdnczfrwsr7-glibc-2.40-66-dev/include/features.h:422:4: warning: #warning _FORTIFY_SOURCE requires compiling with optimization (-O) [-Wcpp]
warning: librocksdb-sys@0.17.3+10.4.2:   422 | #  warning _FORTIFY_SOURCE requires compiling with optimization (-O)
warning: librocksdb-sys@0.17.3+10.4.2:       |    ^~~~~~~
warning: librocksdb-sys@0.17.3+10.4.2: In file included from /nix/store/kzq78n13l8w24jn8bx4djj79k5j717f1-gcc-14.3.0/include/c++/14.3.0/x86_64-unknown-linux-gnu/bits/os_defines.h:39,
warning: librocksdb-sys@0.17.3+10.4.2:                  from /nix/store/kzq78n13l8w24jn8bx4djj79k5j717f1-gcc-14.3.0/include/c++/14.3.0/x86_64-unknown-linux-gnu/bits/c++config.h:683,
warning: librocksdb-sys@0.17.3+10.4.2:                  from /nix/store/82kmz7r96navanrc2fgckh2bamiqrgsw-gcc-14.3.0/include/c++/14.3.0/cstdint:38,
warning: librocksdb-sys@0.17.3+10.4.2:                  from <command-line>:
warning: librocksdb-sys@0.17.3+10.4.2: /nix/store/gi4cz4ir3zlwhf1azqfgxqdnczfrwsr7-glibc-2.40-66-dev/include/features.h:422:4: warning: #warning _FORTIFY_SOURCE requires compiling with optimization (-O) [-Wcpp]
warning: librocksdb-sys@0.17.3+10.4.2:   422 | #  warning _FORTIFY_SOURCE requires compiling with optimization (-O)
warning: librocksdb-sys@0.17.3+10.4.2:       |    ^~~~~~~
warning: librocksdb-sys@0.17.3+10.4.2: In file included from /nix/store/kzq78n13l8w24jn8bx4djj79k5j717f1-gcc-14.3.0/include/c++/14.3.0/x86_64-unknown-linux-gnu/bits/os_defines.h:39,
warning: librocksdb-sys@0.17.3+10.4.2:                  from /nix/store/kzq78n13l8w24jn8bx4djj79k5j717f1-gcc-14.3.0/include/c++/14.3.0/x86_64-unknown-linux-gnu/bits/c++config.h:683,
warning: librocksdb-sys@0.17.3+10.4.2:                  from /nix/store/82kmz7r96navanrc2fgckh2bamiqrgsw-gcc-14.3.0/include/c++/14.3.0/cstdint:38,
warning: librocksdb-sys@0.17.3+10.4.2:                  from <command-line>:
warning: librocksdb-sys@0.17.3+10.4.2: /nix/store/gi4cz4ir3zlwhf1azqfgxqdnczfrwsr7-glibc-2.40-66-dev/include/features.h:422:4: warning: #warning _FORTIFY_SOURCE requires compiling with optimization (-O) [-Wcpp]
warning: librocksdb-sys@0.17.3+10.4.2:   422 | #  warning _FORTIFY_SOURCE requires compiling with optimization (-O)
warning: librocksdb-sys@0.17.3+10.4.2:       |    ^~~~~~~
warning: librocksdb-sys@0.17.3+10.4.2: In file included from /nix/store/kzq78n13l8w24jn8bx4djj79k5j717f1-gcc-14.3.0/include/c++/14.3.0/x86_64-unknown-linux-gnu/bits/os_defines.h:39,
warning: librocksdb-sys@0.17.3+10.4.2:                  from /nix/store/kzq78n13l8w24jn8bx4djj79k5j717f1-gcc-14.3.0/include/c++/14.3.0/x86_64-unknown-linux-gnu/bits/c++config.h:683,
warning: librocksdb-sys@0.17.3+10.4.2:                  from /nix/store/82kmz7r96navanrc2fgckh2bamiqrgsw-gcc-14.3.0/include/c++/14.3.0/cstdint:38,
warning: librocksdb-sys@0.17.3+10.4.2:                  from <command-line>:
warning: librocksdb-sys@0.17.3+10.4.2: /nix/store/gi4cz4ir3zlwhf1azqfgxqdnczfrwsr7-glibc-2.40-66-dev/include/features.h:422:4: warning: #warning _FORTIFY_SOURCE requires compiling with optimization (-O) [-Wcpp]
warning: librocksdb-sys@0.17.3+10.4.2:   422 | #  warning _FORTIFY_SOURCE requires compiling with optimization (-O)
warning: librocksdb-sys@0.17.3+10.4.2:       |    ^~~~~~~
warning: librocksdb-sys@0.17.3+10.4.2: In file included from /nix/store/kzq78n13l8w24jn8bx4djj79k5j717f1-gcc-14.3.0/include/c++/14.3.0/x86_64-unknown-linux-gnu/bits/os_defines.h:39,
warning: librocksdb-sys@0.17.3+10.4.2:                  from /nix/store/kzq78n13l8w24jn8bx4djj79k5j717f1-gcc-14.3.0/include/c++/14.3.0/x86_64-unknown-linux-gnu/bits/c++config.h:683,
warning: librocksdb-sys@0.17.3+10.4.2:                  from /nix/store/82kmz7r96navanrc2fgckh2bamiqrgsw-gcc-14.3.0/include/c++/14.3.0/cstdint:38,
warning: librocksdb-sys@0.17.3+10.4.2:                  from <command-line>:
warning: librocksdb-sys@0.17.3+10.4.2: /nix/store/gi4cz4ir3zlwhf1azqfgxqdnczfrwsr7-glibc-2.40-66-dev/include/features.h:422:4: warning: #warning _FORTIFY_SOURCE requires compiling with optimization (-O) [-Wcpp]
warning: librocksdb-sys@0.17.3+10.4.2:   422 | #  warning _FORTIFY_SOURCE requires compiling with optimization (-O)
warning: librocksdb-sys@0.17.3+10.4.2:       |    ^~~~~~~
warning: librocksdb-sys@0.17.3+10.4.2: In file included from /nix/store/kzq78n13l8w24jn8bx4djj79k5j717f1-gcc-14.3.0/include/c++/14.3.0/x86_64-unknown-linux-gnu/bits/os_defines.h:39,
warning: librocksdb-sys@0.17.3+10.4.2:                  from /nix/store/kzq78n13l8w24jn8bx4djj79k5j717f1-gcc-14.3.0/include/c++/14.3.0/x86_64-unknown-linux-gnu/bits/c++config.h:683,
warning: librocksdb-sys@0.17.3+10.4.2:                  from /nix/store/82kmz7r96navanrc2fgckh2bamiqrgsw-gcc-14.3.0/include/c++/14.3.0/cstdint:38,
warning: librocksdb-sys@0.17.3+10.4.2:                  from <command-line>:
warning: librocksdb-sys@0.17.3+10.4.2: /nix/store/gi4cz4ir3zlwhf1azqfgxqdnczfrwsr7-glibc-2.40-66-dev/include/features.h:422:4: warning: #warning _FORTIFY_SOURCE requires compiling with optimization (-O) [-Wcpp]
warning: librocksdb-sys@0.17.3+10.4.2:   422 | #  warning _FORTIFY_SOURCE requires compiling with optimization (-O)
warning: librocksdb-sys@0.17.3+10.4.2:       |    ^~~~~~~
warning: librocksdb-sys@0.17.3+10.4.2: In file included from /nix/store/kzq78n13l8w24jn8bx4djj79k5j717f1-gcc-14.3.0/include/c++/14.3.0/x86_64-unknown-linux-gnu/bits/os_defines.h:39,
warning: librocksdb-sys@0.17.3+10.4.2:                  from /nix/store/kzq78n13l8w24jn8bx4djj79k5j717f1-gcc-14.3.0/include/c++/14.3.0/x86_64-unknown-linux-gnu/bits/c++config.h:683,
warning: librocksdb-sys@0.17.3+10.4.2:                  from /nix/store/82kmz7r96navanrc2fgckh2bamiqrgsw-gcc-14.3.0/include/c++/14.3.0/cstdint:38,
warning: librocksdb-sys@0.17.3+10.4.2:                  from <command-line>:
warning: librocksdb-sys@0.17.3+10.4.2: /nix/store/gi4cz4ir3zlwhf1azqfgxqdnczfrwsr7-glibc-2.40-66-dev/include/features.h:422:4: warning: #warning _FORTIFY_SOURCE requires compiling with optimization (-O) [-Wcpp]
warning: librocksdb-sys@0.17.3+10.4.2:   422 | #  warning _FORTIFY_SOURCE requires compiling with optimization (-O)
warning: librocksdb-sys@0.17.3+10.4.2:       |    ^~~~~~~
warning: librocksdb-sys@0.17.3+10.4.2: In file included from /nix/store/kzq78n13l8w24jn8bx4djj79k5j717f1-gcc-14.3.0/include/c++/14.3.0/x86_64-unknown-linux-gnu/bits/os_defines.h:39,
warning: librocksdb-sys@0.17.3+10.4.2:                  from /nix/store/kzq78n13l8w24jn8bx4djj79k5j717f1-gcc-14.3.0/include/c++/14.3.0/x86_64-unknown-linux-gnu/bits/c++config.h:683,
warning: librocksdb-sys@0.17.3+10.4.2:                  from /nix/store/82kmz7r96navanrc2fgckh2bamiqrgsw-gcc-14.3.0/include/c++/14.3.0/cstdint:38,
warning: librocksdb-sys@0.17.3+10.4.2:                  from <command-line>:
warning: librocksdb-sys@0.17.3+10.4.2: /nix/store/gi4cz4ir3zlwhf1azqfgxqdnczfrwsr7-glibc-2.40-66-dev/include/features.h:422:4: warning: #warning _FORTIFY_SOURCE requires compiling with optimization (-O) [-Wcpp]
warning: librocksdb-sys@0.17.3+10.4.2:   422 | #  warning _FORTIFY_SOURCE requires compiling with optimization (-O)
warning: librocksdb-sys@0.17.3+10.4.2:       |    ^~~~~~~
warning: librocksdb-sys@0.17.3+10.4.2: In file included from /nix/store/kzq78n13l8w24jn8bx4djj79k5j717f1-gcc-14.3.0/include/c++/14.3.0/x86_64-unknown-linux-gnu/bits/os_defines.h:39,
warning: librocksdb-sys@0.17.3+10.4.2:                  from /nix/store/kzq78n13l8w24jn8bx4djj79k5j717f1-gcc-14.3.0/include/c++/14.3.0/x86_64-unknown-linux-gnu/bits/c++config.h:683,
warning: librocksdb-sys@0.17.3+10.4.2:                  from /nix/store/82kmz7r96navanrc2fgckh2bamiqrgsw-gcc-14.3.0/include/c++/14.3.0/cstdint:38,
warning: librocksdb-sys@0.17.3+10.4.2:                  from <command-line>:
warning: librocksdb-sys@0.17.3+10.4.2: /nix/store/gi4cz4ir3zlwhf1azqfgxqdnczfrwsr7-glibc-2.40-66-dev/include/features.h:422:4: warning: #warning _FORTIFY_SOURCE requires compiling with optimization (-O) [-Wcpp]
warning: librocksdb-sys@0.17.3+10.4.2:   422 | #  warning _FORTIFY_SOURCE requires compiling with optimization (-O)
warning: librocksdb-sys@0.17.3+10.4.2:       |    ^~~~~~~
warning: librocksdb-sys@0.17.3+10.4.2: In file included from /nix/store/kzq78n13l8w24jn8bx4djj79k5j717f1-gcc-14.3.0/include/c++/14.3.0/x86_64-unknown-linux-gnu/bits/os_defines.h:39,
warning: librocksdb-sys@0.17.3+10.4.2:                  from /nix/store/kzq78n13l8w24jn8bx4djj79k5j717f1-gcc-14.3.0/include/c++/14.3.0/x86_64-unknown-linux-gnu/bits/c++config.h:683,
warning: librocksdb-sys@0.17.3+10.4.2:                  from /nix/store/82kmz7r96navanrc2fgckh2bamiqrgsw-gcc-14.3.0/include/c++/14.3.0/cstdint:38,
warning: librocksdb-sys@0.17.3+10.4.2:                  from <command-line>:
warning: librocksdb-sys@0.17.3+10.4.2: /nix/store/gi4cz4ir3zlwhf1azqfgxqdnczfrwsr7-glibc-2.40-66-dev/include/features.h:422:4: warning: #warning _FORTIFY_SOURCE requires compiling with optimization (-O) [-Wcpp]
warning: librocksdb-sys@0.17.3+10.4.2:   422 | #  warning _FORTIFY_SOURCE requires compiling with optimization (-O)
warning: librocksdb-sys@0.17.3+10.4.2:       |    ^~~~~~~
warning: librocksdb-sys@0.17.3+10.4.2: In file included from /nix/store/kzq78n13l8w24jn8bx4djj79k5j717f1-gcc-14.3.0/include/c++/14.3.0/x86_64-unknown-linux-gnu/bits/os_defines.h:39,
warning: librocksdb-sys@0.17.3+10.4.2:                  from /nix/store/kzq78n13l8w24jn8bx4djj79k5j717f1-gcc-14.3.0/include/c++/14.3.0/x86_64-unknown-linux-gnu/bits/c++config.h:683,
warning: librocksdb-sys@0.17.3+10.4.2:                  from /nix/store/82kmz7r96navanrc2fgckh2bamiqrgsw-gcc-14.3.0/include/c++/14.3.0/cstdint:38,
warning: librocksdb-sys@0.17.3+10.4.2:                  from <command-line>:
warning: librocksdb-sys@0.17.3+10.4.2: /nix/store/gi4cz4ir3zlwhf1azqfgxqdnczfrwsr7-glibc-2.40-66-dev/include/features.h:422:4: warning: #warning _FORTIFY_SOURCE requires compiling with optimization (-O) [-Wcpp]
warning: librocksdb-sys@0.17.3+10.4.2:   422 | #  warning _FORTIFY_SOURCE requires compiling with optimization (-O)
warning: librocksdb-sys@0.17.3+10.4.2:       |    ^~~~~~~
warning: librocksdb-sys@0.17.3+10.4.2: In file included from /nix/store/kzq78n13l8w24jn8bx4djj79k5j717f1-gcc-14.3.0/include/c++/14.3.0/x86_64-unknown-linux-gnu/bits/os_defines.h:39,
warning: librocksdb-sys@0.17.3+10.4.2:                  from /nix/store/kzq78n13l8w24jn8bx4djj79k5j717f1-gcc-14.3.0/include/c++/14.3.0/x86_64-unknown-linux-gnu/bits/c++config.h:683,
warning: librocksdb-sys@0.17.3+10.4.2:                  from /nix/store/82kmz7r96navanrc2fgckh2bamiqrgsw-gcc-14.3.0/include/c++/14.3.0/cstdint:38,
warning: librocksdb-sys@0.17.3+10.4.2:                  from <command-line>:
warning: librocksdb-sys@0.17.3+10.4.2: /nix/store/gi4cz4ir3zlwhf1azqfgxqdnczfrwsr7-glibc-2.40-66-dev/include/features.h:422:4: warning: #warning _FORTIFY_SOURCE requires compiling with optimization (-O) [-Wcpp]
warning: librocksdb-sys@0.17.3+10.4.2:   422 | #  warning _FORTIFY_SOURCE requires compiling with optimization (-O)
warning: librocksdb-sys@0.17.3+10.4.2:       |    ^~~~~~~
warning: librocksdb-sys@0.17.3+10.4.2: In file included from /nix/store/kzq78n13l8w24jn8bx4djj79k5j717f1-gcc-14.3.0/include/c++/14.3.0/x86_64-unknown-linux-gnu/bits/os_defines.h:39,
warning: librocksdb-sys@0.17.3+10.4.2:                  from /nix/store/kzq78n13l8w24jn8bx4djj79k5j717f1-gcc-14.3.0/include/c++/14.3.0/x86_64-unknown-linux-gnu/bits/c++config.h:683,
warning: librocksdb-sys@0.17.3+10.4.2:                  from /nix/store/82kmz7r96navanrc2fgckh2bamiqrgsw-gcc-14.3.0/include/c++/14.3.0/cstdint:38,
warning: librocksdb-sys@0.17.3+10.4.2:                  from <command-line>:
warning: librocksdb-sys@0.17.3+10.4.2: /nix/store/gi4cz4ir3zlwhf1azqfgxqdnczfrwsr7-glibc-2.40-66-dev/include/features.h:422:4: warning: #warning _FORTIFY_SOURCE requires compiling with optimization (-O) [-Wcpp]
warning: librocksdb-sys@0.17.3+10.4.2:   422 | #  warning _FORTIFY_SOURCE requires compiling with optimization (-O)
warning: librocksdb-sys@0.17.3+10.4.2:       |    ^~~~~~~
warning: librocksdb-sys@0.17.3+10.4.2: In file included from /nix/store/kzq78n13l8w24jn8bx4djj79k5j717f1-gcc-14.3.0/include/c++/14.3.0/x86_64-unknown-linux-gnu/bits/os_defines.h:39,
warning: librocksdb-sys@0.17.3+10.4.2:                  from /nix/store/kzq78n13l8w24jn8bx4djj79k5j717f1-gcc-14.3.0/include/c++/14.3.0/x86_64-unknown-linux-gnu/bits/c++config.h:683,
warning: librocksdb-sys@0.17.3+10.4.2:                  from /nix/store/82kmz7r96navanrc2fgckh2bamiqrgsw-gcc-14.3.0/include/c++/14.3.0/cstdint:38,
warning: librocksdb-sys@0.17.3+10.4.2:                  from <command-line>:
warning: librocksdb-sys@0.17.3+10.4.2: /nix/store/gi4cz4ir3zlwhf1azqfgxqdnczfrwsr7-glibc-2.40-66-dev/include/features.h:422:4: warning: #warning _FORTIFY_SOURCE requires compiling with optimization (-O) [-Wcpp]
warning: librocksdb-sys@0.17.3+10.4.2:   422 | #  warning _FORTIFY_SOURCE requires compiling with optimization (-O)
warning: librocksdb-sys@0.17.3+10.4.2:       |    ^~~~~~~
warning: librocksdb-sys@0.17.3+10.4.2: In file included from /nix/store/kzq78n13l8w24jn8bx4djj79k5j717f1-gcc-14.3.0/include/c++/14.3.0/x86_64-unknown-linux-gnu/bits/os_defines.h:39,
warning: librocksdb-sys@0.17.3+10.4.2:                  from /nix/store/kzq78n13l8w24jn8bx4djj79k5j717f1-gcc-14.3.0/include/c++/14.3.0/x86_64-unknown-linux-gnu/bits/c++config.h:683,
warning: librocksdb-sys@0.17.3+10.4.2:                  from /nix/store/82kmz7r96navanrc2fgckh2bamiqrgsw-gcc-14.3.0/include/c++/14.3.0/cstdint:38,
warning: librocksdb-sys@0.17.3+10.4.2:                  from <command-line>:
warning: librocksdb-sys@0.17.3+10.4.2: /nix/store/gi4cz4ir3zlwhf1azqfgxqdnczfrwsr7-glibc-2.40-66-dev/include/features.h:422:4: warning: #warning _FORTIFY_SOURCE requires compiling with optimization (-O) [-Wcpp]
warning: librocksdb-sys@0.17.3+10.4.2:   422 | #  warning _FORTIFY_SOURCE requires compiling with optimization (-O)
warning: librocksdb-sys@0.17.3+10.4.2:       |    ^~~~~~~
warning: librocksdb-sys@0.17.3+10.4.2: In file included from /nix/store/kzq78n13l8w24jn8bx4djj79k5j717f1-gcc-14.3.0/include/c++/14.3.0/x86_64-unknown-linux-gnu/bits/os_defines.h:39,
warning: librocksdb-sys@0.17.3+10.4.2:                  from /nix/store/kzq78n13l8w24jn8bx4djj79k5j717f1-gcc-14.3.0/include/c++/14.3.0/x86_64-unknown-linux-gnu/bits/c++config.h:683,
warning: librocksdb-sys@0.17.3+10.4.2:                  from /nix/store/82kmz7r96navanrc2fgckh2bamiqrgsw-gcc-14.3.0/include/c++/14.3.0/cstdint:38,
warning: librocksdb-sys@0.17.3+10.4.2:                  from <command-line>:
warning: librocksdb-sys@0.17.3+10.4.2: /nix/store/gi4cz4ir3zlwhf1azqfgxqdnczfrwsr7-glibc-2.40-66-dev/include/features.h:422:4: warning: #warning _FORTIFY_SOURCE requires compiling with optimization (-O) [-Wcpp]
warning: librocksdb-sys@0.17.3+10.4.2:   422 | #  warning _FORTIFY_SOURCE requires compiling with optimization (-O)
warning: librocksdb-sys@0.17.3+10.4.2:       |    ^~~~~~~
warning: librocksdb-sys@0.17.3+10.4.2: In file included from /nix/store/kzq78n13l8w24jn8bx4djj79k5j717f1-gcc-14.3.0/include/c++/14.3.0/x86_64-unknown-linux-gnu/bits/os_defines.h:39,
warning: librocksdb-sys@0.17.3+10.4.2:                  from /nix/store/kzq78n13l8w24jn8bx4djj79k5j717f1-gcc-14.3.0/include/c++/14.3.0/x86_64-unknown-linux-gnu/bits/c++config.h:683,
warning: librocksdb-sys@0.17.3+10.4.2:                  from /nix/store/82kmz7r96navanrc2fgckh2bamiqrgsw-gcc-14.3.0/include/c++/14.3.0/cstdint:38,
warning: librocksdb-sys@0.17.3+10.4.2:                  from <command-line>:
warning: librocksdb-sys@0.17.3+10.4.2: /nix/store/gi4cz4ir3zlwhf1azqfgxqdnczfrwsr7-glibc-2.40-66-dev/include/features.h:422:4: warning: #warning _FORTIFY_SOURCE requires compiling with optimization (-O) [-Wcpp]
warning: librocksdb-sys@0.17.3+10.4.2:   422 | #  warning _FORTIFY_SOURCE requires compiling with optimization (-O)
warning: librocksdb-sys@0.17.3+10.4.2:       |    ^~~~~~~
warning: librocksdb-sys@0.17.3+10.4.2: In file included from /nix/store/kzq78n13l8w24jn8bx4djj79k5j717f1-gcc-14.3.0/include/c++/14.3.0/x86_64-unknown-linux-gnu/bits/os_defines.h:39,
warning: librocksdb-sys@0.17.3+10.4.2:                  from /nix/store/kzq78n13l8w24jn8bx4djj79k5j717f1-gcc-14.3.0/include/c++/14.3.0/x86_64-unknown-linux-gnu/bits/c++config.h:683,
warning: librocksdb-sys@0.17.3+10.4.2:                  from /nix/store/82kmz7r96navanrc2fgckh2bamiqrgsw-gcc-14.3.0/include/c++/14.3.0/cstdint:38,
warning: librocksdb-sys@0.17.3+10.4.2:                  from <command-line>:
warning: librocksdb-sys@0.17.3+10.4.2: /nix/store/gi4cz4ir3zlwhf1azqfgxqdnczfrwsr7-glibc-2.40-66-dev/include/features.h:422:4: warning: #warning _FORTIFY_SOURCE requires compiling with optimization (-O) [-Wcpp]
warning: librocksdb-sys@0.17.3+10.4.2:   422 | #  warning _FORTIFY_SOURCE requires compiling with optimization (-O)
warning: librocksdb-sys@0.17.3+10.4.2:       |    ^~~~~~~
warning: librocksdb-sys@0.17.3+10.4.2: In file included from /nix/store/kzq78n13l8w24jn8bx4djj79k5j717f1-gcc-14.3.0/include/c++/14.3.0/x86_64-unknown-linux-gnu/bits/os_defines.h:39,
warning: librocksdb-sys@0.17.3+10.4.2:                  from /nix/store/kzq78n13l8w24jn8bx4djj79k5j717f1-gcc-14.3.0/include/c++/14.3.0/x86_64-unknown-linux-gnu/bits/c++config.h:683,
warning: librocksdb-sys@0.17.3+10.4.2:                  from /nix/store/82kmz7r96navanrc2fgckh2bamiqrgsw-gcc-14.3.0/include/c++/14.3.0/cstdint:38,
warning: librocksdb-sys@0.17.3+10.4.2:                  from <command-line>:
warning: librocksdb-sys@0.17.3+10.4.2: /nix/store/gi4cz4ir3zlwhf1azqfgxqdnczfrwsr7-glibc-2.40-66-dev/include/features.h:422:4: warning: #warning _FORTIFY_SOURCE requires compiling with optimization (-O) [-Wcpp]
warning: librocksdb-sys@0.17.3+10.4.2:   422 | #  warning _FORTIFY_SOURCE requires compiling with optimization (-O)
warning: librocksdb-sys@0.17.3+10.4.2:       |    ^~~~~~~
warning: librocksdb-sys@0.17.3+10.4.2: In file included from /nix/store/kzq78n13l8w24jn8bx4djj79k5j717f1-gcc-14.3.0/include/c++/14.3.0/x86_64-unknown-linux-gnu/bits/os_defines.h:39,
warning: librocksdb-sys@0.17.3+10.4.2:                  from /nix/store/kzq78n13l8w24jn8bx4djj79k5j717f1-gcc-14.3.0/include/c++/14.3.0/x86_64-unknown-linux-gnu/bits/c++config.h:683,
warning: librocksdb-sys@0.17.3+10.4.2:                  from /nix/store/82kmz7r96navanrc2fgckh2bamiqrgsw-gcc-14.3.0/include/c++/14.3.0/cstdint:38,
warning: librocksdb-sys@0.17.3+10.4.2:                  from <command-line>:
warning: librocksdb-sys@0.17.3+10.4.2: /nix/store/gi4cz4ir3zlwhf1azqfgxqdnczfrwsr7-glibc-2.40-66-dev/include/features.h:422:4: warning: #warning _FORTIFY_SOURCE requires compiling with optimization (-O) [-Wcpp]
warning: librocksdb-sys@0.17.3+10.4.2:   422 | #  warning _FORTIFY_SOURCE requires compiling with optimization (-O)
warning: librocksdb-sys@0.17.3+10.4.2:       |    ^~~~~~~
warning: librocksdb-sys@0.17.3+10.4.2: In file included from /nix/store/kzq78n13l8w24jn8bx4djj79k5j717f1-gcc-14.3.0/include/c++/14.3.0/x86_64-unknown-linux-gnu/bits/os_defines.h:39,
warning: librocksdb-sys@0.17.3+10.4.2:                  from /nix/store/kzq78n13l8w24jn8bx4djj79k5j717f1-gcc-14.3.0/include/c++/14.3.0/x86_64-unknown-linux-gnu/bits/c++config.h:683,
warning: librocksdb-sys@0.17.3+10.4.2:                  from /nix/store/82kmz7r96navanrc2fgckh2bamiqrgsw-gcc-14.3.0/include/c++/14.3.0/cstdint:38,
warning: librocksdb-sys@0.17.3+10.4.2:                  from <command-line>:
warning: librocksdb-sys@0.17.3+10.4.2: /nix/store/gi4cz4ir3zlwhf1azqfgxqdnczfrwsr7-glibc-2.40-66-dev/include/features.h:422:4: warning: #warning _FORTIFY_SOURCE requires compiling with optimization (-O) [-Wcpp]
warning: librocksdb-sys@0.17.3+10.4.2:   422 | #  warning _FORTIFY_SOURCE requires compiling with optimization (-O)
warning: librocksdb-sys@0.17.3+10.4.2:       |    ^~~~~~~
warning: librocksdb-sys@0.17.3+10.4.2: In file included from /nix/store/kzq78n13l8w24jn8bx4djj79k5j717f1-gcc-14.3.0/include/c++/14.3.0/x86_64-unknown-linux-gnu/bits/os_defines.h:39,
warning: librocksdb-sys@0.17.3+10.4.2:                  from /nix/store/kzq78n13l8w24jn8bx4djj79k5j717f1-gcc-14.3.0/include/c++/14.3.0/x86_64-unknown-linux-gnu/bits/c++config.h:683,
warning: librocksdb-sys@0.17.3+10.4.2:                  from /nix/store/82kmz7r96navanrc2fgckh2bamiqrgsw-gcc-14.3.0/include/c++/14.3.0/cstdint:38,
warning: librocksdb-sys@0.17.3+10.4.2:                  from <command-line>:
warning: librocksdb-sys@0.17.3+10.4.2: /nix/store/gi4cz4ir3zlwhf1azqfgxqdnczfrwsr7-glibc-2.40-66-dev/include/features.h:422:4: warning: #warning _FORTIFY_SOURCE requires compiling with optimization (-O) [-Wcpp]
warning: librocksdb-sys@0.17.3+10.4.2:   422 | #  warning _FORTIFY_SOURCE requires compiling with optimization (-O)
warning: librocksdb-sys@0.17.3+10.4.2:       |    ^~~~~~~
warning: librocksdb-sys@0.17.3+10.4.2: In file included from /nix/store/kzq78n13l8w24jn8bx4djj79k5j717f1-gcc-14.3.0/include/c++/14.3.0/x86_64-unknown-linux-gnu/bits/os_defines.h:39,
warning: librocksdb-sys@0.17.3+10.4.2:                  from /nix/store/kzq78n13l8w24jn8bx4djj79k5j717f1-gcc-14.3.0/include/c++/14.3.0/x86_64-unknown-linux-gnu/bits/c++config.h:683,
warning: librocksdb-sys@0.17.3+10.4.2:                  from /nix/store/82kmz7r96navanrc2fgckh2bamiqrgsw-gcc-14.3.0/include/c++/14.3.0/cstdint:38,
warning: librocksdb-sys@0.17.3+10.4.2:                  from <command-line>:
warning: librocksdb-sys@0.17.3+10.4.2: /nix/store/gi4cz4ir3zlwhf1azqfgxqdnczfrwsr7-glibc-2.40-66-dev/include/features.h:422:4: warning: #warning _FORTIFY_SOURCE requires compiling with optimization (-O) [-Wcpp]
warning: librocksdb-sys@0.17.3+10.4.2:   422 | #  warning _FORTIFY_SOURCE requires compiling with optimization (-O)
warning: librocksdb-sys@0.17.3+10.4.2:       |    ^~~~~~~
warning: librocksdb-sys@0.17.3+10.4.2: In file included from /nix/store/kzq78n13l8w24jn8bx4djj79k5j717f1-gcc-14.3.0/include/c++/14.3.0/x86_64-unknown-linux-gnu/bits/os_defines.h:39,
warning: librocksdb-sys@0.17.3+10.4.2:                  from /nix/store/kzq78n13l8w24jn8bx4djj79k5j717f1-gcc-14.3.0/include/c++/14.3.0/x86_64-unknown-linux-gnu/bits/c++config.h:683,
warning: librocksdb-sys@0.17.3+10.4.2:                  from /nix/store/82kmz7r96navanrc2fgckh2bamiqrgsw-gcc-14.3.0/include/c++/14.3.0/cstdint:38,
warning: librocksdb-sys@0.17.3+10.4.2:                  from <command-line>:
warning: librocksdb-sys@0.17.3+10.4.2: /nix/store/gi4cz4ir3zlwhf1azqfgxqdnczfrwsr7-glibc-2.40-66-dev/include/features.h:422:4: warning: #warning _FORTIFY_SOURCE requires compiling with optimization (-O) [-Wcpp]
warning: librocksdb-sys@0.17.3+10.4.2:   422 | #  warning _FORTIFY_SOURCE requires compiling with optimization (-O)
warning: librocksdb-sys@0.17.3+10.4.2:       |    ^~~~~~~
warning: librocksdb-sys@0.17.3+10.4.2: In file included from /nix/store/kzq78n13l8w24jn8bx4djj79k5j717f1-gcc-14.3.0/include/c++/14.3.0/x86_64-unknown-linux-gnu/bits/os_defines.h:39,
warning: librocksdb-sys@0.17.3+10.4.2:                  from /nix/store/kzq78n13l8w24jn8bx4djj79k5j717f1-gcc-14.3.0/include/c++/14.3.0/x86_64-unknown-linux-gnu/bits/c++config.h:683,
warning: librocksdb-sys@0.17.3+10.4.2:                  from /nix/store/82kmz7r96navanrc2fgckh2bamiqrgsw-gcc-14.3.0/include/c++/14.3.0/cstdint:38,
warning: librocksdb-sys@0.17.3+10.4.2:                  from <command-line>:
warning: librocksdb-sys@0.17.3+10.4.2: /nix/store/gi4cz4ir3zlwhf1azqfgxqdnczfrwsr7-glibc-2.40-66-dev/include/features.h:422:4: warning: #warning _FORTIFY_SOURCE requires compiling with optimization (-O) [-Wcpp]
warning: librocksdb-sys@0.17.3+10.4.2:   422 | #  warning _FORTIFY_SOURCE requires compiling with optimization (-O)
warning: librocksdb-sys@0.17.3+10.4.2:       |    ^~~~~~~
warning: librocksdb-sys@0.17.3+10.4.2: In file included from /nix/store/kzq78n13l8w24jn8bx4djj79k5j717f1-gcc-14.3.0/include/c++/14.3.0/x86_64-unknown-linux-gnu/bits/os_defines.h:39,
warning: librocksdb-sys@0.17.3+10.4.2:                  from /nix/store/kzq78n13l8w24jn8bx4djj79k5j717f1-gcc-14.3.0/include/c++/14.3.0/x86_64-unknown-linux-gnu/bits/c++config.h:683,
warning: librocksdb-sys@0.17.3+10.4.2:                  from /nix/store/82kmz7r96navanrc2fgckh2bamiqrgsw-gcc-14.3.0/include/c++/14.3.0/cstdint:38,
warning: librocksdb-sys@0.17.3+10.4.2:                  from <command-line>:
warning: librocksdb-sys@0.17.3+10.4.2: /nix/store/gi4cz4ir3zlwhf1azqfgxqdnczfrwsr7-glibc-2.40-66-dev/include/features.h:422:4: warning: #warning _FORTIFY_SOURCE requires compiling with optimization (-O) [-Wcpp]
warning: librocksdb-sys@0.17.3+10.4.2:   422 | #  warning _FORTIFY_SOURCE requires compiling with optimization (-O)
warning: librocksdb-sys@0.17.3+10.4.2:       |    ^~~~~~~
warning: librocksdb-sys@0.17.3+10.4.2: In file included from /nix/store/kzq78n13l8w24jn8bx4djj79k5j717f1-gcc-14.3.0/include/c++/14.3.0/x86_64-unknown-linux-gnu/bits/os_defines.h:39,
warning: librocksdb-sys@0.17.3+10.4.2:                  from /nix/store/kzq78n13l8w24jn8bx4djj79k5j717f1-gcc-14.3.0/include/c++/14.3.0/x86_64-unknown-linux-gnu/bits/c++config.h:683,
warning: librocksdb-sys@0.17.3+10.4.2:                  from /nix/store/82kmz7r96navanrc2fgckh2bamiqrgsw-gcc-14.3.0/include/c++/14.3.0/cstdint:38,
warning: librocksdb-sys@0.17.3+10.4.2:                  from <command-line>:
warning: librocksdb-sys@0.17.3+10.4.2: /nix/store/gi4cz4ir3zlwhf1azqfgxqdnczfrwsr7-glibc-2.40-66-dev/include/features.h:422:4: warning: #warning _FORTIFY_SOURCE requires compiling with optimization (-O) [-Wcpp]
warning: librocksdb-sys@0.17.3+10.4.2:   422 | #  warning _FORTIFY_SOURCE requires compiling with optimization (-O)
warning: librocksdb-sys@0.17.3+10.4.2:       |    ^~~~~~~
warning: librocksdb-sys@0.17.3+10.4.2: In file included from /nix/store/kzq78n13l8w24jn8bx4djj79k5j717f1-gcc-14.3.0/include/c++/14.3.0/x86_64-unknown-linux-gnu/bits/os_defines.h:39,
warning: librocksdb-sys@0.17.3+10.4.2:                  from /nix/store/kzq78n13l8w24jn8bx4djj79k5j717f1-gcc-14.3.0/include/c++/14.3.0/x86_64-unknown-linux-gnu/bits/c++config.h:683,
warning: librocksdb-sys@0.17.3+10.4.2:                  from /nix/store/82kmz7r96navanrc2fgckh2bamiqrgsw-gcc-14.3.0/include/c++/14.3.0/cstdint:38,
warning: librocksdb-sys@0.17.3+10.4.2:                  from <command-line>:
warning: librocksdb-sys@0.17.3+10.4.2: /nix/store/gi4cz4ir3zlwhf1azqfgxqdnczfrwsr7-glibc-2.40-66-dev/include/features.h:422:4: warning: #warning _FORTIFY_SOURCE requires compiling with optimization (-O) [-Wcpp]
warning: librocksdb-sys@0.17.3+10.4.2:   422 | #  warning _FORTIFY_SOURCE requires compiling with optimization (-O)
warning: librocksdb-sys@0.17.3+10.4.2:       |    ^~~~~~~
warning: librocksdb-sys@0.17.3+10.4.2: In file included from /nix/store/kzq78n13l8w24jn8bx4djj79k5j717f1-gcc-14.3.0/include/c++/14.3.0/x86_64-unknown-linux-gnu/bits/os_defines.h:39,
warning: librocksdb-sys@0.17.3+10.4.2:                  from /nix/store/kzq78n13l8w24jn8bx4djj79k5j717f1-gcc-14.3.0/include/c++/14.3.0/x86_64-unknown-linux-gnu/bits/c++config.h:683,
warning: librocksdb-sys@0.17.3+10.4.2:                  from /nix/store/82kmz7r96navanrc2fgckh2bamiqrgsw-gcc-14.3.0/include/c++/14.3.0/cstdint:38,
warning: librocksdb-sys@0.17.3+10.4.2:                  from <command-line>:
warning: librocksdb-sys@0.17.3+10.4.2: /nix/store/gi4cz4ir3zlwhf1azqfgxqdnczfrwsr7-glibc-2.40-66-dev/include/features.h:422:4: warning: #warning _FORTIFY_SOURCE requires compiling with optimization (-O) [-Wcpp]
warning: librocksdb-sys@0.17.3+10.4.2:   422 | #  warning _FORTIFY_SOURCE requires compiling with optimization (-O)
warning: librocksdb-sys@0.17.3+10.4.2:       |    ^~~~~~~
warning: librocksdb-sys@0.17.3+10.4.2: In file included from /nix/store/kzq78n13l8w24jn8bx4djj79k5j717f1-gcc-14.3.0/include/c++/14.3.0/x86_64-unknown-linux-gnu/bits/os_defines.h:39,
warning: librocksdb-sys@0.17.3+10.4.2:                  from /nix/store/kzq78n13l8w24jn8bx4djj79k5j717f1-gcc-14.3.0/include/c++/14.3.0/x86_64-unknown-linux-gnu/bits/c++config.h:683,
warning: librocksdb-sys@0.17.3+10.4.2:                  from /nix/store/82kmz7r96navanrc2fgckh2bamiqrgsw-gcc-14.3.0/include/c++/14.3.0/cstdint:38,
warning: librocksdb-sys@0.17.3+10.4.2:                  from <command-line>:
warning: librocksdb-sys@0.17.3+10.4.2: /nix/store/gi4cz4ir3zlwhf1azqfgxqdnczfrwsr7-glibc-2.40-66-dev/include/features.h:422:4: warning: #warning _FORTIFY_SOURCE requires compiling with optimization (-O) [-Wcpp]
warning: librocksdb-sys@0.17.3+10.4.2:   422 | #  warning _FORTIFY_SOURCE requires compiling with optimization (-O)
warning: librocksdb-sys@0.17.3+10.4.2:       |    ^~~~~~~
warning: librocksdb-sys@0.17.3+10.4.2: In file included from /nix/store/kzq78n13l8w24jn8bx4djj79k5j717f1-gcc-14.3.0/include/c++/14.3.0/x86_64-unknown-linux-gnu/bits/os_defines.h:39,
warning: librocksdb-sys@0.17.3+10.4.2:                  from /nix/store/kzq78n13l8w24jn8bx4djj79k5j717f1-gcc-14.3.0/include/c++/14.3.0/x86_64-unknown-linux-gnu/bits/c++config.h:683,
warning: librocksdb-sys@0.17.3+10.4.2:                  from /nix/store/82kmz7r96navanrc2fgckh2bamiqrgsw-gcc-14.3.0/include/c++/14.3.0/cstdint:38,
warning: librocksdb-sys@0.17.3+10.4.2:                  from <command-line>:
warning: librocksdb-sys@0.17.3+10.4.2: /nix/store/gi4cz4ir3zlwhf1azqfgxqdnczfrwsr7-glibc-2.40-66-dev/include/features.h:422:4: warning: #warning _FORTIFY_SOURCE requires compiling with optimization (-O) [-Wcpp]
warning: librocksdb-sys@0.17.3+10.4.2:   422 | #  warning _FORTIFY_SOURCE requires compiling with optimization (-O)
warning: librocksdb-sys@0.17.3+10.4.2:       |    ^~~~~~~
warning: librocksdb-sys@0.17.3+10.4.2: In file included from /nix/store/kzq78n13l8w24jn8bx4djj79k5j717f1-gcc-14.3.0/include/c++/14.3.0/x86_64-unknown-linux-gnu/bits/os_defines.h:39,
warning: librocksdb-sys@0.17.3+10.4.2:                  from /nix/store/kzq78n13l8w24jn8bx4djj79k5j717f1-gcc-14.3.0/include/c++/14.3.0/x86_64-unknown-linux-gnu/bits/c++config.h:683,
warning: librocksdb-sys@0.17.3+10.4.2:                  from /nix/store/82kmz7r96navanrc2fgckh2bamiqrgsw-gcc-14.3.0/include/c++/14.3.0/cstdint:38,
warning: librocksdb-sys@0.17.3+10.4.2:                  from <command-line>:
warning: librocksdb-sys@0.17.3+10.4.2: /nix/store/gi4cz4ir3zlwhf1azqfgxqdnczfrwsr7-glibc-2.40-66-dev/include/features.h:422:4: warning: #warning _FORTIFY_SOURCE requires compiling with optimization (-O) [-Wcpp]
warning: librocksdb-sys@0.17.3+10.4.2:   422 | #  warning _FORTIFY_SOURCE requires compiling with optimization (-O)
warning: librocksdb-sys@0.17.3+10.4.2:       |    ^~~~~~~
warning: librocksdb-sys@0.17.3+10.4.2: In file included from /nix/store/kzq78n13l8w24jn8bx4djj79k5j717f1-gcc-14.3.0/include/c++/14.3.0/x86_64-unknown-linux-gnu/bits/os_defines.h:39,
warning: librocksdb-sys@0.17.3+10.4.2:                  from /nix/store/kzq78n13l8w24jn8bx4djj79k5j717f1-gcc-14.3.0/include/c++/14.3.0/x86_64-unknown-linux-gnu/bits/c++config.h:683,
warning: librocksdb-sys@0.17.3+10.4.2:                  from /nix/store/82kmz7r96navanrc2fgckh2bamiqrgsw-gcc-14.3.0/include/c++/14.3.0/cstdint:38,
warning: librocksdb-sys@0.17.3+10.4.2:                  from <command-line>:
warning: librocksdb-sys@0.17.3+10.4.2: /nix/store/gi4cz4ir3zlwhf1azqfgxqdnczfrwsr7-glibc-2.40-66-dev/include/features.h:422:4: warning: #warning _FORTIFY_SOURCE requires compiling with optimization (-O) [-Wcpp]
warning: librocksdb-sys@0.17.3+10.4.2:   422 | #  warning _FORTIFY_SOURCE requires compiling with optimization (-O)
warning: librocksdb-sys@0.17.3+10.4.2:       |    ^~~~~~~
warning: librocksdb-sys@0.17.3+10.4.2: In file included from /nix/store/kzq78n13l8w24jn8bx4djj79k5j717f1-gcc-14.3.0/include/c++/14.3.0/x86_64-unknown-linux-gnu/bits/os_defines.h:39,
warning: librocksdb-sys@0.17.3+10.4.2:                  from /nix/store/kzq78n13l8w24jn8bx4djj79k5j717f1-gcc-14.3.0/include/c++/14.3.0/x86_64-unknown-linux-gnu/bits/c++config.h:683,
warning: librocksdb-sys@0.17.3+10.4.2:                  from /nix/store/82kmz7r96navanrc2fgckh2bamiqrgsw-gcc-14.3.0/include/c++/14.3.0/cstdint:38,
warning: librocksdb-sys@0.17.3+10.4.2:                  from <command-line>:
warning: librocksdb-sys@0.17.3+10.4.2: /nix/store/gi4cz4ir3zlwhf1azqfgxqdnczfrwsr7-glibc-2.40-66-dev/include/features.h:422:4: warning: #warning _FORTIFY_SOURCE requires compiling with optimization (-O) [-Wcpp]
warning: librocksdb-sys@0.17.3+10.4.2:   422 | #  warning _FORTIFY_SOURCE requires compiling with optimization (-O)
warning: librocksdb-sys@0.17.3+10.4.2:       |    ^~~~~~~
warning: librocksdb-sys@0.17.3+10.4.2: In file included from /nix/store/kzq78n13l8w24jn8bx4djj79k5j717f1-gcc-14.3.0/include/c++/14.3.0/x86_64-unknown-linux-gnu/bits/os_defines.h:39,
warning: librocksdb-sys@0.17.3+10.4.2:                  from /nix/store/kzq78n13l8w24jn8bx4djj79k5j717f1-gcc-14.3.0/include/c++/14.3.0/x86_64-unknown-linux-gnu/bits/c++config.h:683,
warning: librocksdb-sys@0.17.3+10.4.2:                  from /nix/store/82kmz7r96navanrc2fgckh2bamiqrgsw-gcc-14.3.0/include/c++/14.3.0/cstdint:38,
warning: librocksdb-sys@0.17.3+10.4.2:                  from <command-line>:
warning: librocksdb-sys@0.17.3+10.4.2: /nix/store/gi4cz4ir3zlwhf1azqfgxqdnczfrwsr7-glibc-2.40-66-dev/include/features.h:422:4: warning: #warning _FORTIFY_SOURCE requires compiling with optimization (-O) [-Wcpp]
warning: librocksdb-sys@0.17.3+10.4.2:   422 | #  warning _FORTIFY_SOURCE requires compiling with optimization (-O)
warning: librocksdb-sys@0.17.3+10.4.2:       |    ^~~~~~~
warning: librocksdb-sys@0.17.3+10.4.2: In file included from /nix/store/kzq78n13l8w24jn8bx4djj79k5j717f1-gcc-14.3.0/include/c++/14.3.0/x86_64-unknown-linux-gnu/bits/os_defines.h:39,
warning: librocksdb-sys@0.17.3+10.4.2:                  from /nix/store/kzq78n13l8w24jn8bx4djj79k5j717f1-gcc-14.3.0/include/c++/14.3.0/x86_64-unknown-linux-gnu/bits/c++config.h:683,
warning: librocksdb-sys@0.17.3+10.4.2:                  from /nix/store/82kmz7r96navanrc2fgckh2bamiqrgsw-gcc-14.3.0/include/c++/14.3.0/cstdint:38,
warning: librocksdb-sys@0.17.3+10.4.2:                  from <command-line>:
warning: librocksdb-sys@0.17.3+10.4.2: /nix/store/gi4cz4ir3zlwhf1azqfgxqdnczfrwsr7-glibc-2.40-66-dev/include/features.h:422:4: warning: #warning _FORTIFY_SOURCE requires compiling with optimization (-O) [-Wcpp]
warning: librocksdb-sys@0.17.3+10.4.2:   422 | #  warning _FORTIFY_SOURCE requires compiling with optimization (-O)
warning: librocksdb-sys@0.17.3+10.4.2:       |    ^~~~~~~
warning: librocksdb-sys@0.17.3+10.4.2: In file included from /nix/store/kzq78n13l8w24jn8bx4djj79k5j717f1-gcc-14.3.0/include/c++/14.3.0/x86_64-unknown-linux-gnu/bits/os_defines.h:39,
warning: librocksdb-sys@0.17.3+10.4.2:                  from /nix/store/kzq78n13l8w24jn8bx4djj79k5j717f1-gcc-14.3.0/include/c++/14.3.0/x86_64-unknown-linux-gnu/bits/c++config.h:683,
warning: librocksdb-sys@0.17.3+10.4.2:                  from /nix/store/82kmz7r96navanrc2fgckh2bamiqrgsw-gcc-14.3.0/include/c++/14.3.0/cstdint:38,
warning: librocksdb-sys@0.17.3+10.4.2:                  from <command-line>:
warning: librocksdb-sys@0.17.3+10.4.2: /nix/store/gi4cz4ir3zlwhf1azqfgxqdnczfrwsr7-glibc-2.40-66-dev/include/features.h:422:4: warning: #warning _FORTIFY_SOURCE requires compiling with optimization (-O) [-Wcpp]
warning: librocksdb-sys@0.17.3+10.4.2:   422 | #  warning _FORTIFY_SOURCE requires compiling with optimization (-O)
warning: librocksdb-sys@0.17.3+10.4.2:       |    ^~~~~~~
warning: librocksdb-sys@0.17.3+10.4.2: In file included from /nix/store/kzq78n13l8w24jn8bx4djj79k5j717f1-gcc-14.3.0/include/c++/14.3.0/x86_64-unknown-linux-gnu/bits/os_defines.h:39,
warning: librocksdb-sys@0.17.3+10.4.2:                  from /nix/store/kzq78n13l8w24jn8bx4djj79k5j717f1-gcc-14.3.0/include/c++/14.3.0/x86_64-unknown-linux-gnu/bits/c++config.h:683,
warning: librocksdb-sys@0.17.3+10.4.2:                  from /nix/store/82kmz7r96navanrc2fgckh2bamiqrgsw-gcc-14.3.0/include/c++/14.3.0/cstdint:38,
warning: librocksdb-sys@0.17.3+10.4.2:                  from <command-line>:
warning: librocksdb-sys@0.17.3+10.4.2: /nix/store/gi4cz4ir3zlwhf1azqfgxqdnczfrwsr7-glibc-2.40-66-dev/include/features.h:422:4: warning: #warning _FORTIFY_SOURCE requires compiling with optimization (-O) [-Wcpp]
warning: librocksdb-sys@0.17.3+10.4.2:   422 | #  warning _FORTIFY_SOURCE requires compiling with optimization (-O)
warning: librocksdb-sys@0.17.3+10.4.2:       |    ^~~~~~~
warning: librocksdb-sys@0.17.3+10.4.2: In file included from /nix/store/kzq78n13l8w24jn8bx4djj79k5j717f1-gcc-14.3.0/include/c++/14.3.0/x86_64-unknown-linux-gnu/bits/os_defines.h:39,
warning: librocksdb-sys@0.17.3+10.4.2:                  from /nix/store/kzq78n13l8w24jn8bx4djj79k5j717f1-gcc-14.3.0/include/c++/14.3.0/x86_64-unknown-linux-gnu/bits/c++config.h:683,
warning: librocksdb-sys@0.17.3+10.4.2:                  from /nix/store/82kmz7r96navanrc2fgckh2bamiqrgsw-gcc-14.3.0/include/c++/14.3.0/cstdint:38,
warning: librocksdb-sys@0.17.3+10.4.2:                  from <command-line>:
warning: librocksdb-sys@0.17.3+10.4.2: /nix/store/gi4cz4ir3zlwhf1azqfgxqdnczfrwsr7-glibc-2.40-66-dev/include/features.h:422:4: warning: #warning _FORTIFY_SOURCE requires compiling with optimization (-O) [-Wcpp]
warning: librocksdb-sys@0.17.3+10.4.2:   422 | #  warning _FORTIFY_SOURCE requires compiling with optimization (-O)
warning: librocksdb-sys@0.17.3+10.4.2:       |    ^~~~~~~
warning: librocksdb-sys@0.17.3+10.4.2: In file included from /nix/store/kzq78n13l8w24jn8bx4djj79k5j717f1-gcc-14.3.0/include/c++/14.3.0/x86_64-unknown-linux-gnu/bits/os_defines.h:39,
warning: librocksdb-sys@0.17.3+10.4.2:                  from /nix/store/kzq78n13l8w24jn8bx4djj79k5j717f1-gcc-14.3.0/include/c++/14.3.0/x86_64-unknown-linux-gnu/bits/c++config.h:683,
warning: librocksdb-sys@0.17.3+10.4.2:                  from /nix/store/82kmz7r96navanrc2fgckh2bamiqrgsw-gcc-14.3.0/include/c++/14.3.0/cstdint:38,
warning: librocksdb-sys@0.17.3+10.4.2:                  from <command-line>:
warning: librocksdb-sys@0.17.3+10.4.2: /nix/store/gi4cz4ir3zlwhf1azqfgxqdnczfrwsr7-glibc-2.40-66-dev/include/features.h:422:4: warning: #warning _FORTIFY_SOURCE requires compiling with optimization (-O) [-Wcpp]
warning: librocksdb-sys@0.17.3+10.4.2:   422 | #  warning _FORTIFY_SOURCE requires compiling with optimization (-O)
warning: librocksdb-sys@0.17.3+10.4.2:       |    ^~~~~~~
warning: librocksdb-sys@0.17.3+10.4.2: In file included from /nix/store/kzq78n13l8w24jn8bx4djj79k5j717f1-gcc-14.3.0/include/c++/14.3.0/x86_64-unknown-linux-gnu/bits/os_defines.h:39,
warning: librocksdb-sys@0.17.3+10.4.2:                  from /nix/store/kzq78n13l8w24jn8bx4djj79k5j717f1-gcc-14.3.0/include/c++/14.3.0/x86_64-unknown-linux-gnu/bits/c++config.h:683,
warning: librocksdb-sys@0.17.3+10.4.2:                  from /nix/store/82kmz7r96navanrc2fgckh2bamiqrgsw-gcc-14.3.0/include/c++/14.3.0/cstdint:38,
warning: librocksdb-sys@0.17.3+10.4.2:                  from <command-line>:
warning: librocksdb-sys@0.17.3+10.4.2: /nix/store/gi4cz4ir3zlwhf1azqfgxqdnczfrwsr7-glibc-2.40-66-dev/include/features.h:422:4: warning: #warning _FORTIFY_SOURCE requires compiling with optimization (-O) [-Wcpp]
warning: librocksdb-sys@0.17.3+10.4.2:   422 | #  warning _FORTIFY_SOURCE requires compiling with optimization (-O)
warning: librocksdb-sys@0.17.3+10.4.2:       |    ^~~~~~~
warning: librocksdb-sys@0.17.3+10.4.2: In file included from /nix/store/kzq78n13l8w24jn8bx4djj79k5j717f1-gcc-14.3.0/include/c++/14.3.0/x86_64-unknown-linux-gnu/bits/os_defines.h:39,
warning: librocksdb-sys@0.17.3+10.4.2:                  from /nix/store/kzq78n13l8w24jn8bx4djj79k5j717f1-gcc-14.3.0/include/c++/14.3.0/x86_64-unknown-linux-gnu/bits/c++config.h:683,
warning: librocksdb-sys@0.17.3+10.4.2:                  from /nix/store/82kmz7r96navanrc2fgckh2bamiqrgsw-gcc-14.3.0/include/c++/14.3.0/cstdint:38,
warning: librocksdb-sys@0.17.3+10.4.2:                  from <command-line>:
warning: librocksdb-sys@0.17.3+10.4.2: /nix/store/gi4cz4ir3zlwhf1azqfgxqdnczfrwsr7-glibc-2.40-66-dev/include/features.h:422:4: warning: #warning _FORTIFY_SOURCE requires compiling with optimization (-O) [-Wcpp]
warning: librocksdb-sys@0.17.3+10.4.2:   422 | #  warning _FORTIFY_SOURCE requires compiling with optimization (-O)
warning: librocksdb-sys@0.17.3+10.4.2:       |    ^~~~~~~
warning: librocksdb-sys@0.17.3+10.4.2: In file included from /nix/store/kzq78n13l8w24jn8bx4djj79k5j717f1-gcc-14.3.0/include/c++/14.3.0/x86_64-unknown-linux-gnu/bits/os_defines.h:39,
warning: librocksdb-sys@0.17.3+10.4.2:                  from /nix/store/kzq78n13l8w24jn8bx4djj79k5j717f1-gcc-14.3.0/include/c++/14.3.0/x86_64-unknown-linux-gnu/bits/c++config.h:683,
warning: librocksdb-sys@0.17.3+10.4.2:                  from /nix/store/82kmz7r96navanrc2fgckh2bamiqrgsw-gcc-14.3.0/include/c++/14.3.0/cstdint:38,
warning: librocksdb-sys@0.17.3+10.4.2:                  from <command-line>:
warning: librocksdb-sys@0.17.3+10.4.2: /nix/store/gi4cz4ir3zlwhf1azqfgxqdnczfrwsr7-glibc-2.40-66-dev/include/features.h:422:4: warning: #warning _FORTIFY_SOURCE requires compiling with optimization (-O) [-Wcpp]
warning: librocksdb-sys@0.17.3+10.4.2:   422 | #  warning _FORTIFY_SOURCE requires compiling with optimization (-O)
warning: librocksdb-sys@0.17.3+10.4.2:       |    ^~~~~~~
warning: librocksdb-sys@0.17.3+10.4.2: In file included from /nix/store/kzq78n13l8w24jn8bx4djj79k5j717f1-gcc-14.3.0/include/c++/14.3.0/x86_64-unknown-linux-gnu/bits/os_defines.h:39,
warning: librocksdb-sys@0.17.3+10.4.2:                  from /nix/store/kzq78n13l8w24jn8bx4djj79k5j717f1-gcc-14.3.0/include/c++/14.3.0/x86_64-unknown-linux-gnu/bits/c++config.h:683,
warning: librocksdb-sys@0.17.3+10.4.2:                  from /nix/store/82kmz7r96navanrc2fgckh2bamiqrgsw-gcc-14.3.0/include/c++/14.3.0/cstdint:38,
warning: librocksdb-sys@0.17.3+10.4.2:                  from <command-line>:
warning: librocksdb-sys@0.17.3+10.4.2: /nix/store/gi4cz4ir3zlwhf1azqfgxqdnczfrwsr7-glibc-2.40-66-dev/include/features.h:422:4: warning: #warning _FORTIFY_SOURCE requires compiling with optimization (-O) [-Wcpp]
warning: librocksdb-sys@0.17.3+10.4.2:   422 | #  warning _FORTIFY_SOURCE requires compiling with optimization (-O)
warning: librocksdb-sys@0.17.3+10.4.2:       |    ^~~~~~~
warning: librocksdb-sys@0.17.3+10.4.2: In file included from /nix/store/kzq78n13l8w24jn8bx4djj79k5j717f1-gcc-14.3.0/include/c++/14.3.0/x86_64-unknown-linux-gnu/bits/os_defines.h:39,
warning: librocksdb-sys@0.17.3+10.4.2:                  from /nix/store/kzq78n13l8w24jn8bx4djj79k5j717f1-gcc-14.3.0/include/c++/14.3.0/x86_64-unknown-linux-gnu/bits/c++config.h:683,
warning: librocksdb-sys@0.17.3+10.4.2:                  from /nix/store/82kmz7r96navanrc2fgckh2bamiqrgsw-gcc-14.3.0/include/c++/14.3.0/cstdint:38,
warning: librocksdb-sys@0.17.3+10.4.2:                  from <command-line>:
warning: librocksdb-sys@0.17.3+10.4.2: /nix/store/gi4cz4ir3zlwhf1azqfgxqdnczfrwsr7-glibc-2.40-66-dev/include/features.h:422:4: warning: #warning _FORTIFY_SOURCE requires compiling with optimization (-O) [-Wcpp]
warning: librocksdb-sys@0.17.3+10.4.2:   422 | #  warning _FORTIFY_SOURCE requires compiling with optimization (-O)
warning: librocksdb-sys@0.17.3+10.4.2:       |    ^~~~~~~
warning: librocksdb-sys@0.17.3+10.4.2: In file included from /nix/store/kzq78n13l8w24jn8bx4djj79k5j717f1-gcc-14.3.0/include/c++/14.3.0/x86_64-unknown-linux-gnu/bits/os_defines.h:39,
warning: librocksdb-sys@0.17.3+10.4.2:                  from /nix/store/kzq78n13l8w24jn8bx4djj79k5j717f1-gcc-14.3.0/include/c++/14.3.0/x86_64-unknown-linux-gnu/bits/c++config.h:683,
warning: librocksdb-sys@0.17.3+10.4.2:                  from /nix/store/82kmz7r96navanrc2fgckh2bamiqrgsw-gcc-14.3.0/include/c++/14.3.0/cstdint:38,
warning: librocksdb-sys@0.17.3+10.4.2:                  from <command-line>:
warning: librocksdb-sys@0.17.3+10.4.2: /nix/store/gi4cz4ir3zlwhf1azqfgxqdnczfrwsr7-glibc-2.40-66-dev/include/features.h:422:4: warning: #warning _FORTIFY_SOURCE requires compiling with optimization (-O) [-Wcpp]
warning: librocksdb-sys@0.17.3+10.4.2:   422 | #  warning _FORTIFY_SOURCE requires compiling with optimization (-O)
warning: librocksdb-sys@0.17.3+10.4.2:       |    ^~~~~~~
warning: librocksdb-sys@0.17.3+10.4.2: In file included from /nix/store/kzq78n13l8w24jn8bx4djj79k5j717f1-gcc-14.3.0/include/c++/14.3.0/x86_64-unknown-linux-gnu/bits/os_defines.h:39,
warning: librocksdb-sys@0.17.3+10.4.2:                  from /nix/store/kzq78n13l8w24jn8bx4djj79k5j717f1-gcc-14.3.0/include/c++/14.3.0/x86_64-unknown-linux-gnu/bits/c++config.h:683,
warning: librocksdb-sys@0.17.3+10.4.2:                  from /nix/store/82kmz7r96navanrc2fgckh2bamiqrgsw-gcc-14.3.0/include/c++/14.3.0/cstdint:38,
warning: librocksdb-sys@0.17.3+10.4.2:                  from <command-line>:
warning: librocksdb-sys@0.17.3+10.4.2: /nix/store/gi4cz4ir3zlwhf1azqfgxqdnczfrwsr7-glibc-2.40-66-dev/include/features.h:422:4: warning: #warning _FORTIFY_SOURCE requires compiling with optimization (-O) [-Wcpp]
warning: librocksdb-sys@0.17.3+10.4.2:   422 | #  warning _FORTIFY_SOURCE requires compiling with optimization (-O)
warning: librocksdb-sys@0.17.3+10.4.2:       |    ^~~~~~~
warning: librocksdb-sys@0.17.3+10.4.2: In file included from /nix/store/kzq78n13l8w24jn8bx4djj79k5j717f1-gcc-14.3.0/include/c++/14.3.0/x86_64-unknown-linux-gnu/bits/os_defines.h:39,
warning: librocksdb-sys@0.17.3+10.4.2:                  from /nix/store/kzq78n13l8w24jn8bx4djj79k5j717f1-gcc-14.3.0/include/c++/14.3.0/x86_64-unknown-linux-gnu/bits/c++config.h:683,
warning: librocksdb-sys@0.17.3+10.4.2:                  from /nix/store/82kmz7r96navanrc2fgckh2bamiqrgsw-gcc-14.3.0/include/c++/14.3.0/cstdint:38,
warning: librocksdb-sys@0.17.3+10.4.2:                  from <command-line>:
warning: librocksdb-sys@0.17.3+10.4.2: /nix/store/gi4cz4ir3zlwhf1azqfgxqdnczfrwsr7-glibc-2.40-66-dev/include/features.h:422:4: warning: #warning _FORTIFY_SOURCE requires compiling with optimization (-O) [-Wcpp]
warning: librocksdb-sys@0.17.3+10.4.2:   422 | #  warning _FORTIFY_SOURCE requires compiling with optimization (-O)
warning: librocksdb-sys@0.17.3+10.4.2:       |    ^~~~~~~
warning: librocksdb-sys@0.17.3+10.4.2: In file included from /nix/store/kzq78n13l8w24jn8bx4djj79k5j717f1-gcc-14.3.0/include/c++/14.3.0/x86_64-unknown-linux-gnu/bits/os_defines.h:39,
warning: librocksdb-sys@0.17.3+10.4.2:                  from /nix/store/kzq78n13l8w24jn8bx4djj79k5j717f1-gcc-14.3.0/include/c++/14.3.0/x86_64-unknown-linux-gnu/bits/c++config.h:683,
warning: librocksdb-sys@0.17.3+10.4.2:                  from /nix/store/82kmz7r96navanrc2fgckh2bamiqrgsw-gcc-14.3.0/include/c++/14.3.0/cstdint:38,
warning: librocksdb-sys@0.17.3+10.4.2:                  from <command-line>:
warning: librocksdb-sys@0.17.3+10.4.2: /nix/store/gi4cz4ir3zlwhf1azqfgxqdnczfrwsr7-glibc-2.40-66-dev/include/features.h:422:4: warning: #warning _FORTIFY_SOURCE requires compiling with optimization (-O) [-Wcpp]
warning: librocksdb-sys@0.17.3+10.4.2:   422 | #  warning _FORTIFY_SOURCE requires compiling with optimization (-O)
warning: librocksdb-sys@0.17.3+10.4.2:       |    ^~~~~~~
warning: librocksdb-sys@0.17.3+10.4.2: In file included from /nix/store/kzq78n13l8w24jn8bx4djj79k5j717f1-gcc-14.3.0/include/c++/14.3.0/x86_64-unknown-linux-gnu/bits/os_defines.h:39,
warning: librocksdb-sys@0.17.3+10.4.2:                  from /nix/store/kzq78n13l8w24jn8bx4djj79k5j717f1-gcc-14.3.0/include/c++/14.3.0/x86_64-unknown-linux-gnu/bits/c++config.h:683,
warning: librocksdb-sys@0.17.3+10.4.2:                  from /nix/store/82kmz7r96navanrc2fgckh2bamiqrgsw-gcc-14.3.0/include/c++/14.3.0/cstdint:38,
warning: librocksdb-sys@0.17.3+10.4.2:                  from <command-line>:
warning: librocksdb-sys@0.17.3+10.4.2: /nix/store/gi4cz4ir3zlwhf1azqfgxqdnczfrwsr7-glibc-2.40-66-dev/include/features.h:422:4: warning: #warning _FORTIFY_SOURCE requires compiling with optimization (-O) [-Wcpp]
warning: librocksdb-sys@0.17.3+10.4.2:   422 | #  warning _FORTIFY_SOURCE requires compiling with optimization (-O)
warning: librocksdb-sys@0.17.3+10.4.2:       |    ^~~~~~~
warning: librocksdb-sys@0.17.3+10.4.2: In file included from /nix/store/kzq78n13l8w24jn8bx4djj79k5j717f1-gcc-14.3.0/include/c++/14.3.0/x86_64-unknown-linux-gnu/bits/os_defines.h:39,
warning: librocksdb-sys@0.17.3+10.4.2:                  from /nix/store/kzq78n13l8w24jn8bx4djj79k5j717f1-gcc-14.3.0/include/c++/14.3.0/x86_64-unknown-linux-gnu/bits/c++config.h:683,
warning: librocksdb-sys@0.17.3+10.4.2:                  from /nix/store/82kmz7r96navanrc2fgckh2bamiqrgsw-gcc-14.3.0/include/c++/14.3.0/cstdint:38,
warning: librocksdb-sys@0.17.3+10.4.2:                  from <command-line>:
warning: librocksdb-sys@0.17.3+10.4.2: /nix/store/gi4cz4ir3zlwhf1azqfgxqdnczfrwsr7-glibc-2.40-66-dev/include/features.h:422:4: warning: #warning _FORTIFY_SOURCE requires compiling with optimization (-O) [-Wcpp]
warning: librocksdb-sys@0.17.3+10.4.2:   422 | #  warning _FORTIFY_SOURCE requires compiling with optimization (-O)
warning: librocksdb-sys@0.17.3+10.4.2:       |    ^~~~~~~
warning: librocksdb-sys@0.17.3+10.4.2: In file included from /nix/store/kzq78n13l8w24jn8bx4djj79k5j717f1-gcc-14.3.0/include/c++/14.3.0/x86_64-unknown-linux-gnu/bits/os_defines.h:39,
warning: librocksdb-sys@0.17.3+10.4.2:                  from /nix/store/kzq78n13l8w24jn8bx4djj79k5j717f1-gcc-14.3.0/include/c++/14.3.0/x86_64-unknown-linux-gnu/bits/c++config.h:683,
warning: librocksdb-sys@0.17.3+10.4.2:                  from /nix/store/82kmz7r96navanrc2fgckh2bamiqrgsw-gcc-14.3.0/include/c++/14.3.0/cstdint:38,
warning: librocksdb-sys@0.17.3+10.4.2:                  from <command-line>:
warning: librocksdb-sys@0.17.3+10.4.2: /nix/store/gi4cz4ir3zlwhf1azqfgxqdnczfrwsr7-glibc-2.40-66-dev/include/features.h:422:4: warning: #warning _FORTIFY_SOURCE requires compiling with optimization (-O) [-Wcpp]
warning: librocksdb-sys@0.17.3+10.4.2:   422 | #  warning _FORTIFY_SOURCE requires compiling with optimization (-O)
warning: librocksdb-sys@0.17.3+10.4.2:       |    ^~~~~~~
warning: librocksdb-sys@0.17.3+10.4.2: In file included from /nix/store/kzq78n13l8w24jn8bx4djj79k5j717f1-gcc-14.3.0/include/c++/14.3.0/x86_64-unknown-linux-gnu/bits/os_defines.h:39,
warning: librocksdb-sys@0.17.3+10.4.2:                  from /nix/store/kzq78n13l8w24jn8bx4djj79k5j717f1-gcc-14.3.0/include/c++/14.3.0/x86_64-unknown-linux-gnu/bits/c++config.h:683,
warning: librocksdb-sys@0.17.3+10.4.2:                  from /nix/store/82kmz7r96navanrc2fgckh2bamiqrgsw-gcc-14.3.0/include/c++/14.3.0/cstdint:38,
warning: librocksdb-sys@0.17.3+10.4.2:                  from <command-line>:
warning: librocksdb-sys@0.17.3+10.4.2: /nix/store/gi4cz4ir3zlwhf1azqfgxqdnczfrwsr7-glibc-2.40-66-dev/include/features.h:422:4: warning: #warning _FORTIFY_SOURCE requires compiling with optimization (-O) [-Wcpp]
warning: librocksdb-sys@0.17.3+10.4.2:   422 | #  warning _FORTIFY_SOURCE requires compiling with optimization (-O)
warning: librocksdb-sys@0.17.3+10.4.2:       |    ^~~~~~~
warning: librocksdb-sys@0.17.3+10.4.2: In file included from /nix/store/kzq78n13l8w24jn8bx4djj79k5j717f1-gcc-14.3.0/include/c++/14.3.0/x86_64-unknown-linux-gnu/bits/os_defines.h:39,
warning: librocksdb-sys@0.17.3+10.4.2:                  from /nix/store/kzq78n13l8w24jn8bx4djj79k5j717f1-gcc-14.3.0/include/c++/14.3.0/x86_64-unknown-linux-gnu/bits/c++config.h:683,
warning: librocksdb-sys@0.17.3+10.4.2:                  from /nix/store/82kmz7r96navanrc2fgckh2bamiqrgsw-gcc-14.3.0/include/c++/14.3.0/cstdint:38,
warning: librocksdb-sys@0.17.3+10.4.2:                  from <command-line>:
warning: librocksdb-sys@0.17.3+10.4.2: /nix/store/gi4cz4ir3zlwhf1azqfgxqdnczfrwsr7-glibc-2.40-66-dev/include/features.h:422:4: warning: #warning _FORTIFY_SOURCE requires compiling with optimization (-O) [-Wcpp]
warning: librocksdb-sys@0.17.3+10.4.2:   422 | #  warning _FORTIFY_SOURCE requires compiling with optimization (-O)
warning: librocksdb-sys@0.17.3+10.4.2:       |    ^~~~~~~
warning: librocksdb-sys@0.17.3+10.4.2: In file included from /nix/store/kzq78n13l8w24jn8bx4djj79k5j717f1-gcc-14.3.0/include/c++/14.3.0/x86_64-unknown-linux-gnu/bits/os_defines.h:39,
warning: librocksdb-sys@0.17.3+10.4.2:                  from /nix/store/kzq78n13l8w24jn8bx4djj79k5j717f1-gcc-14.3.0/include/c++/14.3.0/x86_64-unknown-linux-gnu/bits/c++config.h:683,
warning: librocksdb-sys@0.17.3+10.4.2:                  from /nix/store/82kmz7r96navanrc2fgckh2bamiqrgsw-gcc-14.3.0/include/c++/14.3.0/cstdint:38,
warning: librocksdb-sys@0.17.3+10.4.2:                  from <command-line>:
warning: librocksdb-sys@0.17.3+10.4.2: /nix/store/gi4cz4ir3zlwhf1azqfgxqdnczfrwsr7-glibc-2.40-66-dev/include/features.h:422:4: warning: #warning _FORTIFY_SOURCE requires compiling with optimization (-O) [-Wcpp]
warning: librocksdb-sys@0.17.3+10.4.2:   422 | #  warning _FORTIFY_SOURCE requires compiling with optimization (-O)
warning: librocksdb-sys@0.17.3+10.4.2:       |    ^~~~~~~
warning: librocksdb-sys@0.17.3+10.4.2: In file included from /nix/store/kzq78n13l8w24jn8bx4djj79k5j717f1-gcc-14.3.0/include/c++/14.3.0/x86_64-unknown-linux-gnu/bits/os_defines.h:39,
warning: librocksdb-sys@0.17.3+10.4.2:                  from /nix/store/kzq78n13l8w24jn8bx4djj79k5j717f1-gcc-14.3.0/include/c++/14.3.0/x86_64-unknown-linux-gnu/bits/c++config.h:683,
warning: librocksdb-sys@0.17.3+10.4.2:                  from /nix/store/82kmz7r96navanrc2fgckh2bamiqrgsw-gcc-14.3.0/include/c++/14.3.0/cstdint:38,
warning: librocksdb-sys@0.17.3+10.4.2:                  from <command-line>:
warning: librocksdb-sys@0.17.3+10.4.2: /nix/store/gi4cz4ir3zlwhf1azqfgxqdnczfrwsr7-glibc-2.40-66-dev/include/features.h:422:4: warning: #warning _FORTIFY_SOURCE requires compiling with optimization (-O) [-Wcpp]
warning: librocksdb-sys@0.17.3+10.4.2:   422 | #  warning _FORTIFY_SOURCE requires compiling with optimization (-O)
warning: librocksdb-sys@0.17.3+10.4.2:       |    ^~~~~~~
warning: librocksdb-sys@0.17.3+10.4.2: In file included from /nix/store/kzq78n13l8w24jn8bx4djj79k5j717f1-gcc-14.3.0/include/c++/14.3.0/x86_64-unknown-linux-gnu/bits/os_defines.h:39,
warning: librocksdb-sys@0.17.3+10.4.2:                  from /nix/store/kzq78n13l8w24jn8bx4djj79k5j717f1-gcc-14.3.0/include/c++/14.3.0/x86_64-unknown-linux-gnu/bits/c++config.h:683,
warning: librocksdb-sys@0.17.3+10.4.2:                  from /nix/store/82kmz7r96navanrc2fgckh2bamiqrgsw-gcc-14.3.0/include/c++/14.3.0/cstdint:38,
warning: librocksdb-sys@0.17.3+10.4.2:                  from <command-line>:
warning: librocksdb-sys@0.17.3+10.4.2: /nix/store/gi4cz4ir3zlwhf1azqfgxqdnczfrwsr7-glibc-2.40-66-dev/include/features.h:422:4: warning: #warning _FORTIFY_SOURCE requires compiling with optimization (-O) [-Wcpp]
warning: librocksdb-sys@0.17.3+10.4.2:   422 | #  warning _FORTIFY_SOURCE requires compiling with optimization (-O)
warning: librocksdb-sys@0.17.3+10.4.2:       |    ^~~~~~~
warning: librocksdb-sys@0.17.3+10.4.2: In file included from /nix/store/kzq78n13l8w24jn8bx4djj79k5j717f1-gcc-14.3.0/include/c++/14.3.0/x86_64-unknown-linux-gnu/bits/os_defines.h:39,
warning: librocksdb-sys@0.17.3+10.4.2:                  from /nix/store/kzq78n13l8w24jn8bx4djj79k5j717f1-gcc-14.3.0/include/c++/14.3.0/x86_64-unknown-linux-gnu/bits/c++config.h:683,
warning: librocksdb-sys@0.17.3+10.4.2:                  from /nix/store/82kmz7r96navanrc2fgckh2bamiqrgsw-gcc-14.3.0/include/c++/14.3.0/cstdint:38,
warning: librocksdb-sys@0.17.3+10.4.2:                  from <command-line>:
warning: librocksdb-sys@0.17.3+10.4.2: /nix/store/gi4cz4ir3zlwhf1azqfgxqdnczfrwsr7-glibc-2.40-66-dev/include/features.h:422:4: warning: #warning _FORTIFY_SOURCE requires compiling with optimization (-O) [-Wcpp]
warning: librocksdb-sys@0.17.3+10.4.2:   422 | #  warning _FORTIFY_SOURCE requires compiling with optimization (-O)
warning: librocksdb-sys@0.17.3+10.4.2:       |    ^~~~~~~
warning: librocksdb-sys@0.17.3+10.4.2: In file included from /nix/store/kzq78n13l8w24jn8bx4djj79k5j717f1-gcc-14.3.0/include/c++/14.3.0/x86_64-unknown-linux-gnu/bits/os_defines.h:39,
warning: librocksdb-sys@0.17.3+10.4.2:                  from /nix/store/kzq78n13l8w24jn8bx4djj79k5j717f1-gcc-14.3.0/include/c++/14.3.0/x86_64-unknown-linux-gnu/bits/c++config.h:683,
warning: librocksdb-sys@0.17.3+10.4.2:                  from /nix/store/82kmz7r96navanrc2fgckh2bamiqrgsw-gcc-14.3.0/include/c++/14.3.0/cstdint:38,
warning: librocksdb-sys@0.17.3+10.4.2:                  from <command-line>:
warning: librocksdb-sys@0.17.3+10.4.2: /nix/store/gi4cz4ir3zlwhf1azqfgxqdnczfrwsr7-glibc-2.40-66-dev/include/features.h:422:4: warning: #warning _FORTIFY_SOURCE requires compiling with optimization (-O) [-Wcpp]
warning: librocksdb-sys@0.17.3+10.4.2:   422 | #  warning _FORTIFY_SOURCE requires compiling with optimization (-O)
warning: librocksdb-sys@0.17.3+10.4.2:       |    ^~~~~~~
warning: librocksdb-sys@0.17.3+10.4.2: In file included from /nix/store/kzq78n13l8w24jn8bx4djj79k5j717f1-gcc-14.3.0/include/c++/14.3.0/x86_64-unknown-linux-gnu/bits/os_defines.h:39,
warning: librocksdb-sys@0.17.3+10.4.2:                  from /nix/store/kzq78n13l8w24jn8bx4djj79k5j717f1-gcc-14.3.0/include/c++/14.3.0/x86_64-unknown-linux-gnu/bits/c++config.h:683,
warning: librocksdb-sys@0.17.3+10.4.2:                  from /nix/store/82kmz7r96navanrc2fgckh2bamiqrgsw-gcc-14.3.0/include/c++/14.3.0/cstdint:38,
warning: librocksdb-sys@0.17.3+10.4.2:                  from <command-line>:
warning: librocksdb-sys@0.17.3+10.4.2: /nix/store/gi4cz4ir3zlwhf1azqfgxqdnczfrwsr7-glibc-2.40-66-dev/include/features.h:422:4: warning: #warning _FORTIFY_SOURCE requires compiling with optimization (-O) [-Wcpp]
warning: librocksdb-sys@0.17.3+10.4.2:   422 | #  warning _FORTIFY_SOURCE requires compiling with optimization (-O)
warning: librocksdb-sys@0.17.3+10.4.2:       |    ^~~~~~~
warning: librocksdb-sys@0.17.3+10.4.2: In file included from /nix/store/kzq78n13l8w24jn8bx4djj79k5j717f1-gcc-14.3.0/include/c++/14.3.0/x86_64-unknown-linux-gnu/bits/os_defines.h:39,
warning: librocksdb-sys@0.17.3+10.4.2:                  from /nix/store/kzq78n13l8w24jn8bx4djj79k5j717f1-gcc-14.3.0/include/c++/14.3.0/x86_64-unknown-linux-gnu/bits/c++config.h:683,
warning: librocksdb-sys@0.17.3+10.4.2:                  from /nix/store/82kmz7r96navanrc2fgckh2bamiqrgsw-gcc-14.3.0/include/c++/14.3.0/cstdint:38,
warning: librocksdb-sys@0.17.3+10.4.2:                  from <command-line>:
warning: librocksdb-sys@0.17.3+10.4.2: /nix/store/gi4cz4ir3zlwhf1azqfgxqdnczfrwsr7-glibc-2.40-66-dev/include/features.h:422:4: warning: #warning _FORTIFY_SOURCE requires compiling with optimization (-O) [-Wcpp]
warning: librocksdb-sys@0.17.3+10.4.2:   422 | #  warning _FORTIFY_SOURCE requires compiling with optimization (-O)
warning: librocksdb-sys@0.17.3+10.4.2:       |    ^~~~~~~
warning: librocksdb-sys@0.17.3+10.4.2: In file included from /nix/store/kzq78n13l8w24jn8bx4djj79k5j717f1-gcc-14.3.0/include/c++/14.3.0/x86_64-unknown-linux-gnu/bits/os_defines.h:39,
warning: librocksdb-sys@0.17.3+10.4.2:                  from /nix/store/kzq78n13l8w24jn8bx4djj79k5j717f1-gcc-14.3.0/include/c++/14.3.0/x86_64-unknown-linux-gnu/bits/c++config.h:683,
warning: librocksdb-sys@0.17.3+10.4.2:                  from /nix/store/82kmz7r96navanrc2fgckh2bamiqrgsw-gcc-14.3.0/include/c++/14.3.0/cstdint:38,
warning: librocksdb-sys@0.17.3+10.4.2:                  from <command-line>:
warning: librocksdb-sys@0.17.3+10.4.2: /nix/store/gi4cz4ir3zlwhf1azqfgxqdnczfrwsr7-glibc-2.40-66-dev/include/features.h:422:4: warning: #warning _FORTIFY_SOURCE requires compiling with optimization (-O) [-Wcpp]
warning: librocksdb-sys@0.17.3+10.4.2:   422 | #  warning _FORTIFY_SOURCE requires compiling with optimization (-O)
warning: librocksdb-sys@0.17.3+10.4.2:       |    ^~~~~~~
warning: librocksdb-sys@0.17.3+10.4.2: In file included from /nix/store/kzq78n13l8w24jn8bx4djj79k5j717f1-gcc-14.3.0/include/c++/14.3.0/x86_64-unknown-linux-gnu/bits/os_defines.h:39,
warning: librocksdb-sys@0.17.3+10.4.2:                  from /nix/store/kzq78n13l8w24jn8bx4djj79k5j717f1-gcc-14.3.0/include/c++/14.3.0/x86_64-unknown-linux-gnu/bits/c++config.h:683,
warning: librocksdb-sys@0.17.3+10.4.2:                  from /nix/store/82kmz7r96navanrc2fgckh2bamiqrgsw-gcc-14.3.0/include/c++/14.3.0/cstdint:38,
warning: librocksdb-sys@0.17.3+10.4.2:                  from <command-line>:
warning: librocksdb-sys@0.17.3+10.4.2: /nix/store/gi4cz4ir3zlwhf1azqfgxqdnczfrwsr7-glibc-2.40-66-dev/include/features.h:422:4: warning: #warning _FORTIFY_SOURCE requires compiling with optimization (-O) [-Wcpp]
warning: librocksdb-sys@0.17.3+10.4.2:   422 | #  warning _FORTIFY_SOURCE requires compiling with optimization (-O)
warning: librocksdb-sys@0.17.3+10.4.2:       |    ^~~~~~~
warning: librocksdb-sys@0.17.3+10.4.2: In file included from /nix/store/kzq78n13l8w24jn8bx4djj79k5j717f1-gcc-14.3.0/include/c++/14.3.0/x86_64-unknown-linux-gnu/bits/os_defines.h:39,
warning: librocksdb-sys@0.17.3+10.4.2:                  from /nix/store/kzq78n13l8w24jn8bx4djj79k5j717f1-gcc-14.3.0/include/c++/14.3.0/x86_64-unknown-linux-gnu/bits/c++config.h:683,
warning: librocksdb-sys@0.17.3+10.4.2:                  from /nix/store/82kmz7r96navanrc2fgckh2bamiqrgsw-gcc-14.3.0/include/c++/14.3.0/cstdint:38,
warning: librocksdb-sys@0.17.3+10.4.2:                  from <command-line>:
warning: librocksdb-sys@0.17.3+10.4.2: /nix/store/gi4cz4ir3zlwhf1azqfgxqdnczfrwsr7-glibc-2.40-66-dev/include/features.h:422:4: warning: #warning _FORTIFY_SOURCE requires compiling with optimization (-O) [-Wcpp]
warning: librocksdb-sys@0.17.3+10.4.2:   422 | #  warning _FORTIFY_SOURCE requires compiling with optimization (-O)
warning: librocksdb-sys@0.17.3+10.4.2:       |    ^~~~~~~
warning: librocksdb-sys@0.17.3+10.4.2: In file included from /nix/store/kzq78n13l8w24jn8bx4djj79k5j717f1-gcc-14.3.0/include/c++/14.3.0/x86_64-unknown-linux-gnu/bits/os_defines.h:39,
warning: librocksdb-sys@0.17.3+10.4.2:                  from /nix/store/kzq78n13l8w24jn8bx4djj79k5j717f1-gcc-14.3.0/include/c++/14.3.0/x86_64-unknown-linux-gnu/bits/c++config.h:683,
warning: librocksdb-sys@0.17.3+10.4.2:                  from /nix/store/82kmz7r96navanrc2fgckh2bamiqrgsw-gcc-14.3.0/include/c++/14.3.0/cstdint:38,
warning: librocksdb-sys@0.17.3+10.4.2:                  from <command-line>:
warning: librocksdb-sys@0.17.3+10.4.2: /nix/store/gi4cz4ir3zlwhf1azqfgxqdnczfrwsr7-glibc-2.40-66-dev/include/features.h:422:4: warning: #warning _FORTIFY_SOURCE requires compiling with optimization (-O) [-Wcpp]
warning: librocksdb-sys@0.17.3+10.4.2:   422 | #  warning _FORTIFY_SOURCE requires compiling with optimization (-O)
warning: librocksdb-sys@0.17.3+10.4.2:       |    ^~~~~~~
warning: librocksdb-sys@0.17.3+10.4.2: In file included from /nix/store/kzq78n13l8w24jn8bx4djj79k5j717f1-gcc-14.3.0/include/c++/14.3.0/x86_64-unknown-linux-gnu/bits/os_defines.h:39,
warning: librocksdb-sys@0.17.3+10.4.2:                  from /nix/store/kzq78n13l8w24jn8bx4djj79k5j717f1-gcc-14.3.0/include/c++/14.3.0/x86_64-unknown-linux-gnu/bits/c++config.h:683,
warning: librocksdb-sys@0.17.3+10.4.2:                  from /nix/store/82kmz7r96navanrc2fgckh2bamiqrgsw-gcc-14.3.0/include/c++/14.3.0/cstdint:38,
warning: librocksdb-sys@0.17.3+10.4.2:                  from <command-line>:
warning: librocksdb-sys@0.17.3+10.4.2: /nix/store/gi4cz4ir3zlwhf1azqfgxqdnczfrwsr7-glibc-2.40-66-dev/include/features.h:422:4: warning: #warning _FORTIFY_SOURCE requires compiling with optimization (-O) [-Wcpp]
warning: librocksdb-sys@0.17.3+10.4.2:   422 | #  warning _FORTIFY_SOURCE requires compiling with optimization (-O)
warning: librocksdb-sys@0.17.3+10.4.2:       |    ^~~~~~~
warning: librocksdb-sys@0.17.3+10.4.2: In file included from /nix/store/kzq78n13l8w24jn8bx4djj79k5j717f1-gcc-14.3.0/include/c++/14.3.0/x86_64-unknown-linux-gnu/bits/os_defines.h:39,
warning: librocksdb-sys@0.17.3+10.4.2:                  from /nix/store/kzq78n13l8w24jn8bx4djj79k5j717f1-gcc-14.3.0/include/c++/14.3.0/x86_64-unknown-linux-gnu/bits/c++config.h:683,
warning: librocksdb-sys@0.17.3+10.4.2:                  from /nix/store/82kmz7r96navanrc2fgckh2bamiqrgsw-gcc-14.3.0/include/c++/14.3.0/cstdint:38,
warning: librocksdb-sys@0.17.3+10.4.2:                  from <command-line>:
warning: librocksdb-sys@0.17.3+10.4.2: /nix/store/gi4cz4ir3zlwhf1azqfgxqdnczfrwsr7-glibc-2.40-66-dev/include/features.h:422:4: warning: #warning _FORTIFY_SOURCE requires compiling with optimization (-O) [-Wcpp]
warning: librocksdb-sys@0.17.3+10.4.2:   422 | #  warning _FORTIFY_SOURCE requires compiling with optimization (-O)
warning: librocksdb-sys@0.17.3+10.4.2:       |    ^~~~~~~
warning: librocksdb-sys@0.17.3+10.4.2: In file included from /nix/store/kzq78n13l8w24jn8bx4djj79k5j717f1-gcc-14.3.0/include/c++/14.3.0/x86_64-unknown-linux-gnu/bits/os_defines.h:39,
warning: librocksdb-sys@0.17.3+10.4.2:                  from /nix/store/kzq78n13l8w24jn8bx4djj79k5j717f1-gcc-14.3.0/include/c++/14.3.0/x86_64-unknown-linux-gnu/bits/c++config.h:683,
warning: librocksdb-sys@0.17.3+10.4.2:                  from /nix/store/82kmz7r96navanrc2fgckh2bamiqrgsw-gcc-14.3.0/include/c++/14.3.0/cstdint:38,
warning: librocksdb-sys@0.17.3+10.4.2:                  from <command-line>:
warning: librocksdb-sys@0.17.3+10.4.2: /nix/store/gi4cz4ir3zlwhf1azqfgxqdnczfrwsr7-glibc-2.40-66-dev/include/features.h:422:4: warning: #warning _FORTIFY_SOURCE requires compiling with optimization (-O) [-Wcpp]
warning: librocksdb-sys@0.17.3+10.4.2:   422 | #  warning _FORTIFY_SOURCE requires compiling with optimization (-O)
warning: librocksdb-sys@0.17.3+10.4.2:       |    ^~~~~~~
warning: librocksdb-sys@0.17.3+10.4.2: In file included from /nix/store/kzq78n13l8w24jn8bx4djj79k5j717f1-gcc-14.3.0/include/c++/14.3.0/x86_64-unknown-linux-gnu/bits/os_defines.h:39,
warning: librocksdb-sys@0.17.3+10.4.2:                  from /nix/store/kzq78n13l8w24jn8bx4djj79k5j717f1-gcc-14.3.0/include/c++/14.3.0/x86_64-unknown-linux-gnu/bits/c++config.h:683,
warning: librocksdb-sys@0.17.3+10.4.2:                  from /nix/store/82kmz7r96navanrc2fgckh2bamiqrgsw-gcc-14.3.0/include/c++/14.3.0/cstdint:38,
warning: librocksdb-sys@0.17.3+10.4.2:                  from <command-line>:
warning: librocksdb-sys@0.17.3+10.4.2: /nix/store/gi4cz4ir3zlwhf1azqfgxqdnczfrwsr7-glibc-2.40-66-dev/include/features.h:422:4: warning: #warning _FORTIFY_SOURCE requires compiling with optimization (-O) [-Wcpp]
warning: librocksdb-sys@0.17.3+10.4.2:   422 | #  warning _FORTIFY_SOURCE requires compiling with optimization (-O)
warning: librocksdb-sys@0.17.3+10.4.2:       |    ^~~~~~~
warning: librocksdb-sys@0.17.3+10.4.2: In file included from /nix/store/kzq78n13l8w24jn8bx4djj79k5j717f1-gcc-14.3.0/include/c++/14.3.0/x86_64-unknown-linux-gnu/bits/os_defines.h:39,
warning: librocksdb-sys@0.17.3+10.4.2:                  from /nix/store/kzq78n13l8w24jn8bx4djj79k5j717f1-gcc-14.3.0/include/c++/14.3.0/x86_64-unknown-linux-gnu/bits/c++config.h:683,
warning: librocksdb-sys@0.17.3+10.4.2:                  from /nix/store/82kmz7r96navanrc2fgckh2bamiqrgsw-gcc-14.3.0/include/c++/14.3.0/cstdint:38,
warning: librocksdb-sys@0.17.3+10.4.2:                  from <command-line>:
warning: librocksdb-sys@0.17.3+10.4.2: /nix/store/gi4cz4ir3zlwhf1azqfgxqdnczfrwsr7-glibc-2.40-66-dev/include/features.h:422:4: warning: #warning _FORTIFY_SOURCE requires compiling with optimization (-O) [-Wcpp]
warning: librocksdb-sys@0.17.3+10.4.2:   422 | #  warning _FORTIFY_SOURCE requires compiling with optimization (-O)
warning: librocksdb-sys@0.17.3+10.4.2:       |    ^~~~~~~
warning: librocksdb-sys@0.17.3+10.4.2: In file included from /nix/store/kzq78n13l8w24jn8bx4djj79k5j717f1-gcc-14.3.0/include/c++/14.3.0/x86_64-unknown-linux-gnu/bits/os_defines.h:39,
warning: librocksdb-sys@0.17.3+10.4.2:                  from /nix/store/kzq78n13l8w24jn8bx4djj79k5j717f1-gcc-14.3.0/include/c++/14.3.0/x86_64-unknown-linux-gnu/bits/c++config.h:683,
warning: librocksdb-sys@0.17.3+10.4.2:                  from /nix/store/82kmz7r96navanrc2fgckh2bamiqrgsw-gcc-14.3.0/include/c++/14.3.0/cstdint:38,
warning: librocksdb-sys@0.17.3+10.4.2:                  from <command-line>:
warning: librocksdb-sys@0.17.3+10.4.2: /nix/store/gi4cz4ir3zlwhf1azqfgxqdnczfrwsr7-glibc-2.40-66-dev/include/features.h:422:4: warning: #warning _FORTIFY_SOURCE requires compiling with optimization (-O) [-Wcpp]
warning: librocksdb-sys@0.17.3+10.4.2:   422 | #  warning _FORTIFY_SOURCE requires compiling with optimization (-O)
warning: librocksdb-sys@0.17.3+10.4.2:       |    ^~~~~~~
warning: librocksdb-sys@0.17.3+10.4.2: In file included from /nix/store/kzq78n13l8w24jn8bx4djj79k5j717f1-gcc-14.3.0/include/c++/14.3.0/x86_64-unknown-linux-gnu/bits/os_defines.h:39,
warning: librocksdb-sys@0.17.3+10.4.2:                  from /nix/store/kzq78n13l8w24jn8bx4djj79k5j717f1-gcc-14.3.0/include/c++/14.3.0/x86_64-unknown-linux-gnu/bits/c++config.h:683,
warning: librocksdb-sys@0.17.3+10.4.2:                  from /nix/store/82kmz7r96navanrc2fgckh2bamiqrgsw-gcc-14.3.0/include/c++/14.3.0/cstdint:38,
warning: librocksdb-sys@0.17.3+10.4.2:                  from <command-line>:
warning: librocksdb-sys@0.17.3+10.4.2: /nix/store/gi4cz4ir3zlwhf1azqfgxqdnczfrwsr7-glibc-2.40-66-dev/include/features.h:422:4: warning: #warning _FORTIFY_SOURCE requires compiling with optimization (-O) [-Wcpp]
warning: librocksdb-sys@0.17.3+10.4.2:   422 | #  warning _FORTIFY_SOURCE requires compiling with optimization (-O)
warning: librocksdb-sys@0.17.3+10.4.2:       |    ^~~~~~~
warning: librocksdb-sys@0.17.3+10.4.2: In file included from /nix/store/kzq78n13l8w24jn8bx4djj79k5j717f1-gcc-14.3.0/include/c++/14.3.0/x86_64-unknown-linux-gnu/bits/os_defines.h:39,
warning: librocksdb-sys@0.17.3+10.4.2:                  from /nix/store/kzq78n13l8w24jn8bx4djj79k5j717f1-gcc-14.3.0/include/c++/14.3.0/x86_64-unknown-linux-gnu/bits/c++config.h:683,
warning: librocksdb-sys@0.17.3+10.4.2:                  from /nix/store/82kmz7r96navanrc2fgckh2bamiqrgsw-gcc-14.3.0/include/c++/14.3.0/cstdint:38,
warning: librocksdb-sys@0.17.3+10.4.2:                  from <command-line>:
warning: librocksdb-sys@0.17.3+10.4.2: /nix/store/gi4cz4ir3zlwhf1azqfgxqdnczfrwsr7-glibc-2.40-66-dev/include/features.h:422:4: warning: #warning _FORTIFY_SOURCE requires compiling with optimization (-O) [-Wcpp]
warning: librocksdb-sys@0.17.3+10.4.2:   422 | #  warning _FORTIFY_SOURCE requires compiling with optimization (-O)
warning: librocksdb-sys@0.17.3+10.4.2:       |    ^~~~~~~
warning: librocksdb-sys@0.17.3+10.4.2: In file included from /nix/store/kzq78n13l8w24jn8bx4djj79k5j717f1-gcc-14.3.0/include/c++/14.3.0/x86_64-unknown-linux-gnu/bits/os_defines.h:39,
warning: librocksdb-sys@0.17.3+10.4.2:                  from /nix/store/kzq78n13l8w24jn8bx4djj79k5j717f1-gcc-14.3.0/include/c++/14.3.0/x86_64-unknown-linux-gnu/bits/c++config.h:683,
warning: librocksdb-sys@0.17.3+10.4.2:                  from /nix/store/82kmz7r96navanrc2fgckh2bamiqrgsw-gcc-14.3.0/include/c++/14.3.0/cstdint:38,
warning: librocksdb-sys@0.17.3+10.4.2:                  from <command-line>:
warning: librocksdb-sys@0.17.3+10.4.2: /nix/store/gi4cz4ir3zlwhf1azqfgxqdnczfrwsr7-glibc-2.40-66-dev/include/features.h:422:4: warning: #warning _FORTIFY_SOURCE requires compiling with optimization (-O) [-Wcpp]
warning: librocksdb-sys@0.17.3+10.4.2:   422 | #  warning _FORTIFY_SOURCE requires compiling with optimization (-O)
warning: librocksdb-sys@0.17.3+10.4.2:       |    ^~~~~~~
warning: librocksdb-sys@0.17.3+10.4.2: In file included from /nix/store/kzq78n13l8w24jn8bx4djj79k5j717f1-gcc-14.3.0/include/c++/14.3.0/x86_64-unknown-linux-gnu/bits/os_defines.h:39,
warning: librocksdb-sys@0.17.3+10.4.2:                  from /nix/store/kzq78n13l8w24jn8bx4djj79k5j717f1-gcc-14.3.0/include/c++/14.3.0/x86_64-unknown-linux-gnu/bits/c++config.h:683,
warning: librocksdb-sys@0.17.3+10.4.2:                  from /nix/store/82kmz7r96navanrc2fgckh2bamiqrgsw-gcc-14.3.0/include/c++/14.3.0/cstdint:38,
warning: librocksdb-sys@0.17.3+10.4.2:                  from <command-line>:
warning: librocksdb-sys@0.17.3+10.4.2: /nix/store/gi4cz4ir3zlwhf1azqfgxqdnczfrwsr7-glibc-2.40-66-dev/include/features.h:422:4: warning: #warning _FORTIFY_SOURCE requires compiling with optimization (-O) [-Wcpp]
warning: librocksdb-sys@0.17.3+10.4.2:   422 | #  warning _FORTIFY_SOURCE requires compiling with optimization (-O)
warning: librocksdb-sys@0.17.3+10.4.2:       |    ^~~~~~~
warning: librocksdb-sys@0.17.3+10.4.2: In file included from /nix/store/kzq78n13l8w24jn8bx4djj79k5j717f1-gcc-14.3.0/include/c++/14.3.0/x86_64-unknown-linux-gnu/bits/os_defines.h:39,
warning: librocksdb-sys@0.17.3+10.4.2:                  from /nix/store/kzq78n13l8w24jn8bx4djj79k5j717f1-gcc-14.3.0/include/c++/14.3.0/x86_64-unknown-linux-gnu/bits/c++config.h:683,
warning: librocksdb-sys@0.17.3+10.4.2:                  from /nix/store/82kmz7r96navanrc2fgckh2bamiqrgsw-gcc-14.3.0/include/c++/14.3.0/cstdint:38,
warning: librocksdb-sys@0.17.3+10.4.2:                  from <command-line>:
warning: librocksdb-sys@0.17.3+10.4.2: /nix/store/gi4cz4ir3zlwhf1azqfgxqdnczfrwsr7-glibc-2.40-66-dev/include/features.h:422:4: warning: #warning _FORTIFY_SOURCE requires compiling with optimization (-O) [-Wcpp]
warning: librocksdb-sys@0.17.3+10.4.2:   422 | #  warning _FORTIFY_SOURCE requires compiling with optimization (-O)
warning: librocksdb-sys@0.17.3+10.4.2:       |    ^~~~~~~
warning: librocksdb-sys@0.17.3+10.4.2: In file included from /nix/store/kzq78n13l8w24jn8bx4djj79k5j717f1-gcc-14.3.0/include/c++/14.3.0/x86_64-unknown-linux-gnu/bits/os_defines.h:39,
warning: librocksdb-sys@0.17.3+10.4.2:                  from /nix/store/kzq78n13l8w24jn8bx4djj79k5j717f1-gcc-14.3.0/include/c++/14.3.0/x86_64-unknown-linux-gnu/bits/c++config.h:683,
warning: librocksdb-sys@0.17.3+10.4.2:                  from /nix/store/82kmz7r96navanrc2fgckh2bamiqrgsw-gcc-14.3.0/include/c++/14.3.0/cstdint:38,
warning: librocksdb-sys@0.17.3+10.4.2:                  from <command-line>:
warning: librocksdb-sys@0.17.3+10.4.2: /nix/store/gi4cz4ir3zlwhf1azqfgxqdnczfrwsr7-glibc-2.40-66-dev/include/features.h:422:4: warning: #warning _FORTIFY_SOURCE requires compiling with optimization (-O) [-Wcpp]
warning: librocksdb-sys@0.17.3+10.4.2:   422 | #  warning _FORTIFY_SOURCE requires compiling with optimization (-O)
warning: librocksdb-sys@0.17.3+10.4.2:       |    ^~~~~~~
warning: librocksdb-sys@0.17.3+10.4.2: In file included from /nix/store/kzq78n13l8w24jn8bx4djj79k5j717f1-gcc-14.3.0/include/c++/14.3.0/x86_64-unknown-linux-gnu/bits/os_defines.h:39,
warning: librocksdb-sys@0.17.3+10.4.2:                  from /nix/store/kzq78n13l8w24jn8bx4djj79k5j717f1-gcc-14.3.0/include/c++/14.3.0/x86_64-unknown-linux-gnu/bits/c++config.h:683,
warning: librocksdb-sys@0.17.3+10.4.2:                  from /nix/store/82kmz7r96navanrc2fgckh2bamiqrgsw-gcc-14.3.0/include/c++/14.3.0/cstdint:38,
warning: librocksdb-sys@0.17.3+10.4.2:                  from <command-line>:
warning: librocksdb-sys@0.17.3+10.4.2: /nix/store/gi4cz4ir3zlwhf1azqfgxqdnczfrwsr7-glibc-2.40-66-dev/include/features.h:422:4: warning: #warning _FORTIFY_SOURCE requires compiling with optimization (-O) [-Wcpp]
warning: librocksdb-sys@0.17.3+10.4.2:   422 | #  warning _FORTIFY_SOURCE requires compiling with optimization (-O)
warning: librocksdb-sys@0.17.3+10.4.2:       |    ^~~~~~~
warning: librocksdb-sys@0.17.3+10.4.2: In file included from /nix/store/kzq78n13l8w24jn8bx4djj79k5j717f1-gcc-14.3.0/include/c++/14.3.0/x86_64-unknown-linux-gnu/bits/os_defines.h:39,
warning: librocksdb-sys@0.17.3+10.4.2:                  from /nix/store/kzq78n13l8w24jn8bx4djj79k5j717f1-gcc-14.3.0/include/c++/14.3.0/x86_64-unknown-linux-gnu/bits/c++config.h:683,
warning: librocksdb-sys@0.17.3+10.4.2:                  from /nix/store/82kmz7r96navanrc2fgckh2bamiqrgsw-gcc-14.3.0/include/c++/14.3.0/cstdint:38,
warning: librocksdb-sys@0.17.3+10.4.2:                  from <command-line>:
warning: librocksdb-sys@0.17.3+10.4.2: /nix/store/gi4cz4ir3zlwhf1azqfgxqdnczfrwsr7-glibc-2.40-66-dev/include/features.h:422:4: warning: #warning _FORTIFY_SOURCE requires compiling with optimization (-O) [-Wcpp]
warning: librocksdb-sys@0.17.3+10.4.2:   422 | #  warning _FORTIFY_SOURCE requires compiling with optimization (-O)
warning: librocksdb-sys@0.17.3+10.4.2:       |    ^~~~~~~
warning: librocksdb-sys@0.17.3+10.4.2: In file included from /nix/store/kzq78n13l8w24jn8bx4djj79k5j717f1-gcc-14.3.0/include/c++/14.3.0/x86_64-unknown-linux-gnu/bits/os_defines.h:39,
warning: librocksdb-sys@0.17.3+10.4.2:                  from /nix/store/kzq78n13l8w24jn8bx4djj79k5j717f1-gcc-14.3.0/include/c++/14.3.0/x86_64-unknown-linux-gnu/bits/c++config.h:683,
warning: librocksdb-sys@0.17.3+10.4.2:                  from /nix/store/82kmz7r96navanrc2fgckh2bamiqrgsw-gcc-14.3.0/include/c++/14.3.0/cstdint:38,
warning: librocksdb-sys@0.17.3+10.4.2:                  from <command-line>:
warning: librocksdb-sys@0.17.3+10.4.2: /nix/store/gi4cz4ir3zlwhf1azqfgxqdnczfrwsr7-glibc-2.40-66-dev/include/features.h:422:4: warning: #warning _FORTIFY_SOURCE requires compiling with optimization (-O) [-Wcpp]
warning: librocksdb-sys@0.17.3+10.4.2:   422 | #  warning _FORTIFY_SOURCE requires compiling with optimization (-O)
warning: librocksdb-sys@0.17.3+10.4.2:       |    ^~~~~~~
warning: librocksdb-sys@0.17.3+10.4.2: In file included from /nix/store/kzq78n13l8w24jn8bx4djj79k5j717f1-gcc-14.3.0/include/c++/14.3.0/x86_64-unknown-linux-gnu/bits/os_defines.h:39,
warning: librocksdb-sys@0.17.3+10.4.2:                  from /nix/store/kzq78n13l8w24jn8bx4djj79k5j717f1-gcc-14.3.0/include/c++/14.3.0/x86_64-unknown-linux-gnu/bits/c++config.h:683,
warning: librocksdb-sys@0.17.3+10.4.2:                  from /nix/store/82kmz7r96navanrc2fgckh2bamiqrgsw-gcc-14.3.0/include/c++/14.3.0/cstdint:38,
warning: librocksdb-sys@0.17.3+10.4.2:                  from <command-line>:
warning: librocksdb-sys@0.17.3+10.4.2: /nix/store/gi4cz4ir3zlwhf1azqfgxqdnczfrwsr7-glibc-2.40-66-dev/include/features.h:422:4: warning: #warning _FORTIFY_SOURCE requires compiling with optimization (-O) [-Wcpp]
warning: librocksdb-sys@0.17.3+10.4.2:   422 | #  warning _FORTIFY_SOURCE requires compiling with optimization (-O)
warning: librocksdb-sys@0.17.3+10.4.2:       |    ^~~~~~~
warning: librocksdb-sys@0.17.3+10.4.2: In file included from /nix/store/kzq78n13l8w24jn8bx4djj79k5j717f1-gcc-14.3.0/include/c++/14.3.0/x86_64-unknown-linux-gnu/bits/os_defines.h:39,
warning: librocksdb-sys@0.17.3+10.4.2:                  from /nix/store/kzq78n13l8w24jn8bx4djj79k5j717f1-gcc-14.3.0/include/c++/14.3.0/x86_64-unknown-linux-gnu/bits/c++config.h:683,
warning: librocksdb-sys@0.17.3+10.4.2:                  from /nix/store/82kmz7r96navanrc2fgckh2bamiqrgsw-gcc-14.3.0/include/c++/14.3.0/cstdint:38,
warning: librocksdb-sys@0.17.3+10.4.2:                  from <command-line>:
warning: librocksdb-sys@0.17.3+10.4.2: /nix/store/gi4cz4ir3zlwhf1azqfgxqdnczfrwsr7-glibc-2.40-66-dev/include/features.h:422:4: warning: #warning _FORTIFY_SOURCE requires compiling with optimization (-O) [-Wcpp]
warning: librocksdb-sys@0.17.3+10.4.2:   422 | #  warning _FORTIFY_SOURCE requires compiling with optimization (-O)
warning: librocksdb-sys@0.17.3+10.4.2:       |    ^~~~~~~
warning: librocksdb-sys@0.17.3+10.4.2: In file included from /nix/store/kzq78n13l8w24jn8bx4djj79k5j717f1-gcc-14.3.0/include/c++/14.3.0/x86_64-unknown-linux-gnu/bits/os_defines.h:39,
warning: librocksdb-sys@0.17.3+10.4.2:                  from /nix/store/kzq78n13l8w24jn8bx4djj79k5j717f1-gcc-14.3.0/include/c++/14.3.0/x86_64-unknown-linux-gnu/bits/c++config.h:683,
warning: librocksdb-sys@0.17.3+10.4.2:                  from /nix/store/82kmz7r96navanrc2fgckh2bamiqrgsw-gcc-14.3.0/include/c++/14.3.0/cstdint:38,
warning: librocksdb-sys@0.17.3+10.4.2:                  from <command-line>:
warning: librocksdb-sys@0.17.3+10.4.2: /nix/store/gi4cz4ir3zlwhf1azqfgxqdnczfrwsr7-glibc-2.40-66-dev/include/features.h:422:4: warning: #warning _FORTIFY_SOURCE requires compiling with optimization (-O) [-Wcpp]
warning: librocksdb-sys@0.17.3+10.4.2:   422 | #  warning _FORTIFY_SOURCE requires compiling with optimization (-O)
warning: librocksdb-sys@0.17.3+10.4.2:       |    ^~~~~~~
warning: librocksdb-sys@0.17.3+10.4.2: In file included from /nix/store/kzq78n13l8w24jn8bx4djj79k5j717f1-gcc-14.3.0/include/c++/14.3.0/x86_64-unknown-linux-gnu/bits/os_defines.h:39,
warning: librocksdb-sys@0.17.3+10.4.2:                  from /nix/store/kzq78n13l8w24jn8bx4djj79k5j717f1-gcc-14.3.0/include/c++/14.3.0/x86_64-unknown-linux-gnu/bits/c++config.h:683,
warning: librocksdb-sys@0.17.3+10.4.2:                  from /nix/store/82kmz7r96navanrc2fgckh2bamiqrgsw-gcc-14.3.0/include/c++/14.3.0/cstdint:38,
warning: librocksdb-sys@0.17.3+10.4.2:                  from <command-line>:
warning: librocksdb-sys@0.17.3+10.4.2: /nix/store/gi4cz4ir3zlwhf1azqfgxqdnczfrwsr7-glibc-2.40-66-dev/include/features.h:422:4: warning: #warning _FORTIFY_SOURCE requires compiling with optimization (-O) [-Wcpp]
warning: librocksdb-sys@0.17.3+10.4.2:   422 | #  warning _FORTIFY_SOURCE requires compiling with optimization (-O)
warning: librocksdb-sys@0.17.3+10.4.2:       |    ^~~~~~~
warning: librocksdb-sys@0.17.3+10.4.2: In file included from /nix/store/kzq78n13l8w24jn8bx4djj79k5j717f1-gcc-14.3.0/include/c++/14.3.0/x86_64-unknown-linux-gnu/bits/os_defines.h:39,
warning: librocksdb-sys@0.17.3+10.4.2:                  from /nix/store/kzq78n13l8w24jn8bx4djj79k5j717f1-gcc-14.3.0/include/c++/14.3.0/x86_64-unknown-linux-gnu/bits/c++config.h:683,
warning: librocksdb-sys@0.17.3+10.4.2:                  from /nix/store/82kmz7r96navanrc2fgckh2bamiqrgsw-gcc-14.3.0/include/c++/14.3.0/bits/version.h:49,
warning: librocksdb-sys@0.17.3+10.4.2:                  from /nix/store/82kmz7r96navanrc2fgckh2bamiqrgsw-gcc-14.3.0/include/c++/14.3.0/cstring:42,
warning: librocksdb-sys@0.17.3+10.4.2:                  from snappy/snappy-sinksource.cc:30:
warning: librocksdb-sys@0.17.3+10.4.2: /nix/store/gi4cz4ir3zlwhf1azqfgxqdnczfrwsr7-glibc-2.40-66-dev/include/features.h:422:4: warning: #warning _FORTIFY_SOURCE requires compiling with optimization (-O) [-Wcpp]
warning: librocksdb-sys@0.17.3+10.4.2:   422 | #  warning _FORTIFY_SOURCE requires compiling with optimization (-O)
warning: librocksdb-sys@0.17.3+10.4.2:       |    ^~~~~~~
warning: librocksdb-sys@0.17.3+10.4.2: In file included from /nix/store/gi4cz4ir3zlwhf1azqfgxqdnczfrwsr7-glibc-2.40-66-dev/include/bits/libc-header-start.h:33,
warning: librocksdb-sys@0.17.3+10.4.2:                  from /nix/store/gi4cz4ir3zlwhf1azqfgxqdnczfrwsr7-glibc-2.40-66-dev/include/stdint.h:26,
warning: librocksdb-sys@0.17.3+10.4.2:                  from snappy/snappy.h:43,
warning: librocksdb-sys@0.17.3+10.4.2:                  from snappy/snappy-c.cc:29:
warning: librocksdb-sys@0.17.3+10.4.2: /nix/store/gi4cz4ir3zlwhf1azqfgxqdnczfrwsr7-glibc-2.40-66-dev/include/features.h:422:4: warning: #warning _FORTIFY_SOURCE requires compiling with optimization (-O) [-Wcpp]
warning: librocksdb-sys@0.17.3+10.4.2:   422 | #  warning _FORTIFY_SOURCE requires compiling with optimization (-O)
warning: librocksdb-sys@0.17.3+10.4.2:       |    ^~~~~~~
warning: librocksdb-sys@0.17.3+10.4.2: In file included from /nix/store/kzq78n13l8w24jn8bx4djj79k5j717f1-gcc-14.3.0/include/c++/14.3.0/x86_64-unknown-linux-gnu/bits/os_defines.h:39,
warning: librocksdb-sys@0.17.3+10.4.2:                  from /nix/store/kzq78n13l8w24jn8bx4djj79k5j717f1-gcc-14.3.0/include/c++/14.3.0/x86_64-unknown-linux-gnu/bits/c++config.h:683,
warning: librocksdb-sys@0.17.3+10.4.2:                  from /nix/store/82kmz7r96navanrc2fgckh2bamiqrgsw-gcc-14.3.0/include/c++/14.3.0/utility:67,
warning: librocksdb-sys@0.17.3+10.4.2:                  from snappy/snappy-internal.h:34,
warning: librocksdb-sys@0.17.3+10.4.2:                  from snappy/snappy.cc:29:
warning: librocksdb-sys@0.17.3+10.4.2: /nix/store/gi4cz4ir3zlwhf1azqfgxqdnczfrwsr7-glibc-2.40-66-dev/include/features.h:422:4: warning: #warning _FORTIFY_SOURCE requires compiling with optimization (-O) [-Wcpp]
warning: librocksdb-sys@0.17.3+10.4.2:   422 | #  warning _FORTIFY_SOURCE requires compiling with optimization (-O)
warning: librocksdb-sys@0.17.3+10.4.2:       |    ^~~~~~~
warning: associated constant `BITS` is never used
  --> submodules/aho-corasick/src/packed/vector.rs:32:11
   |
28 | pub(crate) trait Vector:
   |                  ------ associated constant in this trait
...
32 |     const BITS: usize;
   |           ^^^^
   |
   = note: `#[warn(dead_code)]` (part of `#[warn(unused)]`) on by default

warning: `aho-corasick` (lib) generated 1 warning
warning: use of deprecated associated function `chrono::NaiveDateTime::from_timestamp_opt`: use `DateTime::from_timestamp` instead
   --> submodules/tera/src/builtins/filters/common.rs:175:43
    |
175 |                 let date = NaiveDateTime::from_timestamp_opt(i, 0).expect(
    |                                           ^^^^^^^^^^^^^^^^^^
    |
    = note: `#[warn(deprecated)]` on by default

   Compiling rustc_thread_pool v0.0.0 (/mnt/data1/nix/vendor/rust/cargo2nix/submodules/rust/compiler/rustc_thread_pool)
warning: `tera` (lib) generated 1 warning
   Compiling rustc_arena v0.0.0 (/mnt/data1/nix/vendor/rust/cargo2nix/submodules/rust/compiler/rustc_arena)
   Compiling rustc_serialize v0.0.0 (/mnt/data1/nix/vendor/rust/cargo2nix/submodules/rust/compiler/rustc_serialize)
   Compiling rustc_macros v0.0.0 (/mnt/data1/nix/vendor/rust/cargo2nix/submodules/rust/compiler/rustc_macros)
   Compiling cvs-macro-lib v0.1.0 (/mnt/data1/nix/vendor/rust/cargo2nix/submodules/rust/crates/cvs-macro-lib)
   Compiling rustc_proc_macro v0.0.0 (/mnt/data1/nix/vendor/rust/cargo2nix/submodules/rust/compiler/rustc_proc_macro)
   Compiling rustc_fluent_macro v0.0.0 (/mnt/data1/nix/vendor/rust/cargo2nix/submodules/rust/compiler/rustc_fluent_macro)
   Compiling rustc_log v0.0.0 (/mnt/data1/nix/vendor/rust/cargo2nix/submodules/rust/compiler/rustc_log)
warning: unused import: `ensure`
 --> tools/rust-bootstrap-nix/prelude-generator/src/prelude_category_pipeline/prelude_category_pipeline_impls/git_project_provisioner.rs:1:31
  |
1 | use anyhow::{Context, Result, ensure};
  |                               ^^^^^^
  |
  = note: `#[warn(unused_imports)]` (part of `#[warn(unused)]`) on by default

warning: unused import: `Context`
 --> tools/rust-bootstrap-nix/prelude-generator/src/prelude_category_pipeline/prelude_category_pipeline_impls/hugging_face_validator_functor.rs:1:14
  |
1 | use anyhow::{Context, Result};
  |              ^^^^^^^

warning: unused import: `crate::prelude_category_pipeline::prelude_category_pipeline_impls::utils::copy_dir_all`
 --> tools/rust-bootstrap-nix/prelude-generator/src/prelude_category_pipeline/prelude_category_pipeline_impls/hugging_face_validator_functor.rs:9:5
  |
9 | use crate::prelude_category_pipeline::prelude_category_pipeline_impls::utils::copy_dir_all;
  |     ^^^^^^^^^^^^^^^^^^^^^^^^^^^^^^^^^^^^^^^^^^^^^^^^^^^^^^^^^^^^^^^^^^^^^^^^^^^^^^^^^^^^^^

warning: unused import: `indoc::indoc`
  --> tools/rust-bootstrap-nix/prelude-generator/src/prelude_category_pipeline/prelude_category_pipeline_impls/hugging_face_validator_functor.rs:13:5
   |
13 | use indoc::indoc;
   |     ^^^^^^^^^^^^

warning: unused import: `PathBuf`
 --> tools/rust-bootstrap-nix/prelude-generator/src/prelude_category_pipeline/prelude_category_pipeline_impls/validation_result_manager.rs:2:23
  |
2 | use std::path::{Path, PathBuf};
  |                       ^^^^^^^

warning: unused import: `chrono::Utc`
 --> tools/rust-bootstrap-nix/prelude-generator/src/use_extractor/expand_macros_and_parse.rs:6:5
  |
6 | use chrono::Utc;
  |     ^^^^^^^^^^^

warning: unused import: `tempfile`
  --> tools/rust-bootstrap-nix/prelude-generator/src/use_extractor/expand_macros_and_parse.rs:13:5
   |
13 | use tempfile;
   |     ^^^^^^^^

warning: unused import: `tokio::fs`
  --> tools/rust-bootstrap-nix/prelude-generator/src/use_extractor/expand_macros_and_parse.rs:14:5
   |
14 | use tokio::fs; // Add this line
   |     ^^^^^^^^^

warning: unused import: `PathBuf`
 --> tools/rust-bootstrap-nix/prelude-generator/src/use_extractor/cache_manager.rs:2:23
  |
2 | use std::path::{Path, PathBuf};
  |                       ^^^^^^^

warning: unused import: `PathBuf`
 --> tools/rust-bootstrap-nix/prelude-generator/src/use_extractor/rustc_macro_expander.rs:2:23
  |
2 | use std::path::{Path, PathBuf};
  |                       ^^^^^^^

warning: unused import: `tokio::io::AsyncWriteExt`
 --> tools/rust-bootstrap-nix/prelude-generator/src/use_extractor/syn_file_parser.rs:3:5
  |
3 | use tokio::io::AsyncWriteExt;
  |     ^^^^^^^^^^^^^^^^^^^^^^^^

warning: unused variable: `content_hash`
  --> tools/rust-bootstrap-nix/prelude-generator/src/use_extractor/expand_macros_and_parse.rs:37:9
   |
37 |     let content_hash = format!("{:x}", hasher.finalize());
   |         ^^^^^^^^^^^^ help: if this is intentional, prefix it with an underscore: `_content_hash`
   |
   = note: `#[warn(unused_variables)]` (part of `#[warn(unused)]`) on by default

warning: unused variable: `temp_crate_path`
  --> tools/rust-bootstrap-nix/prelude-generator/src/use_extractor/expand_macros_and_parse.rs:56:9
   |
56 |     let temp_crate_path = temp_crate_dir.path(); // Keep temp_crate_path for current_dir in Command
   |         ^^^^^^^^^^^^^^^ help: if this is intentional, prefix it with an underscore: `_temp_crate_path`

warning: unused import: `tokio::io::AsyncWriteExt`
 --> tools/rust-bootstrap-nix/prelude-generator/src/use_extractor/rustc_macro_expander.rs:5:5
  |
5 | use tokio::io::AsyncWriteExt; // For writer.write_all
  |     ^^^^^^^^^^^^^^^^^^^^^^^^

warning: `prelude-generator` (lib) generated 14 warnings (run `cargo fix --lib -p prelude-generator` to apply 11 suggestions)
   Compiling rustc_llvm v0.0.0 (/mnt/data1/nix/vendor/rust/cargo2nix/submodules/rust/compiler/rustc_llvm)
warning: hiding a lifetime that's elided elsewhere is confusing
  --> submodules/bincode/derive/src/derive_enum.rs:12:20
   |
12 |     fn iter_fields(&self) -> EnumVariantIterator {
   |                    ^^^^^     ^^^^^^^^^^^^^^^^^^^ the same lifetime is hidden here
   |                    |
   |                    the lifetime is elided here
   |
   = help: the same lifetime is referred to in inconsistent ways, making the signature confusing
   = note: `#[warn(mismatched_lifetime_syntaxes)]` on by default
help: use `'_` for type paths
   |
12 |     fn iter_fields(&self) -> EnumVariantIterator<'_> {
   |                                                 ++++

warning: `bincode_derive` (lib) generated 1 warning (run `cargo fix --lib -p bincode_derive` to apply 1 suggestion)
warning: unnecessary `unsafe` block
   --> submodules/petgraph/src/unionfind.rs:226:25
    |
224 |         unsafe {
    |         ------ because it's nested under this `unsafe` block
225 |             for ix in 0..self.len() {
226 |                 let k = unsafe { *get_unchecked(&self.parent, ix) };
    |                         ^^^^^^ unnecessary `unsafe` block
    |
    = note: `#[warn(unused_unsafe)]` (part of `#[warn(unused)]`) on by default

warning: unnecessary `unsafe` block
   --> submodules/petgraph/src/unionfind.rs:228:17
    |
224 |         unsafe {
    |         ------ because it's nested under this `unsafe` block
...
228 |                 unsafe {
    |                 ^^^^^^ unnecessary `unsafe` block

warning: `petgraph` (lib) generated 2 warnings
warning: unexpected `cfg` condition value: `tool_traits_lib_enabled`
  --> tools/cargo-edit-lib/src/lib.rs:16:7
   |
16 | #[cfg(feature = "tool_traits_lib_enabled")]
   |       ^^^^^^^^^^^^^^^^^^^^^^^^^^^^^^^^^^^
   |
   = note: expected values for `feature` are: `anyhow_enabled`, `cargo-submodule-tool-lib`, `cargo_metadata_enabled`, `clap_enabled`, `default`, `git2_enabled`, `git_wrapper_lib_enabled`, `hex_enabled`, `lazy_static_enabled`, `pathdiff_enabled`, `real_cargo_metadata`, `regex_enabled`, `serde_enabled`, `serde_json_enabled`, `sha1_enabled`, `syn_enabled`, `toml_edit_enabled`, and `walkdir_enabled`
   = help: consider adding `tool_traits_lib_enabled` as a feature in `Cargo.toml`
   = note: see <https://doc.rust-lang.org/nightly/rustc/check-cfg/cargo-specifics.html> for more information about checking conditional configuration
   = note: `#[warn(unexpected_cfgs)]` on by default

warning: unused variable: `git_adapter`
   --> tools/cargo-edit-lib/src/lib.rs:106:9
    |
106 |         git_adapter: &dyn GitAdapter,
    |         ^^^^^^^^^^^ help: if this is intentional, prefix it with an underscore: `_git_adapter`
    |
    = note: `#[warn(unused_variables)]` (part of `#[warn(unused)]`) on by default

warning: unused variable: `cargo_metadata_provider`
   --> tools/cargo-edit-lib/src/lib.rs:107:9
    |
107 |         cargo_metadata_provider: &dyn CargoMetadataProvider,
    |         ^^^^^^^^^^^^^^^^^^^^^^^ help: if this is intentional, prefix it with an underscore: `_cargo_metadata_provider`

warning: unused variable: `git_adapter`
   --> tools/cargo-edit-lib/src/lib.rs:247:9
    |
247 |         git_adapter: &dyn GitAdapter,
    |         ^^^^^^^^^^^ help: if this is intentional, prefix it with an underscore: `_git_adapter`

warning: unused variable: `cargo_metadata_provider`
   --> tools/cargo-edit-lib/src/lib.rs:248:9
    |
248 |         cargo_metadata_provider: &dyn CargoMetadataProvider,
    |         ^^^^^^^^^^^^^^^^^^^^^^^ help: if this is intentional, prefix it with an underscore: `_cargo_metadata_provider`

warning: `cargo-edit-lib` (lib) generated 5 warnings
warning: hiding a lifetime that's elided elsewhere is confusing
  --> submodules/rustc-demangle/src/lib.rs:92:24
   |
92 | pub fn demangle(mut s: &str) -> Demangle {
   |                        ^^^^     ^^^^^^^^ the same lifetime is hidden here
   |                        |
   |                        the lifetime is elided here
   |
   = help: the same lifetime is referred to in inconsistent ways, making the signature confusing
   = note: `#[warn(mismatched_lifetime_syntaxes)]` on by default
help: use `'_` for type paths
   |
92 | pub fn demangle(mut s: &str) -> Demangle<'_> {
   |                                         ++++

warning: hiding a lifetime that's elided elsewhere is confusing
   --> submodules/rustc-demangle/src/lib.rs:237:24
    |
237 | pub fn try_demangle(s: &str) -> Result<Demangle, TryDemangleError> {
    |                        ^^^^            ^^^^^^^^ the same lifetime is hidden here
    |                        |
    |                        the lifetime is elided here
    |
    = help: the same lifetime is referred to in inconsistent ways, making the signature confusing
help: use `'_` for type paths
    |
237 | pub fn try_demangle(s: &str) -> Result<Demangle<'_>, TryDemangleError> {
    |                                                ++++

warning: hiding a lifetime that's elided elsewhere is confusing
  --> submodules/rustc-demangle/src/legacy.rs:49:20
   |
49 | pub fn demangle(s: &str) -> Result<(Demangle, &str), ()> {
   |                    ^^^^             ^^^^^^^^  ^^^^ the same lifetime is elided here
   |                    |                |
   |                    |                the same lifetime is hidden here
   |                    the lifetime is elided here
   |
   = help: the same lifetime is referred to in inconsistent ways, making the signature confusing
help: use `'_` for type paths
   |
49 | pub fn demangle(s: &str) -> Result<(Demangle<'_>, &str), ()> {
   |                                             ++++

warning: hiding a lifetime that's elided elsewhere is confusing
  --> submodules/rustc-demangle/src/v0.rs:37:20
   |
37 | pub fn demangle(s: &str) -> Result<(Demangle, &str), ParseError> {
   |                    ^^^^             ^^^^^^^^  ^^^^ the same lifetime is elided here
   |                    |                |
   |                    |                the same lifetime is hidden here
   |                    the lifetime is elided here
   |
   = help: the same lifetime is referred to in inconsistent ways, making the signature confusing
help: use `'_` for type paths
   |
37 | pub fn demangle(s: &str) -> Result<(Demangle<'_>, &str), ParseError> {
   |                                             ++++

warning: `rustc-demangle` (lib) generated 4 warnings (run `cargo fix --lib -p rustc-demangle` to apply 4 suggestions)
warning: hiding a lifetime that's elided elsewhere is confusing
   --> submodules/expect-test/src/lib.rs:697:26
    |
697 | fn lines_with_ends(text: &str) -> LinesWithEnds {
    |                          ^^^^     ^^^^^^^^^^^^^ the same lifetime is hidden here
    |                          |
    |                          the lifetime is elided here
    |
    = help: the same lifetime is referred to in inconsistent ways, making the signature confusing
    = note: `#[warn(mismatched_lifetime_syntaxes)]` on by default
help: use `'_` for type paths
    |
697 | fn lines_with_ends(text: &str) -> LinesWithEnds<'_> {
    |                                                ++++

warning: use of deprecated macro `try`: use the `?` operator instead
   --> submodules/odds/src/stride.rs:239:17
    |
239 |                 r#try!(write!(f, "["));
    |                 ^^^^^
...
252 | stride_impl! {struct Stride -> &'a [A], as_ptr, *const A, &'a A}
    | ---------------------------------------------------------------- in this macro invocation
    |
    = note: `#[warn(deprecated)]` on by default
    = note: this warning originates in the macro `stride_impl` (in Nightly builds, run with -Z macro-backtrace for more info)

warning: use of deprecated macro `try`: use the `?` operator instead
   --> submodules/odds/src/stride.rs:244:21
    |
244 |                     r#try!(write!(f, "{:?}", (*self)[i]));
    |                     ^^^^^
...
252 | stride_impl! {struct Stride -> &'a [A], as_ptr, *const A, &'a A}
    | ---------------------------------------------------------------- in this macro invocation
    |
    = note: this warning originates in the macro `stride_impl` (in Nightly builds, run with -Z macro-backtrace for more info)

warning: use of deprecated macro `try`: use the `?` operator instead
   --> submodules/odds/src/stride.rs:242:25
    |
242 |                         r#try!(write!(f, ", "));
    |                         ^^^^^
...
252 | stride_impl! {struct Stride -> &'a [A], as_ptr, *const A, &'a A}
    | ---------------------------------------------------------------- in this macro invocation
    |
    = note: this warning originates in the macro `stride_impl` (in Nightly builds, run with -Z macro-backtrace for more info)

warning: use of deprecated macro `try`: use the `?` operator instead
   --> submodules/odds/src/stride.rs:239:17
    |
239 |                 r#try!(write!(f, "["));
    |                 ^^^^^
...
253 | stride_impl! {struct StrideMut -> &'a mut [A], as_mut_ptr, *mut A, &'a mut A}
    | ----------------------------------------------------------------------------- in this macro invocation
    |
    = note: this warning originates in the macro `stride_impl` (in Nightly builds, run with -Z macro-backtrace for more info)

warning: use of deprecated macro `try`: use the `?` operator instead
   --> submodules/odds/src/stride.rs:244:21
    |
244 |                     r#try!(write!(f, "{:?}", (*self)[i]));
    |                     ^^^^^
...
253 | stride_impl! {struct StrideMut -> &'a mut [A], as_mut_ptr, *mut A, &'a mut A}
    | ----------------------------------------------------------------------------- in this macro invocation
    |
    = note: this warning originates in the macro `stride_impl` (in Nightly builds, run with -Z macro-backtrace for more info)

warning: use of deprecated macro `try`: use the `?` operator instead
   --> submodules/odds/src/stride.rs:242:25
    |
242 |                         r#try!(write!(f, ", "));
    |                         ^^^^^
...
253 | stride_impl! {struct StrideMut -> &'a mut [A], as_mut_ptr, *mut A, &'a mut A}
    | ----------------------------------------------------------------------------- in this macro invocation
    |
    = note: this warning originates in the macro `stride_impl` (in Nightly builds, run with -Z macro-backtrace for more info)

warning: hiding a lifetime that's elided elsewhere is confusing
  --> submodules/odds/src/slice/rev.rs:98:17
   |
98 |     pub fn iter(&self) -> Rev<Iter<T>> {
   |                 ^^^^^         ^^^^^^^ the same lifetime is hidden here
   |                 |
   |                 the lifetime is elided here
   |
   = help: the same lifetime is referred to in inconsistent ways, making the signature confusing
   = note: `#[warn(mismatched_lifetime_syntaxes)]` on by default
help: use `'_` for type paths
   |
98 |     pub fn iter(&self) -> Rev<Iter<'_, T>> {
   |                                    +++

warning: hiding a lifetime that's elided elsewhere is confusing
   --> submodules/odds/src/slice/rev.rs:103:21
    |
103 |     pub fn iter_mut(&mut self) -> Rev<IterMut<T>> {
    |                     ^^^^^^^^^         ^^^^^^^^^^ the same lifetime is hidden here
    |                     |
    |                     the lifetime is elided here
    |
    = help: the same lifetime is referred to in inconsistent ways, making the signature confusing
help: use `'_` for type paths
    |
103 |     pub fn iter_mut(&mut self) -> Rev<IterMut<'_, T>> {
    |                                               +++

warning: hiding a lifetime that's elided elsewhere is confusing
  --> submodules/odds/src/string.rs:25:17
   |
25 |     fn prefixes(&self) -> Prefixes;
   |                 ^^^^^     ^^^^^^^^ the same lifetime is hidden here
   |                 |
   |                 the lifetime is elided here
   |
   = help: the same lifetime is referred to in inconsistent ways, making the signature confusing
help: use `'_` for type paths
   |
25 |     fn prefixes(&self) -> Prefixes<'_>;
   |                                   ++++

warning: hiding a lifetime that's elided elsewhere is confusing
  --> submodules/odds/src/string.rs:28:17
   |
28 |     fn suffixes(&self) -> Suffixes;
   |                 ^^^^^     ^^^^^^^^ the same lifetime is hidden here
   |                 |
   |                 the lifetime is elided here
   |
   = help: the same lifetime is referred to in inconsistent ways, making the signature confusing
help: use `'_` for type paths
   |
28 |     fn suffixes(&self) -> Suffixes<'_>;
   |                                   ++++

warning: hiding a lifetime that's elided elsewhere is confusing
  --> submodules/odds/src/string.rs:31:19
   |
31 |     fn substrings(&self) -> Substrings;
   |                   ^^^^^     ^^^^^^^^^^ the same lifetime is hidden here
   |                   |
   |                   the lifetime is elided here
   |
   = help: the same lifetime is referred to in inconsistent ways, making the signature confusing
help: use `'_` for type paths
   |
31 |     fn substrings(&self) -> Substrings<'_>;
   |                                       ++++

warning: hiding a lifetime that's elided elsewhere is confusing
  --> submodules/odds/src/string.rs:58:17
   |
58 |     fn prefixes(&self) -> Prefixes {
   |                 ^^^^^     ^^^^^^^^ the same lifetime is hidden here
   |                 |
   |                 the lifetime is elided here
   |
   = help: the same lifetime is referred to in inconsistent ways, making the signature confusing
help: use `'_` for type paths
   |
58 |     fn prefixes(&self) -> Prefixes<'_> {
   |                                   ++++

warning: hiding a lifetime that's elided elsewhere is confusing
  --> submodules/odds/src/string.rs:65:17
   |
65 |     fn suffixes(&self) -> Suffixes {
   |                 ^^^^^     ^^^^^^^^ the same lifetime is hidden here
   |                 |
   |                 the lifetime is elided here
   |
   = help: the same lifetime is referred to in inconsistent ways, making the signature confusing
help: use `'_` for type paths
   |
65 |     fn suffixes(&self) -> Suffixes<'_> {
   |                                   ++++

warning: hiding a lifetime that's elided elsewhere is confusing
  --> submodules/odds/src/string.rs:72:19
   |
72 |     fn substrings(&self) -> Substrings {
   |                   ^^^^^     ^^^^^^^^^^ the same lifetime is hidden here
   |                   |
   |                   the lifetime is elided here
   |
   = help: the same lifetime is referred to in inconsistent ways, making the signature confusing
help: use `'_` for type paths
   |
72 |     fn substrings(&self) -> Substrings<'_> {
   |                                       ++++

warning: hiding a lifetime that's elided elsewhere is confusing
   --> submodules/odds/src/string.rs:176:20
    |
176 |     fn char_chunks(&self, n: usize) -> CharChunks;
    |                    ^^^^^               ^^^^^^^^^^ the same lifetime is hidden here
    |                    |
    |                    the lifetime is elided here
    |
    = help: the same lifetime is referred to in inconsistent ways, making the signature confusing
help: use `'_` for type paths
    |
176 |     fn char_chunks(&self, n: usize) -> CharChunks<'_>;
    |                                                  ++++

warning: hiding a lifetime that's elided elsewhere is confusing
   --> submodules/odds/src/string.rs:182:21
    |
182 |     fn char_windows(&self, n: usize) -> CharWindows;
    |                     ^^^^^               ^^^^^^^^^^^ the same lifetime is hidden here
    |                     |
    |                     the lifetime is elided here
    |
    = help: the same lifetime is referred to in inconsistent ways, making the signature confusing
help: use `'_` for type paths
    |
182 |     fn char_windows(&self, n: usize) -> CharWindows<'_>;
    |                                                    ++++

warning: hiding a lifetime that's elided elsewhere is confusing
   --> submodules/odds/src/string.rs:186:20
    |
186 |     fn char_chunks(&self, n: usize) -> CharChunks {
    |                    ^^^^^               ^^^^^^^^^^ the same lifetime is hidden here
    |                    |
    |                    the lifetime is elided here
    |
    = help: the same lifetime is referred to in inconsistent ways, making the signature confusing
help: use `'_` for type paths
    |
186 |     fn char_chunks(&self, n: usize) -> CharChunks<'_> {
    |                                                  ++++

warning: hiding a lifetime that's elided elsewhere is confusing
   --> submodules/odds/src/string.rs:190:21
    |
190 |     fn char_windows(&self, n: usize) -> CharWindows {
    |                     ^^^^^               ^^^^^^^^^^^ the same lifetime is hidden here
    |                     |
    |                     the lifetime is elided here
    |
    = help: the same lifetime is referred to in inconsistent ways, making the signature confusing
help: use `'_` for type paths
    |
190 |     fn char_windows(&self, n: usize) -> CharWindows<'_> {
    |                                                    ++++

warning: hiding a lifetime that's elided elsewhere is confusing
   --> submodules/bincode/src/de/mod.rs:163:24
    |
163 |     fn with_context<C>(&mut self, context: C) -> WithContext<Self, C> {
    |                        ^^^^^^^^^                 ^^^^^^^^^^^^^^^^^^^^ the same lifetime is hidden here
    |                        |
    |                        the lifetime is elided here
    |
    = help: the same lifetime is referred to in inconsistent ways, making the signature confusing
    = note: `#[warn(mismatched_lifetime_syntaxes)]` on by default
help: use `'_` for type paths
    |
163 |     fn with_context<C>(&mut self, context: C) -> WithContext<'_, Self, C> {
    |                                                              +++

warning: `expect-test` (lib) generated 1 warning (run `cargo fix --lib -p expect-test` to apply 1 suggestion)
warning: `odds` (lib) generated 18 warnings (run `cargo fix --lib -p odds` to apply 12 suggestions)
warning: `bincode` (lib) generated 1 warning (run `cargo fix --lib -p bincode` to apply 1 suggestion)
warning: unused imports: `Context` and `Result`
 --> crates/ast_parser_impl/src/lib.rs:1:14
  |
1 | use anyhow::{Context, Result};
  |              ^^^^^^^  ^^^^^^
  |
  = note: `#[warn(unused_imports)]` (part of `#[warn(unused)]`) on by default

warning: unused import: `std::io::Write`
 --> crates/ast_parser_impl/src/lib.rs:4:5
  |
4 | use std::io::Write;
  |     ^^^^^^^^^^^^^^

warning: unused import: `once_cell::sync::Lazy`
 --> crates/ast_parser_impl/src/lib.rs:9:5
  |
9 | use once_cell::sync::Lazy;
  |     ^^^^^^^^^^^^^^^^^^^^^

warning: unused import: `regex::Regex`
  --> crates/ast_parser_impl/src/lib.rs:13:5
   |
13 | use regex::Regex;
   |     ^^^^^^^^^^^^

warning: unused imports: `ErrorSample` and `RustcInfo as SplitExpandedRustcInfo`
  --> crates/ast_parser_impl/src/lib.rs:14:26
   |
14 | use split_expanded_lib::{ErrorSample, RustcInfo as SplitExpandedRustcInfo};
   |                          ^^^^^^^^^^^  ^^^^^^^^^^^^^^^^^^^^^^^^^^^^^^^^^^^

warning: unused import: `Path`
 --> tools/generate_workspace_deps/src/main.rs:4:17
  |
4 | use std::path::{Path, PathBuf};
  |                 ^^^^
  |
  = note: `#[warn(unused_imports)]` (part of `#[warn(unused)]`) on by default

warning: fields `id`, `version`, and `manifest_path` are never read
  --> tools/generate_workspace_deps/src/main.rs:19:13
   |
18 |     pub struct Package {
   |                ------- fields in this struct
19 |         pub id: PackageId,
   |             ^^
20 |         pub name: String,
21 |         pub version: String,
   |             ^^^^^^^
22 |         pub manifest_path: PathBuf,
   |             ^^^^^^^^^^^^^
   |
   = note: `Package` has derived impls for the traits `Clone` and `Debug`, but these are intentionally ignored during dead code analysis
   = note: `#[warn(dead_code)]` (part of `#[warn(unused)]`) on by default

warning: unexpected `cfg` condition value: `128`
   --> submodules/ahash/src/fallback_hash.rs:163:11
    |
163 |     #[cfg(target_pointer_width = "128")]
    |           ^^^^^^^^^^^^^^^^^^^^^^^^^^^^
    |
    = note: expected values for `target_pointer_width` are: `16`, `32`, and `64`
    = help: consider using a Cargo feature instead
    = help: or consider adding in `Cargo.toml` the `check-cfg` lint config for the lint:
             [lints.rust]
             unexpected_cfgs = { level = "warn", check-cfg = ['cfg(target_pointer_width, values("128"))'] }
    = help: or consider adding `println!("cargo::rustc-check-cfg=cfg(target_pointer_width, values(\"128\"))");` to the top of the `build.rs`
    = note: see <https://doc.rust-lang.org/nightly/rustc/check-cfg/cargo-specifics.html> for more information about checking conditional configuration
    = note: `#[warn(unexpected_cfgs)]` on by default

warning: unexpected `cfg` condition name: `fuzzing`
  --> submodules/ahash/src/random_state.rs:53:58
   |
53 |     if #[cfg(all(feature = "compile-time-rng", any(test, fuzzing)))] {
   |                                                          ^^^^^^^
   |
   = help: expected names are: `docsrs`, `feature`, `folded_multiply`, `specialize`, and `test` and 31 more
   = help: consider using a Cargo feature instead
   = help: or consider adding in `Cargo.toml` the `check-cfg` lint config for the lint:
            [lints.rust]
            unexpected_cfgs = { level = "warn", check-cfg = ['cfg(fuzzing)'] }
   = help: or consider adding `println!("cargo::rustc-check-cfg=cfg(fuzzing)");` to the top of the `build.rs`
   = note: see <https://doc.rust-lang.org/nightly/rustc/check-cfg/cargo-specifics.html> for more information about checking conditional configuration

warning: unexpected `cfg` condition name: `fuzzing`
  --> submodules/ahash/src/random_state.rs:73:54
   |
73 |     } else if #[cfg(all(feature = "runtime-rng", not(fuzzing)))] {
   |                                                      ^^^^^^^
   |
   = help: consider using a Cargo feature instead
   = help: or consider adding in `Cargo.toml` the `check-cfg` lint config for the lint:
            [lints.rust]
            unexpected_cfgs = { level = "warn", check-cfg = ['cfg(fuzzing)'] }
   = help: or consider adding `println!("cargo::rustc-check-cfg=cfg(fuzzing)");` to the top of the `build.rs`
   = note: see <https://doc.rust-lang.org/nightly/rustc/check-cfg/cargo-specifics.html> for more information about checking conditional configuration

warning: methods `read_u128x2`, `read_u128x4`, `read_last_u16`, `read_last_u128x2`, and `read_last_u128x4` are never used
  --> submodules/ahash/src/convert.rs:67:8
   |
62 | pub(crate) trait ReadFromSlice {
   |                  ------------- methods in this trait
...
67 |     fn read_u128x2(&self) -> ([u128; 2], &[u8]);
   |        ^^^^^^^^^^^
68 |     fn read_u128x4(&self) -> ([u128; 4], &[u8]);
   |        ^^^^^^^^^^^
69 |     fn read_last_u16(&self) -> u16;
   |        ^^^^^^^^^^^^^
...
73 |     fn read_last_u128x2(&self) -> [u128; 2];
   |        ^^^^^^^^^^^^^^^^
74 |     fn read_last_u128x4(&self) -> [u128; 4];
   |        ^^^^^^^^^^^^^^^^
   |
   = note: `#[warn(dead_code)]` (part of `#[warn(unused)]`) on by default

warning: unexpected `cfg` condition name: `doctests`
  --> submodules/memoffset/src/lib.rs:59:7
   |
59 | #[cfg(doctests)]
   |       ^^^^^^^^ help: there is a config with a similar name: `doctest`
   |
   = help: consider using a Cargo feature instead
   = help: or consider adding in `Cargo.toml` the `check-cfg` lint config for the lint:
            [lints.rust]
            unexpected_cfgs = { level = "warn", check-cfg = ['cfg(doctests)'] }
   = help: or consider adding `println!("cargo::rustc-check-cfg=cfg(doctests)");` to the top of the `build.rs`
   = note: see <https://doc.rust-lang.org/nightly/rustc/check-cfg/cargo-specifics.html> for more information about checking conditional configuration
   = note: `#[warn(unexpected_cfgs)]` on by default

warning: unexpected `cfg` condition name: `doctests`
  --> submodules/memoffset/src/lib.rs:62:7
   |
62 | #[cfg(doctests)]
   |       ^^^^^^^^ help: there is a config with a similar name: `doctest`
   |
   = help: consider using a Cargo feature instead
   = help: or consider adding in `Cargo.toml` the `check-cfg` lint config for the lint:
            [lints.rust]
            unexpected_cfgs = { level = "warn", check-cfg = ['cfg(doctests)'] }
   = help: or consider adding `println!("cargo::rustc-check-cfg=cfg(doctests)");` to the top of the `build.rs`
   = note: see <https://doc.rust-lang.org/nightly/rustc/check-cfg/cargo-specifics.html> for more information about checking conditional configuration

warning: unexpected `cfg` condition name: `raw_ref_macros`
  --> submodules/memoffset/src/raw_field.rs:22:7
   |
22 | #[cfg(raw_ref_macros)]
   |       ^^^^^^^^^^^^^^
   |
   = help: expected names are: `docsrs`, `feature`, and `test` and 31 more
   = help: consider using a Cargo feature instead
   = help: or consider adding in `Cargo.toml` the `check-cfg` lint config for the lint:
            [lints.rust]
            unexpected_cfgs = { level = "warn", check-cfg = ['cfg(raw_ref_macros)'] }
   = help: or consider adding `println!("cargo::rustc-check-cfg=cfg(raw_ref_macros)");` to the top of the `build.rs`
   = note: see <https://doc.rust-lang.org/nightly/rustc/check-cfg/cargo-specifics.html> for more information about checking conditional configuration

warning: unexpected `cfg` condition name: `raw_ref_macros`
  --> submodules/memoffset/src/raw_field.rs:30:11
   |
30 | #[cfg(not(raw_ref_macros))]
   |           ^^^^^^^^^^^^^^
   |
   = help: consider using a Cargo feature instead
   = help: or consider adding in `Cargo.toml` the `check-cfg` lint config for the lint:
            [lints.rust]
            unexpected_cfgs = { level = "warn", check-cfg = ['cfg(raw_ref_macros)'] }
   = help: or consider adding `println!("cargo::rustc-check-cfg=cfg(raw_ref_macros)");` to the top of the `build.rs`
   = note: see <https://doc.rust-lang.org/nightly/rustc/check-cfg/cargo-specifics.html> for more information about checking conditional configuration

warning: unexpected `cfg` condition name: `allow_clippy`
  --> submodules/memoffset/src/raw_field.rs:57:7
   |
57 | #[cfg(allow_clippy)]
   |       ^^^^^^^^^^^^
   |
   = help: consider using a Cargo feature instead
   = help: or consider adding in `Cargo.toml` the `check-cfg` lint config for the lint:
            [lints.rust]
            unexpected_cfgs = { level = "warn", check-cfg = ['cfg(allow_clippy)'] }
   = help: or consider adding `println!("cargo::rustc-check-cfg=cfg(allow_clippy)");` to the top of the `build.rs`
   = note: see <https://doc.rust-lang.org/nightly/rustc/check-cfg/cargo-specifics.html> for more information about checking conditional configuration

warning: unexpected `cfg` condition name: `allow_clippy`
  --> submodules/memoffset/src/raw_field.rs:69:11
   |
69 | #[cfg(not(allow_clippy))]
   |           ^^^^^^^^^^^^
   |
   = help: consider using a Cargo feature instead
   = help: or consider adding in `Cargo.toml` the `check-cfg` lint config for the lint:
            [lints.rust]
            unexpected_cfgs = { level = "warn", check-cfg = ['cfg(allow_clippy)'] }
   = help: or consider adding `println!("cargo::rustc-check-cfg=cfg(allow_clippy)");` to the top of the `build.rs`
   = note: see <https://doc.rust-lang.org/nightly/rustc/check-cfg/cargo-specifics.html> for more information about checking conditional configuration

warning: unexpected `cfg` condition name: `allow_clippy`
  --> submodules/memoffset/src/raw_field.rs:90:7
   |
90 | #[cfg(allow_clippy)]
   |       ^^^^^^^^^^^^
   |
   = help: consider using a Cargo feature instead
   = help: or consider adding in `Cargo.toml` the `check-cfg` lint config for the lint:
            [lints.rust]
            unexpected_cfgs = { level = "warn", check-cfg = ['cfg(allow_clippy)'] }
   = help: or consider adding `println!("cargo::rustc-check-cfg=cfg(allow_clippy)");` to the top of the `build.rs`
   = note: see <https://doc.rust-lang.org/nightly/rustc/check-cfg/cargo-specifics.html> for more information about checking conditional configuration

warning: unexpected `cfg` condition name: `allow_clippy`
   --> submodules/memoffset/src/raw_field.rs:100:11
    |
100 | #[cfg(not(allow_clippy))]
    |           ^^^^^^^^^^^^
    |
    = help: consider using a Cargo feature instead
    = help: or consider adding in `Cargo.toml` the `check-cfg` lint config for the lint:
             [lints.rust]
             unexpected_cfgs = { level = "warn", check-cfg = ['cfg(allow_clippy)'] }
    = help: or consider adding `println!("cargo::rustc-check-cfg=cfg(allow_clippy)");` to the top of the `build.rs`
    = note: see <https://doc.rust-lang.org/nightly/rustc/check-cfg/cargo-specifics.html> for more information about checking conditional configuration

warning: unexpected `cfg` condition name: `allow_clippy`
   --> submodules/memoffset/src/raw_field.rs:125:7
    |
125 | #[cfg(allow_clippy)]
    |       ^^^^^^^^^^^^
    |
    = help: consider using a Cargo feature instead
    = help: or consider adding in `Cargo.toml` the `check-cfg` lint config for the lint:
             [lints.rust]
             unexpected_cfgs = { level = "warn", check-cfg = ['cfg(allow_clippy)'] }
    = help: or consider adding `println!("cargo::rustc-check-cfg=cfg(allow_clippy)");` to the top of the `build.rs`
    = note: see <https://doc.rust-lang.org/nightly/rustc/check-cfg/cargo-specifics.html> for more information about checking conditional configuration

warning: unexpected `cfg` condition name: `allow_clippy`
   --> submodules/memoffset/src/raw_field.rs:141:11
    |
141 | #[cfg(not(allow_clippy))]
    |           ^^^^^^^^^^^^
    |
    = help: consider using a Cargo feature instead
    = help: or consider adding in `Cargo.toml` the `check-cfg` lint config for the lint:
             [lints.rust]
             unexpected_cfgs = { level = "warn", check-cfg = ['cfg(allow_clippy)'] }
    = help: or consider adding `println!("cargo::rustc-check-cfg=cfg(allow_clippy)");` to the top of the `build.rs`
    = note: see <https://doc.rust-lang.org/nightly/rustc/check-cfg/cargo-specifics.html> for more information about checking conditional configuration

warning: unexpected `cfg` condition name: `tuple_ty`
   --> submodules/memoffset/src/raw_field.rs:183:7
    |
183 | #[cfg(tuple_ty)]
    |       ^^^^^^^^
    |
    = help: consider using a Cargo feature instead
    = help: or consider adding in `Cargo.toml` the `check-cfg` lint config for the lint:
             [lints.rust]
             unexpected_cfgs = { level = "warn", check-cfg = ['cfg(tuple_ty)'] }
    = help: or consider adding `println!("cargo::rustc-check-cfg=cfg(tuple_ty)");` to the top of the `build.rs`
    = note: see <https://doc.rust-lang.org/nightly/rustc/check-cfg/cargo-specifics.html> for more information about checking conditional configuration

warning: unexpected `cfg` condition name: `maybe_uninit`
  --> submodules/memoffset/src/offset_of.rs:23:7
   |
23 | #[cfg(maybe_uninit)]
   |       ^^^^^^^^^^^^
   |
   = help: consider using a Cargo feature instead
   = help: or consider adding in `Cargo.toml` the `check-cfg` lint config for the lint:
            [lints.rust]
            unexpected_cfgs = { level = "warn", check-cfg = ['cfg(maybe_uninit)'] }
   = help: or consider adding `println!("cargo::rustc-check-cfg=cfg(maybe_uninit)");` to the top of the `build.rs`
   = note: see <https://doc.rust-lang.org/nightly/rustc/check-cfg/cargo-specifics.html> for more information about checking conditional configuration

warning: unexpected `cfg` condition name: `maybe_uninit`
  --> submodules/memoffset/src/offset_of.rs:37:11
   |
37 | #[cfg(not(maybe_uninit))]
   |           ^^^^^^^^^^^^
   |
   = help: consider using a Cargo feature instead
   = help: or consider adding in `Cargo.toml` the `check-cfg` lint config for the lint:
            [lints.rust]
            unexpected_cfgs = { level = "warn", check-cfg = ['cfg(maybe_uninit)'] }
   = help: or consider adding `println!("cargo::rustc-check-cfg=cfg(maybe_uninit)");` to the top of the `build.rs`
   = note: see <https://doc.rust-lang.org/nightly/rustc/check-cfg/cargo-specifics.html> for more information about checking conditional configuration

warning: unexpected `cfg` condition name: `stable_const`
  --> submodules/memoffset/src/offset_of.rs:49:7
   |
49 | #[cfg(stable_const)]
   |       ^^^^^^^^^^^^
   |
   = help: consider using a Cargo feature instead
   = help: or consider adding in `Cargo.toml` the `check-cfg` lint config for the lint:
            [lints.rust]
            unexpected_cfgs = { level = "warn", check-cfg = ['cfg(stable_const)'] }
   = help: or consider adding `println!("cargo::rustc-check-cfg=cfg(stable_const)");` to the top of the `build.rs`
   = note: see <https://doc.rust-lang.org/nightly/rustc/check-cfg/cargo-specifics.html> for more information about checking conditional configuration

warning: unexpected `cfg` condition name: `stable_const`
  --> submodules/memoffset/src/offset_of.rs:61:11
   |
61 | #[cfg(not(stable_const))]
   |           ^^^^^^^^^^^^
   |
   = help: consider using a Cargo feature instead
   = help: or consider adding in `Cargo.toml` the `check-cfg` lint config for the lint:
            [lints.rust]
            unexpected_cfgs = { level = "warn", check-cfg = ['cfg(stable_const)'] }
   = help: or consider adding `println!("cargo::rustc-check-cfg=cfg(stable_const)");` to the top of the `build.rs`
   = note: see <https://doc.rust-lang.org/nightly/rustc/check-cfg/cargo-specifics.html> for more information about checking conditional configuration

warning: unexpected `cfg` condition name: `stable_offset_of`
  --> submodules/memoffset/src/offset_of.rs:70:11
   |
70 | #[cfg(not(stable_offset_of))]
   |           ^^^^^^^^^^^^^^^^
   |
   = help: consider using a Cargo feature instead
   = help: or consider adding in `Cargo.toml` the `check-cfg` lint config for the lint:
            [lints.rust]
            unexpected_cfgs = { level = "warn", check-cfg = ['cfg(stable_offset_of)'] }
   = help: or consider adding `println!("cargo::rustc-check-cfg=cfg(stable_offset_of)");` to the top of the `build.rs`
   = note: see <https://doc.rust-lang.org/nightly/rustc/check-cfg/cargo-specifics.html> for more information about checking conditional configuration

warning: unexpected `cfg` condition name: `stable_offset_of`
  --> submodules/memoffset/src/offset_of.rs:83:7
   |
83 | #[cfg(stable_offset_of)]
   |       ^^^^^^^^^^^^^^^^
   |
   = help: consider using a Cargo feature instead
   = help: or consider adding in `Cargo.toml` the `check-cfg` lint config for the lint:
            [lints.rust]
            unexpected_cfgs = { level = "warn", check-cfg = ['cfg(stable_offset_of)'] }
   = help: or consider adding `println!("cargo::rustc-check-cfg=cfg(stable_offset_of)");` to the top of the `build.rs`
   = note: see <https://doc.rust-lang.org/nightly/rustc/check-cfg/cargo-specifics.html> for more information about checking conditional configuration

warning: unexpected `cfg` condition name: `tuple_ty`
   --> submodules/memoffset/src/offset_of.rs:127:7
    |
127 | #[cfg(tuple_ty)]
    |       ^^^^^^^^
    |
    = help: consider using a Cargo feature instead
    = help: or consider adding in `Cargo.toml` the `check-cfg` lint config for the lint:
             [lints.rust]
             unexpected_cfgs = { level = "warn", check-cfg = ['cfg(tuple_ty)'] }
    = help: or consider adding `println!("cargo::rustc-check-cfg=cfg(tuple_ty)");` to the top of the `build.rs`
    = note: see <https://doc.rust-lang.org/nightly/rustc/check-cfg/cargo-specifics.html> for more information about checking conditional configuration

warning: unexpected `cfg` condition name: `stable_offset_of`
   --> submodules/memoffset/src/offset_of.rs:128:11
    |
128 | #[cfg(not(stable_offset_of))]
    |           ^^^^^^^^^^^^^^^^
    |
    = help: consider using a Cargo feature instead
    = help: or consider adding in `Cargo.toml` the `check-cfg` lint config for the lint:
             [lints.rust]
             unexpected_cfgs = { level = "warn", check-cfg = ['cfg(stable_offset_of)'] }
    = help: or consider adding `println!("cargo::rustc-check-cfg=cfg(stable_offset_of)");` to the top of the `build.rs`
    = note: see <https://doc.rust-lang.org/nightly/rustc/check-cfg/cargo-specifics.html> for more information about checking conditional configuration

warning: unexpected `cfg` condition name: `tuple_ty`
   --> submodules/memoffset/src/offset_of.rs:142:7
    |
142 | #[cfg(tuple_ty)]
    |       ^^^^^^^^
    |
    = help: consider using a Cargo feature instead
    = help: or consider adding in `Cargo.toml` the `check-cfg` lint config for the lint:
             [lints.rust]
             unexpected_cfgs = { level = "warn", check-cfg = ['cfg(tuple_ty)'] }
    = help: or consider adding `println!("cargo::rustc-check-cfg=cfg(tuple_ty)");` to the top of the `build.rs`
    = note: see <https://doc.rust-lang.org/nightly/rustc/check-cfg/cargo-specifics.html> for more information about checking conditional configuration

warning: unexpected `cfg` condition name: `stable_offset_of`
   --> submodules/memoffset/src/offset_of.rs:143:7
    |
143 | #[cfg(stable_offset_of)]
    |       ^^^^^^^^^^^^^^^^
    |
    = help: consider using a Cargo feature instead
    = help: or consider adding in `Cargo.toml` the `check-cfg` lint config for the lint:
             [lints.rust]
             unexpected_cfgs = { level = "warn", check-cfg = ['cfg(stable_offset_of)'] }
    = help: or consider adding `println!("cargo::rustc-check-cfg=cfg(stable_offset_of)");` to the top of the `build.rs`
    = note: see <https://doc.rust-lang.org/nightly/rustc/check-cfg/cargo-specifics.html> for more information about checking conditional configuration

warning: unexpected `cfg` condition name: `tuple_ty`
   --> submodules/memoffset/src/offset_of.rs:160:7
    |
160 | #[cfg(tuple_ty)]
    |       ^^^^^^^^
    |
    = help: consider using a Cargo feature instead
    = help: or consider adding in `Cargo.toml` the `check-cfg` lint config for the lint:
             [lints.rust]
             unexpected_cfgs = { level = "warn", check-cfg = ['cfg(tuple_ty)'] }
    = help: or consider adding `println!("cargo::rustc-check-cfg=cfg(tuple_ty)");` to the top of the `build.rs`
    = note: see <https://doc.rust-lang.org/nightly/rustc/check-cfg/cargo-specifics.html> for more information about checking conditional configuration

warning: unexpected `cfg` condition name: `stable_offset_of`
   --> submodules/memoffset/src/offset_of.rs:170:11
    |
170 | #[cfg(not(stable_offset_of))]
    |           ^^^^^^^^^^^^^^^^
    |
    = help: consider using a Cargo feature instead
    = help: or consider adding in `Cargo.toml` the `check-cfg` lint config for the lint:
             [lints.rust]
             unexpected_cfgs = { level = "warn", check-cfg = ['cfg(stable_offset_of)'] }
    = help: or consider adding `println!("cargo::rustc-check-cfg=cfg(stable_offset_of)");` to the top of the `build.rs`
    = note: see <https://doc.rust-lang.org/nightly/rustc/check-cfg/cargo-specifics.html> for more information about checking conditional configuration

warning: unexpected `cfg` condition name: `stable_offset_of`
   --> submodules/memoffset/src/offset_of.rs:184:7
    |
184 | #[cfg(stable_offset_of)]
    |       ^^^^^^^^^^^^^^^^
    |
    = help: consider using a Cargo feature instead
    = help: or consider adding in `Cargo.toml` the `check-cfg` lint config for the lint:
             [lints.rust]
             unexpected_cfgs = { level = "warn", check-cfg = ['cfg(stable_offset_of)'] }
    = help: or consider adding `println!("cargo::rustc-check-cfg=cfg(stable_offset_of)");` to the top of the `build.rs`
    = note: see <https://doc.rust-lang.org/nightly/rustc/check-cfg/cargo-specifics.html> for more information about checking conditional configuration

warning: `ast_parser_impl` (lib) generated 5 warnings (run `cargo fix --lib -p ast_parser_impl` to apply 5 suggestions)
warning: `generate_workspace_deps` (bin "generate_workspace_deps") generated 2 warnings (run `cargo fix --bin "generate_workspace_deps"` to apply 1 suggestion)
warning: `ahash` (lib) generated 4 warnings
warning: `memoffset` (lib) generated 24 warnings
warning: unused import: `std::collections::HashMap`
 --> tools/rust-src-scanner/src/inductive_declarations_collector.rs:4:5
  |
4 | use std::collections::HashMap;
  |     ^^^^^^^^^^^^^^^^^^^^^^^^^
  |
  = note: `#[warn(unused_imports)]` (part of `#[warn(unused)]`) on by default

warning: unused imports: `File`, `Item`, and `Lit`
  --> tools/rust-src-scanner/src/inductive_declarations_collector.rs:9:11
   |
 9 |     Expr, File, Item, ItemConst, ItemEnum, ItemFn, ItemMod, ItemStatic, ItemStruct, ItemTrait,
   |           ^^^^  ^^^^
10 |     ItemType, ItemUse, Lit, Type,
   |                        ^^^

warning: unused imports: `Pat`, `Stmt`, and `Type`
 --> tools/rust-src-scanner/src/monster_factor_collector.rs:5:37
  |
5 | use syn::{visit::Visit, Expr, Item, Pat, Stmt, Type};
  |                                     ^^^  ^^^^  ^^^^

warning: unused import: `dependency_analyzer::DependencyAnalyzer`
  --> tools/rust-src-scanner/src/main.rs:13:5
   |
13 | use dependency_analyzer::DependencyAnalyzer;
   |     ^^^^^^^^^^^^^^^^^^^^^^^^^^^^^^^^^^^^^^^

warning: unused imports: `ASTFactorCollector` and `MonsterFactorSolver`
  --> tools/rust-src-scanner/src/main.rs:16:32
   |
16 | use monster_factor_collector::{ASTFactorCollector, MonsterFactorSolver};
   |                                ^^^^^^^^^^^^^^^^^^  ^^^^^^^^^^^^^^^^^^^

warning: unused import: `Options`
  --> tools/rust-src-scanner/src/main.rs:17:15
   |
17 | use rocksdb::{Options, DB}; // Import rocksdb
   |               ^^^^^^^

warning: unused import: `term_collector::ComprehensiveTermCollector`
  --> tools/rust-src-scanner/src/main.rs:19:5
   |
19 | use term_collector::ComprehensiveTermCollector; // Add this import
   |     ^^^^^^^^^^^^^^^^^^^^^^^^^^^^^^^^^^^^^^^^^^

warning: unused variable: `type_slice`
  --> tools/rust-src-scanner/src/inductive_declarations_collector.rs:75:25
   |
75 |             Type::Slice(type_slice) => {
   |                         ^^^^^^^^^^ help: if this is intentional, prefix it with an underscore: `_type_slice`
   |
   = note: `#[warn(unused_variables)]` (part of `#[warn(unused)]`) on by default

warning: unused variable: `i`
   --> tools/rust-src-scanner/src/term_collector.rs:210:24
    |
210 |             Item::Impl(i) => ("impl".to_string(), "impl".to_string()),
    |                        ^ help: if this is intentional, prefix it with an underscore: `_i`

warning: unused variable: `rust_src_path`
  --> tools/rust-src-scanner/src/main.rs:58:32
   |
58 | fn collect_comprehensive_terms(rust_src_path: &str, output_dir: &str) -> Result<()> {
   |                                ^^^^^^^^^^^^^ help: if this is intentional, prefix it with an underscore: `_rust_src_path`

warning: unused variable: `output_dir`
  --> tools/rust-src-scanner/src/main.rs:58:53
   |
58 | fn collect_comprehensive_terms(rust_src_path: &str, output_dir: &str) -> Result<()> {
   |                                                     ^^^^^^^^^^ help: if this is intentional, prefix it with an underscore: `_output_dir`

warning: unused variable: `rust_src_path`
  --> tools/rust-src-scanner/src/main.rs:63:34
   |
63 | fn collect_monster_group_factors(rust_src_path: &str, output_dir: &str) -> Result<()> {
   |                                  ^^^^^^^^^^^^^ help: if this is intentional, prefix it with an underscore: `_rust_src_path`

warning: unused variable: `output_dir`
  --> tools/rust-src-scanner/src/main.rs:63:55
   |
63 | fn collect_monster_group_factors(rust_src_path: &str, output_dir: &str) -> Result<()> {
   |                                                       ^^^^^^^^^^ help: if this is intentional, prefix it with an underscore: `_output_dir`

warning: unused variable: `rust_src_path`
  --> tools/rust-src-scanner/src/main.rs:69:5
   |
69 |     rust_src_path: &str,
   |     ^^^^^^^^^^^^^ help: if this is intentional, prefix it with an underscore: `_rust_src_path`

warning: unused variable: `output_dir`
  --> tools/rust-src-scanner/src/main.rs:70:5
   |
70 |     output_dir: &str,
   |     ^^^^^^^^^^ help: if this is intentional, prefix it with an underscore: `_output_dir`

warning: unused variable: `cache_path`
  --> tools/rust-src-scanner/src/main.rs:71:5
   |
71 |     cache_path: Option<&String>,
   |     ^^^^^^^^^^ help: if this is intentional, prefix it with an underscore: `_cache_path`

warning: variable does not need to be mutable
  --> tools/rust-src-scanner/src/main.rs:83:9
   |
83 |     let mut scanner = FileScanner::new();
   |         ----^^^^^^^
   |         |
   |         help: remove this `mut`
   |
   = note: `#[warn(unused_mut)]` (part of `#[warn(unused)]`) on by default

warning: function `collect_comprehensive_terms` is never used
  --> tools/rust-src-scanner/src/main.rs:58:4
   |
58 | fn collect_comprehensive_terms(rust_src_path: &str, output_dir: &str) -> Result<()> {
   |    ^^^^^^^^^^^^^^^^^^^^^^^^^^^
   |
   = note: `#[warn(dead_code)]` (part of `#[warn(unused)]`) on by default

warning: function `collect_monster_group_factors` is never used
  --> tools/rust-src-scanner/src/main.rs:63:4
   |
63 | fn collect_monster_group_factors(rust_src_path: &str, output_dir: &str) -> Result<()> {
   |    ^^^^^^^^^^^^^^^^^^^^^^^^^^^^^

warning: function `run_standard_analysis` is never used
  --> tools/rust-src-scanner/src/main.rs:68:4
   |
68 | fn run_standard_analysis(
   |    ^^^^^^^^^^^^^^^^^^^^^

warning: struct `DependencyAnalyzer` is never constructed
 --> tools/rust-src-scanner/src/dependency_analyzer.rs:4:12
  |
4 | pub struct DependencyAnalyzer;
  |            ^^^^^^^^^^^^^^^^^^

warning: associated items `new`, `load_cache`, `analyze_directory`, `save_results`, and `save_cache` are never used
  --> tools/rust-src-scanner/src/dependency_analyzer.rs:7:12
   |
 6 | impl DependencyAnalyzer {
   | ----------------------- associated items in this implementation
 7 |     pub fn new() -> Self {
   |            ^^^
...
11 |     pub fn load_cache(&mut self, _cache_path: &str) -> Result<()> {
   |            ^^^^^^^^^^
...
15 |     pub fn analyze_directory(&mut self, _path: &Path) -> Result<()> {
   |            ^^^^^^^^^^^^^^^^^
...
19 |     pub fn save_results(&self, _output_dir: &Path) -> Result<()> {
   |            ^^^^^^^^^^^^
...
23 |     pub fn save_cache(&self, _cache_path: &str) -> Result<()> {
   |            ^^^^^^^^^^

warning: constant `MONSTER_PRIMES` is never used
 --> tools/rust-src-scanner/src/monster_factor_collector.rs:8:7
  |
8 | const MONSTER_PRIMES: [u64; 15] = [2, 3, 5, 7, 11, 13, 17, 19, 23, 29, 31, 41, 47, 59, 71];
  |       ^^^^^^^^^^^^^^

warning: struct `FileFactors` is never constructed
  --> tools/rust-src-scanner/src/monster_factor_collector.rs:11:12
   |
11 | pub struct FileFactors {
   |            ^^^^^^^^^^^

warning: struct `MonsterFactorMapping` is never constructed
  --> tools/rust-src-scanner/src/monster_factor_collector.rs:19:12
   |
19 | pub struct MonsterFactorMapping {
   |            ^^^^^^^^^^^^^^^^^^^^

warning: struct `ASTFactorCollector` is never constructed
  --> tools/rust-src-scanner/src/monster_factor_collector.rs:26:12
   |
26 | pub struct ASTFactorCollector {
   |            ^^^^^^^^^^^^^^^^^^

warning: associated items `new`, `collect_file_factors`, `calculate_factors`, `create_term_mapping`, and `count_to_exponent` are never used
  --> tools/rust-src-scanner/src/monster_factor_collector.rs:31:12
   |
30 | impl ASTFactorCollector {
   | ----------------------- associated items in this implementation
31 |     pub fn new() -> Self {
   |            ^^^
...
37 |     pub fn collect_file_factors(
   |            ^^^^^^^^^^^^^^^^^^^^
...
56 |     fn calculate_factors(&self) -> Vec<(u64, u32)> {
   |        ^^^^^^^^^^^^^^^^^
...
70 |     fn create_term_mapping(&self) -> HashMap<String, u64> {
   |        ^^^^^^^^^^^^^^^^^^^
...
93 |     fn count_to_exponent(&self, count: usize) -> u32 {
   |        ^^^^^^^^^^^^^^^^^

warning: struct `MonsterFactorSolver` is never constructed
   --> tools/rust-src-scanner/src/monster_factor_collector.rs:137:12
    |
137 | pub struct MonsterFactorSolver {
    |            ^^^^^^^^^^^^^^^^^^^

warning: associated items `new`, `add_file_factors`, `check_monster_constraint`, `generate_sat_problem`, and `print_summary` are never used
   --> tools/rust-src-scanner/src/monster_factor_collector.rs:142:12
    |
141 | impl MonsterFactorSolver {
    | ------------------------ associated items in this implementation
142 |     pub fn new() -> Self {
    |            ^^^
...
176 |     pub fn add_file_factors(&mut self, file_factors: FileFactors) {
    |            ^^^^^^^^^^^^^^^^
...
185 |     pub fn check_monster_constraint(&self) -> (bool, Vec<String>) {
    |            ^^^^^^^^^^^^^^^^^^^^^^^^
...
214 |     pub fn generate_sat_problem(&self) -> String {
    |            ^^^^^^^^^^^^^^^^^^^^
...
234 |     pub fn print_summary(&self) {
    |            ^^^^^^^^^^^^^

warning: constant `PAGE_SIZE` is never used
 --> tools/rust-src-scanner/src/term_collector.rs:7:7
  |
7 | const PAGE_SIZE: usize = 4096; // 4K pages
  |       ^^^^^^^^^

warning: constant `MONSTER_FACTORS` is never used
 --> tools/rust-src-scanner/src/term_collector.rs:8:7
  |
8 | const MONSTER_FACTORS: [(u64, u32); 15] = [
  |       ^^^^^^^^^^^^^^^

warning: struct `TermCounts` is never constructed
  --> tools/rust-src-scanner/src/term_collector.rs:27:12
   |
27 | pub struct TermCounts {
   |            ^^^^^^^^^^

warning: struct `DeclSummary` is never constructed
  --> tools/rust-src-scanner/src/term_collector.rs:36:12
   |
36 | pub struct DeclSummary {
   |            ^^^^^^^^^^^

warning: struct `FileSummary` is never constructed
  --> tools/rust-src-scanner/src/term_collector.rs:45:12
   |
45 | pub struct FileSummary {
   |            ^^^^^^^^^^^

warning: struct `SemanticChunk` is never constructed
  --> tools/rust-src-scanner/src/term_collector.rs:54:12
   |
54 | pub struct SemanticChunk {
   |            ^^^^^^^^^^^^^

warning: struct `DirectorySummary` is never constructed
  --> tools/rust-src-scanner/src/term_collector.rs:63:12
   |
63 | pub struct DirectorySummary {
   |            ^^^^^^^^^^^^^^^^

warning: struct `ComprehensiveTermCollector` is never constructed
  --> tools/rust-src-scanner/src/term_collector.rs:71:12
   |
71 | pub struct ComprehensiveTermCollector {
   |            ^^^^^^^^^^^^^^^^^^^^^^^^^^

warning: struct `MonsterFactorAllocator` is never constructed
  --> tools/rust-src-scanner/src/term_collector.rs:77:12
   |
77 | pub struct MonsterFactorAllocator {
   |            ^^^^^^^^^^^^^^^^^^^^^^

warning: associated items `new`, `allocate_factor`, `select_prime_for_semantic`, and `count_to_exponent` are never used
   --> tools/rust-src-scanner/src/term_collector.rs:83:12
    |
 82 | impl MonsterFactorAllocator {
    | --------------------------- associated items in this implementation
 83 |     pub fn new() -> Self {
    |            ^^^
...
 95 |     pub fn allocate_factor(&mut self, term_count: usize, semantic_type: &str) -> (u64, u32) {
    |            ^^^^^^^^^^^^^^^
...
112 |     fn select_prime_for_semantic(&self, semantic_type: &str) -> u64 {
    |        ^^^^^^^^^^^^^^^^^^^^^^^^^
...
132 |     fn count_to_exponent(&self, count: usize) -> u32 {
    |        ^^^^^^^^^^^^^^^^^

warning: multiple associated items are never used
   --> tools/rust-src-scanner/src/term_collector.rs:146:12
    |
145 | impl ComprehensiveTermCollector {
    | ------------------------------- associated items in this implementation
146 |     pub fn new() -> Self {
    |            ^^^
...
154 |     pub fn collect_file_terms(&mut self, file_path: &str, syntax_tree: &syn::File) -> FileSummary {
    |            ^^^^^^^^^^^^^^^^^^
...
179 |     fn collect_declaration_terms(&mut self, item: &Item) -> DeclSummary {
    |        ^^^^^^^^^^^^^^^^^^^^^^^^^
...
204 |     fn extract_decl_info(&self, item: &Item) -> (String, String) {
    |        ^^^^^^^^^^^^^^^^^
...
219 |     fn assign_file_factors(&mut self, file_terms: &TermCounts) -> Vec<(u64, u32)> {
    |        ^^^^^^^^^^^^^^^^^^^
...
225 |     fn create_semantic_chunks(&mut self, file_summary: &FileSummary) -> Vec<SemanticChunk> {
    |        ^^^^^^^^^^^^^^^^^^^^^^
...
257 |     fn finalize_chunk(&mut self, chunk_id: usize, size: usize, terms: TermCounts) -> SemanticChunk {
    |        ^^^^^^^^^^^^^^
...
272 |     fn derive_semantic_meaning(&self, terms: &TermCounts, prime: u64) -> String {
    |        ^^^^^^^^^^^^^^^^^^^^^^^
...
286 |     fn estimate_decl_size(&self, terms: &TermCounts) -> usize {
    |        ^^^^^^^^^^^^^^^^^^
...
291 |     fn generate_chunk_id(&self, decl_name: &str, factors: &[(u64, u32)]) -> String {
    |        ^^^^^^^^^^^^^^^^^

warning: function `assign_factors_for_declaration_terms` is never used
   --> tools/rust-src-scanner/src/term_collector.rs:298:4
    |
298 | fn assign_factors_for_declaration_terms(
    |    ^^^^^^^^^^^^^^^^^^^^^^^^^^^^^^^^^^^^

warning: associated items `new` and `merge` are never used
   --> tools/rust-src-scanner/src/term_collector.rs:326:12
    |
325 | impl TermCounts {
    | --------------- associated items in this implementation
326 |     pub fn new() -> Self {
    |            ^^^
...
336 |     pub fn merge(&mut self, other: &TermCounts) {
    |            ^^^^^

warning: constant `REPORT_FILE` is never used
  --> tools/feature-permutation-builder/src/main.rs:19:7
   |
19 | const REPORT_FILE: &str = "feature_permutation_report.json";
   |       ^^^^^^^^^^^
   |
   = note: `#[warn(dead_code)]` (part of `#[warn(unused)]`) on by default

warning: constant `CACHE_FILE` is never used
  --> tools/feature-permutation-builder/src/main.rs:20:7
   |
20 | const CACHE_FILE: &str = "feature_permutation_cache.json";
   |       ^^^^^^^^^^

warning: multiple fields are never read
  --> tools/feature-permutation-builder/src/main.rs:26:5
   |
25 | struct BuildResult {
   |        ----------- fields in this struct
26 |     feature_set: String,
   |     ^^^^^^^^^^^
27 |     status: String,
   |     ^^^^^^
28 |     build_time_ms: Option<u128>,
   |     ^^^^^^^^^^^^^
29 |     binary_size_bytes: Option<u64>,
   |     ^^^^^^^^^^^^^^^^^
30 |     error_message: Option<String>,
   |     ^^^^^^^^^^^^^
31 |     source_hash: String,
   |     ^^^^^^^^^^^
32 |     timestamp: u64,
   |     ^^^^^^^^^
   |
   = note: `BuildResult` has derived impls for the traits `Clone` and `Debug`, but these are intentionally ignored during dead code analysis

warning: function `load_build_cache` is never used
   --> tools/feature-permutation-builder/src/main.rs:223:4
    |
223 | fn load_build_cache() -> Result<BuildCache, Box<dyn std::error::Error>> {
    |    ^^^^^^^^^^^^^^^^

warning: function `save_build_cache` is never used
   --> tools/feature-permutation-builder/src/main.rs:235:4
    |
235 | fn save_build_cache(_cache: &BuildCache) -> Result<(), Box<dyn std::error::Error>> {
    |    ^^^^^^^^^^^^^^^^

warning: function `generate_report` is never used
   --> tools/feature-permutation-builder/src/main.rs:248:4
    |
248 | fn generate_report(_results: &[BuildResult]) -> Result<(), Box<dyn std::error::Error>> {
    |    ^^^^^^^^^^^^^^^

warning: unused import: `HashSet`
 --> tools/graph-petal-generator/src/main.rs:1:33
  |
1 | use std::collections::{HashMap, HashSet, VecDeque};
  |                                 ^^^^^^^
  |
  = note: `#[warn(unused_imports)]` (part of `#[warn(unused)]`) on by default

warning: unused import: `petgraph::algo::toposort`
 --> tools/graph-petal-generator/src/main.rs:6:5
  |
6 | use petgraph::algo::toposort;
  |     ^^^^^^^^^^^^^^^^^^^^^^^^

warning: `rust-src-scanner` (bin "rust-src-scanner") generated 42 warnings (run `cargo fix --bin "rust-src-scanner"` to apply 8 suggestions)
warning: `feature-permutation-builder` (bin "feature-permutation-builder") generated 6 warnings
warning: `graph-petal-generator` (bin "graph-petal-generator") generated 2 warnings (run `cargo fix --bin "graph-petal-generator"` to apply 2 suggestions)
warning: unused import: `Path`
 --> tools/cargo-repo-sync/src/commands/find_non_vendored.rs:4:17
  |
4 | use std::path::{Path, PathBuf};
  |                 ^^^^
  |
  = note: `#[warn(unused_imports)]` (part of `#[warn(unused)]`) on by default

warning: unused import: `anyhow`
 --> tools/cargo-submodule-tool-lib/src/analysis/dep_graph_processor.rs:1:14
  |
1 | use anyhow::{anyhow, Result};
  |              ^^^^^^
  |
  = note: `#[warn(unused_imports)]` (part of `#[warn(unused)]`) on by default

warning: unused import: `Context`
 --> tools/cargo-submodule-tool-lib/src/analysis/non_vendored_module_finder.rs:2:14
  |
2 | use anyhow::{Context, Result};
  |              ^^^^^^^

warning: unused import: `Context`
 --> tools/cargo-submodule-tool-lib/src/analysis/cargo_toml_parser.rs:1:14
  |
1 | use anyhow::{Context, Result};
  |              ^^^^^^^

warning: unused imports: `Context` and `Result`
 --> tools/cargo-submodule-tool-lib/src/analysis/cargo_toml_processor.rs:2:14
  |
2 | use anyhow::{Context, Result};
  |              ^^^^^^^  ^^^^^^

warning: unused import: `PathBuf`
 --> tools/cargo-submodule-tool-lib/src/analysis/cargo_toml_processor.rs:5:23
  |
5 | use std::path::{Path, PathBuf};
  |                       ^^^^^^^

warning: unused import: `anyhow::Result`
 --> tools/cargo-submodule-tool-lib/src/analysis/walkdir_iterator.rs:2:5
  |
2 | use anyhow::Result;
  |     ^^^^^^^^^^^^^^

warning: unexpected `cfg` condition value: `cargo-toml-editor-lib`
  --> tools/cargo-submodule-tool-lib/src/analysis/workspace_remover.rs:12:7
   |
12 | #[cfg(feature = "cargo-toml-editor-lib")]
   |       ^^^^^^^^^^^^^^^^^^^^^^^^^^^^^^^^^
   |
   = note: expected values for `feature` are: `anyhow_enabled`, `cargo2nix`, `cargo_metadata_enabled`, `cargo_repo_sync_lib_enabled`, `cargo_toml_editor_lib_enabled`, `clap_enabled`, `cli`, `default`, `dummy_tools`, `git2_enabled`, `git_enabled`, `git_wrapper_lib_enabled`, `hex_enabled`, `lazy_static_enabled`, `lru_enabled`, `md5_enabled`, `nix_generation`, `pathdiff_enabled`, `real_regex_adapter_lib_enabled`, `regex_enabled`, `serde_enabled`, `serde_json_enabled`, `sha1_enabled`, `sha2_enabled`, `syn_enabled`, `toml_edit_enabled`, `toml_enabled`, `tool_traits_lib_enabled`, `url_enabled`, and `walkdir_enabled`
   = help: consider adding `cargo-toml-editor-lib` as a feature in `Cargo.toml`
   = note: see <https://doc.rust-lang.org/nightly/rustc/check-cfg/cargo-specifics.html> for more information about checking conditional configuration
   = note: `#[warn(unexpected_cfgs)]` on by default

warning: unexpected `cfg` condition value: `cargo-toml-editor-lib`
  --> tools/cargo-submodule-tool-lib/src/analysis/workspace_remover.rs:15:7
   |
15 | #[cfg(feature = "cargo-toml-editor-lib")]
   |       ^^^^^^^^^^^^^^^^^^^^^^^^^^^^^^^^^
   |
   = note: expected values for `feature` are: `anyhow_enabled`, `cargo2nix`, `cargo_metadata_enabled`, `cargo_repo_sync_lib_enabled`, `cargo_toml_editor_lib_enabled`, `clap_enabled`, `cli`, `default`, `dummy_tools`, `git2_enabled`, `git_enabled`, `git_wrapper_lib_enabled`, `hex_enabled`, `lazy_static_enabled`, `lru_enabled`, `md5_enabled`, `nix_generation`, `pathdiff_enabled`, `real_regex_adapter_lib_enabled`, `regex_enabled`, `serde_enabled`, `serde_json_enabled`, `sha1_enabled`, `sha2_enabled`, `syn_enabled`, `toml_edit_enabled`, `toml_enabled`, `tool_traits_lib_enabled`, `url_enabled`, and `walkdir_enabled`
   = help: consider adding `cargo-toml-editor-lib` as a feature in `Cargo.toml`
   = note: see <https://doc.rust-lang.org/nightly/rustc/check-cfg/cargo-specifics.html> for more information about checking conditional configuration

warning: unexpected `cfg` condition value: `cargo-toml-editor-lib`
  --> tools/cargo-submodule-tool-lib/src/analysis/workspace_remover.rs:30:11
   |
30 | #[cfg(not(feature = "cargo-toml-editor-lib"))]
   |           ^^^^^^^^^^^^^^^^^^^^^^^^^^^^^^^^^
   |
   = note: expected values for `feature` are: `anyhow_enabled`, `cargo2nix`, `cargo_metadata_enabled`, `cargo_repo_sync_lib_enabled`, `cargo_toml_editor_lib_enabled`, `clap_enabled`, `cli`, `default`, `dummy_tools`, `git2_enabled`, `git_enabled`, `git_wrapper_lib_enabled`, `hex_enabled`, `lazy_static_enabled`, `lru_enabled`, `md5_enabled`, `nix_generation`, `pathdiff_enabled`, `real_regex_adapter_lib_enabled`, `regex_enabled`, `serde_enabled`, `serde_json_enabled`, `sha1_enabled`, `sha2_enabled`, `syn_enabled`, `toml_edit_enabled`, `toml_enabled`, `tool_traits_lib_enabled`, `url_enabled`, and `walkdir_enabled`
   = help: consider adding `cargo-toml-editor-lib` as a feature in `Cargo.toml`
   = note: see <https://doc.rust-lang.org/nightly/rustc/check-cfg/cargo-specifics.html> for more information about checking conditional configuration

warning: unexpected `cfg` condition value: `cargo-toml-editor-lib`
  --> tools/cargo-submodule-tool-lib/src/analysis/workspace_remover.rs:33:11
   |
33 | #[cfg(not(feature = "cargo-toml-editor-lib"))]
   |           ^^^^^^^^^^^^^^^^^^^^^^^^^^^^^^^^^
   |
   = note: expected values for `feature` are: `anyhow_enabled`, `cargo2nix`, `cargo_metadata_enabled`, `cargo_repo_sync_lib_enabled`, `cargo_toml_editor_lib_enabled`, `clap_enabled`, `cli`, `default`, `dummy_tools`, `git2_enabled`, `git_enabled`, `git_wrapper_lib_enabled`, `hex_enabled`, `lazy_static_enabled`, `lru_enabled`, `md5_enabled`, `nix_generation`, `pathdiff_enabled`, `real_regex_adapter_lib_enabled`, `regex_enabled`, `serde_enabled`, `serde_json_enabled`, `sha1_enabled`, `sha2_enabled`, `syn_enabled`, `toml_edit_enabled`, `toml_enabled`, `tool_traits_lib_enabled`, `url_enabled`, and `walkdir_enabled`
   = help: consider adding `cargo-toml-editor-lib` as a feature in `Cargo.toml`
   = note: see <https://doc.rust-lang.org/nightly/rustc/check-cfg/cargo-specifics.html> for more information about checking conditional configuration

warning: unused imports: `Result` and `anyhow`
 --> tools/cargo-submodule-tool-lib/src/cli/args.rs:1:14
  |
1 | use anyhow::{anyhow, Result};
  |              ^^^^^^  ^^^^^^

warning: unused import: `std::path::PathBuf`
 --> tools/cargo-submodule-tool-lib/src/cli/args.rs:6:5
  |
6 | use std::path::PathBuf;
  |     ^^^^^^^^^^^^^^^^^^

warning: unused import: `Context`
 --> tools/cargo-submodule-tool-lib/src/cli/commands/add_submodules.rs:2:14
  |
2 | use anyhow::{Context, Result};
  |              ^^^^^^^

warning: unused import: `std::fs`
 --> tools/cargo-submodule-tool-lib/src/cli/commands/add_submodules.rs:3:5
  |
3 | use std::fs;
  |     ^^^^^^^

warning: unused import: `Path`
 --> tools/cargo-submodule-tool-lib/src/cli/commands/add_submodules.rs:4:17
  |
4 | use std::path::{Path, PathBuf};
  |                 ^^^^

warning: unused import: `crate::repo_sync_lib::repo_sync_config::RepoSyncConfig`
  --> tools/cargo-submodule-tool-lib/src/cli/commands/add_submodules.rs:16:5
   |
16 | use crate::repo_sync_lib::repo_sync_config::RepoSyncConfig;
   |     ^^^^^^^^^^^^^^^^^^^^^^^^^^^^^^^^^^^^^^^^^^^^^^^^^^^^^^

warning: unexpected `cfg` condition value: `cargo-toml-editor-lib`
 --> tools/cargo-submodule-tool-lib/src/cli/commands/analyze.rs:3:7
  |
3 | #[cfg(feature = "cargo-toml-editor-lib")]
  |       ^^^^^^^^^^^^^^^^^^^^^^^^^^^^^^^^^
  |
  = note: expected values for `feature` are: `anyhow_enabled`, `cargo2nix`, `cargo_metadata_enabled`, `cargo_repo_sync_lib_enabled`, `cargo_toml_editor_lib_enabled`, `clap_enabled`, `cli`, `default`, `dummy_tools`, `git2_enabled`, `git_enabled`, `git_wrapper_lib_enabled`, `hex_enabled`, `lazy_static_enabled`, `lru_enabled`, `md5_enabled`, `nix_generation`, `pathdiff_enabled`, `real_regex_adapter_lib_enabled`, `regex_enabled`, `serde_enabled`, `serde_json_enabled`, `sha1_enabled`, `sha2_enabled`, `syn_enabled`, `toml_edit_enabled`, `toml_enabled`, `tool_traits_lib_enabled`, `url_enabled`, and `walkdir_enabled`
  = help: consider adding `cargo-toml-editor-lib` as a feature in `Cargo.toml`
  = note: see <https://doc.rust-lang.org/nightly/rustc/check-cfg/cargo-specifics.html> for more information about checking conditional configuration

warning: unused imports: `CargoMetadataProvider` and `RealCargoMetadataProvider`
 --> tools/cargo-submodule-tool-lib/src/cli/commands/analyze.rs:8:5
  |
8 |     CargoMetadataProvider, RealCargoMetadataProvider,
  |     ^^^^^^^^^^^^^^^^^^^^^  ^^^^^^^^^^^^^^^^^^^^^^^^^

warning: unused imports: `DepGraphDataMerger` and `RealDepGraphDataMerger`
  --> tools/cargo-submodule-tool-lib/src/cli/commands/analyze.rs:10:46
   |
10 | use crate::analysis::dep_graph_data_merger::{DepGraphDataMerger, RealDepGraphDataMerger};
   |                                              ^^^^^^^^^^^^^^^^^^  ^^^^^^^^^^^^^^^^^^^^^^

warning: unused import: `crate::analysis::dep_graph_processor::RealDepGraphProcessor`
  --> tools/cargo-submodule-tool-lib/src/cli/commands/analyze.rs:11:5
   |
11 | use crate::analysis::dep_graph_processor::RealDepGraphProcessor;
   |     ^^^^^^^^^^^^^^^^^^^^^^^^^^^^^^^^^^^^^^^^^^^^^^^^^^^^^^^^^^^

warning: unused imports: `Layer0Analyzer` and `RealLayer0Analyzer`
  --> tools/cargo-submodule-tool-lib/src/cli/commands/analyze.rs:12:40
   |
12 | use crate::analysis::layer0_analyzer::{Layer0Analyzer, RealLayer0Analyzer};
   |                                        ^^^^^^^^^^^^^^  ^^^^^^^^^^^^^^^^^^

warning: unused imports: `NonVendoredModuleFinder` and `RealNonVendoredModuleFinder`
  --> tools/cargo-submodule-tool-lib/src/cli/commands/analyze.rs:20:5
   |
20 |     NonVendoredModuleFinder, RealNonVendoredModuleFinder,
   |     ^^^^^^^^^^^^^^^^^^^^^^^  ^^^^^^^^^^^^^^^^^^^^^^^^^^^

warning: unused import: `tool_traits_lib::dep_graph_processor::DepGraphProcessor`
  --> tools/cargo-submodule-tool-lib/src/cli/commands/analyze.rs:22:5
   |
22 | use tool_traits_lib::dep_graph_processor::DepGraphProcessor;
   |     ^^^^^^^^^^^^^^^^^^^^^^^^^^^^^^^^^^^^^^^^^^^^^^^^^^^^^^^

warning: unused import: `tool_traits_lib::types::MergedCrateInfo`
  --> tools/cargo-submodule-tool-lib/src/cli/commands/analyze.rs:23:5
   |
23 | use tool_traits_lib::types::MergedCrateInfo;
   |     ^^^^^^^^^^^^^^^^^^^^^^^^^^^^^^^^^^^^^^^

warning: unused imports: `FileSystemStat` and `RealFileSystemStat`
  --> tools/cargo-submodule-tool-lib/src/cli/commands/analyze.rs:29:23
   |
29 | use crate::fs_cache::{FileSystemStat, RealFileSystemStat};
   |                       ^^^^^^^^^^^^^^  ^^^^^^^^^^^^^^^^^^

warning: unused imports: `CachedFileSystemWriter`, `FileSystemWriter`, and `RealFileSystemWriter`
  --> tools/cargo-submodule-tool-lib/src/cli/commands/analyze.rs:30:24
   |
30 | use crate::fs_writer::{CachedFileSystemWriter, FileSystemWriter, RealFileSystemWriter};
   |                        ^^^^^^^^^^^^^^^^^^^^^^  ^^^^^^^^^^^^^^^^  ^^^^^^^^^^^^^^^^^^^^

warning: unused imports: `Context` and `anyhow`
  --> tools/cargo-submodule-tool-lib/src/cli/commands/analyze.rs:31:14
   |
31 | use anyhow::{anyhow, Context, Result};
   |              ^^^^^^  ^^^^^^^

warning: unused import: `git_wrapper_lib::dummy_git_executor::DummyGitExecutor`
  --> tools/cargo-submodule-tool-lib/src/cli/commands/analyze.rs:35:5
   |
35 | use git_wrapper_lib::dummy_git_executor::DummyGitExecutor; // Use our dummy struct directly
   |     ^^^^^^^^^^^^^^^^^^^^^^^^^^^^^^^^^^^^^^^^^^^^^^^^^^^^^

warning: unused import: `git_wrapper_lib::dummy_rollup_lock::DummyRollupLock as RollupLock`
  --> tools/cargo-submodule-tool-lib/src/cli/commands/analyze.rs:37:5
   |
37 | use git_wrapper_lib::dummy_rollup_lock::DummyRollupLock as RollupLock;
   |     ^^^^^^^^^^^^^^^^^^^^^^^^^^^^^^^^^^^^^^^^^^^^^^^^^^^^^^^^^^^^^^^^^

warning: unused import: `git_wrapper_lib::execv::DummyExecv as RealExecv`
  --> tools/cargo-submodule-tool-lib/src/cli/commands/analyze.rs:39:5
   |
39 | use git_wrapper_lib::execv::DummyExecv as RealExecv; // Use dummy for RealExecv when git is not enabled
   |     ^^^^^^^^^^^^^^^^^^^^^^^^^^^^^^^^^^^^^^^^^^^^^^^

warning: unused import: `git_wrapper_lib::git_traits::GitExecutor`
  --> tools/cargo-submodule-tool-lib/src/cli/commands/analyze.rs:40:5
   |
40 | use git_wrapper_lib::git_traits::GitExecutor; // Use our re-exported GitExecutor
   |     ^^^^^^^^^^^^^^^^^^^^^^^^^^^^^^^^^^^^^^^^

warning: unused import: `std::fs`
  --> tools/cargo-submodule-tool-lib/src/cli/commands/analyze.rs:53:5
   |
53 | use std::fs;
   |     ^^^^^^^

warning: unused imports: `PathBuf` and `Path`
  --> tools/cargo-submodule-tool-lib/src/cli/commands/analyze.rs:54:17
   |
54 | use std::path::{Path, PathBuf};
   |                 ^^^^  ^^^^^^^

warning: unused imports: `Arc` and `Mutex`
  --> tools/cargo-submodule-tool-lib/src/cli/commands/analyze.rs:55:17
   |
55 | use std::sync::{Arc, Mutex}; // Use dummy for RollupLock when git is not enabled
   |                 ^^^  ^^^^^

warning: unused import: `crate::analysis::cargo_metadata_provider::DummyCargoMetadataProvider`
 --> tools/cargo-submodule-tool-lib/src/cli/commands/collect_repo_state.rs:6:5
  |
6 | use crate::analysis::cargo_metadata_provider::DummyCargoMetadataProvider;
  |     ^^^^^^^^^^^^^^^^^^^^^^^^^^^^^^^^^^^^^^^^^^^^^^^^^^^^^^^^^^^^^^^^^^^^

warning: unused imports: `RealRepoStateCollector` and `RepoStateCollector`
  --> tools/cargo-submodule-tool-lib/src/cli/commands/collect_repo_state.rs:19:45
   |
19 | use git_wrapper_lib::repo_state_collector::{RealRepoStateCollector, RepoStateCollector}; // Use our re-exported ...
   |                                             ^^^^^^^^^^^^^^^^^^^^^^  ^^^^^^^^^^^^^^^^^^

warning: unused imports: `CargoMetadataProvider` and `RealCargoMetadataProvider`
  --> tools/cargo-submodule-tool-lib/src/cli/commands/collect_repo_state.rs:24:48
   |
24 | use tool_traits_lib::cargo_metadata_provider::{CargoMetadataProvider, RealCargoMetadataProvider}; // Still in ca...
   |                                                ^^^^^^^^^^^^^^^^^^^^^  ^^^^^^^^^^^^^^^^^^^^^^^^^

warning: unexpected `cfg` condition value: `cargo-toml-editor-lib`
  --> tools/cargo-submodule-tool-lib/src/cli/commands/generate_patches.rs:34:7
   |
34 | #[cfg(feature = "cargo-toml-editor-lib")]
   |       ^^^^^^^^^^^^^^^^^^^^^^^^^^^^^^^^^
   |
   = note: expected values for `feature` are: `anyhow_enabled`, `cargo2nix`, `cargo_metadata_enabled`, `cargo_repo_sync_lib_enabled`, `cargo_toml_editor_lib_enabled`, `clap_enabled`, `cli`, `default`, `dummy_tools`, `git2_enabled`, `git_enabled`, `git_wrapper_lib_enabled`, `hex_enabled`, `lazy_static_enabled`, `lru_enabled`, `md5_enabled`, `nix_generation`, `pathdiff_enabled`, `real_regex_adapter_lib_enabled`, `regex_enabled`, `serde_enabled`, `serde_json_enabled`, `sha1_enabled`, `sha2_enabled`, `syn_enabled`, `toml_edit_enabled`, `toml_enabled`, `tool_traits_lib_enabled`, `url_enabled`, and `walkdir_enabled`
   = help: consider adding `cargo-toml-editor-lib` as a feature in `Cargo.toml`
   = note: see <https://doc.rust-lang.org/nightly/rustc/check-cfg/cargo-specifics.html> for more information about checking conditional configuration

warning: unused imports: `MetadataCommand`, `PackageId`, and `Package`
 --> tools/cargo-submodule-tool-lib/src/cli/commands/generate_patches.rs:1:22
  |
1 | use cargo_metadata::{MetadataCommand, Package, PackageId};
  |                      ^^^^^^^^^^^^^^^  ^^^^^^^  ^^^^^^^^^

warning: unused imports: `FileSystemStat` and `RealFileSystemStat`
 --> tools/cargo-submodule-tool-lib/src/cli/commands/generate_patches.rs:6:23
  |
6 | use crate::fs_cache::{FileSystemStat, RealFileSystemStat};
  |                       ^^^^^^^^^^^^^^  ^^^^^^^^^^^^^^^^^^

warning: unused import: `crate::repo_sync_lib::repo_sync_config::RepoSyncConfig`
 --> tools/cargo-submodule-tool-lib/src/cli/commands/generate_patches.rs:7:5
  |
7 | use crate::repo_sync_lib::repo_sync_config::RepoSyncConfig;
  |     ^^^^^^^^^^^^^^^^^^^^^^^^^^^^^^^^^^^^^^^^^^^^^^^^^^^^^^

warning: unused import: `crate::repo_sync_lib::run_submodule_status::run_submodule_status`
 --> tools/cargo-submodule-tool-lib/src/cli/commands/generate_patches.rs:8:5
  |
8 | use crate::repo_sync_lib::run_submodule_status::run_submodule_status;
  |     ^^^^^^^^^^^^^^^^^^^^^^^^^^^^^^^^^^^^^^^^^^^^^^^^^^^^^^^^^^^^^^^^

warning: unused import: `Context`
 --> tools/cargo-submodule-tool-lib/src/cli/commands/generate_patches.rs:9:14
  |
9 | use anyhow::{Context, Result};
  |              ^^^^^^^

warning: unused import: `git_wrapper_lib::dummy_rollup_lock::DummyRollupLock as RollupLock`
  --> tools/cargo-submodule-tool-lib/src/cli/commands/generate_patches.rs:15:5
   |
15 | use git_wrapper_lib::dummy_rollup_lock::DummyRollupLock as RollupLock; // Use dummy for RollupLock when git is n...
   |     ^^^^^^^^^^^^^^^^^^^^^^^^^^^^^^^^^^^^^^^^^^^^^^^^^^^^^^^^^^^^^^^^^

warning: unused imports: `Arc` and `Mutex`
  --> tools/cargo-submodule-tool-lib/src/cli/commands/generate_patches.rs:22:17
   |
22 | use std::sync::{Arc, Mutex};
   |                 ^^^  ^^^^^

warning: unused import: `crate::analysis::cargo_metadata_provider::DummyCargoMetadataProvider`
  --> tools/cargo-submodule-tool-lib/src/cli/commands/generate_patches.rs:30:5
   |
30 | use crate::analysis::cargo_metadata_provider::DummyCargoMetadataProvider;
   |     ^^^^^^^^^^^^^^^^^^^^^^^^^^^^^^^^^^^^^^^^^^^^^^^^^^^^^^^^^^^^^^^^^^^^

warning: unused imports: `CargoMetadataProvider` and `RealCargoMetadataProvider`
  --> tools/cargo-submodule-tool-lib/src/cli/commands/generate_patches.rs:32:5
   |
32 |     CargoMetadataProvider, RealCargoMetadataProvider,
   |     ^^^^^^^^^^^^^^^^^^^^^  ^^^^^^^^^^^^^^^^^^^^^^^^^

warning: unused import: `git_wrapper_lib::dummy_git_executor::DummyGitExecutor`
  --> tools/cargo-submodule-tool-lib/src/cli/commands/generate_patches.rs:37:5
   |
37 | use git_wrapper_lib::dummy_git_executor::DummyGitExecutor; // Use our dummy GitExecutor
   |     ^^^^^^^^^^^^^^^^^^^^^^^^^^^^^^^^^^^^^^^^^^^^^^^^^^^^^

warning: unused import: `git_wrapper_lib::execv::DummyExecv as RealExecv`
  --> tools/cargo-submodule-tool-lib/src/cli/commands/generate_patches.rs:39:5
   |
39 | use git_wrapper_lib::execv::DummyExecv as RealExecv; // Use dummy for RealExecv when git is not enabled
   |     ^^^^^^^^^^^^^^^^^^^^^^^^^^^^^^^^^^^^^^^^^^^^^^^

warning: unused import: `git_wrapper_lib::git_traits::GitExecutor`
  --> tools/cargo-submodule-tool-lib/src/cli/commands/generate_patches.rs:42:5
   |
42 | use git_wrapper_lib::git_traits::GitExecutor; // Use our re-exported GitExecutor
   |     ^^^^^^^^^^^^^^^^^^^^^^^^^^^^^^^^^^^^^^^^

warning: unused import: `Path`
 --> tools/cargo-submodule-tool-lib/src/cli/commands/submodule_status.rs:2:17
  |
2 | use std::path::{Path, PathBuf};
  |                 ^^^^

warning: unused import: `crate::fs_cache::RealFileSystemStat`
 --> tools/cargo-submodule-tool-lib/src/cli/commands/submodule_status.rs:6:5
  |
6 | use crate::fs_cache::RealFileSystemStat;
  |     ^^^^^^^^^^^^^^^^^^^^^^^^^^^^^^^^^^^

warning: unexpected `cfg` condition value: `system_git`
 --> tools/cargo-submodule-tool-lib/src/cli/commands/update_cargo_toml.rs:4:7
  |
4 | #[cfg(feature = "system_git")]
  |       ^^^^^^^^^^^^^^^^^^^^^^
  |
  = note: expected values for `feature` are: `anyhow_enabled`, `cargo2nix`, `cargo_metadata_enabled`, `cargo_repo_sync_lib_enabled`, `cargo_toml_editor_lib_enabled`, `clap_enabled`, `cli`, `default`, `dummy_tools`, `git2_enabled`, `git_enabled`, `git_wrapper_lib_enabled`, `hex_enabled`, `lazy_static_enabled`, `lru_enabled`, `md5_enabled`, `nix_generation`, `pathdiff_enabled`, `real_regex_adapter_lib_enabled`, `regex_enabled`, `serde_enabled`, `serde_json_enabled`, `sha1_enabled`, `sha2_enabled`, `syn_enabled`, `toml_edit_enabled`, `toml_enabled`, `tool_traits_lib_enabled`, `url_enabled`, and `walkdir_enabled`
  = help: consider adding `system_git` as a feature in `Cargo.toml`
  = note: see <https://doc.rust-lang.org/nightly/rustc/check-cfg/cargo-specifics.html> for more information about checking conditional configuration

warning: unused imports: `Context` and `Result`
 --> tools/cargo-submodule-tool-lib/src/cli/commands/update_cargo_toml.rs:1:14
  |
1 | use anyhow::{Context, Result};
  |              ^^^^^^^  ^^^^^^

warning: unused import: `std::fs`
 --> tools/cargo-submodule-tool-lib/src/cli/commands/update_cargo_toml.rs:6:5
  |
6 | use std::fs;
  |     ^^^^^^^

warning: unused imports: `PathBuf` and `Path`
 --> tools/cargo-submodule-tool-lib/src/cli/commands/update_cargo_toml.rs:7:17
  |
7 | use std::path::{Path, PathBuf};
  |                 ^^^^  ^^^^^^^

warning: unused imports: `Arc` and `Mutex`
 --> tools/cargo-submodule-tool-lib/src/cli/commands/update_cargo_toml.rs:8:17
  |
8 | use std::sync::{Arc, Mutex};
  |                 ^^^  ^^^^^

warning: unused imports: `FileSystemStat` and `RealFileSystemStat`
  --> tools/cargo-submodule-tool-lib/src/cli/commands/update_cargo_toml.rs:12:23
   |
12 | use crate::fs_cache::{FileSystemStat, RealFileSystemStat};
   |                       ^^^^^^^^^^^^^^  ^^^^^^^^^^^^^^^^^^

warning: unused imports: `CachedFileSystemWriter`, `FileSystemWriter`, and `RealFileSystemWriter`
  --> tools/cargo-submodule-tool-lib/src/cli/commands/update_cargo_toml.rs:13:24
   |
13 | use crate::fs_writer::{CachedFileSystemWriter, FileSystemWriter, RealFileSystemWriter};
   |                        ^^^^^^^^^^^^^^^^^^^^^^  ^^^^^^^^^^^^^^^^  ^^^^^^^^^^^^^^^^^^^^

warning: unused import: `crate::repo_sync_lib::repo_sync_config::RepoSyncConfig`
  --> tools/cargo-submodule-tool-lib/src/cli/commands/update_cargo_toml.rs:14:5
   |
14 | use crate::repo_sync_lib::repo_sync_config::RepoSyncConfig;
   |     ^^^^^^^^^^^^^^^^^^^^^^^^^^^^^^^^^^^^^^^^^^^^^^^^^^^^^^

warning: unused import: `crate::repo_sync_lib::run_submodule_status::run_submodule_status`
  --> tools/cargo-submodule-tool-lib/src/cli/commands/update_cargo_toml.rs:15:5
   |
15 | use crate::repo_sync_lib::run_submodule_status::run_submodule_status;
   |     ^^^^^^^^^^^^^^^^^^^^^^^^^^^^^^^^^^^^^^^^^^^^^^^^^^^^^^^^^^^^^^^^

warning: unused imports: `DepGraphDataMerger` and `RealDepGraphDataMerger`
  --> tools/cargo-submodule-tool-lib/src/cli/commands/update_cargo_toml.rs:24:46
   |
24 | use crate::analysis::dep_graph_data_merger::{DepGraphDataMerger, RealDepGraphDataMerger};
   |                                              ^^^^^^^^^^^^^^^^^^  ^^^^^^^^^^^^^^^^^^^^^^

warning: unused import: `crate::analysis::dep_graph_processor::RealDepGraphProcessor`
  --> tools/cargo-submodule-tool-lib/src/cli/commands/update_cargo_toml.rs:25:5
   |
25 | use crate::analysis::dep_graph_processor::RealDepGraphProcessor;
   |     ^^^^^^^^^^^^^^^^^^^^^^^^^^^^^^^^^^^^^^^^^^^^^^^^^^^^^^^^^^^

warning: unused imports: `Layer0Analyzer` and `RealLayer0Analyzer`
  --> tools/cargo-submodule-tool-lib/src/cli/commands/update_cargo_toml.rs:26:40
   |
26 | use crate::analysis::layer0_analyzer::{Layer0Analyzer, RealLayer0Analyzer};
   |                                        ^^^^^^^^^^^^^^  ^^^^^^^^^^^^^^^^^^

warning: unused imports: `NonVendoredModuleFinder` and `RealNonVendoredModuleFinder`
  --> tools/cargo-submodule-tool-lib/src/cli/commands/update_cargo_toml.rs:28:5
   |
28 |     NonVendoredModuleFinder, RealNonVendoredModuleFinder,
   |     ^^^^^^^^^^^^^^^^^^^^^^^  ^^^^^^^^^^^^^^^^^^^^^^^^^^^

warning: unused import: `tool_traits_lib::dep_graph_processor::DepGraphProcessor`
  --> tools/cargo-submodule-tool-lib/src/cli/commands/update_cargo_toml.rs:30:5
   |
30 | use tool_traits_lib::dep_graph_processor::DepGraphProcessor;
   |     ^^^^^^^^^^^^^^^^^^^^^^^^^^^^^^^^^^^^^^^^^^^^^^^^^^^^^^^

warning: unused import: `tool_traits_lib::types::MergedCrateInfo`
  --> tools/cargo-submodule-tool-lib/src/cli/commands/update_cargo_toml.rs:31:5
   |
31 | use tool_traits_lib::types::MergedCrateInfo;
   |     ^^^^^^^^^^^^^^^^^^^^^^^^^^^^^^^^^^^^^^^

warning: unused imports: `CargoMetadataProvider` and `RealCargoMetadataProvider`
  --> tools/cargo-submodule-tool-lib/src/cli/commands/update_cargo_toml.rs:39:5
   |
39 |     CargoMetadataProvider, RealCargoMetadataProvider,
   |     ^^^^^^^^^^^^^^^^^^^^^  ^^^^^^^^^^^^^^^^^^^^^^^^^

warning: unused imports: `RealWorkspaceRemover` and `WorkspaceRemover`
  --> tools/cargo-submodule-tool-lib/src/cli/commands/update_cargo_toml.rs:41:42
   |
41 | use crate::analysis::workspace_remover::{RealWorkspaceRemover, WorkspaceRemover};
   |                                          ^^^^^^^^^^^^^^^^^^^^  ^^^^^^^^^^^^^^^^

warning: unused import: `git_wrapper_lib::execv::RealExecv`
  --> tools/cargo-submodule-tool-lib/src/cli/commands/update_cargo_toml.rs:42:5
   |
42 | use git_wrapper_lib::execv::RealExecv;
   |     ^^^^^^^^^^^^^^^^^^^^^^^^^^^^^^^^^

warning: unused import: `git_wrapper_lib::git_traits::GitExecutor`
  --> tools/cargo-submodule-tool-lib/src/cli/commands/update_cargo_toml.rs:43:5
   |
43 | use git_wrapper_lib::git_traits::GitExecutor;
   |     ^^^^^^^^^^^^^^^^^^^^^^^^^^^^^^^^^^^^^^^^

warning: unused import: `git_wrapper_lib::pure_rust_git_executor::PureRustGitExecutor`
  --> tools/cargo-submodule-tool-lib/src/cli/commands/update_cargo_toml.rs:44:5
   |
44 | use git_wrapper_lib::pure_rust_git_executor::PureRustGitExecutor;
   |     ^^^^^^^^^^^^^^^^^^^^^^^^^^^^^^^^^^^^^^^^^^^^^^^^^^^^^^^^^^^^

warning: unused import: `git_wrapper_lib::system_git_executor::SystemGitExecutor`
  --> tools/cargo-submodule-tool-lib/src/cli/commands/update_cargo_toml.rs:45:5
   |
45 | use git_wrapper_lib::system_git_executor::SystemGitExecutor;
   |     ^^^^^^^^^^^^^^^^^^^^^^^^^^^^^^^^^^^^^^^^^^^^^^^^^^^^^^^

warning: unused imports: `Context` and `Result`
 --> tools/cargo-submodule-tool-lib/src/cli/run_commands.rs:1:14
  |
1 | use anyhow::{Context, Result};
  |              ^^^^^^^  ^^^^^^

warning: unused import: `Context`
 --> tools/cargo-submodule-tool-lib/src/fs_cache.rs:1:14
  |
1 | use anyhow::{Context, Result};
  |              ^^^^^^^

warning: unused import: `std::fs`
 --> tools/cargo-submodule-tool-lib/src/fs_cache.rs:4:5
  |
4 | use std::fs;
  |     ^^^^^^^

warning: unused import: `std::time::SystemTime`
 --> tools/cargo-submodule-tool-lib/src/fs_cache.rs:7:5
  |
7 | use std::time::SystemTime;
  |     ^^^^^^^^^^^^^^^^^^^^^

warning: unused imports: `CurrentSerdeAdapter` and `SerdeAdapter`
  --> tools/cargo-submodule-tool-lib/src/fs_cache.rs:10:38
   |
10 | use tool_traits_lib::serde_adapter::{CurrentSerdeAdapter, SerdeAdapter};
   |                                      ^^^^^^^^^^^^^^^^^^^  ^^^^^^^^^^^^

warning: unused import: `git_wrapper_lib::dummy_rollup_lock::DummyRollupLock`
 --> tools/cargo-submodule-tool-lib/src/fs_writer.rs:8:5
  |
8 | use git_wrapper_lib::dummy_rollup_lock::DummyRollupLock;
  |     ^^^^^^^^^^^^^^^^^^^^^^^^^^^^^^^^^^^^^^^^^^^^^^^^^^^

warning: unused import: `anyhow::Result`
 --> tools/cargo-submodule-tool-lib/src/plan_manager/cargo2nix_command.rs:2:5
  |
2 | use anyhow::Result;
  |     ^^^^^^^^^^^^^^

warning: unused import: `anyhow::Result`
 --> tools/cargo-submodule-tool-lib/src/plan_manager/cargo_command.rs:3:5
  |
3 | use anyhow::Result;
  |     ^^^^^^^^^^^^^^

warning: unused import: `anyhow::Result`
 --> tools/cargo-submodule-tool-lib/src/plan_manager/cargo_update_command.rs:3:5
  |
3 | use anyhow::Result;
  |     ^^^^^^^^^^^^^^

warning: unused import: `anyhow::Result`
 --> tools/cargo-submodule-tool-lib/src/plan_manager/cargo_vendor_command.rs:3:5
  |
3 | use anyhow::Result;
  |     ^^^^^^^^^^^^^^

warning: unused imports: `CurrentSerdeAdapter` and `SerdeAdapter`
 --> tools/cargo-submodule-tool-lib/src/plan_manager/plan.rs:4:38
  |
4 | use tool_traits_lib::serde_adapter::{CurrentSerdeAdapter, SerdeAdapter}; // Assuming Task is in a sibling module
  |                                      ^^^^^^^^^^^^^^^^^^^  ^^^^^^^^^^^^

warning: unused import: `anyhow::Result`
 --> tools/cargo-submodule-tool-lib/src/plan_manager/remove_rust_version_command.rs:2:5
  |
2 | use anyhow::Result;
  |     ^^^^^^^^^^^^^^

warning: unused import: `anyhow::Result`
 --> tools/cargo-submodule-tool-lib/src/plan_manager/rename_cargo_config.rs:1:5
  |
1 | use anyhow::Result;
  |     ^^^^^^^^^^^^^^

warning: unused import: `anyhow::Result`
 --> tools/cargo-submodule-tool-lib/src/plan_manager/restore_cargo_config.rs:1:5
  |
1 | use anyhow::Result;
  |     ^^^^^^^^^^^^^^

warning: unused import: `std::collections::HashMap`
 --> tools/cargo-submodule-tool-lib/src/plan_manager/task.rs:1:5
  |
1 | use std::collections::HashMap;
  |     ^^^^^^^^^^^^^^^^^^^^^^^^^

warning: unused imports: `CurrentSerdeAdapter` and `SerdeAdapter`
 --> tools/cargo-submodule-tool-lib/src/plan_manager/task.rs:3:38
  |
3 | use tool_traits_lib::serde_adapter::{CurrentSerdeAdapter, SerdeAdapter};
  |                                      ^^^^^^^^^^^^^^^^^^^  ^^^^^^^^^^^^

warning: unused import: `anyhow::Context`
 --> tools/cargo-submodule-tool-lib/src/repo_discovery.rs:1:5
  |
1 | use anyhow::Context; // Keep anyhow::Context for now, will refactor later if needed
  |     ^^^^^^^^^^^^^^^

warning: unused import: `crate::analysis::cargo_toml_parser::CurrentCargoTomlParser`
 --> tools/cargo-submodule-tool-lib/src/repo_discovery.rs:3:5
  |
3 | use crate::analysis::cargo_toml_parser::CurrentCargoTomlParser;
  |     ^^^^^^^^^^^^^^^^^^^^^^^^^^^^^^^^^^^^^^^^^^^^^^^^^^^^^^^^^^

warning: unused import: `real_regex_adapter_lib::CurrentRegexMatcher`
 --> tools/cargo-submodule-tool-lib/src/repo_discovery.rs:5:5
  |
5 | use real_regex_adapter_lib::CurrentRegexMatcher;
  |     ^^^^^^^^^^^^^^^^^^^^^^^^^^^^^^^^^^^^^^^^^^^

warning: unused import: `std::fs`
 --> tools/cargo-submodule-tool-lib/src/repo_discovery.rs:7:5
  |
7 | use std::fs;
  |     ^^^^^^^

warning: unused import: `PathBuf`
 --> tools/cargo-submodule-tool-lib/src/repo_discovery.rs:8:23
  |
8 | use std::path::{Path, PathBuf};
  |                       ^^^^^^^

warning: unused import: `tool_traits_lib::cargo_toml_parser::CargoTomlParser`
 --> tools/cargo-submodule-tool-lib/src/repo_discovery.rs:9:5
  |
9 | use tool_traits_lib::cargo_toml_parser::CargoTomlParser;
  |     ^^^^^^^^^^^^^^^^^^^^^^^^^^^^^^^^^^^^^^^^^^^^^^^^^^^

warning: unused import: `RegexCaptures`
  --> tools/cargo-submodule-tool-lib/src/repo_discovery.rs:11:38
   |
11 | use tool_traits_lib::regex_adapter::{RegexCaptures, RegexMatcher};
   |                                      ^^^^^^^^^^^^^

warning: unused imports: `CurrentSerdeAdapter` and `SerdeAdapter`
  --> tools/cargo-submodule-tool-lib/src/repo_discovery.rs:13:38
   |
13 | use tool_traits_lib::serde_adapter::{CurrentSerdeAdapter, SerdeAdapter};
   |                                      ^^^^^^^^^^^^^^^^^^^  ^^^^^^^^^^^^

warning: unused import: `Result`
 --> tools/cargo-submodule-tool-lib/src/workspace_generator.rs:1:23
  |
1 | use anyhow::{Context, Result}; // Added anyhow imports
  |                       ^^^^^^

warning: unused imports: `DocumentMut` and `value`
 --> tools/cargo-submodule-tool-lib/src/workspace_generator.rs:7:23
  |
7 | use toml_edit::{self, DocumentMut, Item, Table, value}; // Added toml_edit::
  |                       ^^^^^^^^^^^               ^^^^^

warning: unused import: `walkdir::WalkDir`
 --> tools/cargo-submodule-tool-lib/src/workspace_generator.rs:8:5
  |
8 | use walkdir::WalkDir; // Added WalkDir
  |     ^^^^^^^^^^^^^^^^

warning: unused import: `traits::*`
  --> tools/cargo-submodule-tool-lib/src/lib.rs:22:9
   |
22 | pub use traits::*;
   |         ^^^^^^^^^

warning: unused import: `RegexMatcher`
  --> tools/cargo-submodule-tool-lib/src/repo_discovery.rs:11:53
   |
11 | use tool_traits_lib::regex_adapter::{RegexCaptures, RegexMatcher};
   |                                                     ^^^^^^^^^^^^

warning: unused variable: `git_executable_path`
  --> tools/cargo-submodule-tool-lib/src/cli/commands/add_submodules.rs:39:9
   |
39 |     let git_executable_path = PathBuf::from("git"); // Assuming 'git' is in PATH
   |         ^^^^^^^^^^^^^^^^^^^ help: if this is intentional, prefix it with an underscore: `_git_executable_path`
   |
   = note: `#[warn(unused_variables)]` (part of `#[warn(unused)]`) on by default

warning: unused variable: `executor`
  --> tools/cargo-submodule-tool-lib/src/cli/commands/add_submodules.rs:40:9
   |
40 |     let executor = Arc::new(RealExecv {});
   |         ^^^^^^^^ help: if this is intentional, prefix it with an underscore: `_executor`

warning: unused variable: `git_executable_path`
  --> tools/cargo-submodule-tool-lib/src/cli/commands/collect_repo_state.rs:30:9
   |
30 |     let git_executable_path = PathBuf::from("git"); // Assuming 'git' is in PATH
   |         ^^^^^^^^^^^^^^^^^^^ help: if this is intentional, prefix it with an underscore: `_git_executable_path`

warning: unused variable: `executor`
  --> tools/cargo-submodule-tool-lib/src/cli/commands/collect_repo_state.rs:31:9
   |
31 |     let executor = Arc::new(RealExecv {});
   |         ^^^^^^^^ help: if this is intentional, prefix it with an underscore: `_executor`

warning: unused variable: `file_system_stat`
  --> tools/cargo-submodule-tool-lib/src/cli/commands/collect_repo_state.rs:32:9
   |
32 |     let file_system_stat = Arc::new(RealFileSystemStat {});
   |         ^^^^^^^^^^^^^^^^ help: if this is intentional, prefix it with an underscore: `_file_system_stat`

warning: unused variable: `rollup_lock`
  --> tools/cargo-submodule-tool-lib/src/cli/commands/collect_repo_state.rs:33:9
   |
33 |     let rollup_lock = Arc::new(Mutex::new(RollupLock::load(&project_root)?)); // Use load method
   |         ^^^^^^^^^^^ help: if this is intentional, prefix it with an underscore: `_rollup_lock`

warning: unused variable: `git_executor`
  --> tools/cargo-submodule-tool-lib/src/cli/commands/collect_repo_state.rs:35:9
   |
35 |     let git_executor: Arc<dyn GitExecutor + Send + Sync> = {
   |         ^^^^^^^^^^^^ help: if this is intentional, prefix it with an underscore: `_git_executor`

warning: unused variable: `cli`
 --> tools/cargo-submodule-tool-lib/src/cli/commands/process_tt_txt.rs:6:60
  |
6 | pub fn run_process_tt_txt_command(args: &ProcessTtTxtArgs, cli: &Cli) -> Result<()> {
  |                                                            ^^^ help: if this is intentional, prefix it with an underscore: `_cli`

warning: unused variable: `git_executable_path`
  --> tools/cargo-submodule-tool-lib/src/cli/commands/submodule_status.rs:32:9
   |
32 |     let git_executable_path = PathBuf::from("git"); // Assuming 'git' is in PATH
   |         ^^^^^^^^^^^^^^^^^^^ help: if this is intentional, prefix it with an underscore: `_git_executable_path`

warning: unused variable: `executor`
  --> tools/cargo-submodule-tool-lib/src/cli/commands/submodule_status.rs:33:9
   |
33 |     let executor = Arc::new(RealExecv {});
   |         ^^^^^^^^ help: if this is intentional, prefix it with an underscore: `_executor`

warning: unused variable: `rollup_lock_arc`
  --> tools/cargo-submodule-tool-lib/src/cli/commands/submodule_status.rs:34:9
   |
34 |     let rollup_lock_arc = Arc::new(Mutex::new(RollupLock::load(&root_dir)?));
   |         ^^^^^^^^^^^^^^^ help: if this is intentional, prefix it with an underscore: `_rollup_lock_arc`

warning: unused variable: `executor`
  --> tools/cargo-submodule-tool-lib/src/plan_manager/cargo2nix_command.rs:25:9
   |
25 |         executor: Arc<dyn Execv + Send + Sync>,
   |         ^^^^^^^^ help: if this is intentional, prefix it with an underscore: `_executor`

warning: unused variable: `executor`
   --> tools/cargo-submodule-tool-lib/src/plan_manager/cargo2nix_command.rs:215:9
    |
215 |         executor: Arc<dyn Execv + Send + Sync>,
    |         ^^^^^^^^ help: if this is intentional, prefix it with an underscore: `_executor`

warning: unused variable: `executor`
  --> tools/cargo-submodule-tool-lib/src/plan_manager/cargo_update_command.rs:84:9
   |
84 |         executor: Arc<dyn Execv + Send + Sync>,
   |         ^^^^^^^^ help: if this is intentional, prefix it with an underscore: `_executor`

warning: unused variable: `executor`
  --> tools/cargo-submodule-tool-lib/src/plan_manager/cargo_vendor_command.rs:82:9
   |
82 |         executor: Arc<dyn Execv + Send + Sync>,
   |         ^^^^^^^^ help: if this is intentional, prefix it with an underscore: `_executor`

warning: unused variable: `executor`
  --> tools/cargo-submodule-tool-lib/src/plan_manager/remove_rust_version_command.rs:49:9
   |
49 |         executor: Arc<dyn Execv + Send + Sync>,
   |         ^^^^^^^^ help: if this is intentional, prefix it with an underscore: `_executor`

warning: unused variable: `executor`
   --> tools/cargo-submodule-tool-lib/src/plan_manager/remove_rust_version_command.rs:123:9
    |
123 |         executor: Arc<dyn Execv + Send + Sync>,
    |         ^^^^^^^^ help: if this is intentional, prefix it with an underscore: `_executor`

warning: unused variable: `executor`
   --> tools/cargo-submodule-tool-lib/src/workspace_generator.rs:170:5
    |
170 |     executor: Arc<dyn Execv + Send + Sync>,
    |     ^^^^^^^^ help: if this is intentional, prefix it with an underscore: `_executor`

warning: unused variable: `workspace_item`
   --> tools/cargo-submodule-tool-lib/src/workspace_generator.rs:277:21
    |
277 |         if let Some(workspace_item) = doc.get_mut("workspace") {
    |                     ^^^^^^^^^^^^^^ help: if this is intentional, prefix it with an underscore: `_workspace_item`

warning: unused variable: `executor`
   --> tools/cargo-submodule-tool-lib/src/workspace_generator.rs:260:5
    |
260 |     executor: Arc<dyn Execv + Send + Sync>,
    |     ^^^^^^^^ help: if this is intentional, prefix it with an underscore: `_executor`

warning: unused import: `Document`
 --> tools/cargo-feature-adapter/src/cargo_toml_adapter.rs:6:24
  |
6 | use toml_edit::{Array, Document, DocumentMut, Item, Table, Value};
  |                        ^^^^^^^^
  |
  = note: `#[warn(unused_imports)]` (part of `#[warn(unused)]`) on by default

warning: `cargo-repo-sync` (bin "find_non_vendored") generated 1 warning (run `cargo fix --bin "find_non_vendored"` to apply 1 suggestion)
warning: `cargo-submodule-tool-lib` (lib) generated 122 warnings (run `cargo fix --lib -p cargo-submodule-tool-lib` to apply 94 suggestions)
warning: `cargo-feature-adapter` (bin "cargo-feature-adapter") generated 1 warning (run `cargo fix --bin "cargo-feature-adapter"` to apply 1 suggestion)
warning: unused import: `Signature`
 --> tools/cargo-llm-bootstrap/src/trait_extractor.rs:3:74
  |
3 | use syn::{File, Item, ItemEnum, ItemFn, ItemImpl, ItemStruct, ItemTrait, Signature, ReturnType, Type as SynType};
  |                                                                          ^^^^^^^^^
  |
  = note: `#[warn(unused_imports)]` (part of `#[warn(unused)]`) on by default

warning: unused import: `syn::punctuated::Punctuated`
 --> tools/cargo-llm-bootstrap/src/trait_extractor.rs:4:5
  |
4 | use syn::punctuated::Punctuated;
  |     ^^^^^^^^^^^^^^^^^^^^^^^^^^^

warning: unused import: `syn::token::Paren`
 --> tools/cargo-llm-bootstrap/src/trait_extractor.rs:5:5
  |
5 | use syn::token::Paren;
  |     ^^^^^^^^^^^^^^^^^

warning: unused imports: `DeclTrait` and `TraitDeps`
 --> tools/cargo-llm-bootstrap/src/trait_numbering.rs:2:26
  |
2 | use crate::trait_types::{DeclTrait, TraitDeps, TraitLattice};
  |                          ^^^^^^^^^  ^^^^^^^^^

warning: unused import: `crate::semantic_constraints::GödelNumber`
 --> tools/cargo-llm-bootstrap/src/trait_numbering.rs:3:5
  |
3 | use crate::semantic_constraints::GödelNumber;
  |     ^^^^^^^^^^^^^^^^^^^^^^^^^^^^^^^^^^^^^^^^

warning: unused import: `PathBuf`
 --> tools/cargo-llm-bootstrap/src/trait_lattice_generator.rs:2:23
  |
2 | use std::path::{Path, PathBuf};
  |                       ^^^^^^^

warning: unused import: `DeclTrait`
 --> tools/cargo-llm-bootstrap/src/trait_lattice_generator.rs:7:26
  |
7 | use crate::trait_types::{DeclTrait, TraitDeps, TraitLattice, TraitMorphism, MorphismKind};
  |                          ^^^^^^^^^

warning: unused variable: `name`
  --> tools/cargo-llm-bootstrap/src/trait_numbering.rs:77:17
   |
77 |             for name in impls_to_process {
   |                 ^^^^ help: if this is intentional, prefix it with an underscore: `_name`
   |
   = note: `#[warn(unused_variables)]` (part of `#[warn(unused)]`) on by default

warning: unused variable: `impl_trait_name`
  --> tools/cargo-llm-bootstrap/src/trait_lattice_generator.rs:79:25
   |
79 |                     let impl_trait_name = parts[1].to_string();
   |                         ^^^^^^^^^^^^^^^ help: if this is intentional, prefix it with an underscore: `_impl_trait_name`

warning: variable does not need to be mutable
   --> tools/cargo-llm-bootstrap/src/semantic_constraints.rs:141:13
    |
141 |         let mut solution = self.assignments.clone();
    |             ----^^^^^^^^
    |             |
    |             help: remove this `mut`
    |
    = note: `#[warn(unused_mut)]` (part of `#[warn(unused)]`) on by default

warning: unused variable: `assignment`
   --> tools/cargo-llm-bootstrap/src/semantic_constraints.rs:150:30
    |
150 |     fn is_satisfiable(&self, assignment: &HashMap<String, GödelNumber>) -> bool {
    |                              ^^^^^^^^^^ help: if this is intentional, prefix it with an underscore: `_assignment`

warning: constant `MONSTER_PRIMES` is never used
 --> tools/cargo-llm-bootstrap/src/solana_rustc_analyzer.rs:8:7
  |
8 | const MONSTER_PRIMES: [u64; 15] = [2,3,5,7,11,13,17,19,23,29,31,41,47,59,71];
  |       ^^^^^^^^^^^^^^
  |
  = note: `#[warn(dead_code)]` (part of `#[warn(unused)]`) on by default

warning: constant `MONSTER_EXPONENTS` is never used
 --> tools/cargo-llm-bootstrap/src/solana_rustc_analyzer.rs:9:7
  |
9 | const MONSTER_EXPONENTS: [u32; 15] = [46,20,9,6,2,3,1,1,1,1,1,1,1,1,1];
  |       ^^^^^^^^^^^^^^^^^

warning: variant `CompilationError` is never constructed
  --> tools/cargo-llm-bootstrap/src/error.rs:21:5
   |
 7 | pub enum AppError {
   |          -------- variant in this enum
...
21 |     CompilationError(String),
   |     ^^^^^^^^^^^^^^^^
   |
   = note: `AppError` has a derived impl for the trait `Debug`, but this is intentionally ignored during dead code analysis

warning: anonymous parameters are deprecated and will be removed in the next edition
  --> submodules/fxhash/lib.rs:61:29
   |
61 |     fn hash_word(&mut self, Self);
   |                             ^^^^ help: try naming the parameter or explicitly ignoring it: `_: Self`
   |
   = warning: this is accepted in the current edition (Rust 2015) but is a hard error in Rust 2018!
   = note: for more information, see issue #41686 <https://github.com/rust-lang/rust/issues/41686>
   = note: `#[warn(anonymous_parameters)]` (part of `#[warn(rust_2018_compatibility)]`) on by default

warning: `cargo-llm-bootstrap` (bin "cargo-llm-bootstrap") generated 14 warnings (run `cargo fix --bin "cargo-llm-bootstrap"` to apply 8 suggestions)
warning: `fxhash` (lib) generated 1 warning (run `cargo fix --lib -p fxhash` to apply 1 suggestion)
   Compiling cargo v0.94.0 (/mnt/data1/nix/vendor/rust/cargo2nix/submodules/cargo)
   Compiling cvs-macro-test-crate v0.1.0 (/mnt/data1/nix/vendor/rust/cargo2nix/submodules/rust/crates/cvs-macro-test-crate)
warning: unused import: `BufRead`
  --> submodules/cargo/src/cargo/core/compiler/compilation_orchestration.rs:15:15
   |
15 | use std::io::{BufRead, BufWriter, Write};
   |               ^^^^^^^
   |
   = note: `#[warn(unused_imports)]` (part of `#[warn(unused)]`) on by default

warning: unused import: `Write`
  --> submodules/cargo/src/cargo/core/compiler/compilation_orchestration.rs:15:35
   |
15 | use std::io::{BufRead, BufWriter, Write};
   |                                   ^^^^^

warning: unused import: `itertools::Itertools`
  --> submodules/cargo/src/cargo/core/compiler/compilation_orchestration.rs:24:5
   |
24 | use itertools::Itertools;
   |     ^^^^^^^^^^^^^^^^^^^^

warning: unused import: `itertools::Itertools`
  --> submodules/cargo/src/cargo/core/compiler/invocation_args.rs:11:5
   |
11 | use itertools::Itertools;
   |     ^^^^^^^^^^^^^^^^^^^^

warning: unused import: `anyhow::Context`
  --> submodules/cargo/src/cargo/core/manifest.rs:12:5
   |
12 | use anyhow::Context as _;
   |     ^^^^^^^^^^^^^^^

warning: unused variable: `mode`
   --> submodules/cargo/src/cargo/core/compiler/compilation_orchestration.rs:118:9
    |
118 |         mode: CompileMode,
    |         ^^^^ help: if this is intentional, prefix it with an underscore: `_mode`
    |
    = note: `#[warn(unused_variables)]` (part of `#[warn(unused)]`) on by default

warning: unused variable: `cfg`
   --> submodules/cargo/src/cargo/sources/git/utils.rs:587:5
    |
587 |     cfg: &git2::Config,
    |     ^^^ help: if this is intentional, prefix it with an underscore: `_cfg`

warning: unused variable: `username`
   --> submodules/cargo/src/cargo/sources/git/utils.rs:621:25
    |
621 |             if let Some(username) = username_in_cb {
    |                         ^^^^^^^^ help: if this is intentional, prefix it with an underscore: `_username`

warning: unused variable: `package_completion`
  --> submodules/cargo/src/cargo/util/command_prelude.rs:82:9
   |
82 |         package_completion: fn() -> Result<Vec<String>, clap::Error>,
   |         ^^^^^^^^^^^^^^^^^^ help: if this is intentional, prefix it with an underscore: `_package_completion`

warning: unused variable: `package_completion`
   --> submodules/cargo/src/cargo/util/command_prelude.rs:111:9
    |
111 |         package_completion: fn() -> Result<Vec<String>, clap::Error>,
    |         ^^^^^^^^^^^^^^^^^^ help: if this is intentional, prefix it with an underscore: `_package_completion`

warning: method `serialize` is never used
   --> submodules/cargo/src/cargo/core/compiler/fingerprint/dep_info.rs:203:12
    |
116 | impl EncodedDepInfo {
    | ------------------- method in this implementation
...
203 |     pub fn serialize(&self) -> CargoResult<Vec<u8>> {
    |            ^^^^^^^^^
    |
    = note: `#[warn(dead_code)]` (part of `#[warn(unused)]`) on by default

warning: function `translate_dep_info` is never used
   --> submodules/cargo/src/cargo/core/compiler/fingerprint/dep_info.rs:291:8
    |
291 | pub fn translate_dep_info(
    |        ^^^^^^^^^^^^^^^^^^

warning: function `parse_test_args` is never used
  --> submodules/cargo/src/cargo/ops/cargo_test.rs:70:8
   |
70 | pub fn parse_test_args(
   |        ^^^^^^^^^^^^^^^

warning: function `get_profile_candidates` is never used
    --> submodules/cargo/src/cargo/util/command_prelude.rs:1122:4
     |
1122 | fn get_profile_candidates() -> Vec<String> {
     |    ^^^^^^^^^^^^^^^^^^^^^^

warning: function `get_workspace_profile_candidates` is never used
    --> submodules/cargo/src/cargo/util/command_prelude.rs:1130:4
     |
1130 | fn get_workspace_profile_candidates() -> CargoResult<Vec<String>> {
     |    ^^^^^^^^^^^^^^^^^^^^^^^^^^^^^^^^

warning: function `default_profile_candidates` is never used
    --> submodules/cargo/src/cargo/util/command_prelude.rs:1144:4
     |
1144 | fn default_profile_candidates() -> Vec<String> {
     |    ^^^^^^^^^^^^^^^^^^^^^^^^^^

warning: function `get_feature_candidates` is never used
    --> submodules/cargo/src/cargo/util/command_prelude.rs:1153:4
     |
1153 | fn get_feature_candidates() -> CargoResult<Vec<String>> {
     |    ^^^^^^^^^^^^^^^^^^^^^^

warning: function `get_crate_candidates` is never used
    --> submodules/cargo/src/cargo/util/command_prelude.rs:1170:4
     |
1170 | fn get_crate_candidates(kind: TargetKind) -> CargoResult<Vec<String>> {
     |    ^^^^^^^^^^^^^^^^^^^^

warning: unexpected `cfg` condition name: `llvm_component`
  --> submodules/rust/compiler/rustc_llvm/src/lib.rs:91:9
   |
91 |         llvm_component = "x86",
   |         ^^^^^^^^^^^^^^^^^^^^^^
   |
   = help: expected names are: `docsrs`, `feature`, and `test` and 31 more
   = help: consider using a Cargo feature instead
   = help: or consider adding in `Cargo.toml` the `check-cfg` lint config for the lint:
            [lints.rust]
            unexpected_cfgs = { level = "warn", check-cfg = ['cfg(llvm_component, values("x86"))'] }
   = help: or consider adding `println!("cargo::rustc-check-cfg=cfg(llvm_component, values(\"x86\"))");` to the top of the `build.rs`
   = note: see <https://doc.rust-lang.org/nightly/rustc/check-cfg/cargo-specifics.html> for more information about checking conditional configuration
   = note: `#[warn(unexpected_cfgs)]` on by default

warning: unexpected `cfg` condition name: `llvm_component`
  --> submodules/rust/compiler/rustc_llvm/src/lib.rs:99:9
   |
99 |         llvm_component = "arm",
   |         ^^^^^^^^^^^^^^^^^^^^^^
   |
   = help: consider using a Cargo feature instead
   = help: or consider adding in `Cargo.toml` the `check-cfg` lint config for the lint:
            [lints.rust]
            unexpected_cfgs = { level = "warn", check-cfg = ['cfg(llvm_component, values("arm"))'] }
   = help: or consider adding `println!("cargo::rustc-check-cfg=cfg(llvm_component, values(\"arm\"))");` to the top of the `build.rs`
   = note: see <https://doc.rust-lang.org/nightly/rustc/check-cfg/cargo-specifics.html> for more information about checking conditional configuration

warning: unexpected `cfg` condition name: `llvm_component`
   --> submodules/rust/compiler/rustc_llvm/src/lib.rs:107:9
    |
107 |         llvm_component = "aarch64",
    |         ^^^^^^^^^^^^^^^^^^^^^^^^^^
    |
    = help: consider using a Cargo feature instead
    = help: or consider adding in `Cargo.toml` the `check-cfg` lint config for the lint:
             [lints.rust]
             unexpected_cfgs = { level = "warn", check-cfg = ['cfg(llvm_component, values("aarch64"))'] }
    = help: or consider adding `println!("cargo::rustc-check-cfg=cfg(llvm_component, values(\"aarch64\"))");` to the top of the `build.rs`
    = note: see <https://doc.rust-lang.org/nightly/rustc/check-cfg/cargo-specifics.html> for more information about checking conditional configuration

warning: unexpected `cfg` condition name: `llvm_component`
   --> submodules/rust/compiler/rustc_llvm/src/lib.rs:115:9
    |
115 |         llvm_component = "amdgpu",
    |         ^^^^^^^^^^^^^^^^^^^^^^^^^
    |
    = help: consider using a Cargo feature instead
    = help: or consider adding in `Cargo.toml` the `check-cfg` lint config for the lint:
             [lints.rust]
             unexpected_cfgs = { level = "warn", check-cfg = ['cfg(llvm_component, values("amdgpu"))'] }
    = help: or consider adding `println!("cargo::rustc-check-cfg=cfg(llvm_component, values(\"amdgpu\"))");` to the top of the `build.rs`
    = note: see <https://doc.rust-lang.org/nightly/rustc/check-cfg/cargo-specifics.html> for more information about checking conditional configuration

warning: unexpected `cfg` condition name: `llvm_component`
   --> submodules/rust/compiler/rustc_llvm/src/lib.rs:123:9
    |
123 |         llvm_component = "avr",
    |         ^^^^^^^^^^^^^^^^^^^^^^
    |
    = help: consider using a Cargo feature instead
    = help: or consider adding in `Cargo.toml` the `check-cfg` lint config for the lint:
             [lints.rust]
             unexpected_cfgs = { level = "warn", check-cfg = ['cfg(llvm_component, values("avr"))'] }
    = help: or consider adding `println!("cargo::rustc-check-cfg=cfg(llvm_component, values(\"avr\"))");` to the top of the `build.rs`
    = note: see <https://doc.rust-lang.org/nightly/rustc/check-cfg/cargo-specifics.html> for more information about checking conditional configuration

warning: unexpected `cfg` condition name: `llvm_component`
   --> submodules/rust/compiler/rustc_llvm/src/lib.rs:131:9
    |
131 |         llvm_component = "m68k",
    |         ^^^^^^^^^^^^^^^^^^^^^^^
    |
    = help: consider using a Cargo feature instead
    = help: or consider adding in `Cargo.toml` the `check-cfg` lint config for the lint:
             [lints.rust]
             unexpected_cfgs = { level = "warn", check-cfg = ['cfg(llvm_component, values("m68k"))'] }
    = help: or consider adding `println!("cargo::rustc-check-cfg=cfg(llvm_component, values(\"m68k\"))");` to the top of the `build.rs`
    = note: see <https://doc.rust-lang.org/nightly/rustc/check-cfg/cargo-specifics.html> for more information about checking conditional configuration

warning: unexpected `cfg` condition name: `llvm_component`
   --> submodules/rust/compiler/rustc_llvm/src/lib.rs:139:9
    |
139 |         llvm_component = "csky",
    |         ^^^^^^^^^^^^^^^^^^^^^^^
    |
    = help: consider using a Cargo feature instead
    = help: or consider adding in `Cargo.toml` the `check-cfg` lint config for the lint:
             [lints.rust]
             unexpected_cfgs = { level = "warn", check-cfg = ['cfg(llvm_component, values("csky"))'] }
    = help: or consider adding `println!("cargo::rustc-check-cfg=cfg(llvm_component, values(\"csky\"))");` to the top of the `build.rs`
    = note: see <https://doc.rust-lang.org/nightly/rustc/check-cfg/cargo-specifics.html> for more information about checking conditional configuration

warning: unexpected `cfg` condition name: `llvm_component`
   --> submodules/rust/compiler/rustc_llvm/src/lib.rs:147:9
    |
147 |         llvm_component = "loongarch",
    |         ^^^^^^^^^^^^^^^^^^^^^^^^^^^^
    |
    = help: consider using a Cargo feature instead
    = help: or consider adding in `Cargo.toml` the `check-cfg` lint config for the lint:
             [lints.rust]
             unexpected_cfgs = { level = "warn", check-cfg = ['cfg(llvm_component, values("loongarch"))'] }
    = help: or consider adding `println!("cargo::rustc-check-cfg=cfg(llvm_component, values(\"loongarch\"))");` to the top of the `build.rs`
    = note: see <https://doc.rust-lang.org/nightly/rustc/check-cfg/cargo-specifics.html> for more information about checking conditional configuration

warning: unexpected `cfg` condition name: `llvm_component`
   --> submodules/rust/compiler/rustc_llvm/src/lib.rs:155:9
    |
155 |         llvm_component = "mips",
    |         ^^^^^^^^^^^^^^^^^^^^^^^
    |
    = help: consider using a Cargo feature instead
    = help: or consider adding in `Cargo.toml` the `check-cfg` lint config for the lint:
             [lints.rust]
             unexpected_cfgs = { level = "warn", check-cfg = ['cfg(llvm_component, values("mips"))'] }
    = help: or consider adding `println!("cargo::rustc-check-cfg=cfg(llvm_component, values(\"mips\"))");` to the top of the `build.rs`
    = note: see <https://doc.rust-lang.org/nightly/rustc/check-cfg/cargo-specifics.html> for more information about checking conditional configuration

warning: unexpected `cfg` condition name: `llvm_component`
   --> submodules/rust/compiler/rustc_llvm/src/lib.rs:163:9
    |
163 |         llvm_component = "powerpc",
    |         ^^^^^^^^^^^^^^^^^^^^^^^^^^
    |
    = help: consider using a Cargo feature instead
    = help: or consider adding in `Cargo.toml` the `check-cfg` lint config for the lint:
             [lints.rust]
             unexpected_cfgs = { level = "warn", check-cfg = ['cfg(llvm_component, values("powerpc"))'] }
    = help: or consider adding `println!("cargo::rustc-check-cfg=cfg(llvm_component, values(\"powerpc\"))");` to the top of the `build.rs`
    = note: see <https://doc.rust-lang.org/nightly/rustc/check-cfg/cargo-specifics.html> for more information about checking conditional configuration

warning: unexpected `cfg` condition name: `llvm_component`
   --> submodules/rust/compiler/rustc_llvm/src/lib.rs:171:9
    |
171 |         llvm_component = "systemz",
    |         ^^^^^^^^^^^^^^^^^^^^^^^^^^
    |
    = help: consider using a Cargo feature instead
    = help: or consider adding in `Cargo.toml` the `check-cfg` lint config for the lint:
             [lints.rust]
             unexpected_cfgs = { level = "warn", check-cfg = ['cfg(llvm_component, values("systemz"))'] }
    = help: or consider adding `println!("cargo::rustc-check-cfg=cfg(llvm_component, values(\"systemz\"))");` to the top of the `build.rs`
    = note: see <https://doc.rust-lang.org/nightly/rustc/check-cfg/cargo-specifics.html> for more information about checking conditional configuration

warning: unexpected `cfg` condition name: `llvm_component`
   --> submodules/rust/compiler/rustc_llvm/src/lib.rs:179:9
    |
179 |         llvm_component = "msp430",
    |         ^^^^^^^^^^^^^^^^^^^^^^^^^
    |
    = help: consider using a Cargo feature instead
    = help: or consider adding in `Cargo.toml` the `check-cfg` lint config for the lint:
             [lints.rust]
             unexpected_cfgs = { level = "warn", check-cfg = ['cfg(llvm_component, values("msp430"))'] }
    = help: or consider adding `println!("cargo::rustc-check-cfg=cfg(llvm_component, values(\"msp430\"))");` to the top of the `build.rs`
    = note: see <https://doc.rust-lang.org/nightly/rustc/check-cfg/cargo-specifics.html> for more information about checking conditional configuration

warning: unexpected `cfg` condition name: `llvm_component`
   --> submodules/rust/compiler/rustc_llvm/src/lib.rs:187:9
    |
187 |         llvm_component = "riscv",
    |         ^^^^^^^^^^^^^^^^^^^^^^^^
    |
    = help: consider using a Cargo feature instead
    = help: or consider adding in `Cargo.toml` the `check-cfg` lint config for the lint:
             [lints.rust]
             unexpected_cfgs = { level = "warn", check-cfg = ['cfg(llvm_component, values("riscv"))'] }
    = help: or consider adding `println!("cargo::rustc-check-cfg=cfg(llvm_component, values(\"riscv\"))");` to the top of the `build.rs`
    = note: see <https://doc.rust-lang.org/nightly/rustc/check-cfg/cargo-specifics.html> for more information about checking conditional configuration

warning: unexpected `cfg` condition name: `llvm_component`
   --> submodules/rust/compiler/rustc_llvm/src/lib.rs:195:9
    |
195 |         llvm_component = "sparc",
    |         ^^^^^^^^^^^^^^^^^^^^^^^^
    |
    = help: consider using a Cargo feature instead
    = help: or consider adding in `Cargo.toml` the `check-cfg` lint config for the lint:
             [lints.rust]
             unexpected_cfgs = { level = "warn", check-cfg = ['cfg(llvm_component, values("sparc"))'] }
    = help: or consider adding `println!("cargo::rustc-check-cfg=cfg(llvm_component, values(\"sparc\"))");` to the top of the `build.rs`
    = note: see <https://doc.rust-lang.org/nightly/rustc/check-cfg/cargo-specifics.html> for more information about checking conditional configuration

warning: unexpected `cfg` condition name: `llvm_component`
   --> submodules/rust/compiler/rustc_llvm/src/lib.rs:203:9
    |
203 |         llvm_component = "nvptx",
    |         ^^^^^^^^^^^^^^^^^^^^^^^^
    |
    = help: consider using a Cargo feature instead
    = help: or consider adding in `Cargo.toml` the `check-cfg` lint config for the lint:
             [lints.rust]
             unexpected_cfgs = { level = "warn", check-cfg = ['cfg(llvm_component, values("nvptx"))'] }
    = help: or consider adding `println!("cargo::rustc-check-cfg=cfg(llvm_component, values(\"nvptx\"))");` to the top of the `build.rs`
    = note: see <https://doc.rust-lang.org/nightly/rustc/check-cfg/cargo-specifics.html> for more information about checking conditional configuration

warning: unexpected `cfg` condition name: `llvm_component`
   --> submodules/rust/compiler/rustc_llvm/src/lib.rs:210:9
    |
210 |         llvm_component = "hexagon",
    |         ^^^^^^^^^^^^^^^^^^^^^^^^^^
    |
    = help: consider using a Cargo feature instead
    = help: or consider adding in `Cargo.toml` the `check-cfg` lint config for the lint:
             [lints.rust]
             unexpected_cfgs = { level = "warn", check-cfg = ['cfg(llvm_component, values("hexagon"))'] }
    = help: or consider adding `println!("cargo::rustc-check-cfg=cfg(llvm_component, values(\"hexagon\"))");` to the top of the `build.rs`
    = note: see <https://doc.rust-lang.org/nightly/rustc/check-cfg/cargo-specifics.html> for more information about checking conditional configuration

warning: unexpected `cfg` condition name: `llvm_component`
   --> submodules/rust/compiler/rustc_llvm/src/lib.rs:218:9
    |
218 |         llvm_component = "xtensa",
    |         ^^^^^^^^^^^^^^^^^^^^^^^^^
    |
    = help: consider using a Cargo feature instead
    = help: or consider adding in `Cargo.toml` the `check-cfg` lint config for the lint:
             [lints.rust]
             unexpected_cfgs = { level = "warn", check-cfg = ['cfg(llvm_component, values("xtensa"))'] }
    = help: or consider adding `println!("cargo::rustc-check-cfg=cfg(llvm_component, values(\"xtensa\"))");` to the top of the `build.rs`
    = note: see <https://doc.rust-lang.org/nightly/rustc/check-cfg/cargo-specifics.html> for more information about checking conditional configuration

warning: unexpected `cfg` condition name: `llvm_component`
   --> submodules/rust/compiler/rustc_llvm/src/lib.rs:226:9
    |
226 |         llvm_component = "webassembly",
    |         ^^^^^^^^^^^^^^^^^^^^^^^^^^^^^^
    |
    = help: consider using a Cargo feature instead
    = help: or consider adding in `Cargo.toml` the `check-cfg` lint config for the lint:
             [lints.rust]
             unexpected_cfgs = { level = "warn", check-cfg = ['cfg(llvm_component, values("webassembly"))'] }
    = help: or consider adding `println!("cargo::rustc-check-cfg=cfg(llvm_component, values(\"webassembly\"))");` to the top of the `build.rs`
    = note: see <https://doc.rust-lang.org/nightly/rustc/check-cfg/cargo-specifics.html> for more information about checking conditional configuration

warning: unexpected `cfg` condition name: `llvm_component`
   --> submodules/rust/compiler/rustc_llvm/src/lib.rs:234:9
    |
234 |         llvm_component = "bpf",
    |         ^^^^^^^^^^^^^^^^^^^^^^
    |
    = help: consider using a Cargo feature instead
    = help: or consider adding in `Cargo.toml` the `check-cfg` lint config for the lint:
             [lints.rust]
             unexpected_cfgs = { level = "warn", check-cfg = ['cfg(llvm_component, values("bpf"))'] }
    = help: or consider adding `println!("cargo::rustc-check-cfg=cfg(llvm_component, values(\"bpf\"))");` to the top of the `build.rs`
    = note: see <https://doc.rust-lang.org/nightly/rustc/check-cfg/cargo-specifics.html> for more information about checking conditional configuration

warning: `rustc_llvm` (lib) generated 19 warnings
   Compiling cargo2nix v0.1.0 (/mnt/data1/nix/vendor/rust/cargo2nix/crates/cargo2nix)
   Compiling solana-monster-system v0.1.0 (/mnt/data1/nix/vendor/rust/cargo2nix/crates/solana-monster-system)
warning: unused import: `crate::bott_universal_synthesis::BottUniversalSynthesis`
 --> crates/solana-monster-system/src/architectural_journey.rs:1:5
  |
1 | use crate::bott_universal_synthesis::BottUniversalSynthesis;
  |     ^^^^^^^^^^^^^^^^^^^^^^^^^^^^^^^^^^^^^^^^^^^^^^^^^^^^^^^
  |
  = note: `#[warn(unused_imports)]` (part of `#[warn(unused)]`) on by default

warning: unused import: `std::collections::HashMap`
 --> crates/solana-monster-system/src/architectural_journey.rs:2:5
  |
2 | use std::collections::HashMap;
  |     ^^^^^^^^^^^^^^^^^^^^^^^^^

warning: unused import: `std::collections::HashMap`
 --> crates/solana-monster-system/src/bott_universal_synthesis.rs:4:5
  |
4 | use std::collections::HashMap;
  |     ^^^^^^^^^^^^^^^^^^^^^^^^^

warning: unused import: `TraitSignature`
 --> crates/solana-monster-system/src/compiler_analyzer.rs:1:57
  |
1 | use crate::trait_extractor::{CodeBlock, TraitExtractor, TraitSignature};
  |                                                         ^^^^^^^^^^^^^^

warning: unused import: `std::collections::HashSet`
 --> crates/solana-monster-system/src/compiler_analyzer.rs:2:5
  |
2 | use std::collections::HashSet;
  |     ^^^^^^^^^^^^^^^^^^^^^^^^^

warning: unused import: `std::collections::HashMap`
 --> crates/solana-monster-system/src/dual_integrity_synthesis.rs:3:5
  |
3 | use std::collections::HashMap;
  |     ^^^^^^^^^^^^^^^^^^^^^^^^^

warning: unused imports: `MonsterTarget` and `VernacularEmbedding`
 --> crates/solana-monster-system/src/interactive_constraint_matcher.rs:2:38
  |
2 | use crate::vernacular_monster_path::{MonsterTarget, VernacularEmbedding};
  |                                      ^^^^^^^^^^^^^  ^^^^^^^^^^^^^^^^^^^

warning: unused import: `CStr`
 --> crates/solana-monster-system/src/libminizinc_integration.rs:2:16
  |
2 | use std::ffi::{CStr, CString};
  |                ^^^^

warning: unused import: `get_monster_group_order_u128`
 --> crates/solana-monster-system/src/meta_meme_spore.rs:2:5
  |
2 |     get_monster_group_order_u128, HECKE_EIGENVALUES, MONSTER_GROUP_REPRESENTATION_DIMENSION,
  |     ^^^^^^^^^^^^^^^^^^^^^^^^^^^^

warning: unused import: `CStr`
 --> crates/solana-monster-system/src/monster_ffi.rs:1:16
  |
1 | use std::ffi::{CStr, CString};
  |                ^^^^

warning: unused import: `std::collections::HashMap`
 --> crates/solana-monster-system/src/perfect_mathematical_compiler.rs:2:5
  |
2 | use std::collections::HashMap;
  |     ^^^^^^^^^^^^^^^^^^^^^^^^^

warning: unused import: `std::collections::HashMap`
 --> crates/solana-monster-system/src/r1cs_monster_constraints.rs:1:5
  |
1 | use std::collections::HashMap;
  |     ^^^^^^^^^^^^^^^^^^^^^^^^^

warning: unused import: `HashSet`
 --> crates/solana-monster-system/src/sat_zkp_prover.rs:2:33
  |
2 | use std::collections::{HashMap, HashSet};
  |                                 ^^^^^^^

warning: unused import: `std::collections::HashMap`
 --> crates/solana-monster-system/src/topological_zkp.rs:2:5
  |
2 | use std::collections::HashMap;
  |     ^^^^^^^^^^^^^^^^^^^^^^^^^

warning: unused import: `std::collections::HashMap`
 --> crates/solana-monster-system/src/ultimate_synthesis.rs:1:5
  |
1 | use std::collections::HashMap;
  |     ^^^^^^^^^^^^^^^^^^^^^^^^^

warning: unused imports: `ItemEnum` and `ItemStruct`
   --> crates/solana-monster-system/src/lib.rs:190:17
    |
190 | use syn::{self, ItemEnum, ItemStruct};
    |                 ^^^^^^^^  ^^^^^^^^^^

warning: unused variable: `result`
   --> crates/solana-monster-system/src/architectural_journey.rs:303:52
    |
303 |     fn document_phase(&mut self, phase_name: &str, result: impl std::fmt::Debug) {
    |                                                    ^^^^^^ help: if this is intentional, prefix it with an underscore: `_result`
    |
    = note: `#[warn(unused_variables)]` (part of `#[warn(unused)]`) on by default

warning: unused variable: `i`
  --> crates/solana-monster-system/src/binary_power_system.rs:41:13
   |
41 |         for i in 0..self.power_of_two {
   |             ^
   |
help: if this is intentional, prefix it with an underscore
   |
41 |         for _i in 0..self.power_of_two {
   |             +
help: you might have meant to pattern match on the similarly named constant `MONSTER_GROUP_SUPERSINGULAR_PRIME_FACTORS_COUNT`
   |
41 -         for i in 0..self.power_of_two {
41 +         for core_constants::MONSTER_GROUP_SUPERSINGULAR_PRIME_FACTORS_COUNT in 0..self.power_of_two {
   |

warning: unused variable: `integrity_result`
   --> crates/solana-monster-system/src/bott_universal_synthesis.rs:229:13
    |
229 |         let integrity_result = self.dual_integrity.verify_complete_integrity(
    |             ^^^^^^^^^^^^^^^^ help: if this is intentional, prefix it with an underscore: `_integrity_result`

warning: unused variable: `fiber`
   --> crates/solana-monster-system/src/bott_universal_synthesis.rs:371:9
    |
371 |         fiber: &MemeSpace,
    |         ^^^^^ help: if this is intentional, prefix it with an underscore: `_fiber`

warning: unused variable: `err`
   --> crates/solana-monster-system/src/bott_universal_synthesis.rs:598:13
    |
598 |     fn from(err: crate::dual_integrity_synthesis::IntegrityError) -> Self {
    |             ^^^ help: if this is intentional, prefix it with an underscore: `_err`

warning: unused variable: `source_code`
   --> crates/solana-monster-system/src/bulk_boundary_correspondence.rs:348:35
    |
348 |     fn analyze_type_system(&self, source_code: &str) -> TypeSystemState {
    |                                   ^^^^^^^^^^^ help: if this is intentional, prefix it with an underscore: `_source_code`

warning: unused variable: `build_config`
   --> crates/solana-monster-system/src/bulk_boundary_correspondence.rs:356:41
    |
356 |     fn parse_build_configuration(&self, build_config: &str) -> BuildConfiguration {
    |                                         ^^^^^^^^^^^^ help: if this is intentional, prefix it with an underscore: `_build_config`

warning: unused variable: `source_code`
   --> crates/solana-monster-system/src/bulk_boundary_correspondence.rs:365:33
    |
365 |     fn trace_compilation(&self, source_code: &str, _build_config: &str) -> ComputationTrace {
    |                                 ^^^^^^^^^^^ help: if this is intentional, prefix it with an underscore: `_source_code`

warning: unused variable: `bulk`
   --> crates/solana-monster-system/src/bulk_boundary_correspondence.rs:506:9
    |
506 |         bulk: &BulkState,
    |         ^^^^ help: if this is intentional, prefix it with an underscore: `_bulk`

warning: unused variable: `boundary`
   --> crates/solana-monster-system/src/bulk_boundary_correspondence.rs:537:9
    |
537 |         boundary: &BoundaryInvariants,
    |         ^^^^^^^^ help: if this is intentional, prefix it with an underscore: `_boundary`

warning: unused variable: `commitment`
   --> crates/solana-monster-system/src/bulk_boundary_correspondence.rs:538:9
    |
538 |         commitment: &BulkCommitment,
    |         ^^^^^^^^^^ help: if this is intentional, prefix it with an underscore: `_commitment`

warning: unused variable: `i`
  --> crates/solana-monster-system/src/complexity_geometric_checker.rs:98:20
   |
98 |             .map(|(i, &(prime, exp))| {
   |                    ^ help: if this is intentional, prefix it with an underscore: `_i`

warning: unused variable: `source_code`
   --> crates/solana-monster-system/src/dual_integrity_synthesis.rs:486:22
    |
486 |     fn commit(&self, source_code: &str, private_data: &[u8]) -> Result<Commitment, IntegrityError> {
    |                      ^^^^^^^^^^^ help: if this is intentional, prefix it with an underscore: `_source_code`

warning: unused variable: `private_data`
   --> crates/solana-monster-system/src/dual_integrity_synthesis.rs:486:41
    |
486 |     fn commit(&self, source_code: &str, private_data: &[u8]) -> Result<Commitment, IntegrityError> {
    |                                         ^^^^^^^^^^^^ help: if this is intentional, prefix it with an underscore: `_private_data`

warning: unused variable: `err`
   --> crates/solana-monster-system/src/dual_integrity_synthesis.rs:643:13
    |
643 |     fn from(err: crate::wodzicki_residue_zkp::ResidueError) -> Self {
    |             ^^^ help: if this is intentional, prefix it with an underscore: `_err`

warning: unused variable: `constraint`
  --> crates/solana-monster-system/src/forty_six_system.rs:24:13
   |
24 |         let constraint = &self.constraints_46[bit_position];
   |             ^^^^^^^^^^ help: if this is intentional, prefix it with an underscore: `_constraint`

warning: unused variable: `total_connections`
   --> crates/solana-monster-system/src/lattice_introspector.rs:146:13
    |
146 |         let total_connections = self
    |             ^^^^^^^^^^^^^^^^^ help: if this is intentional, prefix it with an underscore: `_total_connections`

warning: unused variable: `index`
  --> crates/solana-monster-system/src/meta_meme_spore.rs:87:34
   |
87 |     fn allocate_resources(&self, index: usize, total: usize) -> ResourceAllocation {
   |                                  ^^^^^ help: if this is intentional, prefix it with an underscore: `_index`

warning: variable does not need to be mutable
   --> crates/solana-monster-system/src/minizinc_data_structures.rs:246:13
    |
246 |         let mut objective_value = None;
    |             ----^^^^^^^^^^^^^^^
    |             |
    |             help: remove this `mut`
    |
    = note: `#[warn(unused_mut)]` (part of `#[warn(unused)]`) on by default

warning: unused variable: `context`
   --> crates/solana-monster-system/src/perfect_mathematical_compiler.rs:435:9
    |
435 |         context: &CompilationContext,
    |         ^^^^^^^ help: if this is intentional, prefix it with an underscore: `_context`

warning: unused variable: `context`
   --> crates/solana-monster-system/src/perfect_mathematical_compiler.rs:463:9
    |
463 |         context: &CompilationContext,
    |         ^^^^^^^ help: if this is intentional, prefix it with an underscore: `_context`

warning: unused variable: `clause`
   --> crates/solana-monster-system/src/sat_zkp_prover.rs:323:17
    |
323 |         for (i, clause) in constraints.iter().enumerate() {
    |                 ^^^^^^ help: if this is intentional, prefix it with an underscore: `_clause`

warning: unused variable: `order`
   --> crates/solana-monster-system/src/sat_zkp_prover.rs:495:69
    |
495 |     fn add_monster_constraint(&mut self, input: &str, output: &str, order: i64) {
    |                                                                     ^^^^^
    |
help: if this is intentional, prefix it with an underscore
    |
495 |     fn add_monster_constraint(&mut self, input: &str, output: &str, _order: i64) {
    |                                                                     +
help: you might have meant to pattern match on the similarly named constant `ZERO`
    |
495 -     fn add_monster_constraint(&mut self, input: &str, output: &str, order: i64) {
495 +     fn add_monster_constraint(&mut self, input: &str, output: &str, zero::ZERO: i64) {
    |

warning: unused variable: `solution`
   --> crates/solana-monster-system/src/sat_zkp_prover.rs:623:9
    |
623 |         solution: &SATSolution,
    |         ^^^^^^^^ help: if this is intentional, prefix it with an underscore: `_solution`

warning: unused variable: `self_embedding`
  --> crates/solana-monster-system/src/self_describing_monster.rs:30:13
   |
30 |         let self_embedding = Self::describe_self();
   |             ^^^^^^^^^^^^^^ help: if this is intentional, prefix it with an underscore: `_self_embedding`

warning: unused variable: `self_target`
  --> crates/solana-monster-system/src/self_describing_monster.rs:31:13
   |
31 |         let self_target = Self::target_monster();
   |             ^^^^^^^^^^^ help: if this is intentional, prefix it with an underscore: `_self_target`

warning: unused variable: `data`
   --> crates/solana-monster-system/src/topological_zkp.rs:413:41
    |
413 |     fn compute_l_function_values(&self, data: &str) -> Vec<Complex> {
    |                                         ^^^^ help: if this is intentional, prefix it with an underscore: `_data`

warning: unused variable: `trace`
   --> crates/solana-monster-system/src/topological_zkp.rs:441:45
    |
441 |     fn construct_deformation_witness(&self, trace: &CompilationTrace) -> DeformationWitness {
    |                                             ^^^^^ help: if this is intentional, prefix it with an underscore: `_trace`

warning: unused variable: `compiler_system`
   --> crates/solana-monster-system/src/ultimate_synthesis.rs:274:44
    |
274 |     fn apply_j_function_constraints(&self, compiler_system: &CompilerSystem) -> ModularConstraints {
    |                                            ^^^^^^^^^^^^^^^ help: if this is intentional, prefix it with an underscore: `_compiler_system`

warning: unused variable: `private_data`
   --> crates/solana-monster-system/src/wodzicki_residue_zkp.rs:298:9
    |
298 |         private_data: &[u8],
    |         ^^^^^^^^^^^^ help: if this is intentional, prefix it with an underscore: `_private_data`

warning: field `equivalence_statement` is never read
  --> crates/solana-monster-system/src/architectural_journey.rs:22:5
   |
20 | pub struct FoundationalAxiom {
   |            ----------------- field in this struct
21 |     /// Formal equivalence statement
22 |     equivalence_statement: EquivalenceStatement,
   |     ^^^^^^^^^^^^^^^^^^^^^
   |
   = note: `FoundationalAxiom` has derived impls for the traits `Clone` and `Debug`, but these are intentionally ignored during dead code analysis
   = note: `#[warn(dead_code)]` (part of `#[warn(unused)]`) on by default

warning: fields `left_side`, `right_side`, `equivalence_relation`, and `justification` are never read
  --> crates/solana-monster-system/src/architectural_journey.rs:35:5
   |
33 | pub struct EquivalenceStatement {
   |            -------------------- fields in this struct
34 |     /// Left side: rustc
35 |     left_side: CompilerEntity,
   |     ^^^^^^^^^
36 |     /// Right side: Monster Group 𝓜
37 |     right_side: MonsterGroupEntity,
   |     ^^^^^^^^^^
38 |     /// Equivalence relation
39 |     equivalence_relation: EquivalenceRelation,
   |     ^^^^^^^^^^^^^^^^^^^^
40 |     /// Mathematical justification
41 |     justification: MathematicalJustification,
   |     ^^^^^^^^^^^^^
   |
   = note: `EquivalenceStatement` has derived impls for the traits `Clone` and `Debug`, but these are intentionally ignored during dead code analysis

warning: field `decomposition_process` is never read
  --> crates/solana-monster-system/src/architectural_journey.rs:52:5
   |
46 | pub struct SupersingularProtocol {
   |            --------------------- field in this struct
...
52 |     decomposition_process: DecompositionProcess,
   |     ^^^^^^^^^^^^^^^^^^^^^
   |
   = note: `SupersingularProtocol` has a derived impl for the trait `Debug`, but this is intentionally ignored during dead code analysis

warning: fields `modular_machinery`, `l_function_machinery`, and `component_mapping` are never read
  --> crates/solana-monster-system/src/architectural_journey.rs:59:5
   |
57 | pub struct FunctionalMapping {
   |            ----------------- fields in this struct
58 |     /// Modular form machinery
59 |     modular_machinery: ModularFormMachinery,
   |     ^^^^^^^^^^^^^^^^^
60 |     /// L-function machinery
61 |     l_function_machinery: LFunctionMachinery,
   |     ^^^^^^^^^^^^^^^^^^^^
62 |     /// Component mapping system
63 |     component_mapping: ComponentMappingSystem,
   |     ^^^^^^^^^^^^^^^^^
   |
   = note: `FunctionalMapping` has a derived impl for the trait `Debug`, but this is intentionally ignored during dead code analysis

warning: fields `geometric_verification` and `cryptographic_verification` are never read
  --> crates/solana-monster-system/src/architectural_journey.rs:70:5
   |
68 | pub struct VerificationLayer {
   |            ----------------- fields in this struct
69 |     /// Geometric principles verification
70 |     geometric_verification: GeometricVerification,
   |     ^^^^^^^^^^^^^^^^^^^^^^
71 |     /// Modern cryptography verification
72 |     cryptographic_verification: CryptographicVerification,
   |     ^^^^^^^^^^^^^^^^^^^^^^^^^^
   |
   = note: `VerificationLayer` has a derived impl for the trait `Debug`, but this is intentionally ignored during dead code analysis

warning: field `realization_tracker` is never read
  --> crates/solana-monster-system/src/architectural_journey.rs:84:5
   |
78 | pub struct JourneyDocumentation {
   |            -------------------- field in this struct
...
84 |     realization_tracker: RealizationTracker,
   |     ^^^^^^^^^^^^^^^^^^^

warning: fields `phase_id`, `description`, `mathematical_foundations`, and `computational_realizations` are never read
  --> crates/solana-monster-system/src/architectural_journey.rs:91:5
   |
89 | pub struct JourneyPhase {
   |            ------------ fields in this struct
90 |     /// Phase identifier
91 |     phase_id: String,
   |     ^^^^^^^^
92 |     /// Phase description
93 |     description: String,
   |     ^^^^^^^^^^^
94 |     /// Mathematical foundations
95 |     mathematical_foundations: Vec<String>,
   |     ^^^^^^^^^^^^^^^^^^^^^^^^
96 |     /// Computational realizations
97 |     computational_realizations: Vec<String>,
   |     ^^^^^^^^^^^^^^^^^^^^^^^^^^
   |
   = note: `JourneyPhase` has derived impls for the traits `Clone` and `Debug`, but these are intentionally ignored during dead code analysis

warning: fields `name`, `achievement`, `mathematical_significance`, and `computational_impact` are never read
   --> crates/solana-monster-system/src/architectural_journey.rs:106:5
    |
104 | pub struct ArchitecturalMilestone {
    |            ---------------------- fields in this struct
105 |     /// Milestone name
106 |     name: String,
    |     ^^^^
107 |     /// Achievement description
108 |     achievement: String,
    |     ^^^^^^^^^^^
109 |     /// Mathematical significance
110 |     mathematical_significance: String,
    |     ^^^^^^^^^^^^^^^^^^^^^^^^^
111 |     /// Computational impact
112 |     computational_impact: String,
    |     ^^^^^^^^^^^^^^^^^^^^
    |
    = note: `ArchitecturalMilestone` has derived impls for the traits `Clone` and `Debug`, but these are intentionally ignored during dead code analysis

warning: field `name` is never read
   --> crates/solana-monster-system/src/architectural_journey.rs:470:5
    |
469 | pub struct CompilerEntity {
    |            -------------- field in this struct
470 |     name: String,
    |     ^^^^
    |
    = note: `CompilerEntity` has derived impls for the traits `Clone` and `Debug`, but these are intentionally ignored during dead code analysis

warning: field `order` is never read
   --> crates/solana-monster-system/src/architectural_journey.rs:475:5
    |
474 | pub struct MonsterGroupEntity {
    |            ------------------ field in this struct
475 |     order: i64,
    |     ^^^^^
    |
    = note: `MonsterGroupEntity` has derived impls for the traits `Clone` and `Debug`, but these are intentionally ignored during dead code analysis

warning: fields `basis` and `proof_sketch` are never read
   --> crates/solana-monster-system/src/architectural_journey.rs:485:5
    |
484 | pub struct MathematicalJustification {
    |            ------------------------- fields in this struct
485 |     basis: String,
    |     ^^^^^
486 |     proof_sketch: String,
    |     ^^^^^^^^^^^^
    |
    = note: `MathematicalJustification` has derived impls for the traits `Clone` and `Debug`, but these are intentionally ignored during dead code analysis

warning: fields `generators` and `structure_constants` are never read
   --> crates/solana-monster-system/src/architectural_journey.rs:492:5
    |
490 | pub struct MonsterGroupRepresentation {
    |            -------------------------- fields in this struct
491 |     order: i64,
492 |     generators: Vec<i64>,
    |     ^^^^^^^^^^
493 |     structure_constants: Vec<i64>,
    |     ^^^^^^^^^^^^^^^^^^^
    |
    = note: `MonsterGroupRepresentation` has derived impls for the traits `Clone` and `Debug`, but these are intentionally ignored during dead code analysis

warning: field `type_system` is never read
   --> crates/solana-monster-system/src/architectural_journey.rs:499:5
    |
497 | pub struct RustcAbstraction {
    |            ---------------- field in this struct
498 |     compilation_phases: Vec<String>,
499 |     type_system: String,
    |     ^^^^^^^^^^^
    |
    = note: `RustcAbstraction` has derived impls for the traits `Clone` and `Debug`, but these are intentionally ignored during dead code analysis

warning: field `curve_equation` is never read
   --> crates/solana-monster-system/src/architectural_journey.rs:505:5
    |
503 | pub struct SupersingularCurve {
    |            ------------------ field in this struct
504 |     j_invariant: i64,
505 |     curve_equation: String,
    |     ^^^^^^^^^^^^^^
    |
    = note: `SupersingularCurve` has a derived impl for the trait `Debug`, but this is intentionally ignored during dead code analysis

warning: fields `systematic` and `complete` are never read
   --> crates/solana-monster-system/src/architectural_journey.rs:516:5
    |
515 | pub struct DecompositionProcess {
    |            -------------------- fields in this struct
516 |     systematic: bool,
    |     ^^^^^^^^^^
517 |     complete: bool,
    |     ^^^^^^^^
    |
    = note: `DecompositionProcess` has a derived impl for the trait `Debug`, but this is intentionally ignored during dead code analysis

warning: field `complexity` is never read
   --> crates/solana-monster-system/src/architectural_journey.rs:523:5
    |
521 | pub struct CompilerFunction {
    |            ---------------- field in this struct
522 |     name: String,
523 |     complexity: usize,
    |     ^^^^^^^^^^
    |
    = note: `CompilerFunction` has derived impls for the traits `Clone` and `Debug`, but these are intentionally ignored during dead code analysis

warning: fields `function_name`, `curve_index`, and `j_invariant` are never read
   --> crates/solana-monster-system/src/architectural_journey.rs:528:5
    |
527 | pub struct CurveMapping {
    |            ------------ fields in this struct
528 |     function_name: String,
    |     ^^^^^^^^^^^^^
529 |     curve_index: usize,
    |     ^^^^^^^^^^^
530 |     j_invariant: i64,
    |     ^^^^^^^^^^^
    |
    = note: `CurveMapping` has a derived impl for the trait `Debug`, but this is intentionally ignored during dead code analysis

warning: fields `equivalence_verified`, `monster_correspondence`, `axiom_consistent`, and `axiom_strength` are never read
   --> crates/solana-monster-system/src/architectural_journey.rs:536:5
    |
535 | pub struct AxiomEstablishment {
    |            ------------------ fields in this struct
536 |     equivalence_verified: bool,
    |     ^^^^^^^^^^^^^^^^^^^^
537 |     monster_correspondence: bool,
    |     ^^^^^^^^^^^^^^^^^^^^^^
538 |     axiom_consistent: bool,
    |     ^^^^^^^^^^^^^^^^
539 |     axiom_strength: AxiomStrength,
    |     ^^^^^^^^^^^^^^
    |
    = note: `AxiomEstablishment` has a derived impl for the trait `Debug`, but this is intentionally ignored during dead code analysis

warning: fields `functions_decomposed`, `curve_mapping`, `decomposition_complete`, and `protocol_efficiency` are never read
   --> crates/solana-monster-system/src/architectural_journey.rs:550:5
    |
549 | pub struct DecompositionResult {
    |            ------------------- fields in this struct
550 |     functions_decomposed: Vec<CompilerFunction>,
    |     ^^^^^^^^^^^^^^^^^^^^
551 |     curve_mapping: Vec<CurveMapping>,
    |     ^^^^^^^^^^^^^
552 |     decomposition_complete: bool,
    |     ^^^^^^^^^^^^^^^^^^^^^^
553 |     protocol_efficiency: ProtocolEfficiency,
    |     ^^^^^^^^^^^^^^^^^^^
    |
    = note: `DecompositionResult` has a derived impl for the trait `Debug`, but this is intentionally ignored during dead code analysis

warning: fields `modular_mapping`, `l_function_mapping`, `component_integration`, and `mapping_fidelity` are never read
   --> crates/solana-monster-system/src/architectural_journey.rs:564:5
    |
563 | pub struct MappingResult {
    |            ------------- fields in this struct
564 |     modular_mapping: ModularMapping,
    |     ^^^^^^^^^^^^^^^
565 |     l_function_mapping: LFunctionMapping,
    |     ^^^^^^^^^^^^^^^^^^
566 |     component_integration: ComponentIntegration,
    |     ^^^^^^^^^^^^^^^^^^^^^
567 |     mapping_fidelity: MappingFidelity,
    |     ^^^^^^^^^^^^^^^^
    |
    = note: `MappingResult` has a derived impl for the trait `Debug`, but this is intentionally ignored during dead code analysis

warning: fields `geometric_verified`, `cryptographic_verified`, `dual_synthesis_complete`, and `verification_strength` are never read
   --> crates/solana-monster-system/src/architectural_journey.rs:579:5
    |
578 | pub struct VerificationResult {
    |            ------------------ fields in this struct
579 |     geometric_verified: bool,
    |     ^^^^^^^^^^^^^^^^^^
580 |     cryptographic_verified: bool,
    |     ^^^^^^^^^^^^^^^^^^^^^^
581 |     dual_synthesis_complete: bool,
    |     ^^^^^^^^^^^^^^^^^^^^^^^
582 |     verification_strength: VerificationStrength,
    |     ^^^^^^^^^^^^^^^^^^^^^
    |
    = note: `VerificationResult` has a derived impl for the trait `Debug`, but this is intentionally ignored during dead code analysis

warning: fields `journey_complete`, `system_synthesized`, and `computational_system_realized` are never read
   --> crates/solana-monster-system/src/architectural_journey.rs:594:5
    |
593 | pub struct ArchitecturalRealization {
    |            ------------------------ fields in this struct
594 |     journey_complete: bool,
    |     ^^^^^^^^^^^^^^^^
595 |     system_synthesized: bool,
    |     ^^^^^^^^^^^^^^^^^^
596 |     computational_system_realized: bool,
    |     ^^^^^^^^^^^^^^^^^^^^^^^^^^^^^
    |
    = note: `ArchitecturalRealization` has a derived impl for the trait `Debug`, but this is intentionally ignored during dead code analysis

warning: field `complete` is never read
   --> crates/solana-monster-system/src/architectural_journey.rs:624:5
    |
623 | pub struct ModularMapping {
    |            -------------- field in this struct
624 |     complete: bool,
    |     ^^^^^^^^
    |
    = note: `ModularMapping` has a derived impl for the trait `Debug`, but this is intentionally ignored during dead code analysis

warning: field `complete` is never read
   --> crates/solana-monster-system/src/architectural_journey.rs:628:5
    |
627 | pub struct LFunctionMapping {
    |            ---------------- field in this struct
628 |     complete: bool,
    |     ^^^^^^^^
    |
    = note: `LFunctionMapping` has a derived impl for the trait `Debug`, but this is intentionally ignored during dead code analysis

warning: field `integration_coherent` is never read
   --> crates/solana-monster-system/src/architectural_journey.rs:649:5
    |
647 | pub struct PhaseIntegration {
    |            ---------------- field in this struct
648 |     all_phases_complete: bool,
649 |     integration_coherent: bool,
    |     ^^^^^^^^^^^^^^^^^^^^
    |
    = note: `PhaseIntegration` has a derived impl for the trait `Debug`, but this is intentionally ignored during dead code analysis

warning: field `component_coherence` is never read
   --> crates/solana-monster-system/src/architectural_journey.rs:654:5
    |
652 | pub struct ComponentSynthesis {
    |            ------------------ field in this struct
653 |     synthesis_successful: bool,
654 |     component_coherence: bool,
    |     ^^^^^^^^^^^^^^^^^^^
    |
    = note: `ComponentSynthesis` has a derived impl for the trait `Debug`, but this is intentionally ignored during dead code analysis

warning: field `correctness_theorem` is never read
  --> crates/solana-monster-system/src/bott_universal_synthesis.rs:13:5
   |
 7 | pub struct BottUniversalSynthesis {
   |            ---------------------- field in this struct
...
13 |     correctness_theorem: CompilerCorrectnessTheorem,
   |     ^^^^^^^^^^^^^^^^^^^

warning: fields `period_tracker` and `clifford_integration` are never read
  --> crates/solana-monster-system/src/bott_universal_synthesis.rs:31:5
   |
29 | pub struct BottPeriodicityEnforcer {
   |            ----------------------- fields in this struct
30 |     /// Period-8 cycle tracker
31 |     period_tracker: Period8Tracker,
   |     ^^^^^^^^^^^^^^
32 |     /// Clifford algebra integration
33 |     clifford_integration: CliffordAlgebraIntegration,
   |     ^^^^^^^^^^^^^^^^^^^^

warning: fields `topological_k_theory` and `algebraic_k_theory` are never read
  --> crates/solana-monster-system/src/bott_universal_synthesis.rs:39:5
   |
37 | pub struct KTheoryManager {
   |            -------------- fields in this struct
38 |     /// Topological K-theory computer
39 |     topological_k_theory: TopologicalKTheory,
   |     ^^^^^^^^^^^^^^^^^^^^
40 |     /// Algebraic K-theory computer
41 |     algebraic_k_theory: AlgebraicKTheory,
   |     ^^^^^^^^^^^^^^^^^^

warning: fields `geometric_realization`, `mathematical_proof`, `cryptographic_guarantee`, and `universal_properties` are never read
  --> crates/solana-monster-system/src/bott_universal_synthesis.rs:48:5
   |
46 | pub struct UniversalSynthesisResult {
   |            ------------------------ fields in this struct
47 |     /// Fiber bundle geometric realization
48 |     geometric_realization: GeometricRealization,
   |     ^^^^^^^^^^^^^^^^^^^^^
49 |     /// Mathematical soundness proof
50 |     mathematical_proof: MathematicalProof,
   |     ^^^^^^^^^^^^^^^^^^
51 |     /// Cryptographic security guarantee
52 |     cryptographic_guarantee: CryptographicGuarantee,
   |     ^^^^^^^^^^^^^^^^^^^^^^^
53 |     /// Universal architectural properties
54 |     universal_properties: UniversalProperties,
   |     ^^^^^^^^^^^^^^^^^^^^
   |
   = note: `UniversalSynthesisResult` has derived impls for the traits `Clone` and `Debug`, but these are intentionally ignored during dead code analysis

warning: fields `base_space`, `fiber_space`, and `projection_maps` are never read
  --> crates/solana-monster-system/src/bott_universal_synthesis.rs:61:5
   |
59 | pub struct GeometricRealization {
   |            -------------------- fields in this struct
60 |     /// Monster Group base space
61 |     base_space: MonsterGroupSpace,
   |     ^^^^^^^^^^
62 |     /// Meme fiber space
63 |     fiber_space: MemeSpace,
   |     ^^^^^^^^^^^
64 |     /// Bundle projection maps
65 |     projection_maps: ProjectionMaps,
   |     ^^^^^^^^^^^^^^^
   |
   = note: `GeometricRealization` has derived impls for the traits `Clone` and `Debug`, but these are intentionally ignored during dead code analysis

warning: fields `univalence_proof`, `modular_preservation_proof`, and `topological_proof` are never read
  --> crates/solana-monster-system/src/bott_universal_synthesis.rs:74:5
   |
72 | pub struct MathematicalProof {
   |            ----------------- fields in this struct
73 |     /// Univalence principle satisfaction
74 |     univalence_proof: UnivalenceProof,
   |     ^^^^^^^^^^^^^^^^
75 |     /// Modular form preservation proof
76 |     modular_preservation_proof: ModularPreservationProof,
   |     ^^^^^^^^^^^^^^^^^^^^^^^^^^
77 |     /// Topological invariant proof
78 |     topological_proof: TopologicalProof,
   |     ^^^^^^^^^^^^^^^^^
   |
   = note: `MathematicalProof` has derived impls for the traits `Clone` and `Debug`, but these are intentionally ignored during dead code analysis

warning: fields `zkp_validity`, `residue_verification`, and `trace_vanishing` are never read
  --> crates/solana-monster-system/src/bott_universal_synthesis.rs:85:5
   |
83 | pub struct CryptographicGuarantee {
   |            ---------------------- fields in this struct
84 |     /// Zero-knowledge proof validity
85 |     zkp_validity: ZKPValidity,
   |     ^^^^^^^^^^^^
86 |     /// Wodzicki residue verification
87 |     residue_verification: ResidueVerification,
   |     ^^^^^^^^^^^^^^^^^^^^
88 |     /// Trace vanishing confirmation
89 |     trace_vanishing: TraceVanishing,
   |     ^^^^^^^^^^^^^^^
   |
   = note: `CryptographicGuarantee` has derived impls for the traits `Clone` and `Debug`, but these are intentionally ignored during dead code analysis

warning: fields `bott_periodicity`, `k_theory_functorial`, `universal_mapping`, and `architectural_complete` are never read
   --> crates/solana-monster-system/src/bott_universal_synthesis.rs:96:5
    |
 94 | pub struct UniversalProperties {
    |            ------------------- fields in this struct
 95 |     /// Bott periodicity satisfied
 96 |     bott_periodicity: bool,
    |     ^^^^^^^^^^^^^^^^
 97 |     /// K-theory functoriality
 98 |     k_theory_functorial: bool,
    |     ^^^^^^^^^^^^^^^^^^^
 99 |     /// Universal mapping property
100 |     universal_mapping: bool,
    |     ^^^^^^^^^^^^^^^^^
101 |     /// Architectural completeness
102 |     architectural_complete: bool,
    |     ^^^^^^^^^^^^^^^^^^^^^^
    |
    = note: `UniversalProperties` has derived impls for the traits `Clone` and `Debug`, but these are intentionally ignored during dead code analysis

warning: field `clifford_action` is never read
   --> crates/solana-monster-system/src/bott_universal_synthesis.rs:111:5
    |
107 | pub struct BottStructure {
    |            ------------- field in this struct
...
111 |     clifford_action: CliffordAction,
    |     ^^^^^^^^^^^^^^^
    |
    = note: `BottStructure` has derived impls for the traits `Clone` and `Debug`, but these are intentionally ignored during dead code analysis

warning: fields `generators`, `structure_constants`, and `source_encoding` are never read
   --> crates/solana-monster-system/src/bott_universal_synthesis.rs:463:5
    |
461 | pub struct MonsterGroupSpace {
    |            ----------------- fields in this struct
462 |     group_order: i64,
463 |     generators: Vec<i64>,
    |     ^^^^^^^^^^
464 |     structure_constants: Vec<i64>,
    |     ^^^^^^^^^^^^^^^^^^^
465 |     source_encoding: i64,
    |     ^^^^^^^^^^^^^^^
    |
    = note: `MonsterGroupSpace` has derived impls for the traits `Clone` and `Debug`, but these are intentionally ignored during dead code analysis

warning: fields `fiber_coordinates` and `semantic_structure` are never read
   --> crates/solana-monster-system/src/bott_universal_synthesis.rs:471:5
    |
469 | pub struct MemeSpace {
    |            --------- fields in this struct
470 |     dimension: usize,
471 |     fiber_coordinates: Vec<i64>,
    |     ^^^^^^^^^^^^^^^^^
472 |     semantic_structure: Vec<i64>,
    |     ^^^^^^^^^^^^^^^^^^
    |
    = note: `MemeSpace` has derived impls for the traits `Clone` and `Debug`, but these are intentionally ignored during dead code analysis

warning: fields `base_projection` and `fiber_projection` are never read
   --> crates/solana-monster-system/src/bott_universal_synthesis.rs:477:5
    |
476 | pub struct ProjectionMaps {
    |            -------------- fields in this struct
477 |     base_projection: BaseProjection,
    |     ^^^^^^^^^^^^^^^
478 |     fiber_projection: FiberProjection,
    |     ^^^^^^^^^^^^^^^^
    |
    = note: `ProjectionMaps` has derived impls for the traits `Clone` and `Debug`, but these are intentionally ignored during dead code analysis

warning: fields `map_type` and `kernel_dimension` are never read
   --> crates/solana-monster-system/src/bott_universal_synthesis.rs:483:5
    |
482 | pub struct BaseProjection {
    |            -------------- fields in this struct
483 |     map_type: String,
    |     ^^^^^^^^
484 |     kernel_dimension: usize,
    |     ^^^^^^^^^^^^^^^^
    |
    = note: `BaseProjection` has derived impls for the traits `Clone` and `Debug`, but these are intentionally ignored during dead code analysis

warning: fields `map_type` and `image_dimension` are never read
   --> crates/solana-monster-system/src/bott_universal_synthesis.rs:489:5
    |
488 | pub struct FiberProjection {
    |            --------------- fields in this struct
489 |     map_type: String,
    |     ^^^^^^^^
490 |     image_dimension: usize,
    |     ^^^^^^^^^^^^^^^
    |
    = note: `FiberProjection` has derived impls for the traits `Clone` and `Debug`, but these are intentionally ignored during dead code analysis

warning: fields `equivalence_constructed`, `path_extracted`, and `homotopy_type_consistent` are never read
   --> crates/solana-monster-system/src/bott_universal_synthesis.rs:495:5
    |
494 | pub struct UnivalenceProof {
    |            --------------- fields in this struct
495 |     equivalence_constructed: bool,
    |     ^^^^^^^^^^^^^^^^^^^^^^^
496 |     path_extracted: bool,
    |     ^^^^^^^^^^^^^^
497 |     homotopy_type_consistent: bool,
    |     ^^^^^^^^^^^^^^^^^^^^^^^^
    |
    = note: `UnivalenceProof` has derived impls for the traits `Clone` and `Debug`, but these are intentionally ignored during dead code analysis

warning: fields `sl2z_invariant`, `tau_coefficients_preserved`, and `hecke_eigenvalues_consistent` are never read
   --> crates/solana-monster-system/src/bott_universal_synthesis.rs:502:5
    |
501 | pub struct ModularPreservationProof {
    |            ------------------------ fields in this struct
502 |     sl2z_invariant: bool,
    |     ^^^^^^^^^^^^^^
503 |     tau_coefficients_preserved: bool,
    |     ^^^^^^^^^^^^^^^^^^^^^^^^^^
504 |     hecke_eigenvalues_consistent: bool,
    |     ^^^^^^^^^^^^^^^^^^^^^^^^^^^^
    |
    = note: `ModularPreservationProof` has derived impls for the traits `Clone` and `Debug`, but these are intentionally ignored during dead code analysis

warning: fields `euler_characteristic_preserved`, `betti_numbers_invariant`, and `genus_maintained` are never read
   --> crates/solana-monster-system/src/bott_universal_synthesis.rs:509:5
    |
508 | pub struct TopologicalProof {
    |            ---------------- fields in this struct
509 |     euler_characteristic_preserved: bool,
    |     ^^^^^^^^^^^^^^^^^^^^^^^^^^^^^^
510 |     betti_numbers_invariant: bool,
    |     ^^^^^^^^^^^^^^^^^^^^^^^
511 |     genus_maintained: bool,
    |     ^^^^^^^^^^^^^^^^
    |
    = note: `TopologicalProof` has derived impls for the traits `Clone` and `Debug`, but these are intentionally ignored during dead code analysis

warning: fields `valid` and `proof_size` are never read
   --> crates/solana-monster-system/src/bott_universal_synthesis.rs:516:5
    |
515 | pub struct ZKPValidity {
    |            ----------- fields in this struct
516 |     valid: bool,
    |     ^^^^^
517 |     proof_size: usize,
    |     ^^^^^^^^^^
    |
    = note: `ZKPValidity` has derived impls for the traits `Clone` and `Debug`, but these are intentionally ignored during dead code analysis

warning: fields `residue_extracted` and `wodzicki_verified` are never read
   --> crates/solana-monster-system/src/bott_universal_synthesis.rs:522:5
    |
521 | pub struct ResidueVerification {
    |            ------------------- fields in this struct
522 |     residue_extracted: bool,
    |     ^^^^^^^^^^^^^^^^^
523 |     wodzicki_verified: bool,
    |     ^^^^^^^^^^^^^^^^^
    |
    = note: `ResidueVerification` has derived impls for the traits `Clone` and `Debug`, but these are intentionally ignored during dead code analysis

warning: fields `trace_vanished` and `private_data_hidden` are never read
   --> crates/solana-monster-system/src/bott_universal_synthesis.rs:528:5
    |
527 | pub struct TraceVanishing {
    |            -------------- fields in this struct
528 |     trace_vanished: bool,
    |     ^^^^^^^^^^^^^^
529 |     private_data_hidden: bool,
    |     ^^^^^^^^^^^^^^^^^^^
    |
    = note: `TraceVanishing` has derived impls for the traits `Clone` and `Debug`, but these are intentionally ignored during dead code analysis

warning: fields `generators` and `action_matrix` are never read
   --> crates/solana-monster-system/src/bott_universal_synthesis.rs:534:5
    |
533 | pub struct CliffordAction {
    |            -------------- fields in this struct
534 |     generators: Vec<i64>,
    |     ^^^^^^^^^^
535 |     action_matrix: Vec<Vec<i64>>,
    |     ^^^^^^^^^^^^^
    |
    = note: `CliffordAction` has derived impls for the traits `Clone` and `Debug`, but these are intentionally ignored during dead code analysis

warning: field `isomorphism_class` is never read
   --> crates/solana-monster-system/src/bott_universal_synthesis.rs:541:5
    |
539 | pub struct PeriodicityIsomorphism {
    |            ---------------------- field in this struct
540 |     period: usize,
541 |     isomorphism_class: usize,
    |     ^^^^^^^^^^^^^^^^^
    |
    = note: `PeriodicityIsomorphism` has derived impls for the traits `Clone` and `Debug`, but these are intentionally ignored during dead code analysis

warning: fields `type_system_state` and `computation_trace` are never read
  --> crates/solana-monster-system/src/bulk_boundary_correspondence.rs:20:5
   |
16 | pub struct BulkState {
   |            --------- fields in this struct
...
20 |     type_system_state: TypeSystemState,
   |     ^^^^^^^^^^^^^^^^^
...
24 |     computation_trace: ComputationTrace,
   |     ^^^^^^^^^^^^^^^^^
   |
   = note: `BulkState` has derived impls for the traits `Clone` and `Debug`, but these are intentionally ignored during dead code analysis

warning: fields `type_definitions`, `trait_implementations`, and `generic_constraints` are never read
  --> crates/solana-monster-system/src/bulk_boundary_correspondence.rs:54:5
   |
52 | pub struct TypeSystemState {
   |            --------------- fields in this struct
53 |     /// Type definitions
54 |     type_definitions: Vec<TypeDefinition>,
   |     ^^^^^^^^^^^^^^^^
55 |     /// Trait implementations
56 |     trait_implementations: Vec<TraitImpl>,
   |     ^^^^^^^^^^^^^^^^^^^^^
57 |     /// Generic constraints
58 |     generic_constraints: Vec<GenericConstraint>,
   |     ^^^^^^^^^^^^^^^^^^^
   |
   = note: `TypeSystemState` has derived impls for the traits `Clone` and `Debug`, but these are intentionally ignored during dead code analysis

warning: fields `optimization_level`, `features`, and `dependency_versions` are never read
  --> crates/solana-monster-system/src/bulk_boundary_correspondence.rs:65:5
   |
63 | pub struct BuildConfiguration {
   |            ------------------ fields in this struct
64 |     /// Optimization level
65 |     optimization_level: OptimizationLevel,
   |     ^^^^^^^^^^^^^^^^^^
...
69 |     features: Vec<String>,
   |     ^^^^^^^^
70 |     /// Dependency versions
71 |     dependency_versions: HashMap<String, String>,
   |     ^^^^^^^^^^^^^^^^^^^
   |
   = note: `BuildConfiguration` has derived impls for the traits `Clone` and `Debug`, but these are intentionally ignored during dead code analysis

warning: fields `compilation_steps`, `intermediate_reps`, and `transformations` are never read
  --> crates/solana-monster-system/src/bulk_boundary_correspondence.rs:78:5
   |
76 | pub struct ComputationTrace {
   |            ---------------- fields in this struct
77 |     /// Compilation steps
78 |     compilation_steps: Vec<CompilationStep>,
   |     ^^^^^^^^^^^^^^^^^
79 |     /// Intermediate representations
80 |     intermediate_reps: Vec<IntermediateRep>,
   |     ^^^^^^^^^^^^^^^^^
81 |     /// Transformation sequence
82 |     transformations: Vec<Transformation>,
   |     ^^^^^^^^^^^^^^^
   |
   = note: `ComputationTrace` has derived impls for the traits `Clone` and `Debug`, but these are intentionally ignored during dead code analysis

warning: fields `randomness` and `metadata` are never read
   --> crates/solana-monster-system/src/bulk_boundary_correspondence.rs:102:5
    |
 98 | pub struct BulkCommitment {
    |            -------------- fields in this struct
...
102 |     randomness: [u8; 32],
    |     ^^^^^^^^^^
103 |     /// Commitment metadata
104 |     metadata: CommitmentMetadata,
    |     ^^^^^^^^
    |
    = note: `BulkCommitment` has derived impls for the traits `Clone` and `Debug`, but these are intentionally ignored during dead code analysis

warning: field `correspondence_circuit` is never read
   --> crates/solana-monster-system/src/bulk_boundary_correspondence.rs:131:5
    |
127 | pub struct BoundaryStateGenerator {
    |            ---------------------- field in this struct
...
131 |     correspondence_circuit: CorrespondenceCircuit,
    |     ^^^^^^^^^^^^^^^^^^^^^^

warning: fields `public_validator` and `zkp_verifier` are never read
   --> crates/solana-monster-system/src/bulk_boundary_correspondence.rs:137:5
    |
135 | pub struct CorrespondenceVerifier {
    |            ---------------------- fields in this struct
136 |     /// Public parameter validator
137 |     public_validator: PublicValidator,
    |     ^^^^^^^^^^^^^^^^
138 |     /// ZKP verifier
139 |     zkp_verifier: ZKPVerifier,
    |     ^^^^^^^^^^^^

warning: field `modulus` is never read
   --> crates/solana-monster-system/src/bulk_boundary_correspondence.rs:147:5
    |
143 | pub struct CommitmentScheme {
    |            ---------------- field in this struct
...
147 |     modulus: i64, // 196883
    |     ^^^^^^^

warning: fields `public_inputs`, `private_witness`, and `constraints` are never read
   --> crates/solana-monster-system/src/bulk_boundary_correspondence.rs:153:5
    |
151 | pub struct CorrespondenceCircuit {
    |            --------------------- fields in this struct
152 |     /// Public inputs (boundary invariants)
153 |     public_inputs: BoundaryInvariants,
    |     ^^^^^^^^^^^^^
154 |     /// Private witness (bulk state)
155 |     private_witness: BulkState,
    |     ^^^^^^^^^^^^^^^
156 |     /// Correspondence constraints
157 |     constraints: Vec<CorrespondenceConstraint>,
    |     ^^^^^^^^^^^

warning: fields `constraint_type`, `bulk_property`, and `boundary_value` are never read
   --> crates/solana-monster-system/src/bulk_boundary_correspondence.rs:164:5
    |
162 | pub struct CorrespondenceConstraint {
    |            ------------------------ fields in this struct
163 |     /// Constraint type
164 |     constraint_type: ConstraintType,
    |     ^^^^^^^^^^^^^^^
165 |     /// Bulk property being constrained
166 |     bulk_property: BulkProperty,
    |     ^^^^^^^^^^^^^
167 |     /// Expected boundary value
168 |     boundary_value: i64,
    |     ^^^^^^^^^^^^^^
    |
    = note: `CorrespondenceConstraint` has a derived impl for the trait `Debug`, but this is intentionally ignored during dead code analysis

warning: field `structure_verifier` is never read
  --> crates/solana-monster-system/src/compiler_correctness_theorem.rs:11:5
   |
 5 | pub struct CompilerCorrectnessTheorem {
   |            -------------------------- field in this struct
...
11 |     structure_verifier: ModularStructureVerifier,
   |     ^^^^^^^^^^^^^^^^^^

warning: fields `source_form`, `target_form`, and `isomorphism_witness` are never read
  --> crates/solana-monster-system/src/compiler_correctness_theorem.rs:18:5
   |
16 | pub struct CorrectnessProof {
   |            ---------------- fields in this struct
17 |     /// Source code modular form
18 |     source_form: ModularFormOrbit,
   |     ^^^^^^^^^^^
19 |     /// Target code modular form  
20 |     target_form: ModularFormOrbit,
   |     ^^^^^^^^^^^
21 |     /// SL₂(ℤ)-isomorphism witness
22 |     isomorphism_witness: IsomorphismWitness,
   |     ^^^^^^^^^^^^^^^^^^^
   |
   = note: `CorrectnessProof` has derived impls for the traits `Clone` and `Debug`, but these are intentionally ignored during dead code analysis

warning: fields `transformation_sequence`, `structure_preservation`, and `monster_invariants_preserved` are never read
  --> crates/solana-monster-system/src/compiler_correctness_theorem.rs:31:5
   |
29 | pub struct IsomorphismWitness {
   |            ------------------ fields in this struct
30 |     /// Sequence of SL₂(ℤ) transformations
31 |     transformation_sequence: Vec<SL2ZTransformation>,
   |     ^^^^^^^^^^^^^^^^^^^^^^^
32 |     /// Modular structure preservation proof
33 |     structure_preservation: StructurePreservation,
   |     ^^^^^^^^^^^^^^^^^^^^^^
34 |     /// Monster Group invariant verification
35 |     monster_invariants_preserved: bool,
   |     ^^^^^^^^^^^^^^^^^^^^^^^^^^^^
   |
   = note: `IsomorphismWitness` has derived impls for the traits `Clone` and `Debug`, but these are intentionally ignored during dead code analysis

warning: field `verified_transformations` is never read
  --> crates/solana-monster-system/src/compiler_correctness_theorem.rs:67:5
   |
65 | pub struct ModularStructureVerifier {
   |            ------------------------ field in this struct
66 |     /// Known correct transformations
67 |     verified_transformations: HashMap<String, TransformationType>,
   |     ^^^^^^^^^^^^^^^^^^^^^^^^

warning: field `modular_form_coefficients` is never read
  --> crates/solana-monster-system/src/dual_integrity_framework.rs:12:5
   |
10 | pub struct GeometricTrack {
   |            -------------- field in this struct
11 |     monster_group_invariants: [i64; 5],
12 |     modular_form_coefficients: HashMap<usize, i64>,
   |     ^^^^^^^^^^^^^^^^^^^^^^^^^

warning: fields `geometric_hash` and `crypto_hash` are never read
  --> crates/solana-monster-system/src/dual_integrity_framework.rs:24:5
   |
23 | struct IntegrityProof {
   |        -------------- fields in this struct
24 |     geometric_hash: [u8; 32],
   |     ^^^^^^^^^^^^^^
25 |     crypto_hash: [u8; 32],
   |     ^^^^^^^^^^^
   |
   = note: `IntegrityProof` has a derived impl for the trait `Clone`, but this is intentionally ignored during dead code analysis

warning: fields `bundle_coherent`, `modular_consistent`, and `hecke_valid` are never read
   --> crates/solana-monster-system/src/dual_integrity_framework.rs:236:5
    |
234 | struct GeometricResult {
    |        --------------- fields in this struct
235 |     is_valid: bool,
236 |     bundle_coherent: bool,
    |     ^^^^^^^^^^^^^^^
237 |     modular_consistent: bool,
    |     ^^^^^^^^^^^^^^^^^^
238 |     hecke_valid: bool,
    |     ^^^^^^^^^^^

warning: fields `merkle_verified`, `signatures_valid`, and `hashes_valid` are never read
   --> crates/solana-monster-system/src/dual_integrity_framework.rs:243:5
    |
241 | struct CryptoResult {
    |        ------------ fields in this struct
242 |     is_valid: bool,
243 |     merkle_verified: bool,
    |     ^^^^^^^^^^^^^^^
244 |     signatures_valid: bool,
    |     ^^^^^^^^^^^^^^^^
245 |     hashes_valid: bool,
    |     ^^^^^^^^^^^^

warning: field `zkp_verifier` is never read
  --> crates/solana-monster-system/src/dual_integrity_synthesis.rs:32:5
   |
26 | pub struct CryptographicSecurity {
   |            --------------------- field in this struct
...
32 |     zkp_verifier: ZKProofVerifier,
   |     ^^^^^^^^^^^^

warning: field `integrity_assessor` is never read
  --> crates/solana-monster-system/src/dual_integrity_synthesis.rs:42:5
   |
36 | pub struct SynthesisCoordinator {
   |            -------------------- field in this struct
...
42 |     integrity_assessor: CompleteIntegrityAssessor,
   |     ^^^^^^^^^^^^^^^^^^

warning: fields `mathematical_sound`, `cryptographically_secure`, `cross_validated`, `principles_satisfied`, and `system_integrity` are never read
  --> crates/solana-monster-system/src/dual_integrity_synthesis.rs:49:5
   |
47 | pub struct CompleteIntegrityResult {
   |            ----------------------- fields in this struct
48 |     /// Mathematical soundness verification
49 |     mathematical_sound: bool,
   |     ^^^^^^^^^^^^^^^^^^
50 |     /// Cryptographic security verification
51 |     cryptographically_secure: bool,
   |     ^^^^^^^^^^^^^^^^^^^^^^^^
52 |     /// Cross-track validation
53 |     cross_validated: bool,
   |     ^^^^^^^^^^^^^^^
54 |     /// Architectural principles satisfied
55 |     principles_satisfied: bool,
   |     ^^^^^^^^^^^^^^^^^^^^
56 |     /// Overall system integrity
57 |     system_integrity: SystemIntegrity,
   |     ^^^^^^^^^^^^^^^^
   |
   = note: `CompleteIntegrityResult` has derived impls for the traits `Clone` and `Debug`, but these are intentionally ignored during dead code analysis

warning: fields `shared_invariants_valid` and `contradiction_free` are never read
   --> crates/solana-monster-system/src/dual_integrity_synthesis.rs:105:5
    |
101 | pub struct CrossValidationResult {
    |            --------------------- fields in this struct
...
105 |     shared_invariants_valid: bool,
    |     ^^^^^^^^^^^^^^^^^^^^^^^
106 |     /// No contradictions detected
107 |     contradiction_free: bool,
    |     ^^^^^^^^^^^^^^^^^^
    |
    = note: `CrossValidationResult` has derived impls for the traits `Clone` and `Debug`, but these are intentionally ignored during dead code analysis

warning: field `tau_verifier` is never read
   --> crates/solana-monster-system/src/dual_integrity_synthesis.rs:115:5
    |
111 | pub struct ModularStructureAnalyzer {
    |            ------------------------ field in this struct
...
115 |     tau_verifier: TauCoefficientVerifier,
    |     ^^^^^^^^^^^^

warning: fields `euler_computer` and `betti_computer` are never read
   --> crates/solana-monster-system/src/dual_integrity_synthesis.rs:121:5
    |
119 | pub struct TopologicalInvariantComputer {
    |            ---------------------------- fields in this struct
120 |     /// Euler characteristic computer
121 |     euler_computer: EulerCharacteristicComputer,
    |     ^^^^^^^^^^^^^^
122 |     /// Betti number computer
123 |     betti_computer: BettiNumberComputer,
    |     ^^^^^^^^^^^^^^

warning: fields `pedersen_params` and `monster_enhancement` are never read
   --> crates/solana-monster-system/src/dual_integrity_synthesis.rs:129:5
    |
127 | pub struct CryptographicCommitment {
    |            ----------------------- fields in this struct
128 |     /// Pedersen commitment parameters
129 |     pedersen_params: PedersenParameters,
    |     ^^^^^^^^^^^^^^^
130 |     /// Monster Group commitment enhancement
131 |     monster_enhancement: MonsterGroupEnhancement,
    |     ^^^^^^^^^^^^^^^^^^^

warning: fields `validation_engine` and `soundness_checker` are never read
   --> crates/solana-monster-system/src/dual_integrity_synthesis.rs:137:5
    |
135 | pub struct ZKProofVerifier {
    |            --------------- fields in this struct
136 |     /// Proof validation engine
137 |     validation_engine: ProofValidationEngine,
    |     ^^^^^^^^^^^^^^^^^
138 |     /// Soundness checker
139 |     soundness_checker: SoundnessChecker,
    |     ^^^^^^^^^^^^^^^^^

warning: fields `weight`, `level`, and `coefficients` are never read
   --> crates/solana-monster-system/src/dual_integrity_synthesis.rs:513:5
    |
512 | pub struct ModularForm {
    |            ----------- fields in this struct
513 |     weight: usize,
    |     ^^^^^^
514 |     level: usize,
    |     ^^^^^
515 |     coefficients: Vec<i64>,
    |     ^^^^^^^^^^^^
    |
    = note: `ModularForm` has a derived impl for the trait `Debug`, but this is intentionally ignored during dead code analysis

warning: field `randomness` is never read
   --> crates/solana-monster-system/src/dual_integrity_synthesis.rs:521:5
    |
519 | pub struct Commitment {
    |            ---------- field in this struct
520 |     value: [u8; 32],
521 |     randomness: [u8; 32],
    |     ^^^^^^^^^^
    |
    = note: `Commitment` has a derived impl for the trait `Debug`, but this is intentionally ignored during dead code analysis

warning: field `synthesis_engine` is never read
 --> crates/solana-monster-system/src/perfect_mathematical_compiler.rs:7:5
  |
5 | pub struct PerfectMathematicalCompiler {
  |            --------------------------- field in this struct
6 |     /// Ultimate synthesis engine
7 |     synthesis_engine: UltimateSynthesis,
  |     ^^^^^^^^^^^^^^^^

warning: fields `topology_guarantor`, `arithmetic_enforcer`, `symmetry_realizer`, and `syntactic_verifier` are never read
  --> crates/solana-monster-system/src/perfect_mathematical_compiler.rs:19:5
   |
17 | pub struct PerfectObjectRealizer {
   |            --------------------- fields in this struct
18 |     /// Topological stability guarantor
19 |     topology_guarantor: TopologicalStabilityGuarantor,
   |     ^^^^^^^^^^^^^^^^^^
20 |     /// Arithmetic constraint enforcer
21 |     arithmetic_enforcer: ArithmeticConstraintEnforcer,
   |     ^^^^^^^^^^^^^^^^^^^
22 |     /// Maximal symmetry realizer
23 |     symmetry_realizer: MaximalSymmetryRealizer,
   |     ^^^^^^^^^^^^^^^^^
24 |     /// Syntactic correctness verifier
25 |     syntactic_verifier: SyntacticCorrectnessVerifier,
   |     ^^^^^^^^^^^^^^^^^^

warning: fields `mathematics_verifier`, `cryptographic_prover`, and `convergence_coordinator` are never read
  --> crates/solana-monster-system/src/perfect_mathematical_compiler.rs:31:5
   |
29 | pub struct ConvergentVerifier {
   |            ------------------ fields in this struct
30 |     /// Deep mathematics verifier
31 |     mathematics_verifier: DeepMathematicsVerifier,
   |     ^^^^^^^^^^^^^^^^^^^^
32 |     /// Cryptographic proof system
33 |     cryptographic_prover: CryptographicProver,
   |     ^^^^^^^^^^^^^^^^^^^^
34 |     /// Convergence coordinator
35 |     convergence_coordinator: ConvergenceCoordinator,
   |     ^^^^^^^^^^^^^^^^^^^^^^^

warning: fields `integrity_prover`, `verifiable_coordinator`, and `realization_validator` are never read
  --> crates/solana-monster-system/src/perfect_mathematical_compiler.rs:41:5
   |
39 | pub struct MathematicalGuaranteeSystem {
   |            --------------------------- fields in this struct
40 |     /// Integrity proof generator
41 |     integrity_prover: IntegrityProver,
   |     ^^^^^^^^^^^^^^^^
42 |     /// Verifiable act coordinator
43 |     verifiable_coordinator: VerifiableActCoordinator,
   |     ^^^^^^^^^^^^^^^^^^^^^^
44 |     /// Perfect realization validator
45 |     realization_validator: PerfectRealizationValidator,
   |     ^^^^^^^^^^^^^^^^^^^^^

warning: fields `syntactic_correctness`, `topological_stability`, `arithmetic_constraints`, and `maximal_symmetry` are never read
  --> crates/solana-monster-system/src/perfect_mathematical_compiler.rs:52:5
   |
50 | pub struct PerfectMathematicalObject {
   |            ------------------------- fields in this struct
51 |     /// Syntactic correctness guarantee
52 |     syntactic_correctness: SyntacticCorrectness,
   |     ^^^^^^^^^^^^^^^^^^^^^
53 |     /// Topological stability guarantee
54 |     topological_stability: TopologicalStability,
   |     ^^^^^^^^^^^^^^^^^^^^^
55 |     /// Arithmetic constraint satisfaction
56 |     arithmetic_constraints: ArithmeticConstraintSatisfaction,
   |     ^^^^^^^^^^^^^^^^^^^^^^
57 |     /// Maximal symmetry realization
58 |     maximal_symmetry: MaximalSymmetryRealization,
   |     ^^^^^^^^^^^^^^^^
   |
   = note: `PerfectMathematicalObject` has derived impls for the traits `Clone` and `Debug`, but these are intentionally ignored during dead code analysis

warning: fields `syntax_valid`, `type_consistent`, and `rust_compliant` are never read
  --> crates/solana-monster-system/src/perfect_mathematical_compiler.rs:67:5
   |
65 | pub struct SyntacticCorrectness {
   |            -------------------- fields in this struct
66 |     /// Traditional syntactic validity
67 |     syntax_valid: bool,
   |     ^^^^^^^^^^^^
...
71 |     type_consistent: bool,
   |     ^^^^^^^^^^^^^^^
72 |     /// Rust language compliance
73 |     rust_compliant: bool,
   |     ^^^^^^^^^^^^^^
   |
   = note: `SyntacticCorrectness` has derived impls for the traits `Clone` and `Debug`, but these are intentionally ignored during dead code analysis

warning: fields `k_theory_stable`, `period_8_preserved`, and `index_theory_valid` are never read
  --> crates/solana-monster-system/src/perfect_mathematical_compiler.rs:82:5
   |
78 | pub struct TopologicalStability {
   |            -------------------- fields in this struct
...
82 |     k_theory_stable: bool,
   |     ^^^^^^^^^^^^^^^
83 |     /// Period-8 structure preserved
84 |     period_8_preserved: bool,
   |     ^^^^^^^^^^^^^^^^^^
85 |     /// Index theory validated
86 |     index_theory_valid: bool,
   |     ^^^^^^^^^^^^^^^^^^
   |
   = note: `TopologicalStability` has derived impls for the traits `Clone` and `Debug`, but these are intentionally ignored during dead code analysis

warning: fields `tau_constraints_satisfied`, `hecke_consistent`, and `monster_action_preserved` are never read
  --> crates/solana-monster-system/src/perfect_mathematical_compiler.rs:93:5
   |
91 | pub struct ArithmeticConstraintSatisfaction {
   |            -------------------------------- fields in this struct
92 |     /// Ramanujan τ-function constraints satisfied
93 |     tau_constraints_satisfied: bool,
   |     ^^^^^^^^^^^^^^^^^^^^^^^^^
94 |     /// Hecke eigenvalue consistency
95 |     hecke_consistent: bool,
   |     ^^^^^^^^^^^^^^^^
96 |     /// Monster Group action preserved
97 |     monster_action_preserved: bool,
   |     ^^^^^^^^^^^^^^^^^^^^^^^^
   |
   = note: `ArithmeticConstraintSatisfaction` has derived impls for the traits `Clone` and `Debug`, but these are intentionally ignored during dead code analysis

warning: fields `maximal_structure_realized`, `symmetry_order`, and `sporadic_properties_satisfied` are never read
   --> crates/solana-monster-system/src/perfect_mathematical_compiler.rs:108:5
    |
104 | pub struct MaximalSymmetryRealization {
    |            -------------------------- fields in this struct
...
108 |     maximal_structure_realized: bool,
    |     ^^^^^^^^^^^^^^^^^^^^^^^^^^
109 |     /// Symmetry group order: 196883
110 |     symmetry_order: i64,
    |     ^^^^^^^^^^^^^^
111 |     /// Sporadic group properties satisfied
112 |     sporadic_properties_satisfied: bool,
    |     ^^^^^^^^^^^^^^^^^^^^^^^^^^^^^
    |
    = note: `MaximalSymmetryRealization` has derived impls for the traits `Clone` and `Debug`, but these are intentionally ignored during dead code analysis

warning: fields `mathematical_proof`, `cryptographic_proof`, and `convergent_verification` are never read
   --> crates/solana-monster-system/src/perfect_mathematical_compiler.rs:119:5
    |
117 | pub struct ProvableIntegrity {
    |            ----------------- fields in this struct
118 |     /// Mathematical proof of correctness
119 |     mathematical_proof: MathematicalProof,
    |     ^^^^^^^^^^^^^^^^^^
120 |     /// Cryptographic proof of integrity
121 |     cryptographic_proof: CryptographicProof,
    |     ^^^^^^^^^^^^^^^^^^^
122 |     /// Convergent verification
123 |     convergent_verification: ConvergentVerification,
    |     ^^^^^^^^^^^^^^^^^^^^^^^
    |
    = note: `ProvableIntegrity` has derived impls for the traits `Clone` and `Debug`, but these are intentionally ignored during dead code analysis

warning: fields `modular_preservation_proof`, `topological_invariant_proof`, and `monster_consistency_proof` are never read
   --> crates/solana-monster-system/src/perfect_mathematical_compiler.rs:134:5
    |
130 | pub struct MathematicalProof {
    |            ----------------- fields in this struct
...
134 |     modular_preservation_proof: bool,
    |     ^^^^^^^^^^^^^^^^^^^^^^^^^^
135 |     /// Topological invariant proof
136 |     topological_invariant_proof: bool,
    |     ^^^^^^^^^^^^^^^^^^^^^^^^^^^
137 |     /// Monster Group consistency proof
138 |     monster_consistency_proof: bool,
    |     ^^^^^^^^^^^^^^^^^^^^^^^^^
    |
    = note: `MathematicalProof` has derived impls for the traits `Clone` and `Debug`, but these are intentionally ignored during dead code analysis

warning: fields `wodzicki_verified`, `trace_vanished`, and `commitment_binding` are never read
   --> crates/solana-monster-system/src/perfect_mathematical_compiler.rs:147:5
    |
143 | pub struct CryptographicProof {
    |            ------------------ fields in this struct
...
147 |     wodzicki_verified: bool,
    |     ^^^^^^^^^^^^^^^^^
148 |     /// Trace vanishing confirmed
149 |     trace_vanished: bool,
    |     ^^^^^^^^^^^^^^
150 |     /// Commitment scheme binding
151 |     commitment_binding: bool,
    |     ^^^^^^^^^^^^^^^^^^
    |
    = note: `CryptographicProof` has derived impls for the traits `Clone` and `Debug`, but these are intentionally ignored during dead code analysis

warning: fields `convergence_achieved`, `mutual_reinforcement`, and `contradiction_free` are never read
   --> crates/solana-monster-system/src/perfect_mathematical_compiler.rs:158:5
    |
156 | pub struct ConvergentVerification {
    |            ---------------------- fields in this struct
157 |     /// Mathematics and cryptography converged
158 |     convergence_achieved: bool,
    |     ^^^^^^^^^^^^^^^^^^^^
159 |     /// Mutual reinforcement verified
160 |     mutual_reinforcement: bool,
    |     ^^^^^^^^^^^^^^^^^^^^
161 |     /// No contradictions detected
162 |     contradiction_free: bool,
    |     ^^^^^^^^^^^^^^^^^^
    |
    = note: `ConvergentVerification` has derived impls for the traits `Clone` and `Debug`, but these are intentionally ignored during dead code analysis

warning: field `variables` is never read
  --> crates/solana-monster-system/src/sat_zkp_prover.rs:19:5
   |
17 | pub struct SATSolver {
   |            --------- field in this struct
18 |     /// Variable assignments
19 |     variables: HashMap<String, bool>,
   |     ^^^^^^^^^

warning: fields `gates`, `public_inputs`, and `private_witnesses` are never read
  --> crates/solana-monster-system/src/sat_zkp_prover.rs:29:5
   |
27 | pub struct ZKCircuitConstructor {
   |            -------------------- fields in this struct
28 |     /// Circuit gates
29 |     gates: Vec<CircuitGate>,
   |     ^^^^^
30 |     /// Public inputs
31 |     public_inputs: Vec<PublicInput>,
   |     ^^^^^^^^^^^^^
32 |     /// Private witnesses
33 |     private_witnesses: Vec<PrivateWitness>,
   |     ^^^^^^^^^^^^^^^^^

warning: fields `monster_constraints`, `modular_constraints`, and `topological_constraints` are never read
  --> crates/solana-monster-system/src/sat_zkp_prover.rs:39:5
   |
37 | pub struct MathematicalPropertyEncoder {
   |            --------------------------- fields in this struct
38 |     /// Monster Group constraints
39 |     monster_constraints: Vec<MonsterConstraint>,
   |     ^^^^^^^^^^^^^^^^^^^
40 |     /// Modular form constraints
41 |     modular_constraints: Vec<ModularConstraint>,
   |     ^^^^^^^^^^^^^^^^^^^
42 |     /// Topological constraints
43 |     topological_constraints: Vec<TopologicalConstraint>,
   |     ^^^^^^^^^^^^^^^^^^^^^^^

warning: fields `name` and `value` are never read
  --> crates/solana-monster-system/src/sat_zkp_prover.rs:91:5
   |
89 | pub struct PublicInput {
   |            ----------- fields in this struct
90 |     /// Input name
91 |     name: String,
   |     ^^^^
92 |     /// Input value
93 |     value: i64,
   |     ^^^^^
   |
   = note: `PublicInput` has derived impls for the traits `Clone` and `Debug`, but these are intentionally ignored during dead code analysis

warning: fields `name` and `value` are never read
   --> crates/solana-monster-system/src/sat_zkp_prover.rs:100:5
    |
 98 | pub struct PrivateWitness {
    |            -------------- fields in this struct
 99 |     /// Witness name
100 |     name: String,
    |     ^^^^
101 |     /// Witness value (hidden)
102 |     value: i64,
    |     ^^^^^
    |
    = note: `PrivateWitness` has derived impls for the traits `Clone` and `Debug`, but these are intentionally ignored during dead code analysis

warning: fields `orbit_size` and `stabilizers` are never read
  --> crates/solana-monster-system/src/sl2z_orbit.rs:24:5
   |
20 | pub struct OrbitData {
   |            --------- fields in this struct
...
24 |     orbit_size: Option<usize>,
   |     ^^^^^^^^^^
25 |     /// Stabilizer subgroup generators
26 |     stabilizers: Vec<SL2ZMatrix>,
   |     ^^^^^^^^^^^
   |
   = note: `OrbitData` has derived impls for the traits `Clone` and `Debug`, but these are intentionally ignored during dead code analysis

warning: methods `determinant` and `is_valid_sl2z` are never used
   --> crates/solana-monster-system/src/sl2z_orbit.rs:283:8
    |
260 | impl SL2ZMatrix {
    | --------------- methods in this implementation
...
283 |     fn determinant(&self) -> i64 {
    |        ^^^^^^^^^^^
...
288 |     fn is_valid_sl2z(&self) -> bool {
    |        ^^^^^^^^^^^^^

warning: field `topology_circuit` is never read
  --> crates/solana-monster-system/src/topological_zkp.rs:11:5
   |
 5 | pub struct TopologicalZKP {
   |            -------------- field in this struct
...
11 |     topology_circuit: TopologyCircuit,
   |     ^^^^^^^^^^^^^^^^

warning: fields `bundle_topology` and `homology_computer` are never read
  --> crates/solana-monster-system/src/topological_zkp.rs:17:5
   |
15 | pub struct TopologyComputer {
   |            ---------------- fields in this struct
16 |     /// Fiber bundle topology tracker
17 |     bundle_topology: BundleTopology,
   |     ^^^^^^^^^^^^^^^
18 |     /// Homology group computer
19 |     homology_computer: HomologyComputer,
   |     ^^^^^^^^^^^^^^^^^

warning: fields `pole_analyzer` and `continuity_checker` are never read
  --> crates/solana-monster-system/src/topological_zkp.rs:25:5
   |
23 | pub struct AnalysisVerifier {
   |            ---------------- fields in this struct
24 |     /// L-function pole analyzer
25 |     pole_analyzer: PoleAnalyzer,
   |     ^^^^^^^^^^^^^
26 |     /// Modular form continuity checker
27 |     continuity_checker: ContinuityChecker,
   |     ^^^^^^^^^^^^^^^^^^

warning: field `private_witness` is never read
  --> crates/solana-monster-system/src/topological_zkp.rs:35:5
   |
31 | pub struct TopologyCircuit {
   |            --------------- field in this struct
...
35 |     private_witness: CompilationWitness,
   |     ^^^^^^^^^^^^^^^

warning: field `transition_maps` is never read
  --> crates/solana-monster-system/src/topological_zkp.rs:59:5
   |
55 | pub struct CompilationWitness {
   |            ------------------ field in this struct
...
59 |     transition_maps: Vec<StateTransition>,
   |     ^^^^^^^^^^^^^^^
   |
   = note: `CompilationWitness` has a derived impl for the trait `Debug`, but this is intentionally ignored during dead code analysis

warning: fields `ast_hash` and `dependency_topology` are never read
  --> crates/solana-monster-system/src/topological_zkp.rs:68:5
   |
66 | pub struct InternalState {
   |            ------------- fields in this struct
67 |     /// AST structure hash
68 |     ast_hash: [u8; 32],
   |     ^^^^^^^^
69 |     /// Dependency graph topology
70 |     dependency_topology: Vec<i64>,
   |     ^^^^^^^^^^^^^^^^^^^
   |
   = note: `InternalState` has derived impls for the traits `Clone` and `Debug`, but these are intentionally ignored during dead code analysis

warning: fields `from_state`, `to_state`, `transformation`, and `deformation` are never read
  --> crates/solana-monster-system/src/topological_zkp.rs:79:5
   |
77 | pub struct StateTransition {
   |            --------------- fields in this struct
78 |     /// Source state
79 |     from_state: usize,
   |     ^^^^^^^^^^
80 |     /// Target state
81 |     to_state: usize,
   |     ^^^^^^^^
82 |     /// Transformation type
83 |     transformation: TransformationType,
   |     ^^^^^^^^^^^^^^
84 |     /// Topological deformation data
85 |     deformation: TopologicalDeformation,
   |     ^^^^^^^^^^^
   |
   = note: `StateTransition` has a derived impl for the trait `Debug`, but this is intentionally ignored during dead code analysis

warning: fields `homotopy_class`, `parameter`, and `preservation_witness` are never read
  --> crates/solana-monster-system/src/topological_zkp.rs:92:5
   |
90 | pub struct TopologicalDeformation {
   |            ---------------------- fields in this struct
91 |     /// Homotopy class
92 |     homotopy_class: i64,
   |     ^^^^^^^^^^^^^^
93 |     /// Deformation parameter
94 |     parameter: f64,
   |     ^^^^^^^^^
95 |     /// Preservation witness
96 |     preservation_witness: [i64; 3], // Ramanujan τ values
   |     ^^^^^^^^^^^^^^^^^^^^
   |
   = note: `TopologicalDeformation` has a derived impl for the trait `Debug`, but this is intentionally ignored during dead code analysis

warning: field `deformation_path` is never read
   --> crates/solana-monster-system/src/topological_zkp.rs:103:5
    |
101 | pub struct DeformationWitness {
    |            ------------------ field in this struct
102 |     /// Continuous deformation path
103 |     deformation_path: Vec<f64>,
    |     ^^^^^^^^^^^^^^^^
    |
    = note: `DeformationWitness` has a derived impl for the trait `Debug`, but this is intentionally ignored during dead code analysis

warning: fields `constraint_type`, `property`, and `expected_value` are never read
   --> crates/solana-monster-system/src/topological_zkp.rs:130:5
    |
128 | pub struct TopologicalConstraint {
    |            --------------------- fields in this struct
129 |     /// Constraint type
130 |     constraint_type: ConstraintType,
    |     ^^^^^^^^^^^^^^^
131 |     /// Topological property being constrained
132 |     property: TopologicalProperty,
    |     ^^^^^^^^
133 |     /// Expected value
134 |     expected_value: i64,
    |     ^^^^^^^^^^^^^^
    |
    = note: `TopologicalConstraint` has a derived impl for the trait `Debug`, but this is intentionally ignored during dead code analysis

warning: fields `base_topology` and `fiber_topology` are never read
   --> crates/solana-monster-system/src/topological_zkp.rs:165:5
    |
163 | pub struct BundleTopology {
    |            -------------- fields in this struct
164 |     /// Base space topology (Monster Group)
165 |     base_topology: BaseTopology,
    |     ^^^^^^^^^^^^^
166 |     /// Fiber space topology (memes)
167 |     fiber_topology: FiberTopology,
    |     ^^^^^^^^^^^^^^

warning: fields `group_structure` and `fundamental_group` are never read
   --> crates/solana-monster-system/src/topological_zkp.rs:174:5
    |
172 | pub struct BaseTopology {
    |            ------------ fields in this struct
173 |     /// Monster Group structure
174 |     group_structure: [i64; 5], // τ(1) through τ(11)
    |     ^^^^^^^^^^^^^^^
175 |     /// Fundamental group
176 |     fundamental_group: i64,
    |     ^^^^^^^^^^^^^^^^^
    |
    = note: `BaseTopology` has a derived impl for the trait `Debug`, but this is intentionally ignored during dead code analysis

warning: fields `dimension` and `characteristic_classes` are never read
   --> crates/solana-monster-system/src/topological_zkp.rs:183:5
    |
181 | pub struct FiberTopology {
    |            ------------- fields in this struct
182 |     /// Fiber dimension
183 |     dimension: usize,
    |     ^^^^^^^^^
184 |     /// Characteristic classes
185 |     characteristic_classes: Vec<i64>,
    |     ^^^^^^^^^^^^^^^^^^^^^^
    |
    = note: `FiberTopology` has a derived impl for the trait `Debug`, but this is intentionally ignored during dead code analysis

warning: fields `chain_complex` and `boundary_maps` are never read
   --> crates/solana-monster-system/src/topological_zkp.rs:191:5
    |
189 | pub struct HomologyComputer {
    |            ---------------- fields in this struct
190 |     /// Chain complex
191 |     chain_complex: Vec<Vec<i64>>,
    |     ^^^^^^^^^^^^^
192 |     /// Boundary maps
193 |     boundary_maps: Vec<BoundaryMap>,
    |     ^^^^^^^^^^^^^

warning: fields `source_dim`, `target_dim`, and `matrix` are never read
   --> crates/solana-monster-system/src/topological_zkp.rs:199:5
    |
197 | pub struct BoundaryMap {
    |            ----------- fields in this struct
198 |     /// Source dimension
199 |     source_dim: usize,
    |     ^^^^^^^^^^
200 |     /// Target dimension
201 |     target_dim: usize,
    |     ^^^^^^^^^^
202 |     /// Map matrix
203 |     matrix: Vec<Vec<i64>>,
    |     ^^^^^^
    |
    = note: `BoundaryMap` has a derived impl for the trait `Debug`, but this is intentionally ignored during dead code analysis

warning: fields `critical_strip` and `pole_locations` are never read
   --> crates/solana-monster-system/src/topological_zkp.rs:209:5
    |
207 | pub struct PoleAnalyzer {
    |            ------------ fields in this struct
208 |     /// Critical strip analysis
209 |     critical_strip: CriticalStrip,
    |     ^^^^^^^^^^^^^^
210 |     /// Pole locations
211 |     pole_locations: Vec<Complex>,
    |     ^^^^^^^^^^^^^^

warning: fields `left_bound`, `right_bound`, and `pole_count` are never read
   --> crates/solana-monster-system/src/topological_zkp.rs:217:5
    |
215 | pub struct CriticalStrip {
    |            ------------- fields in this struct
216 |     /// Left boundary
217 |     left_bound: f64,
    |     ^^^^^^^^^^
218 |     /// Right boundary
219 |     right_bound: f64,
    |     ^^^^^^^^^^^
220 |     /// Pole count in strip
221 |     pole_count: usize,
    |     ^^^^^^^^^^
    |
    = note: `CriticalStrip` has a derived impl for the trait `Debug`, but this is intentionally ignored during dead code analysis

warning: fields `continuity_modulus` and `lipschitz_constant` are never read
   --> crates/solana-monster-system/src/topological_zkp.rs:227:5
    |
225 | pub struct ContinuityChecker {
    |            ----------------- fields in this struct
226 |     /// Continuity modulus
227 |     continuity_modulus: f64,
    |     ^^^^^^^^^^^^^^^^^^
228 |     /// Lipschitz constant
229 |     lipschitz_constant: f64,
    |     ^^^^^^^^^^^^^^^^^^

warning: fields `arithmetic_constraints` and `static_structure` are never read
  --> crates/solana-monster-system/src/ultimate_synthesis.rs:20:5
   |
14 | pub struct MonstrousMoonshine {
   |            ------------------ fields in this struct
...
20 |     arithmetic_constraints: ArithmeticConstraints,
   |     ^^^^^^^^^^^^^^^^^^^^^^
21 |     /// Static structure definition
22 |     static_structure: StaticStructure,
   |     ^^^^^^^^^^^^^^^^

warning: fields `period_8_structure`, `k_theory`, `index_theory`, and `stability_guarantees` are never read
  --> crates/solana-monster-system/src/ultimate_synthesis.rs:28:5
   |
26 | pub struct BottPeriodicity {
   |            --------------- fields in this struct
27 |     /// Period-8 structure in stable homotopy
28 |     period_8_structure: Period8Structure,
   |     ^^^^^^^^^^^^^^^^^^
29 |     /// K-theory integration
30 |     k_theory: KTheoryIntegration,
   |     ^^^^^^^^
31 |     /// Index theory for dynamic behavior
32 |     index_theory: IndexTheory,
   |     ^^^^^^^^^^^^
33 |     /// Stability guarantees
34 |     stability_guarantees: StabilityGuarantees,
   |     ^^^^^^^^^^^^^^^^^^^^

warning: fields `sporadic_structure` and `maximal_symmetry` are never read
  --> crates/solana-monster-system/src/ultimate_synthesis.rs:53:5
   |
49 | pub struct MonsterGroup {
   |            ------------ fields in this struct
...
53 |     sporadic_structure: SporadicStructure,
   |     ^^^^^^^^^^^^^^^^^^
54 |     /// Maximal symmetry representation
55 |     maximal_symmetry: MaximalSymmetry,
   |     ^^^^^^^^^^^^^^^^
   |
   = note: `MonsterGroup` has derived impls for the traits `Clone` and `Debug`, but these are intentionally ignored during dead code analysis

warning: fields `monster_coefficients` and `modular_invariance` are never read
  --> crates/solana-monster-system/src/ultimate_synthesis.rs:64:5
   |
60 | pub struct JFunction {
   |            --------- fields in this struct
...
64 |     monster_coefficients: MonsterCoefficients,
   |     ^^^^^^^^^^^^^^^^^^^^
65 |     /// Modular invariance
66 |     modular_invariance: ModularInvariance,
   |     ^^^^^^^^^^^^^^^^^^
   |
   = note: `JFunction` has derived impls for the traits `Clone` and `Debug`, but these are intentionally ignored during dead code analysis

warning: fields `tau_constraints`, `hecke_constraints`, and `monster_action_constraints` are never read
  --> crates/solana-monster-system/src/ultimate_synthesis.rs:73:5
   |
71 | pub struct ArithmeticConstraints {
   |            --------------------- fields in this struct
72 |     /// Ramanujan τ-function constraints
73 |     tau_constraints: TauConstraints,
   |     ^^^^^^^^^^^^^^^
74 |     /// Hecke operator eigenvalue constraints
75 |     hecke_constraints: HeckeConstraints,
   |     ^^^^^^^^^^^^^^^^^
76 |     /// Monster Group action constraints
77 |     monster_action_constraints: MonsterActionConstraints,
   |     ^^^^^^^^^^^^^^^^^^^^^^^^^^
   |
   = note: `ArithmeticConstraints` has derived impls for the traits `Clone` and `Debug`, but these are intentionally ignored during dead code analysis

warning: fields `base_space`, `type_system_structure`, and `invariant_properties` are never read
  --> crates/solana-monster-system/src/ultimate_synthesis.rs:84:5
   |
82 | pub struct StaticStructure {
   |            --------------- fields in this struct
83 |     /// Fiber bundle base space (Monster Group)
84 |     base_space: BaseSpace,
   |     ^^^^^^^^^^
85 |     /// Compilation type system structure
86 |     type_system_structure: TypeSystemStructure,
   |     ^^^^^^^^^^^^^^^^^^^^^
87 |     /// Invariant properties
88 |     invariant_properties: InvariantProperties,
   |     ^^^^^^^^^^^^^^^^^^^^
   |
   = note: `StaticStructure` has derived impls for the traits `Clone` and `Debug`, but these are intentionally ignored during dead code analysis

warning: fields `periodicity_cycle`, `clifford_realization`, and `stable_homotopy` are never read
  --> crates/solana-monster-system/src/ultimate_synthesis.rs:95:5
   |
93 | pub struct Period8Structure {
   |            ---------------- fields in this struct
94 |     /// 8-fold periodicity: πₛ(SO) ≅ πₛ₊₈(SO)
95 |     periodicity_cycle: [TopologicalSpace; 8],
   |     ^^^^^^^^^^^^^^^^^
96 |     /// Clifford algebra realization
97 |     clifford_realization: CliffordRealization,
   |     ^^^^^^^^^^^^^^^^^^^^
98 |     /// Stable homotopy groups
99 |     stable_homotopy: StableHomotopy,
   |     ^^^^^^^^^^^^^^^
   |
   = note: `Period8Structure` has derived impls for the traits `Clone` and `Debug`, but these are intentionally ignored during dead code analysis

warning: fields `topological_k_theory`, `algebraic_k_theory`, and `functoriality` are never read
   --> crates/solana-monster-system/src/ultimate_synthesis.rs:106:5
    |
104 | pub struct KTheoryIntegration {
    |            ------------------ fields in this struct
105 |     /// Topological K-theory
106 |     topological_k_theory: TopologicalKTheory,
    |     ^^^^^^^^^^^^^^^^^^^^
107 |     /// Algebraic K-theory
108 |     algebraic_k_theory: AlgebraicKTheory,
    |     ^^^^^^^^^^^^^^^^^^
109 |     /// K-theory functoriality
110 |     functoriality: KTheoryFunctoriality,
    |     ^^^^^^^^^^^^^
    |
    = note: `KTheoryIntegration` has a derived impl for the trait `Debug`, but this is intentionally ignored during dead code analysis

warning: fields `atiyah_singer_index`, `fredholm_operators`, and `dynamic_analysis` are never read
   --> crates/solana-monster-system/src/ultimate_synthesis.rs:117:5
    |
115 | pub struct IndexTheory {
    |            ----------- fields in this struct
116 |     /// Atiyah-Singer index theorem
117 |     atiyah_singer_index: AtiyahSingerIndex,
    |     ^^^^^^^^^^^^^^^^^^^
118 |     /// Fredholm operators
119 |     fredholm_operators: FredholmOperators,
    |     ^^^^^^^^^^^^^^^^^^
120 |     /// Dynamic behavior analysis
121 |     dynamic_analysis: DynamicAnalysis,
    |     ^^^^^^^^^^^^^^^^
    |
    = note: `IndexTheory` has a derived impl for the trait `Debug`, but this is intentionally ignored during dead code analysis

warning: fields `topological_stability`, `homotopy_stability`, and `k_theoretic_stability` are never read
   --> crates/solana-monster-system/src/ultimate_synthesis.rs:128:5
    |
126 | pub struct StabilityGuarantees {
    |            ------------------- fields in this struct
127 |     /// Topological stability
128 |     topological_stability: bool,
    |     ^^^^^^^^^^^^^^^^^^^^^
129 |     /// Homotopy stability
130 |     homotopy_stability: bool,
    |     ^^^^^^^^^^^^^^^^^^
131 |     /// K-theoretic stability
132 |     k_theoretic_stability: bool,
    |     ^^^^^^^^^^^^^^^^^^^^^
    |
    = note: `StabilityGuarantees` has derived impls for the traits `Clone` and `Debug`, but these are intentionally ignored during dead code analysis

warning: fields `static_dynamic_correspondence`, `arithmetic_topological_bridge`, and `unified_invariants` are never read
   --> crates/solana-monster-system/src/ultimate_synthesis.rs:138:5
    |
136 | pub struct MoonshineBridge {
    |            --------------- fields in this struct
137 |     /// Static-dynamic correspondence
138 |     static_dynamic_correspondence: StaticDynamicCorrespondence,
    |     ^^^^^^^^^^^^^^^^^^^^^^^^^^^^^
139 |     /// Arithmetic-topological bridge
140 |     arithmetic_topological_bridge: ArithmeticTopologicalBridge,
    |     ^^^^^^^^^^^^^^^^^^^^^^^^^^^^^
141 |     /// Unified invariant system
142 |     unified_invariants: UnifiedInvariants,
    |     ^^^^^^^^^^^^^^^^^^

warning: fields `symmetry_structure`, `modular_constraints`, and `arithmetic_enforcement` are never read
   --> crates/solana-monster-system/src/ultimate_synthesis.rs:451:5
    |
450 | pub struct StaticRealization {
    |            ----------------- fields in this struct
451 |     symmetry_structure: SymmetryStructure,
    |     ^^^^^^^^^^^^^^^^^^
452 |     modular_constraints: ModularConstraints,
    |     ^^^^^^^^^^^^^^^^^^^
453 |     arithmetic_enforcement: ArithmeticEnforcement,
    |     ^^^^^^^^^^^^^^^^^^^^^^
    |
    = note: `StaticRealization` has derived impls for the traits `Clone` and `Debug`, but these are intentionally ignored during dead code analysis

warning: fields `periodic_structure`, `k_theory_integration`, and `index_analysis` are never read
   --> crates/solana-monster-system/src/ultimate_synthesis.rs:459:5
    |
458 | pub struct DynamicRealization {
    |            ------------------ fields in this struct
459 |     periodic_structure: PeriodicStructure,
    |     ^^^^^^^^^^^^^^^^^^
460 |     k_theory_integration: KTheoryIntegrationResult,
    |     ^^^^^^^^^^^^^^^^^^^^
461 |     index_analysis: IndexAnalysis,
    |     ^^^^^^^^^^^^^^
    |
    = note: `DynamicRealization` has derived impls for the traits `Clone` and `Debug`, but these are intentionally ignored during dead code analysis

warning: fields `static_structure`, `dynamic_behavior`, `unified_properties`, `synthesis_complete`, and `architectural_completeness` are never read
   --> crates/solana-monster-system/src/ultimate_synthesis.rs:467:5
    |
466 | pub struct UnifiedArchitecture {
    |            ------------------- fields in this struct
467 |     static_structure: StaticStructureDefinition,
    |     ^^^^^^^^^^^^^^^^
468 |     dynamic_behavior: StabilityEstablishment,
    |     ^^^^^^^^^^^^^^^^
469 |     unified_properties: UniversalProperties,
    |     ^^^^^^^^^^^^^^^^^^
470 |     synthesis_complete: bool,
    |     ^^^^^^^^^^^^^^^^^^
471 |     architectural_completeness: ArchitecturalCompleteness,
    |     ^^^^^^^^^^^^^^^^^^^^^^^^^^
    |
    = note: `UnifiedArchitecture` has a derived impl for the trait `Debug`, but this is intentionally ignored during dead code analysis

warning: fields `monster_symmetry_applied` and `symmetry_group_order` are never read
   --> crates/solana-monster-system/src/ultimate_synthesis.rs:620:5
    |
619 | pub struct SymmetryStructure {
    |            ----------------- fields in this struct
620 |     monster_symmetry_applied: bool,
    |     ^^^^^^^^^^^^^^^^^^^^^^^^
621 |     symmetry_group_order: i64,
    |     ^^^^^^^^^^^^^^^^^^^^
    |
    = note: `SymmetryStructure` has derived impls for the traits `Clone` and `Debug`, but these are intentionally ignored during dead code analysis

warning: fields `j_invariant_satisfied` and `modular_form_constraints` are never read
   --> crates/solana-monster-system/src/ultimate_synthesis.rs:627:5
    |
626 | pub struct ModularConstraints {
    |            ------------------ fields in this struct
627 |     j_invariant_satisfied: bool,
    |     ^^^^^^^^^^^^^^^^^^^^^
628 |     modular_form_constraints: Vec<i64>,
    |     ^^^^^^^^^^^^^^^^^^^^^^^^
    |
    = note: `ModularConstraints` has derived impls for the traits `Clone` and `Debug`, but these are intentionally ignored during dead code analysis

warning: fields `tau_function_constraints_satisfied` and `hecke_eigenvalue_consistency` are never read
   --> crates/solana-monster-system/src/ultimate_synthesis.rs:634:5
    |
633 | pub struct ArithmeticEnforcement {
    |            --------------------- fields in this struct
634 |     tau_function_constraints_satisfied: bool,
    |     ^^^^^^^^^^^^^^^^^^^^^^^^^^^^^^^^^^
635 |     hecke_eigenvalue_consistency: bool,
    |     ^^^^^^^^^^^^^^^^^^^^^^^^^^^^
    |
    = note: `ArithmeticEnforcement` has derived impls for the traits `Clone` and `Debug`, but these are intentionally ignored during dead code analysis

warning: fields `structure_well_defined`, `invariant_properties_established`, and `static_constraints_satisfied` are never read
   --> crates/solana-monster-system/src/ultimate_synthesis.rs:641:5
    |
640 | pub struct StaticStructureDefinition {
    |            ------------------------- fields in this struct
641 |     structure_well_defined: bool,
    |     ^^^^^^^^^^^^^^^^^^^^^^
642 |     invariant_properties_established: bool,
    |     ^^^^^^^^^^^^^^^^^^^^^^^^^^^^^^^^
643 |     static_constraints_satisfied: bool,
    |     ^^^^^^^^^^^^^^^^^^^^^^^^^^^^
    |
    = note: `StaticStructureDefinition` has derived impls for the traits `Clone` and `Debug`, but these are intentionally ignored during dead code analysis

warning: fields `period_8_applied` and `clifford_algebra_integrated` are never read
   --> crates/solana-monster-system/src/ultimate_synthesis.rs:648:5
    |
647 | pub struct PeriodicStructure {
    |            ----------------- fields in this struct
648 |     period_8_applied: bool,
    |     ^^^^^^^^^^^^^^^^
649 |     clifford_algebra_integrated: bool,
    |     ^^^^^^^^^^^^^^^^^^^^^^^^^^^
    |
    = note: `PeriodicStructure` has derived impls for the traits `Clone` and `Debug`, but these are intentionally ignored during dead code analysis

warning: fields `topological_k_theory_applied` and `algebraic_k_theory_applied` are never read
   --> crates/solana-monster-system/src/ultimate_synthesis.rs:655:5
    |
654 | pub struct KTheoryIntegrationResult {
    |            ------------------------ fields in this struct
655 |     topological_k_theory_applied: bool,
    |     ^^^^^^^^^^^^^^^^^^^^^^^^^^^^
656 |     algebraic_k_theory_applied: bool,
    |     ^^^^^^^^^^^^^^^^^^^^^^^^^^
    |
    = note: `KTheoryIntegrationResult` has derived impls for the traits `Clone` and `Debug`, but these are intentionally ignored during dead code analysis

warning: fields `atiyah_singer_applied` and `fredholm_index_computed` are never read
   --> crates/solana-monster-system/src/ultimate_synthesis.rs:662:5
    |
661 | pub struct IndexAnalysis {
    |            ------------- fields in this struct
662 |     atiyah_singer_applied: bool,
    |     ^^^^^^^^^^^^^^^^^^^^^
663 |     fredholm_index_computed: bool,
    |     ^^^^^^^^^^^^^^^^^^^^^^^
    |
    = note: `IndexAnalysis` has derived impls for the traits `Clone` and `Debug`, but these are intentionally ignored during dead code analysis

warning: fields `stability_guaranteed`, `topological_stability_proven`, and `system_stability_ensured` are never read
   --> crates/solana-monster-system/src/ultimate_synthesis.rs:669:5
    |
668 | pub struct StabilityEstablishment {
    |            ---------------------- fields in this struct
669 |     stability_guaranteed: bool,
    |     ^^^^^^^^^^^^^^^^^^^^
670 |     topological_stability_proven: bool,
    |     ^^^^^^^^^^^^^^^^^^^^^^^^^^^^
671 |     system_stability_ensured: bool,
    |     ^^^^^^^^^^^^^^^^^^^^^^^^
    |
    = note: `StabilityEstablishment` has derived impls for the traits `Clone` and `Debug`, but these are intentionally ignored during dead code analysis

warning: fields `type_universe` and `path_space` are never read
  --> crates/solana-monster-system/src/voevodsky_univalence.rs:6:5
   |
 4 | pub struct VoevodskysUnivalence {
   |            -------------------- fields in this struct
 5 |     /// Homotopy type universe of compilation types
 6 |     type_universe: TypeUniverse,
   |     ^^^^^^^^^^^^^
...
10 |     path_space: PathSpace,
   |     ^^^^^^^^^^

warning: fields `base_types`, `higher_types`, and `universe_level` are never read
  --> crates/solana-monster-system/src/voevodsky_univalence.rs:17:5
   |
15 | pub struct TypeUniverse {
   |            ------------ fields in this struct
16 |     /// Base types (Monster Group elements)
17 |     base_types: Vec<BaseType>,
   |     ^^^^^^^^^^
18 |     /// Higher inductive types (fiber bundles)
19 |     higher_types: Vec<HigherType>,
   |     ^^^^^^^^^^^^
20 |     /// Universe level (complexity hierarchy)
21 |     universe_level: usize,
   |     ^^^^^^^^^^^^^^
   |
   = note: `TypeUniverse` has a derived impl for the trait `Debug`, but this is intentionally ignored during dead code analysis

warning: field `path_between_paths` is never read
  --> crates/solana-monster-system/src/voevodsky_univalence.rs:52:5
   |
50 | pub struct Homotopy {
   |            -------- field in this struct
51 |     /// Path between paths (2-cell)
52 |     path_between_paths: Vec<i64>,
   |     ^^^^^^^^^^^^^^^^^^
   |
   = note: `Homotopy` has derived impls for the traits `Clone` and `Debug`, but these are intentionally ignored during dead code analysis

warning: fields `identity_paths` and `composition_table` are never read
  --> crates/solana-monster-system/src/voevodsky_univalence.rs:61:5
   |
59 | pub struct PathSpace {
   |            --------- fields in this struct
60 |     /// Identity paths for each type
61 |     identity_paths: HashMap<TypeId, PathMap>,
   |     ^^^^^^^^^^^^^^
62 |     /// Composition operation
63 |     composition_table: HashMap<(TypeId, TypeId), PathMap>,
   |     ^^^^^^^^^^^^^^^^^
   |
   = note: `PathSpace` has a derived impl for the trait `Debug`, but this is intentionally ignored during dead code analysis

warning: fields `id` and `monster_group_element` are never read
  --> crates/solana-monster-system/src/voevodsky_univalence.rs:71:5
   |
70 | pub struct BaseType {
   |            -------- fields in this struct
71 |     id: TypeId,
   |     ^^
72 |     monster_group_element: i64, // Element of Monster Group
   |     ^^^^^^^^^^^^^^^^^^^^^
   |
   = note: `BaseType` has derived impls for the traits `Clone` and `Debug`, but these are intentionally ignored during dead code analysis

warning: fields `id`, `fiber_dimension`, and `base_space` are never read
  --> crates/solana-monster-system/src/voevodsky_univalence.rs:77:5
   |
76 | pub struct HigherType {
   |            ---------- fields in this struct
77 |     id: TypeId,
   |     ^^
78 |     fiber_dimension: usize,
   |     ^^^^^^^^^^^^^^^
79 |     base_space: TypeId,
   |     ^^^^^^^^^^
   |
   = note: `HigherType` has derived impls for the traits `Clone` and `Debug`, but these are intentionally ignored during dead code analysis

warning: field `operator_analyzer` is never read
 --> crates/solana-monster-system/src/wodzicki_residue_zkp.rs:6:5
  |
4 | pub struct WodzickiResidueZKP {
  |            ------------------ field in this struct
5 |     /// Non-commutative operator analyzer
6 |     operator_analyzer: NonCommutativeOperator,
  |     ^^^^^^^^^^^^^^^^^

warning: fields `private_transformations` and `sensitive_data` are never read
  --> crates/solana-monster-system/src/wodzicki_residue_zkp.rs:41:5
   |
37 | pub struct OperatorKernel {
   |            -------------- fields in this struct
...
41 |     private_transformations: Vec<PrivateTransformation>,
   |     ^^^^^^^^^^^^^^^^^^^^^^^
42 |     /// Sensitive build data
43 |     sensitive_data: SensitiveData,
   |     ^^^^^^^^^^^^^^
   |
   = note: `OperatorKernel` has derived impls for the traits `Clone` and `Debug`, but these are intentionally ignored during dead code analysis

warning: fields `symbol_processor` and `residue_calculator` are never read
  --> crates/solana-monster-system/src/wodzicki_residue_zkp.rs:91:5
   |
89 | pub struct ResidueComputer {
   |            --------------- fields in this struct
90 |     /// Symbol processor
91 |     symbol_processor: SymbolProcessor,
   |     ^^^^^^^^^^^^^^^^
92 |     /// Residue calculator
93 |     residue_calculator: ResidueCalculator,
   |     ^^^^^^^^^^^^^^^^^^

warning: field `monster_computer` is never read
   --> crates/solana-monster-system/src/wodzicki_residue_zkp.rs:107:5
    |
105 | pub struct SymbolProcessor {
    |            --------------- field in this struct
106 |     /// Monster Group action computer
107 |     monster_computer: MonsterGroupComputer,
    |     ^^^^^^^^^^^^^^^^

warning: field `integration_params` is never read
   --> crates/solana-monster-system/src/wodzicki_residue_zkp.rs:113:5
    |
111 | pub struct ResidueCalculator {
    |            ----------------- field in this struct
112 |     /// Integration parameters for residue computation
113 |     integration_params: IntegrationParameters,
    |     ^^^^^^^^^^^^^^^^^^

warning: fields `contour` and `residue_order` are never read
   --> crates/solana-monster-system/src/wodzicki_residue_zkp.rs:132:5
    |
130 | pub struct IntegrationParameters {
    |            --------------------- fields in this struct
131 |     /// Integration contour
132 |     contour: IntegrationContour,
    |     ^^^^^^^
133 |     /// Residue order
134 |     residue_order: i64,
    |     ^^^^^^^^^^^^^
    |
    = note: `IntegrationParameters` has a derived impl for the trait `Debug`, but this is intentionally ignored during dead code analysis

warning: fields `radius` and `center` are never read
   --> crates/solana-monster-system/src/wodzicki_residue_zkp.rs:140:5
    |
138 | pub struct IntegrationContour {
    |            ------------------ fields in this struct
139 |     /// Contour radius
140 |     radius: f64,
    |     ^^^^^^
141 |     /// Contour center
142 |     center: Complex,
    |     ^^^^^^
    |
    = note: `IntegrationContour` has a derived impl for the trait `Debug`, but this is intentionally ignored during dead code analysis

warning: field `cutoff` is never read
   --> crates/solana-monster-system/src/wodzicki_residue_zkp.rs:149:5
    |
147 | pub struct TraceParameters {
    |            --------------- field in this struct
148 |     /// Trace cutoff
149 |     cutoff: f64,
    |     ^^^^^^
    |
    = note: `TraceParameters` has a derived impl for the trait `Debug`, but this is intentionally ignored during dead code analysis

warning: field `generators` is never read
   --> crates/solana-monster-system/src/wodzicki_residue_zkp.rs:157:5
    |
155 | pub struct MonsterGroupComputer {
    |            -------------------- field in this struct
156 |     /// Group generators
157 |     generators: [i64; 2], // [196883, -5472]
    |     ^^^^^^^^^^

warning: fields `ast_data`, `type_state`, and `optimization_state` are never read
   --> crates/solana-monster-system/src/wodzicki_residue_zkp.rs:164:5
    |
162 | pub struct CompilationState {
    |            ---------------- fields in this struct
163 |     /// AST representation
164 |     ast_data: Vec<u8>,
    |     ^^^^^^^^
165 |     /// Type inference state
166 |     type_state: Vec<u8>,
    |     ^^^^^^^^^^
167 |     /// Optimization state
168 |     optimization_state: Vec<u8>,
    |     ^^^^^^^^^^^^^^^^^^
    |
    = note: `CompilationState` has derived impls for the traits `Clone` and `Debug`, but these are intentionally ignored during dead code analysis

warning: fields `transformation_type` and `internal_params` are never read
   --> crates/solana-monster-system/src/wodzicki_residue_zkp.rs:175:5
    |
173 | pub struct PrivateTransformation {
    |            --------------------- fields in this struct
174 |     /// Transformation type
175 |     transformation_type: String,
    |     ^^^^^^^^^^^^^^^^^^^
176 |     /// Internal parameters
177 |     internal_params: Vec<i64>,
    |     ^^^^^^^^^^^^^^^
    |
    = note: `PrivateTransformation` has derived impls for the traits `Clone` and `Debug`, but these are intentionally ignored during dead code analysis

warning: fields `source_fragments`, `build_secrets`, and `dependency_details` are never read
   --> crates/solana-monster-system/src/wodzicki_residue_zkp.rs:184:5
    |
182 | pub struct SensitiveData {
    |            ------------- fields in this struct
183 |     /// Source code fragments
184 |     source_fragments: Vec<String>,
    |     ^^^^^^^^^^^^^^^^
185 |     /// Build secrets
186 |     build_secrets: HashMap<String, String>,
    |     ^^^^^^^^^^^^^
187 |     /// Dependency details
188 |     dependency_details: Vec<String>,
    |     ^^^^^^^^^^^^^^^^^^
    |
    = note: `SensitiveData` has derived impls for the traits `Clone` and `Debug`, but these are intentionally ignored during dead code analysis

warning: `solana-monster-system` (lib) generated 200 warnings (run `cargo fix --lib -p solana-monster-system` to apply 19 suggestions)
warning: `cargo` (lib) generated 18 warnings
warning: unused import: `std::collections::HashMap`
 --> crates/solana-monster-system/src/bin/solana_rustc_build_order.rs:1:5
  |
1 | use std::collections::HashMap;
  |     ^^^^^^^^^^^^^^^^^^^^^^^^^
  |
  = note: `#[warn(unused_imports)]` (part of `#[warn(unused)]`) on by default

warning: unused import: `std::collections::HashMap`
 --> crates/solana-monster-system/src/bin/phi_import_export_matcher.rs:1:5
  |
1 | use std::collections::HashMap;
  |     ^^^^^^^^^^^^^^^^^^^^^^^^^
  |
  = note: `#[warn(unused_imports)]` (part of `#[warn(unused)]`) on by default

warning: unused import: `std::collections::HashMap`
 --> crates/solana-monster-system/src/bin/meme_pda_storage.rs:4:5
  |
4 | use std::collections::HashMap;
  |     ^^^^^^^^^^^^^^^^^^^^^^^^^
  |
  = note: `#[warn(unused_imports)]` (part of `#[warn(unused)]`) on by default

warning: method `is_target_file` is never used
  --> crates/solana-monster-system/src/bin/rocksdb_metadata_ingester.rs:58:8
   |
17 | impl RocksDBIngester {
   | -------------------- method in this implementation
...
58 |     fn is_target_file(&self, path: &str) -> bool {
   |        ^^^^^^^^^^^^^^
   |
   = note: `#[warn(dead_code)]` (part of `#[warn(unused)]`) on by default

error[E0308]: mismatched types
   --> crates/solana-monster-system/src/bin/complete_cargo_resolver.rs:224:65
    |
224 |             println!("  {} → {} (φ = {})", usage, self.resolved[usage].0, phi);
    |                                                                 ^^^^^ expected `&_`, found `String`
    |
    = note: expected reference `&_`
                  found struct `String`
help: consider borrowing here
    |
224 |             println!("  {} → {} (φ = {})", usage, self.resolved[&usage].0, phi);
    |                                                                 +

warning: unused import: `std::path::PathBuf`
 --> crates/solana-monster-system/src/bin/generate_trait_data.rs:2:5
  |
2 | use std::path::PathBuf;
  |     ^^^^^^^^^^^^^^^^^^
  |
  = note: `#[warn(unused_imports)]` (part of `#[warn(unused)]`) on by default

warning: method `is_critical` is never used
  --> crates/solana-monster-system/src/bin/juniper_build_order.rs:83:8
   |
17 | impl Database {
   | ------------- method in this implementation
...
83 |     fn is_critical(&self, name: &str) -> bool {
   |        ^^^^^^^^^^^
   |
   = note: `#[warn(dead_code)]` (part of `#[warn(unused)]`) on by default

warning: field `type_signature` is never read
  --> crates/solana-monster-system/src/bin/rustc_monster_polynomial.rs:12:5
   |
10 | struct MonsterTerm {
   |        ----------- field in this struct
11 |     coefficient: u64,
12 |     type_signature: String,
   |     ^^^^^^^^^^^^^^
   |
   = note: `MonsterTerm` has a derived impl for the trait `Debug`, but this is intentionally ignored during dead code analysis
   = note: `#[warn(dead_code)]` (part of `#[warn(unused)]`) on by default

error: integer literal is too large
 --> crates/solana-monster-system/src/bin/monster_if_analysis.rs:3:28
  |
3 | const MONSTER_ORDER: u64 = 808017424794512875886459904961710757005754368000000000; // 2^46 × 3^20 × 5^9 × 7^6 × 11^2 × 13^3 × 17 × 19 × 2...
  |                            ^^^^^^^^^^^^^^^^^^^^^^^^^^^^^^^^^^^^^^^^^^^^^^^^^^^^^^
  |
  = note: value exceeds limit of `340282366920938463463374607431768211455`

error[E0432]: unresolved import `cargo2nix::minizinc_data_structures`
 --> crates/solana-monster-system/src/bin/minizinc_data_test.rs:1:16
  |
1 | use cargo2nix::minizinc_data_structures::{
  |                ^^^^^^^^^^^^^^^^^^^^^^^^ could not find `minizinc_data_structures` in `cargo2nix`

warning: field `content` is never read
  --> crates/solana-monster-system/src/bin/ast_decls_cas_db3.rs:11:5
   |
 6 | struct ASTDeclaration {
   |        -------------- field in this struct
...
11 |     content: String,
   |     ^^^^^^^
   |
   = note: `ASTDeclaration` has derived impls for the traits `Clone` and `Debug`, but these are intentionally ignored during dead code analysis
   = note: `#[warn(dead_code)]` (part of `#[warn(unused)]`) on by default

error[E0432]: unresolved imports `cargo2nix::MiniZincSolver`, `cargo2nix::SelfDescribingMonster`
 --> crates/solana-monster-system/src/bin/self_describing_monster.rs:1:17
  |
1 | use cargo2nix::{MiniZincSolver, SelfDescribingMonster};
  |                 ^^^^^^^^^^^^^^  ^^^^^^^^^^^^^^^^^^^^^ no `SelfDescribingMonster` in the root
  |                 |
  |                 no `MiniZincSolver` in the root
  |
  = help: consider importing this struct instead:
          solana_monster_system::MiniZincSolver
  = help: consider importing this struct instead:
          solana_monster_system::SelfDescribingMonster

warning: fields `voter`, `rust_code`, and `meme_power` are never read
  --> crates/solana-monster-system/src/bin/solfunmeme_zero_ontology.rs:12:5
   |
11 | struct MemeVote {
   |        -------- fields in this struct
12 |     voter: String,
   |     ^^^^^
13 |     rust_code: String,
   |     ^^^^^^^^^
...
16 |     meme_power: u64,
   |     ^^^^^^^^^^
   |
   = note: `MemeVote` has a derived impl for the trait `Debug`, but this is intentionally ignored during dead code analysis
   = note: `#[warn(dead_code)]` (part of `#[warn(unused)]`) on by default

For more information about this error, try `rustc --explain E0308`.
error: could not compile `solana-monster-system` (bin "complete_cargo_resolver") due to 1 previous error
warning: build failed, waiting for other jobs to finish...
For more information about this error, try `rustc --explain E0432`.
error: could not compile `solana-monster-system` (bin "minizinc_data_test") due to 1 previous error
error: could not compile `solana-monster-system` (bin "self_describing_monster") due to 1 previous error
error[E0432]: unresolved imports `cargo2nix::InteractiveConstraintMatcher`, `cargo2nix::MiniZincSolver`
 --> crates/solana-monster-system/src/bin/interactive_constraint_tweaker.rs:1:17
  |
1 | use cargo2nix::{InteractiveConstraintMatcher, MiniZincSolver};
  |                 ^^^^^^^^^^^^^^^^^^^^^^^^^^^^  ^^^^^^^^^^^^^^ no `MiniZincSolver` in the root
  |                 |
  |                 no `InteractiveConstraintMatcher` in the root
  |
  = help: consider importing this struct instead:
          solana_monster_system::InteractiveConstraintMatcher
  = help: consider importing this struct instead:
          solana_monster_system::MiniZincSolver

error: could not compile `solana-monster-system` (bin "monster_if_analysis") due to 1 previous error
error: could not compile `solana-monster-system` (bin "interactive_constraint_tweaker") due to 1 previous error
error[E0599]: no method named `load_compiler_blocks` found for struct `RustcBlockAnalyzer` in the current scope
 --> crates/solana-monster-system/src/bin/generate_trait_data.rs:6:14
  |
6 |     analyzer.load_compiler_blocks("rustc_blocks.db")?;
  |              ^^^^^^^^^^^^^^^^^^^^ method not found in `RustcBlockAnalyzer`

warning: unused variable: `meme1`
   --> crates/solana-monster-system/src/bin/meme_pda_storage.rs:254:13
    |
254 |     let mut meme1 =
    |             ^^^^^ help: if this is intentional, prefix it with an underscore: `_meme1`
    |
    = note: `#[warn(unused_variables)]` (part of `#[warn(unused)]`) on by default

warning: unused variable: `meme2`
   --> crates/solana-monster-system/src/bin/meme_pda_storage.rs:256:13
    |
256 |     let mut meme2 =
    |             ^^^^^ help: if this is intentional, prefix it with an underscore: `_meme2`

warning: unused variable: `meme3`
   --> crates/solana-monster-system/src/bin/meme_pda_storage.rs:258:13
    |
258 |     let mut meme3 = storage.create_meme_pda("rustc", "1.75.0", "fn compile(ast: AST) -> Binary")?;
    |             ^^^^^ help: if this is intentional, prefix it with an underscore: `_meme3`

warning: unused variable: `meme4`
   --> crates/solana-monster-system/src/bin/meme_pda_storage.rs:259:13
    |
259 |     let mut meme4 =
    |             ^^^^^ help: if this is intentional, prefix it with an underscore: `_meme4`

warning: variable does not need to be mutable
   --> crates/solana-monster-system/src/bin/meme_pda_storage.rs:254:9
    |
254 |     let mut meme1 =
    |         ----^^^^^
    |         |
    |         help: remove this `mut`
    |
    = note: `#[warn(unused_mut)]` (part of `#[warn(unused)]`) on by default

warning: variable does not need to be mutable
   --> crates/solana-monster-system/src/bin/meme_pda_storage.rs:256:9
    |
256 |     let mut meme2 =
    |         ----^^^^^
    |         |
    |         help: remove this `mut`

warning: variable does not need to be mutable
   --> crates/solana-monster-system/src/bin/meme_pda_storage.rs:258:9
    |
258 |     let mut meme3 = storage.create_meme_pda("rustc", "1.75.0", "fn compile(ast: AST) -> Binary")?;
    |         ----^^^^^
    |         |
    |         help: remove this `mut`

warning: variable does not need to be mutable
   --> crates/solana-monster-system/src/bin/meme_pda_storage.rs:259:9
    |
259 |     let mut meme4 =
    |         ----^^^^^
    |         |
    |         help: remove this `mut`

error[E0599]: no method named `analyze_tool_blocks` found for struct `RustcBlockAnalyzer` in the current scope
 --> crates/solana-monster-system/src/bin/generate_trait_data.rs:7:14
  |
7 |     analyzer.analyze_tool_blocks(".")?;
  |              ^^^^^^^^^^^^^^^^^^^ method not found in `RustcBlockAnalyzer`

For more information about this error, try `rustc --explain E0599`.
warning: `solana-monster-system` (bin "generate_trait_data") generated 1 warning
error: could not compile `solana-monster-system` (bin "generate_trait_data") due to 2 previous errors; 1 warning emitted
error: linking with `cc` failed: exit status: 1
  |
  = note:  "cc" "-m64" "/tmp/nix-shell.JCf6bh/nix-shell.X0Pruc/rustcy9Y6nA/symbols.o" "<11 object files omitted>" "-Wl,--as-needed" "-Wl,-Bstatic" "/mnt/data1/nix/vendor/rust/cargo2nix/target/debug/deps/{libsolana_monster_system-f7fcabeb1e698dda,libserde_json-5848d6a7da8da017,libmemchr-6bc802fa47e985e7,libitoa-bcf2c22a52ff6c0c,libryu-545e6914db8f7a9f,libsyn-d9f0497b1ad6e538,libquote-dec2912cf8e7475f,libproc_macro2-5f2dc56393237ea9,libunicode_ident-149d257d426b4d4f}.rlib" "<sysroot>/lib/rustlib/x86_64-unknown-linux-gnu/lib/{libproc_macro-*,librustc_literal_escaper-*,librustc_std_workspace_std-*}.rlib" "/mnt/data1/nix/vendor/rust/cargo2nix/target/debug/deps/{libanyhow-af45a674b76825a7,libserde-027bb4629500a0d3,libserde_core-e4c90e28b81561c2,libsha2-bdf775e86dc2b80b,libcpufeatures-b278ebdb66b03ed9,libcfg_if-5f2e8bf47a777037,libdigest-0f03af9e274958dc,libsubtle-91c3670fcbe4a31f,libconst_oid-eea0a30312f7707d,libcrypto_common-567a7ab0823f5fcc,libblock_buffer-274c7dcec92ccde7,libhybrid_array-fe3799fbacdd8ffc,libtypenum-3150769dfe1b9551}.rlib" "<sysroot>/lib/rustlib/x86_64-unknown-linux-gnu/lib/{libstd-*,libpanic_unwind-*,libobject-*,libmemchr-*,libaddr2line-*,libgimli-*,libcfg_if-*,librustc_demangle-*,libstd_detect-*,libhashbrown-*,librustc_std_workspace_alloc-*,libminiz_oxide-*,libadler2-*,libunwind-*,liblibc-*,librustc_std_workspace_core-*,liballoc-*,libcore-*,libcompiler_builtins-*}.rlib" "-Wl,-Bdynamic" "-lmonster_ffi" "-lgcc_s" "-lutil" "-lrt" "-lpthread" "-lm" "-ldl" "-lc" "-L" "/tmp/nix-shell.JCf6bh/nix-shell.X0Pruc/rustcy9Y6nA/raw-dylibs" "-Wl,--eh-frame-hdr" "-Wl,-z,noexecstack" "-L" "/mnt/data1/nix/vendor/rust/cargo2nix/target/debug/build/blake3-b36bdcf2c1455fd6/out" "-L" "/mnt/data1/nix/vendor/rust/cargo2nix/target/debug/build/curl-sys-a942bf38a00432b6/out/build" "-L" "/mnt/data1/nix/vendor/rust/cargo2nix/target/debug/build/libnghttp2-sys-c918fedd509b6cc1/out/i/lib" "-L" "/mnt/data1/nix/vendor/rust/cargo2nix/target/debug/build/libz-sys-0f7075c8ddffa19f/out/lib" "-L" "/mnt/data1/nix/vendor/rust/cargo2nix/target/debug/build/libgit2-sys-7c43452f95686a30/out/build" "-L" "/mnt/data1/nix/vendor/rust/cargo2nix/target/debug/build/zstd-sys-4a26ac5863b9d229/out" "-L" "/mnt/data1/nix/vendor/rust/cargo2nix/target/debug/build/libsqlite3-sys-984adfded375b3e9/out" "-L" "/mnt/data1/nix/vendor/rust/cargo2nix/target/debug/build/librocksdb-sys-5aa0350749e0313a/out" "-L" "/mnt/data1/nix/vendor/rust/cargo2nix/target/debug/build/bzip2-sys-cc5312c5a00cf59f/out/lib" "-L" "/mnt/data1/nix/vendor/rust/cargo2nix/target/debug/build/lz4-sys-69c59efe7ab0399b/out" "-L" "/nix/store/61i74yjkj9p1qphfl7018ja4sdwkipx0-openssl-3.6.0/lib" "-L" "/nix/store/mfmw2rqknhjw2ak2dz5nb6336z4z6by8-openssl-1.1.1w/lib" "-L" "/nix/store/9awv9f5xrvfb85jxk4wlh9n138hpnlpx-lz4-1.10.0-lib/lib" "-L" "/nix/store/ry1jx5972j5clvqapx33v9imba8ywvq6-zstd-1.5.5/lib" "-L" "<sysroot>/lib/rustlib/x86_64-unknown-linux-gnu/lib" "-o" "/mnt/data1/nix/vendor/rust/cargo2nix/target/debug/deps/test_monster_verification-7f43ff8da8a05262" "-Wl,--gc-sections" "-pie" "-Wl,-z,relro,-z,now" "-nodefaultlibs"
  = note: some arguments are omitted. use `--verbose` to show all linker arguments
  = note: /nix/store/c43ry7z24x3jhnjlj4gpay8a4g2p3x1h-binutils-2.44/bin/ld: cannot find -lmonster_ffi: No such file or directory
          collect2: error: ld returned 1 exit status
          

error: could not compile `solana-monster-system` (bin "test_monster_verification") due to 1 previous error
warning: `solana-monster-system` (bin "phi_import_export_matcher") generated 1 warning (run `cargo fix --bin "phi_import_export_matcher"` to apply 1 suggestion)
warning: `solana-monster-system` (bin "rustc_monster_polynomial") generated 1 warning
warning: `solana-monster-system` (bin "solfunmeme_zero_ontology") generated 1 warning
warning: `solana-monster-system` (bin "ast_decls_cas_db3") generated 1 warning
warning: `solana-monster-system` (bin "juniper_build_order") generated 1 warning
warning: `solana-monster-system` (bin "solana_rustc_build_order") generated 1 warning (run `cargo fix --bin "solana_rustc_build_order"` to apply 1 suggestion)
warning: `solana-monster-system` (bin "rocksdb_metadata_ingester") generated 1 warning
warning: `solana-monster-system` (bin "meme_pda_storage") generated 9 warnings (run `cargo fix --bin "meme_pda_storage"` to apply 5 suggestions)
