Entering 'ai-agent-terraform'
----------------------------------------------------
Processing submodule:  (current directory: /mnt/data1/nix/vendor/rust/cargo2nix/ai-agent-terraform)
Reflog for :
26e55c1 HEAD@{3 days ago}: checkout: moving from 26e55c1645d649c39d23e62b54be2400c280dfab to feature/CRQ-016-nixify
26e55c1 HEAD@{3 days ago}: checkout: moving from main to 26e55c1645d649c39d23e62b54be2400c280dfab
26e55c1 HEAD@{6 days ago}: clone: from https://github.com/aitokenteam/ai-agent-terraform.git

Branch 'feature/CRQ-016-nixify' exists in .
Current branch is 'feature/CRQ-016-nixify'.
Current HEAD is at the same commit as 'feature/CRQ-016-nixify'.

Entering 'ai-ml-zk-ops'
----------------------------------------------------
Processing submodule:  (current directory: /mnt/data1/nix/vendor/rust/cargo2nix/ai-ml-zk-ops)
Reflog for :
4d60729 HEAD@{3 days ago}: checkout: moving from 4d60729f7afbeab6401d3a56fff5529b49778d3f to feature/CRQ-016-nixify
4d60729 HEAD@{3 days ago}: checkout: moving from main to 4d60729f7afbeab6401d3a56fff5529b49778d3f
4d60729 HEAD@{6 days ago}: clone: from https://github.com/meta-introspector/ai-ml-zk-ops.git

Branch 'feature/CRQ-016-nixify' exists in .
Current branch is 'feature/CRQ-016-nixify'.
Current HEAD is at the same commit as 'feature/CRQ-016-nixify'.

Entering 'datasets/rust'
----------------------------------------------------
Processing submodule:  (current directory: /mnt/data1/nix/vendor/rust/cargo2nix/datasets/rust)
Reflog for :
cbdc8d2 HEAD@{3 days ago}: checkout: moving from cbdc8d27fdc0044f18fc065f7abd0e665de569bc to feature/CRQ-016-nixify
cbdc8d2 HEAD@{3 days ago}: checkout: moving from main to cbdc8d27fdc0044f18fc065f7abd0e665de569bc
cbdc8d2 HEAD@{6 days ago}: clone: from https://huggingface.co/datasets/introspector/rust

Branch 'feature/CRQ-016-nixify' exists in .
Current branch is 'feature/CRQ-016-nixify'.
Current HEAD is at the same commit as 'feature/CRQ-016-nixify'.

Entering 'filecoin-forest'
----------------------------------------------------
Processing submodule:  (current directory: /mnt/data1/nix/vendor/rust/cargo2nix/filecoin-forest)
Reflog for :
e373a214 HEAD@{8 hours ago}: pull --rebase origin main: Fast-forward
d1ec2c82 HEAD@{3 days ago}: checkout: moving from 9796a6e9596b39c6c852d9e1c381df2eedb08899 to feature/CRQ-016-nixify
9796a6e9 HEAD@{3 days ago}: checkout: moving from d1ec2c823751f3c1908d45b63b16048a2a609051 to 9796a6e9596b39c6c852d9e1c381df2eedb08899
d1ec2c82 HEAD@{3 days ago}: checkout: moving from main to d1ec2c823751f3c1908d45b63b16048a2a609051
d1ec2c82 HEAD@{6 days ago}: clone: from https://github.com/ChainSafe/forest.git

Branch 'feature/CRQ-016-nixify' exists in .
Current branch is 'feature/CRQ-016-nixify'.
Current HEAD is at the same commit as 'feature/CRQ-016-nixify'.

Entering 'gists/clippytask-gist'
----------------------------------------------------
Processing submodule:  (current directory: /mnt/data1/nix/vendor/rust/cargo2nix/gists/clippytask-gist)
Reflog for :
830790b HEAD@{24 hours ago}: clone: from https://gist.github.com/jmikedupont2/092f560f26c1866dbd8e323827c9f953.git

Branch 'feature/CRQ-016-nixify' not found in .

Entering 'lattice-introspector'
----------------------------------------------------
Processing submodule:  (current directory: /mnt/data1/nix/vendor/rust/cargo2nix/lattice-introspector)
Reflog for :
1348690 HEAD@{3 days ago}: commit: git: Update aichat and cranelift submodule references
f618b23 HEAD@{3 days ago}: commit: wip: submodule updates
b26b586 HEAD@{3 days ago}: checkout: moving from 0e6e20769d5c505dc75f25283ca2757e3bfbcdf4 to feature/CRQ-016-nixify
0e6e207 HEAD@{3 days ago}: checkout: moving from feature/CRQ-016-nixify-workflow to 0e6e20769d5c505dc75f25283ca2757e3bfbcdf4
0e6e207 HEAD@{6 days ago}: checkout: moving from main to feature/CRQ-016-nixify-workflow
b26b586 HEAD@{6 days ago}: clone: from https://github.com/meta-introspector/lattice-introspector.git

Branch 'feature/CRQ-016-nixify' exists in .
Current branch is 'feature/CRQ-016-nixify'.
Current HEAD is at the same commit as 'feature/CRQ-016-nixify'.

Entering 'lattice-introspector/data'
----------------------------------------------------
Processing submodule:  (current directory: /mnt/data1/nix/vendor/rust/cargo2nix/lattice-introspector/data)
Reflog for :
7dabcab HEAD@{3 days ago}: checkout: moving from 7dabcab32e4b54049499a1a2ec3a76f061e69392 to feature/CRQ-016-nixify
7dabcab HEAD@{3 days ago}: checkout: moving from main to 7dabcab32e4b54049499a1a2ec3a76f061e69392
7dabcab HEAD@{3 days ago}: clone: from https://huggingface.co/datasets/introspector/meta-memes

Branch 'feature/CRQ-016-nixify' exists in .
Current branch is 'feature/CRQ-016-nixify'.
Current HEAD is at the same commit as 'feature/CRQ-016-nixify'.

Entering 'lattice-introspector/vendor/DaoFP'
----------------------------------------------------
Processing submodule:  (current directory: /mnt/data1/nix/vendor/rust/cargo2nix/lattice-introspector/vendor/DaoFP)
Reflog for :
d9e5248 HEAD@{3 days ago}: checkout: moving from d9e5248608f740f49a4928db4a79c2905ca66bfe to feature/CRQ-016-nixify
d9e5248 HEAD@{3 days ago}: checkout: moving from master to d9e5248608f740f49a4928db4a79c2905ca66bfe
d9e5248 HEAD@{3 days ago}: clone: from https://github.com/meta-introspector/DaoFP

Branch 'feature/CRQ-016-nixify' exists in .
Current branch is 'feature/CRQ-016-nixify'.
Current HEAD is at the same commit as 'feature/CRQ-016-nixify'.

Entering 'lattice-introspector/vendor/abi_stable_crates'
----------------------------------------------------
Processing submodule:  (current directory: /mnt/data1/nix/vendor/rust/cargo2nix/lattice-introspector/vendor/abi_stable_crates)
Reflog for :
9966b8f HEAD@{3 days ago}: checkout: moving from 9966b8f0084fc768e3fb557bf81affea0b5868d8 to feature/CRQ-016-nixify
9966b8f HEAD@{3 days ago}: checkout: moving from master to 9966b8f0084fc768e3fb557bf81affea0b5868d8
9966b8f HEAD@{3 days ago}: clone: from https://github.com/meta-introspector/abi_stable_crates

Branch 'feature/CRQ-016-nixify' exists in .
Current branch is 'feature/CRQ-016-nixify'.
Current HEAD is at the same commit as 'feature/CRQ-016-nixify'.

Entering 'lattice-introspector/vendor/ai-agent-terraform'
----------------------------------------------------
Processing submodule:  (current directory: /mnt/data1/nix/vendor/rust/cargo2nix/lattice-introspector/vendor/ai-agent-terraform)
Reflog for :
f533db3 HEAD@{3 days ago}: checkout: moving from f533db32fadef73031b414db2b44f097ee8adc05 to feature/CRQ-016-nixify
f533db3 HEAD@{3 days ago}: checkout: moving from main to f533db32fadef73031b414db2b44f097ee8adc05
f533db3 HEAD@{3 days ago}: clone: from https://github.com/jmikedupont2/ai-agent-terraform/

Branch 'feature/CRQ-016-nixify' exists in .
Current branch is 'feature/CRQ-016-nixify'.
Current HEAD is at the same commit as 'feature/CRQ-016-nixify'.

Entering 'lattice-introspector/vendor/aichat'
----------------------------------------------------
Processing submodule:  (current directory: /mnt/data1/nix/vendor/rust/cargo2nix/lattice-introspector/vendor/aichat)
Reflog for :
87de6ba HEAD@{3 days ago}: commit: git: Ignore vendor/ directory and remove it
f616d4d HEAD@{3 days ago}: checkout: moving from 1c578fd79bc971ac8348be949761fdde7c4a50da to feature/CRQ-016-nixify
1c578fd HEAD@{3 days ago}: checkout: moving from f616d4de1655b93fd35c3dad7d9f4e360af5d0db to 1c578fd79bc971ac8348be949761fdde7c4a50da
f616d4d HEAD@{3 days ago}: checkout: moving from main to f616d4de1655b93fd35c3dad7d9f4e360af5d0db
f616d4d HEAD@{3 days ago}: clone: from https://github.com/meta-introspector/aichat

Branch 'feature/CRQ-016-nixify' exists in .
Current branch is 'feature/CRQ-016-nixify'.
Current HEAD is at the same commit as 'feature/CRQ-016-nixify'.

Entering 'lattice-introspector/vendor/aichat/oauth_review/r-google-oauth2'
----------------------------------------------------
Processing submodule:  (current directory: /mnt/data1/nix/vendor/rust/cargo2nix/lattice-introspector/vendor/aichat/oauth_review/r-google-oauth2)
Reflog for :
c59962c HEAD@{3 days ago}: checkout: moving from c59962c907757bcc3525862ff0cef59c9cd93758 to feature/CRQ-016-nixify
c59962c HEAD@{3 days ago}: checkout: moving from main to c59962c907757bcc3525862ff0cef59c9cd93758
c59962c HEAD@{3 days ago}: clone: from https://github.com/mass10/r-google-oauth2/

Branch 'feature/CRQ-016-nixify' exists in .
Current branch is 'feature/CRQ-016-nixify'.
Current HEAD is at the same commit as 'feature/CRQ-016-nixify'.

Entering 'lattice-introspector/vendor/aichat/oauth_review/rs-gapi-oauth'
----------------------------------------------------
Processing submodule:  (current directory: /mnt/data1/nix/vendor/rust/cargo2nix/lattice-introspector/vendor/aichat/oauth_review/rs-gapi-oauth)
Reflog for :
6a1823e HEAD@{3 days ago}: checkout: moving from 6a1823ef5a319894e9c54906908ebbd8ad356611 to feature/CRQ-016-nixify
6a1823e HEAD@{3 days ago}: checkout: moving from master to 6a1823ef5a319894e9c54906908ebbd8ad356611
6a1823e HEAD@{3 days ago}: clone: from https://github.com/meta-introspector/rs-gapi-oauth

Branch 'feature/CRQ-016-nixify' exists in .
Current branch is 'feature/CRQ-016-nixify'.
Current HEAD is at the same commit as 'feature/CRQ-016-nixify'.

Entering 'lattice-introspector/vendor/bootstrap'
----------------------------------------------------
Processing submodule:  (current directory: /mnt/data1/nix/vendor/rust/cargo2nix/lattice-introspector/vendor/bootstrap)
Reflog for :
ca12c10 HEAD@{3 days ago}: checkout: moving from ca12c10a550def19c8b3e040ad4931a9ada0f28f to feature/CRQ-016-nixify
ca12c10 HEAD@{3 days ago}: checkout: moving from 7cb0a53dd17e156385c19ca35c8db83c3001b8ae to ca12c10a550def19c8b3e040ad4931a9ada0f28f
7cb0a53 HEAD@{3 days ago}: checkout: moving from master to 7cb0a53dd17e156385c19ca35c8db83c3001b8ae
ca12c10 HEAD@{3 days ago}: clone: from https://github.com/meta-introspector/bootstrap

Branch 'feature/CRQ-016-nixify' exists in .
Current branch is 'feature/CRQ-016-nixify'.
Current HEAD is at the same commit as 'feature/CRQ-016-nixify'.

Entering 'lattice-introspector/vendor/copper'
----------------------------------------------------
Processing submodule:  (current directory: /mnt/data1/nix/vendor/rust/cargo2nix/lattice-introspector/vendor/copper)
Reflog for :
a368479 HEAD@{3 days ago}: checkout: moving from a368479680de8fa4cf9ddcd2eecec55d9e6ca695 to feature/CRQ-016-nixify
a368479 HEAD@{3 days ago}: checkout: moving from main to a368479680de8fa4cf9ddcd2eecec55d9e6ca695
a368479 HEAD@{3 days ago}: clone: from https://github.com/meta-introspector/copper

Branch 'feature/CRQ-016-nixify' exists in .
Current branch is 'feature/CRQ-016-nixify'.
Current HEAD is at the same commit as 'feature/CRQ-016-nixify'.

Entering 'lattice-introspector/vendor/cranelift'
----------------------------------------------------
Processing submodule:  (current directory: /mnt/data1/nix/vendor/rust/cargo2nix/lattice-introspector/vendor/cranelift)
Reflog for :
9e0ef7f2c HEAD@{3 days ago}: commit: git: Update submodule references for tests
a7edc9beb HEAD@{3 days ago}: checkout: moving from a7edc9bebd4fd158e3f4eb7b0b2aca21db983587 to feature/CRQ-016-nixify
a7edc9beb HEAD@{3 days ago}: checkout: moving from 1806c26562ec2eabbf3eaefbe038b75e90f61b59 to a7edc9bebd4fd158e3f4eb7b0b2aca21db983587
1806c2656 HEAD@{3 days ago}: checkout: moving from main to 1806c26562ec2eabbf3eaefbe038b75e90f61b59
a7edc9beb HEAD@{3 days ago}: clone: from https://github.com/bytecodealliance/wasmtime.git

Branch 'feature/CRQ-016-nixify' exists in .
Current branch is 'feature/CRQ-016-nixify'.
Current HEAD is at the same commit as 'feature/CRQ-016-nixify'.

Entering 'lattice-introspector/vendor/cranelift/tests/component-model'
----------------------------------------------------
Processing submodule:  (current directory: /mnt/data1/nix/vendor/rust/cargo2nix/lattice-introspector/vendor/cranelift/tests/component-model)
Reflog for :
cfc6e54 HEAD@{3 days ago}: checkout: moving from cfc6e542551f3f9d23a4bad61b2842e49fc35236 to feature/CRQ-016-nixify
cfc6e54 HEAD@{3 days ago}: checkout: moving from main to cfc6e542551f3f9d23a4bad61b2842e49fc35236
cfc6e54 HEAD@{3 days ago}: clone: from https://github.com/WebAssembly/component-model

Branch 'feature/CRQ-016-nixify' exists in .
Current branch is 'feature/CRQ-016-nixify'.
Current HEAD is at the same commit as 'feature/CRQ-016-nixify'.

Entering 'lattice-introspector/vendor/cranelift/tests/spec_testsuite'
----------------------------------------------------
Processing submodule:  (current directory: /mnt/data1/nix/vendor/rust/cargo2nix/lattice-introspector/vendor/cranelift/tests/spec_testsuite)
Reflog for :
637a6bc HEAD@{3 days ago}: checkout: moving from 637a6bcc87baf238e160f4a98bf7a5ec00e7864c to feature/CRQ-016-nixify
637a6bc HEAD@{3 days ago}: checkout: moving from main to 637a6bcc87baf238e160f4a98bf7a5ec00e7864c
637a6bc HEAD@{3 days ago}: clone: from https://github.com/WebAssembly/testsuite

Branch 'feature/CRQ-016-nixify' exists in .
Current branch is 'feature/CRQ-016-nixify'.
Current HEAD is at the same commit as 'feature/CRQ-016-nixify'.

Entering 'lattice-introspector/vendor/cranelift/tests/wasi_testsuite/wasi-common'
----------------------------------------------------
Processing submodule:  (current directory: /mnt/data1/nix/vendor/rust/cargo2nix/lattice-introspector/vendor/cranelift/tests/wasi_testsuite/wasi-common)
Reflog for :
52cafa0b HEAD@{3 days ago}: checkout: moving from 85a7ae154bb91dc1b6825c5064702b95977efc09 to feature/CRQ-016-nixify
85a7ae15 HEAD@{3 days ago}: checkout: moving from main to 85a7ae154bb91dc1b6825c5064702b95977efc09
52cafa0b HEAD@{3 days ago}: clone: from https://github.com/WebAssembly/wasi-testsuite.git

Branch 'feature/CRQ-016-nixify' exists in .
Current branch is 'feature/CRQ-016-nixify'.
Current HEAD is at the same commit as 'feature/CRQ-016-nixify'.

Entering 'lattice-introspector/vendor/cranelift/tests/wasi_testsuite/wasi-threads'
----------------------------------------------------
Processing submodule:  (current directory: /mnt/data1/nix/vendor/rust/cargo2nix/lattice-introspector/vendor/cranelift/tests/wasi_testsuite/wasi-threads)
Reflog for :
f8ea03c HEAD@{3 days ago}: checkout: moving from f8ea03cc0ffbde143415e945497de112f6f9fd53 to feature/CRQ-016-nixify
f8ea03c HEAD@{3 days ago}: checkout: moving from main to f8ea03cc0ffbde143415e945497de112f6f9fd53
f8ea03c HEAD@{3 days ago}: clone: from https://github.com/WebAssembly/wasi-threads

Branch 'feature/CRQ-016-nixify' exists in .
Current branch is 'feature/CRQ-016-nixify'.
Current HEAD is at the same commit as 'feature/CRQ-016-nixify'.

Entering 'lattice-introspector/vendor/gen-mod-form'
----------------------------------------------------
Processing submodule:  (current directory: /mnt/data1/nix/vendor/rust/cargo2nix/lattice-introspector/vendor/gen-mod-form)
Reflog for :
e0ebeaf HEAD@{3 days ago}: checkout: moving from e0ebeaf90910bc02998354448ec02e51488417a1 to feature/CRQ-016-nixify
e0ebeaf HEAD@{3 days ago}: checkout: moving from master to HEAD
e0ebeaf HEAD@{3 days ago}: reset: moving to HEAD
e0ebeaf HEAD@{3 days ago}: clone: from https://github.com/meta-introspector/gen-mod-form

Branch 'feature/CRQ-016-nixify' exists in .
Current branch is 'feature/CRQ-016-nixify'.
Current HEAD is at the same commit as 'feature/CRQ-016-nixify'.

Entering 'lattice-introspector/vendor/grok-cli'
----------------------------------------------------
Processing submodule:  (current directory: /mnt/data1/nix/vendor/rust/cargo2nix/lattice-introspector/vendor/grok-cli)
Reflog for :
0f5b101 HEAD@{3 days ago}: checkout: moving from 0f5b1015023040556485059b7a25a0eb51305c93 to feature/CRQ-016-nixify
0f5b101 HEAD@{3 days ago}: checkout: moving from main to HEAD
0f5b101 HEAD@{3 days ago}: reset: moving to HEAD
0f5b101 HEAD@{3 days ago}: clone: from https://github.com/meta-introspector/grok-cli.git

Branch 'feature/CRQ-016-nixify' exists in .
Current branch is 'feature/CRQ-016-nixify'.
Current HEAD is at the same commit as 'feature/CRQ-016-nixify'.

Entering 'lattice-introspector/vendor/hugging-face-dataset-validator-rust'
----------------------------------------------------
Processing submodule:  (current directory: /mnt/data1/nix/vendor/rust/cargo2nix/lattice-introspector/vendor/hugging-face-dataset-validator-rust)
Reflog for :
6ca49a5 HEAD@{3 days ago}: checkout: moving from 6ca49a507054111bcb313e36cbf7b2c74984e2e6 to feature/CRQ-016-nixify
6ca49a5 HEAD@{3 days ago}: checkout: moving from main to HEAD
6ca49a5 HEAD@{3 days ago}: reset: moving to HEAD
6ca49a5 HEAD@{3 days ago}: clone: from https://github.com/meta-introspector/hugging-face-dataset-validator-rust

Branch 'feature/CRQ-016-nixify' exists in .
Current branch is 'feature/CRQ-016-nixify'.
Current HEAD is at the same commit as 'feature/CRQ-016-nixify'.

Entering 'lattice-introspector/vendor/intel-mkl-src'
----------------------------------------------------
Processing submodule:  (current directory: /mnt/data1/nix/vendor/rust/cargo2nix/lattice-introspector/vendor/intel-mkl-src)
Reflog for :
6de61ff HEAD@{3 days ago}: checkout: moving from 6de61ff9869e163b22d7078e7462f5c87fe2efea to feature/CRQ-016-nixify
6de61ff HEAD@{3 days ago}: checkout: moving from master to HEAD
6de61ff HEAD@{3 days ago}: reset: moving to HEAD
6de61ff HEAD@{3 days ago}: clone: from https://github.com/rust-math/intel-mkl-src

Branch 'feature/CRQ-016-nixify' exists in .
Current branch is 'feature/CRQ-016-nixify'.
Current HEAD is at the same commit as 'feature/CRQ-016-nixify'.

Entering 'lattice-introspector/vendor/libminizinc'
----------------------------------------------------
Processing submodule:  (current directory: /mnt/data1/nix/vendor/rust/cargo2nix/lattice-introspector/vendor/libminizinc)
Reflog for :
e2a85b70a HEAD@{3 days ago}: checkout: moving from e2a85b70a225a78ab5aa87dcb8973cd728b4e9bd to feature/CRQ-016-nixify
e2a85b70a HEAD@{3 days ago}: checkout: moving from main to HEAD
e2a85b70a HEAD@{3 days ago}: reset: moving to HEAD
e2a85b70a HEAD@{3 days ago}: clone: from https://github.com/meta-introspector/minizinc-introspector

Branch 'feature/CRQ-016-nixify' exists in .
Current branch is 'feature/CRQ-016-nixify'.
Current HEAD is at the same commit as 'feature/CRQ-016-nixify'.

Entering 'lattice-introspector/vendor/memkb-mcp-rust'
----------------------------------------------------
Processing submodule:  (current directory: /mnt/data1/nix/vendor/rust/cargo2nix/lattice-introspector/vendor/memkb-mcp-rust)
Reflog for :
631e896 HEAD@{3 days ago}: checkout: moving from 631e896e40c1e557b119020eafd0ab0b1a7b0745 to feature/CRQ-016-nixify
631e896 HEAD@{3 days ago}: checkout: moving from master to HEAD
631e896 HEAD@{3 days ago}: reset: moving to HEAD
631e896 HEAD@{3 days ago}: clone: from https://github.com/meta-introspector/memkb-mcp-rust

Branch 'feature/CRQ-016-nixify' exists in .
Current branch is 'feature/CRQ-016-nixify'.
Current HEAD is at the same commit as 'feature/CRQ-016-nixify'.

Entering 'lattice-introspector/vendor/monomcp-rust'
----------------------------------------------------
Processing submodule:  (current directory: /mnt/data1/nix/vendor/rust/cargo2nix/lattice-introspector/vendor/monomcp-rust)
Reflog for :
9b8f8e6 HEAD@{3 days ago}: checkout: moving from 9b8f8e6aeb5ead77fd982dff1b9c522bdaffe516 to feature/CRQ-016-nixify
9b8f8e6 HEAD@{3 days ago}: checkout: moving from main to HEAD
9b8f8e6 HEAD@{3 days ago}: reset: moving to HEAD
9b8f8e6 HEAD@{3 days ago}: clone: from https://github.com/meta-introspector/monomcp-rust

Branch 'feature/CRQ-016-nixify' exists in .
Current branch is 'feature/CRQ-016-nixify'.
Current HEAD is at the same commit as 'feature/CRQ-016-nixify'.

Entering 'lattice-introspector/vendor/monomcp-rust/monomcp/MoCoPr'
----------------------------------------------------
Processing submodule:  (current directory: /mnt/data1/nix/vendor/rust/cargo2nix/lattice-introspector/vendor/monomcp-rust/monomcp/MoCoPr)
Reflog for :
afe75fc HEAD@{2 hours ago}: checkout: moving from main to afe75fcd1c78f6656c1e6e01b73d92d0a0e9ce4d
afe75fc HEAD@{2 hours ago}: clone: from https://github.com/meta-introspector/MoCoPr.git

Branch 'feature/CRQ-016-nixify' not found in .

Entering 'lattice-introspector/vendor/monomcp-rust/monomcp/agentic'
----------------------------------------------------
Processing submodule:  (current directory: /mnt/data1/nix/vendor/rust/cargo2nix/lattice-introspector/vendor/monomcp-rust/monomcp/agentic)
Reflog for :
d2f3802 HEAD@{2 hours ago}: checkout: moving from main to d2f3802b9e5a14bf4db7900fe99d2fc25643d10f
d2f3802 HEAD@{2 hours ago}: clone: from https://github.com/meta-introspector/agentic

Branch 'feature/CRQ-016-nixify' not found in .

Entering 'lattice-introspector/vendor/monomcp-rust/monomcp/generative_modular_forms'
----------------------------------------------------
Processing submodule:  (current directory: /mnt/data1/nix/vendor/rust/cargo2nix/lattice-introspector/vendor/monomcp-rust/monomcp/generative_modular_forms)
Reflog for :
e0ebeaf HEAD@{2 hours ago}: checkout: moving from master to e0ebeaf90910bc02998354448ec02e51488417a1
e0ebeaf HEAD@{2 hours ago}: clone: from https://github.com/meta-introspector/gen-mod-form

Branch 'feature/CRQ-016-nixify' not found in .

Entering 'lattice-introspector/vendor/monomcp-rust/monomcp/mcp-attr'
----------------------------------------------------
Processing submodule:  (current directory: /mnt/data1/nix/vendor/rust/cargo2nix/lattice-introspector/vendor/monomcp-rust/monomcp/mcp-attr)
Reflog for :
93ce8a7 HEAD@{2 hours ago}: checkout: moving from master to 93ce8a7392efff487606a6f849f2b4413aa44a31
93ce8a7 HEAD@{2 hours ago}: clone: from https://github.com/meta-introspector/mcp-attr.git

Branch 'feature/CRQ-016-nixify' not found in .

Entering 'lattice-introspector/vendor/monomcp-rust/monomcp/mcp-attr/external/modelcontextprotocol-specification'
----------------------------------------------------
Processing submodule:  (current directory: /mnt/data1/nix/vendor/rust/cargo2nix/lattice-introspector/vendor/monomcp-rust/monomcp/mcp-attr/external/modelcontextprotocol-specification)
Reflog for :
f5ccad94 HEAD@{2 hours ago}: checkout: moving from main to f5ccad944fdf2b7d9cc70cf817f66ca5a8aa03a4
0c9a067b HEAD@{2 hours ago}: clone: from https://github.com/modelcontextprotocol/specification.git

Branch 'feature/CRQ-016-nixify' not found in .

Entering 'lattice-introspector/vendor/monomcp-rust/monomcp/mcp-discovery'
----------------------------------------------------
Processing submodule:  (current directory: /mnt/data1/nix/vendor/rust/cargo2nix/lattice-introspector/vendor/monomcp-rust/monomcp/mcp-discovery)
Reflog for :
b9cd1d0 HEAD@{2 hours ago}: checkout: moving from main to b9cd1d012c63c4cae4ef068455fc127d3edeb98c
b9cd1d0 HEAD@{2 hours ago}: clone: from https://github.com/meta-introspector/mcp-discovery.git

Branch 'feature/CRQ-016-nixify' not found in .

Entering 'lattice-introspector/vendor/monomcp-rust/monomcp/memkb-mcp-rust'
----------------------------------------------------
Processing submodule:  (current directory: /mnt/data1/nix/vendor/rust/cargo2nix/lattice-introspector/vendor/monomcp-rust/monomcp/memkb-mcp-rust)
Reflog for :
631e896 HEAD@{2 hours ago}: checkout: moving from master to 631e896e40c1e557b119020eafd0ab0b1a7b0745
631e896 HEAD@{2 hours ago}: clone: from https://github.com/meta-introspector/memkb-mcp-rust

Branch 'feature/CRQ-016-nixify' not found in .

Entering 'lattice-introspector/vendor/monomcp-rust/monomcp/paiml-mcp-agent-toolkit'
----------------------------------------------------
Processing submodule:  (current directory: /mnt/data1/nix/vendor/rust/cargo2nix/lattice-introspector/vendor/monomcp-rust/monomcp/paiml-mcp-agent-toolkit)
Reflog for :
80e1617 HEAD@{2 hours ago}: checkout: moving from master to 80e16176baddcf5cfc138d2fa4996cea256a55ac
80e1617 HEAD@{2 hours ago}: clone: from https://github.com/meta-introspector/paiml-mcp-agent-toolkit.git

Branch 'feature/CRQ-016-nixify' not found in .

Entering 'lattice-introspector/vendor/monomcp-rust/monomcp/ramparts'
----------------------------------------------------
Processing submodule:  (current directory: /mnt/data1/nix/vendor/rust/cargo2nix/lattice-introspector/vendor/monomcp-rust/monomcp/ramparts)
Reflog for :
5cb0031 HEAD@{2 hours ago}: checkout: moving from main to 5cb003104446358a1a73e825577c66dc21cf9b93
5cb0031 HEAD@{2 hours ago}: clone: from https://github.com/meta-introspector/ramparts.git

Branch 'feature/CRQ-016-nixify' not found in .

Entering 'lattice-introspector/vendor/monomcp-rust/monomcp/rmcp-agent'
----------------------------------------------------
Processing submodule:  (current directory: /mnt/data1/nix/vendor/rust/cargo2nix/lattice-introspector/vendor/monomcp-rust/monomcp/rmcp-agent)
Reflog for :
464cbc6 HEAD@{2 hours ago}: checkout: moving from main to 464cbc69fef6feb329487bf3279fce46f70c3fcc
464cbc6 HEAD@{2 hours ago}: clone: from https://github.com/meta-introspector/rmcp-agent.git

Branch 'feature/CRQ-016-nixify' not found in .

Entering 'lattice-introspector/vendor/monomcp-rust/monomcp/rust-mcp-filesystem'
----------------------------------------------------
Processing submodule:  (current directory: /mnt/data1/nix/vendor/rust/cargo2nix/lattice-introspector/vendor/monomcp-rust/monomcp/rust-mcp-filesystem)
Reflog for :
72411d0 HEAD@{2 hours ago}: checkout: moving from main to 72411d0ac42f9937dc8e91bea21ac2e12a871203
72411d0 HEAD@{2 hours ago}: clone: from https://github.com/meta-introspector/rust-mcp-filesystem.git

Branch 'feature/CRQ-016-nixify' not found in .

Entering 'lattice-introspector/vendor/monomcp-rust/monomcp/rust-mcp-sdk'
----------------------------------------------------
Processing submodule:  (current directory: /mnt/data1/nix/vendor/rust/cargo2nix/lattice-introspector/vendor/monomcp-rust/monomcp/rust-mcp-sdk)
Reflog for :
c39daae HEAD@{2 hours ago}: checkout: moving from main to c39daae78f2b7ace7d43d861f707879c3fe9a62b
c39daae HEAD@{2 hours ago}: clone: from https://github.com/meta-introspector/rust-mcp-sdk.git

Branch 'feature/CRQ-016-nixify' not found in .

Entering 'lattice-introspector/vendor/monomcp-rust/monomcp/simd-kernels'
----------------------------------------------------
Processing submodule:  (current directory: /mnt/data1/nix/vendor/rust/cargo2nix/lattice-introspector/vendor/monomcp-rust/monomcp/simd-kernels)
Reflog for :
6df3f19 HEAD@{2 hours ago}: checkout: moving from main to 6df3f1990ef8a2e8aadf2108128dc60655b1060d
6df3f19 HEAD@{2 hours ago}: clone: from https://github.com/meta-introspector/simd-kernels.git

Branch 'feature/CRQ-016-nixify' not found in .

Entering 'lattice-introspector/vendor/monomcp-rust/monomcp/siumai'
----------------------------------------------------
Processing submodule:  (current directory: /mnt/data1/nix/vendor/rust/cargo2nix/lattice-introspector/vendor/monomcp-rust/monomcp/siumai)
Reflog for :
359b981 HEAD@{2 hours ago}: checkout: moving from main to 359b981ec53747233374f60db7a9d55ae9253b88
359b981 HEAD@{2 hours ago}: clone: from https://github.com/meta-introspector/siumai.git

Branch 'feature/CRQ-016-nixify' not found in .

Entering 'lattice-introspector/vendor/monomcp-rust/monomcp/turbomcp'
----------------------------------------------------
Processing submodule:  (current directory: /mnt/data1/nix/vendor/rust/cargo2nix/lattice-introspector/vendor/monomcp-rust/monomcp/turbomcp)
Reflog for :
fd386a0 HEAD@{2 hours ago}: checkout: moving from main to fd386a0d80d2ee52b7b63c129101e48bd7929413
fd386a0 HEAD@{2 hours ago}: clone: from https://github.com/meta-introspector/turbomcp

Branch 'feature/CRQ-016-nixify' not found in .

Entering 'lattice-introspector/vendor/monomcp-rust/monomcp/vendor/ar_archive_writer'
----------------------------------------------------
Processing submodule:  (current directory: /mnt/data1/nix/vendor/rust/cargo2nix/lattice-introspector/vendor/monomcp-rust/monomcp/vendor/ar_archive_writer)
Reflog for :
7473c3b HEAD@{2 hours ago}: checkout: moving from master to 7473c3b3fe034a10d3023e363f5c38e0fabc2a02
7473c3b HEAD@{2 hours ago}: clone: from https://github.com/meta-introspector/ar_archive_writer

Branch 'feature/CRQ-016-nixify' not found in .

Entering 'lattice-introspector/vendor/monomcp-rust/monomcp/vendor/arrow-rs'
----------------------------------------------------
Processing submodule:  (current directory: /mnt/data1/nix/vendor/rust/cargo2nix/lattice-introspector/vendor/monomcp-rust/monomcp/vendor/arrow-rs)
Reflog for :
38c4c5a8a HEAD@{2 hours ago}: checkout: moving from main to 38c4c5a8a54675e7a062b255005b0f52a97cfe58
d76bfb177 HEAD@{2 hours ago}: clone: from https://github.com/apache/arrow-rs

Branch 'feature/CRQ-016-nixify' not found in .

Entering 'lattice-introspector/vendor/monomcp-rust/monomcp/vendor/arrow-rs/parquet-testing'
----------------------------------------------------
Processing submodule:  (current directory: /mnt/data1/nix/vendor/rust/cargo2nix/lattice-introspector/vendor/monomcp-rust/monomcp/vendor/arrow-rs/parquet-testing)
Reflog for :
5cbfc43 HEAD@{2 hours ago}: checkout: moving from master to 5cbfc43d488c9c8404a1a7088cca400ae095b831
92d45b0 HEAD@{2 hours ago}: clone: from https://github.com/apache/parquet-testing.git

Branch 'feature/CRQ-016-nixify' not found in .

Entering 'lattice-introspector/vendor/monomcp-rust/monomcp/vendor/arrow-rs/testing'
----------------------------------------------------
Processing submodule:  (current directory: /mnt/data1/nix/vendor/rust/cargo2nix/lattice-introspector/vendor/monomcp-rust/monomcp/vendor/arrow-rs/testing)
Reflog for :
735ae71 HEAD@{2 hours ago}: checkout: moving from master to 735ae7128d571398dd798d7ff004adebeb342883
047d391 HEAD@{2 hours ago}: clone: from https://github.com/apache/arrow-testing

Branch 'feature/CRQ-016-nixify' not found in .

Entering 'lattice-introspector/vendor/monomcp-rust/monomcp/vendor/cargo-platform'
----------------------------------------------------
Processing submodule:  (current directory: /mnt/data1/nix/vendor/rust/cargo2nix/lattice-introspector/vendor/monomcp-rust/monomcp/vendor/cargo-platform)
Reflog for :
a6c58d430 HEAD@{2 hours ago}: checkout: moving from master to a6c58d43051d01d83f55a3e61ef5f5b2b0dd6bd9
ebd20d245 HEAD@{2 hours ago}: clone: from https://github.com/rust-lang/cargo.git

Branch 'feature/CRQ-016-nixify' not found in .

Entering 'lattice-introspector/vendor/monomcp-rust/monomcp/vendor/cargo-rust-lang'
----------------------------------------------------
Processing submodule:  (current directory: /mnt/data1/nix/vendor/rust/cargo2nix/lattice-introspector/vendor/monomcp-rust/monomcp/vendor/cargo-rust-lang)
Reflog for :
64e1a2652 HEAD@{2 hours ago}: checkout: moving from master to 64e1a26528411ee5ec39e7523379626ea0f5f824
ebd20d245 HEAD@{2 hours ago}: clone: from https://github.com/rust-lang/cargo.git

Branch 'feature/CRQ-016-nixify' not found in .

Entering 'lattice-introspector/vendor/monomcp-rust/monomcp/vendor/hugging-face-dataset-validator-rust'
----------------------------------------------------
Processing submodule:  (current directory: /mnt/data1/nix/vendor/rust/cargo2nix/lattice-introspector/vendor/monomcp-rust/monomcp/vendor/hugging-face-dataset-validator-rust)
Reflog for :
6ca49a5 HEAD@{2 hours ago}: checkout: moving from main to 6ca49a507054111bcb313e36cbf7b2c74984e2e6
6ca49a5 HEAD@{2 hours ago}: clone: from https://github.com/meta-introspector/hugging-face-dataset-validator-rust

Branch 'feature/CRQ-016-nixify' not found in .

Entering 'lattice-introspector/vendor/monomcp-rust/monomcp/vendor/rustc-stable-hash'
----------------------------------------------------
Processing submodule:  (current directory: /mnt/data1/nix/vendor/rust/cargo2nix/lattice-introspector/vendor/monomcp-rust/monomcp/vendor/rustc-stable-hash)
Reflog for :
0e8fdc6 HEAD@{2 hours ago}: checkout: moving from main to 0e8fdc63b0c40c6b982b263741f2c076ad084e46
0e8fdc6 HEAD@{2 hours ago}: clone: from https://github.com/meta-introspector/rustc-stable-hash

Branch 'feature/CRQ-016-nixify' not found in .

Entering 'lattice-introspector/vendor/monomcp-rust/monomcp/vendor/smallvec'
----------------------------------------------------
Processing submodule:  (current directory: /mnt/data1/nix/vendor/rust/cargo2nix/lattice-introspector/vendor/monomcp-rust/monomcp/vendor/smallvec)
Reflog for :
3cbc72f HEAD@{2 hours ago}: checkout: moving from v2 to 3cbc72f63c074ccf06a8b8e1c434830b21f5f5c9
74f73e4 HEAD@{2 hours ago}: clone: from https://github.com/meta-introspector/rust-smallvec

Branch 'feature/CRQ-016-nixify' not found in .

Entering 'lattice-introspector/vendor/monomcp-rust/monomcp/vendor/tracing-vendor/tracing'
----------------------------------------------------
Processing submodule:  (current directory: /mnt/data1/nix/vendor/rust/cargo2nix/lattice-introspector/vendor/monomcp-rust/monomcp/vendor/tracing-vendor/tracing)
Reflog for :
20f5b3d8 HEAD@{2 hours ago}: checkout: moving from main to 20f5b3d8ba057ca9c4ae00ad30dda3dce8a71c05
9978c366 HEAD@{2 hours ago}: clone: from https://github.com/tokio-rs/tracing.git

Branch 'feature/CRQ-016-nixify' not found in .

Entering 'lattice-introspector/vendor/ragit'
----------------------------------------------------
Processing submodule:  (current directory: /mnt/data1/nix/vendor/rust/cargo2nix/lattice-introspector/vendor/ragit)
Reflog for :
c5d1ef0c HEAD@{3 days ago}: checkout: moving from c5d1ef0c3754d0cf0940f5418b04f95b3baf4fe1 to feature/CRQ-016-nixify
c5d1ef0c HEAD@{3 days ago}: checkout: moving from main to HEAD
c5d1ef0c HEAD@{3 days ago}: reset: moving to HEAD
c5d1ef0c HEAD@{3 days ago}: clone: from https://github.com/meta-introspector/ragit.git

Branch 'feature/CRQ-016-nixify' exists in .
Current branch is 'feature/CRQ-016-nixify'.
Current HEAD is at the same commit as 'feature/CRQ-016-nixify'.

Entering 'lattice-introspector/vendor/rust-smallvec'
----------------------------------------------------
Processing submodule:  (current directory: /mnt/data1/nix/vendor/rust/cargo2nix/lattice-introspector/vendor/rust-smallvec)
Reflog for :
e1ecbd1 HEAD@{3 days ago}: checkout: moving from v2 to feature/CRQ-016-nixify
74f73e4 HEAD@{3 days ago}: reset: moving to HEAD
74f73e4 HEAD@{3 days ago}: clone: from https://github.com/meta-introspector/rust-smallvec

Branch 'feature/CRQ-016-nixify' exists in .
Current branch is 'feature/CRQ-016-nixify'.
Current HEAD is at the same commit as 'feature/CRQ-016-nixify'.

Entering 'lattice-introspector/vendor/rustc-stable-hash'
----------------------------------------------------
Processing submodule:  (current directory: /mnt/data1/nix/vendor/rust/cargo2nix/lattice-introspector/vendor/rustc-stable-hash)
Reflog for :
40440c3 HEAD@{3 days ago}: checkout: moving from main to feature/CRQ-016-nixify
0e8fdc6 HEAD@{3 days ago}: reset: moving to HEAD
0e8fdc6 HEAD@{3 days ago}: clone: from https://github.com/meta-introspector/rustc-stable-hash

Branch 'feature/CRQ-016-nixify' exists in .
Current branch is 'feature/CRQ-016-nixify'.
Current HEAD is at the same commit as 'feature/CRQ-016-nixify'.

Entering 'lattice-introspector/vendor/scirs'
----------------------------------------------------
Processing submodule:  (current directory: /mnt/data1/nix/vendor/rust/cargo2nix/lattice-introspector/vendor/scirs)
Reflog for :
7087a236 HEAD@{3 days ago}: checkout: moving from 7087a2366ab15f6fe0ec8ba0145beffb81ba6c48 to feature/CRQ-016-nixify
7087a236 HEAD@{3 days ago}: checkout: moving from master to HEAD
7087a236 HEAD@{3 days ago}: reset: moving to HEAD
7087a236 HEAD@{3 days ago}: clone: from https://github.com/cool-japan/scirs.git

Branch 'feature/CRQ-016-nixify' exists in .
Current branch is 'feature/CRQ-016-nixify'.
Current HEAD is at the same commit as 'feature/CRQ-016-nixify'.

Entering 'lattice-introspector/vendor/simd-kernels'
----------------------------------------------------
Processing submodule:  (current directory: /mnt/data1/nix/vendor/rust/cargo2nix/lattice-introspector/vendor/simd-kernels)
Reflog for :
6df3f19 HEAD@{3 days ago}: checkout: moving from 6df3f1990ef8a2e8aadf2108128dc60655b1060d to feature/CRQ-016-nixify
6df3f19 HEAD@{3 days ago}: checkout: moving from main to HEAD
6df3f19 HEAD@{3 days ago}: reset: moving to HEAD
6df3f19 HEAD@{3 days ago}: clone: from https://github.com/meta-introspector/simd-kernels

Branch 'feature/CRQ-016-nixify' exists in .
Current branch is 'feature/CRQ-016-nixify'.
Current HEAD is at the same commit as 'feature/CRQ-016-nixify'.

Entering 'lattice-introspector/vendor/solfunmeme-dioxus'
----------------------------------------------------
Processing submodule:  (current directory: /mnt/data1/nix/vendor/rust/cargo2nix/lattice-introspector/vendor/solfunmeme-dioxus)
Reflog for :
819e8927 HEAD@{3 days ago}: checkout: moving from 819e8927dacad45655766dc20f7417ec2f26be25 to feature/CRQ-016-nixify
819e8927 HEAD@{3 days ago}: checkout: moving from main to HEAD
819e8927 HEAD@{3 days ago}: reset: moving to HEAD
819e8927 HEAD@{3 days ago}: clone: from https://github.com/meta-introspector/solfunmeme-dioxus

Branch 'feature/CRQ-016-nixify' exists in .
Current branch is 'feature/CRQ-016-nixify'.
Current HEAD is at the same commit as 'feature/CRQ-016-nixify'.

Entering 'minizinc-introspector'
----------------------------------------------------
Processing submodule:  (current directory: /mnt/data1/nix/vendor/rust/cargo2nix/minizinc-introspector)
Reflog for :
691be9aa7 HEAD@{3 days ago}: commit: Add .gitignore for generated files
e2a85b70a HEAD@{3 days ago}: checkout: moving from e2a85b70a225a78ab5aa87dcb8973cd728b4e9bd to feature/CRQ-016-nixify
e2a85b70a HEAD@{3 days ago}: checkout: moving from feat/build-fixes-and-docs to e2a85b70a225a78ab5aa87dcb8973cd728b4e9bd
b81e45f70 HEAD@{6 days ago}: checkout: moving from main to feat/build-fixes-and-docs
e2a85b70a HEAD@{6 days ago}: clone: from https://github.com/meta-introspector/minizinc-introspector.git

Branch 'feature/CRQ-016-nixify' exists in .
Current branch is 'feature/CRQ-016-nixify'.
Current HEAD is at the same commit as 'feature/CRQ-016-nixify'.

Entering 'submodules/BLAKE3'
----------------------------------------------------
Processing submodule:  (current directory: /mnt/data1/nix/vendor/rust/cargo2nix/submodules/BLAKE3)
Reflog for :
ebc70d1 HEAD@{3 days ago}: checkout: moving from eae9bf376a1c4797df7be6e49e735c0a5d91dcb0 to feature/CRQ-016-nixify
eae9bf3 HEAD@{3 days ago}: checkout: moving from master to eae9bf376a1c4797df7be6e49e735c0a5d91dcb0
eae9bf3 HEAD@{5 days ago}: reset: moving to HEAD
eae9bf3 HEAD@{7 days ago}: clone: from https://github.com/meta-introspector/BLAKE3.git

Branch 'feature/CRQ-016-nixify' exists in .
Current branch is 'feature/CRQ-016-nixify'.
Current HEAD is at the same commit as 'feature/CRQ-016-nixify'.

Entering 'submodules/KDFs'
----------------------------------------------------
Processing submodule:  (current directory: /mnt/data1/nix/vendor/rust/cargo2nix/submodules/KDFs)
Reflog for :
e49ea57 HEAD@{3 days ago}: checkout: moving from 625f85150ac2d709a2d431d619d09e446313d6ae to feature/CRQ-016-nixify
625f851 HEAD@{3 days ago}: checkout: moving from master to 625f85150ac2d709a2d431d619d09e446313d6ae
625f851 HEAD@{7 days ago}: clone: from https://github.com/meta-introspector/KDFs

Branch 'feature/CRQ-016-nixify' exists in .
Current branch is 'feature/CRQ-016-nixify'.
Current HEAD is at the same commit as 'feature/CRQ-016-nixify'.

Entering 'submodules/MACs'
----------------------------------------------------
Processing submodule:  (current directory: /mnt/data1/nix/vendor/rust/cargo2nix/submodules/MACs)
Reflog for :
6d3b402 HEAD@{3 days ago}: checkout: moving from 898223c45e45171636e75b805769acea8f3f3262 to feature/CRQ-016-nixify
898223c HEAD@{3 days ago}: checkout: moving from master to 898223c45e45171636e75b805769acea8f3f3262
898223c HEAD@{7 days ago}: clone: from https://github.com/meta-introspector/MACs

Branch 'feature/CRQ-016-nixify' exists in .
Current branch is 'feature/CRQ-016-nixify'.
Current HEAD is at the same commit as 'feature/CRQ-016-nixify'.

Entering 'submodules/TinyTemplate'
----------------------------------------------------
Processing submodule:  (current directory: /mnt/data1/nix/vendor/rust/cargo2nix/submodules/TinyTemplate)
Reflog for :
b1222b9 HEAD@{3 days ago}: checkout: moving from 141836defdc4ffedc7f3beec9a1dd7e06e7cbf8e to feature/CRQ-016-nixify
141836d HEAD@{3 days ago}: checkout: moving from master to 141836defdc4ffedc7f3beec9a1dd7e06e7cbf8e
141836d HEAD@{7 days ago}: clone: from https://github.com/meta-introspector/TinyTemplate.git

Branch 'feature/CRQ-016-nixify' exists in .
Current branch is 'feature/CRQ-016-nixify'.
Current HEAD is at the same commit as 'feature/CRQ-016-nixify'.

Entering 'submodules/actix'
----------------------------------------------------
Processing submodule:  (current directory: /mnt/data1/nix/vendor/rust/cargo2nix/submodules/actix)
Reflog for :
7af86e74 HEAD@{3 days ago}: checkout: moving from 155ced7e30aabba51d0ae979eb60707ceb8ab5a4 to feature/CRQ-016-nixify
155ced7e HEAD@{3 days ago}: checkout: moving from main to 155ced7e30aabba51d0ae979eb60707ceb8ab5a4
155ced7e HEAD@{7 days ago}: clone: from https://github.com/meta-introspector/actix

Branch 'feature/CRQ-016-nixify' exists in .
Current branch is 'feature/CRQ-016-nixify'.
Current HEAD is at the same commit as 'feature/CRQ-016-nixify'.

Entering 'submodules/actix-net'
----------------------------------------------------
Processing submodule:  (current directory: /mnt/data1/nix/vendor/rust/cargo2nix/submodules/actix-net)
Reflog for :
6dba9ce HEAD@{3 days ago}: checkout: moving from c1bf0ec8dcb8b42ae35667ffed5573bdecfbd468 to feature/CRQ-016-nixify
c1bf0ec HEAD@{3 days ago}: checkout: moving from main to c1bf0ec8dcb8b42ae35667ffed5573bdecfbd468
c1bf0ec HEAD@{7 days ago}: clone: from https://github.com/meta-introspector/actix-net

Branch 'feature/CRQ-016-nixify' exists in .
Current branch is 'feature/CRQ-016-nixify'.
Current HEAD is at the same commit as 'feature/CRQ-016-nixify'.

Entering 'submodules/addr2line'
----------------------------------------------------
Processing submodule:  (current directory: /mnt/data1/nix/vendor/rust/cargo2nix/submodules/addr2line)
Reflog for :
c70d966 HEAD@{3 days ago}: commit: wip: submodule updates
4507a28 HEAD@{3 days ago}: checkout: moving from b8bc56e962d8656cb03e796aa382f9d92eaca726 to feature/CRQ-016-nixify
b8bc56e HEAD@{3 days ago}: checkout: moving from master to b8bc56e962d8656cb03e796aa382f9d92eaca726
b8bc56e HEAD@{7 days ago}: clone: from https://github.com/meta-introspector/addr2line.git

Branch 'feature/CRQ-016-nixify' exists in .
Current branch is 'feature/CRQ-016-nixify'.
Current HEAD is at the same commit as 'feature/CRQ-016-nixify'.

Entering 'submodules/addr2line/testinput'
----------------------------------------------------
Processing submodule:  (current directory: /mnt/data1/nix/vendor/rust/cargo2nix/submodules/addr2line/testinput)
Reflog for :
7a2fbaf HEAD@{3 days ago}: checkout: moving from 7a2fbafef7edbc08955a4386bf79331176eb2005 to feature/CRQ-016-nixify
7a2fbaf HEAD@{3 days ago}: checkout: moving from master to 7a2fbafef7edbc08955a4386bf79331176eb2005
7a2fbaf HEAD@{3 days ago}: clone: from https://github.com/gimli-rs/object-testfiles

Branch 'feature/CRQ-016-nixify' exists in .
Current branch is 'feature/CRQ-016-nixify'.
Current HEAD is at the same commit as 'feature/CRQ-016-nixify'.

Entering 'submodules/adler2'
----------------------------------------------------
Processing submodule:  (current directory: /mnt/data1/nix/vendor/rust/cargo2nix/submodules/adler2)
Reflog for :
e962911 HEAD@{3 days ago}: checkout: moving from 89a031a0f42eeff31c70dc598b398cbf31f1680f to feature/CRQ-016-nixify
89a031a HEAD@{3 days ago}: checkout: moving from main to 89a031a0f42eeff31c70dc598b398cbf31f1680f
89a031a HEAD@{7 days ago}: clone: from https://github.com/meta-introspector/adler2

Branch 'feature/CRQ-016-nixify' exists in .
Current branch is 'feature/CRQ-016-nixify'.
Current HEAD is at the same commit as 'feature/CRQ-016-nixify'.

Entering 'submodules/ahash'
----------------------------------------------------
Processing submodule:  (current directory: /mnt/data1/nix/vendor/rust/cargo2nix/submodules/ahash)
Reflog for :
a9d649d HEAD@{3 days ago}: checkout: moving from a9d649d18d6aefeef106a48252dc6708ee7f9e47 to feature/CRQ-016-nixify
a9d649d HEAD@{3 days ago}: checkout: moving from master to a9d649d18d6aefeef106a48252dc6708ee7f9e47
a9d649d HEAD@{7 days ago}: clone: from https://github.com/tkaitchuck/ahash

Branch 'feature/CRQ-016-nixify' exists in .
Current branch is 'feature/CRQ-016-nixify'.
Current HEAD is at the same commit as 'feature/CRQ-016-nixify'.

Entering 'submodules/aho-corasick'
----------------------------------------------------
Processing submodule:  (current directory: /mnt/data1/nix/vendor/rust/cargo2nix/submodules/aho-corasick)
Reflog for :
0e425d8 HEAD@{3 days ago}: checkout: moving from 88e4966516aa4427d717578671353bb8969a048f to feature/CRQ-016-nixify
88e4966 HEAD@{3 days ago}: checkout: moving from master to 88e4966516aa4427d717578671353bb8969a048f
88e4966 HEAD@{7 days ago}: clone: from https://github.com/meta-introspector/aho-corasick.git

Branch 'feature/CRQ-016-nixify' exists in .
Current branch is 'feature/CRQ-016-nixify'.
Current HEAD is at the same commit as 'feature/CRQ-016-nixify'.

Entering 'submodules/allocator-api2'
----------------------------------------------------
Processing submodule:  (current directory: /mnt/data1/nix/vendor/rust/cargo2nix/submodules/allocator-api2)
Reflog for :
1df7d0f HEAD@{3 days ago}: checkout: moving from 8174821ce4ece266c7a45679099bdce8b75b32ec to feature/CRQ-016-nixify
8174821 HEAD@{3 days ago}: checkout: moving from CRQ-016-nixify to 8174821ce4ece266c7a45679099bdce8b75b32ec
8174821 HEAD@{5 days ago}: checkout: moving from main to CRQ-016-nixify
8174821 HEAD@{7 days ago}: clone: from https://github.com/meta-introspector/allocator-api2.git

Branch 'feature/CRQ-016-nixify' exists in .
Current branch is 'feature/CRQ-016-nixify'.
Current HEAD is at the same commit as 'feature/CRQ-016-nixify'.

Entering 'submodules/android_system_properties'
----------------------------------------------------
Processing submodule:  (current directory: /mnt/data1/nix/vendor/rust/cargo2nix/submodules/android_system_properties)
Reflog for :
e07ebee HEAD@{3 days ago}: checkout: moving from 9f691309e70c7d92e072238eb85f154a211ba134 to feature/CRQ-016-nixify
9f69130 HEAD@{3 days ago}: checkout: moving from main to 9f691309e70c7d92e072238eb85f154a211ba134
9f69130 HEAD@{7 days ago}: clone: from https://github.com/meta-introspector/android_system_properties.git

Branch 'feature/CRQ-016-nixify' exists in .
Current branch is 'feature/CRQ-016-nixify'.
Current HEAD is at the same commit as 'feature/CRQ-016-nixify'.

Entering 'submodules/anes-rs'
----------------------------------------------------
Processing submodule:  (current directory: /mnt/data1/nix/vendor/rust/cargo2nix/submodules/anes-rs)
Reflog for :
959d2fc HEAD@{3 days ago}: checkout: moving from 0ec7d42fbd631199b0735702553ec3b2eda1f844 to feature/CRQ-016-nixify
0ec7d42 HEAD@{3 days ago}: checkout: moving from main to 0ec7d42fbd631199b0735702553ec3b2eda1f844
0ec7d42 HEAD@{7 days ago}: clone: from https://github.com/meta-introspector/anes-rs

Branch 'feature/CRQ-016-nixify' exists in .
Current branch is 'feature/CRQ-016-nixify'.
Current HEAD is at the same commit as 'feature/CRQ-016-nixify'.

Entering 'submodules/annotate-snippets-rs'
----------------------------------------------------
Processing submodule:  (current directory: /mnt/data1/nix/vendor/rust/cargo2nix/submodules/annotate-snippets-rs)
Reflog for :
36d50e6 HEAD@{3 days ago}: checkout: moving from ed71e38bde440098dc58077e3224e816ba4a54d0 to feature/CRQ-016-nixify
ed71e38 HEAD@{3 days ago}: checkout: moving from master to ed71e38bde440098dc58077e3224e816ba4a54d0
ed71e38 HEAD@{7 days ago}: clone: from https://github.com/meta-introspector/annotate-snippets-rs

Branch 'feature/CRQ-016-nixify' exists in .
Current branch is 'feature/CRQ-016-nixify'.
Current HEAD is at the same commit as 'feature/CRQ-016-nixify'.

Entering 'submodules/ansiterm-rs'
----------------------------------------------------
Processing submodule:  (current directory: /mnt/data1/nix/vendor/rust/cargo2nix/submodules/ansiterm-rs)
Reflog for :
bbc2067 HEAD@{3 days ago}: checkout: moving from 0bbd978f0419274fc78f7022e1794599befe15a9 to feature/CRQ-016-nixify
0bbd978 HEAD@{3 days ago}: checkout: moving from main to 0bbd978f0419274fc78f7022e1794599befe15a9
0bbd978 HEAD@{7 days ago}: clone: from https://github.com/meta-introspector/ansiterm-rs

Branch 'feature/CRQ-016-nixify' exists in .
Current branch is 'feature/CRQ-016-nixify'.
Current HEAD is at the same commit as 'feature/CRQ-016-nixify'.

Entering 'submodules/anstyle'
----------------------------------------------------
Processing submodule:  (current directory: /mnt/data1/nix/vendor/rust/cargo2nix/submodules/anstyle)
Reflog for :
92f4a97 HEAD@{3 days ago}: checkout: moving from 368a8719474357f9d54be800b4163c9074561e37 to feature/CRQ-016-nixify
368a871 HEAD@{3 days ago}: checkout: moving from main to 368a8719474357f9d54be800b4163c9074561e37
368a871 HEAD@{7 days ago}: clone: from https://github.com/meta-introspector/anstyle

Branch 'feature/CRQ-016-nixify' exists in .
Current branch is 'feature/CRQ-016-nixify'.
Current HEAD is at the same commit as 'feature/CRQ-016-nixify'.

Entering 'submodules/anyhow'
----------------------------------------------------
Processing submodule:  (current directory: /mnt/data1/nix/vendor/rust/cargo2nix/submodules/anyhow)
Reflog for :
cfb3aac HEAD@{3 days ago}: checkout: moving from eac70d7161109734d060e094d87cb2bd11212a35 to feature/CRQ-016-nixify
eac70d7 HEAD@{3 days ago}: checkout: moving from master to eac70d7161109734d060e094d87cb2bd11212a35
eac70d7 HEAD@{7 days ago}: clone: from https://github.com/meta-introspector/anyhow.git

Branch 'feature/CRQ-016-nixify' exists in .
Current branch is 'feature/CRQ-016-nixify'.
Current HEAD is at the same commit as 'feature/CRQ-016-nixify'.

Entering 'submodules/approx'
----------------------------------------------------
Processing submodule:  (current directory: /mnt/data1/nix/vendor/rust/cargo2nix/submodules/approx)
Reflog for :
13fcbc7 HEAD@{3 days ago}: checkout: moving from 13fcbc78dcda4d0136de07c36a7979d545f08e38 to feature/CRQ-016-nixify
13fcbc7 HEAD@{3 days ago}: checkout: moving from master to 13fcbc78dcda4d0136de07c36a7979d545f08e38
13fcbc7 HEAD@{7 days ago}: clone: from https://github.com/brendanzab/approx

Branch 'feature/CRQ-016-nixify' exists in .
Current branch is 'feature/CRQ-016-nixify'.
Current HEAD is at the same commit as 'feature/CRQ-016-nixify'.

Entering 'submodules/ar_archive_writer'
----------------------------------------------------
Processing submodule:  (current directory: /mnt/data1/nix/vendor/rust/cargo2nix/submodules/ar_archive_writer)
Reflog for :
7473c3b HEAD@{3 days ago}: checkout: moving from 7473c3b3fe034a10d3023e363f5c38e0fabc2a02 to feature/CRQ-016-nixify
7473c3b HEAD@{3 days ago}: checkout: moving from master to 7473c3b3fe034a10d3023e363f5c38e0fabc2a02
7473c3b HEAD@{7 days ago}: clone: from https://github.com/rust-lang/ar_archive_writer

Branch 'feature/CRQ-016-nixify' exists in .
Current branch is 'feature/CRQ-016-nixify'.
Current HEAD is at the same commit as 'feature/CRQ-016-nixify'.

Entering 'submodules/arbitrary'
----------------------------------------------------
Processing submodule:  (current directory: /mnt/data1/nix/vendor/rust/cargo2nix/submodules/arbitrary)
Reflog for :
c70406a HEAD@{3 days ago}: checkout: moving from 69ac259b653cc094652a9e73eabd3f4ef9244d86 to feature/CRQ-016-nixify
69ac259 HEAD@{3 days ago}: checkout: moving from main to 69ac259b653cc094652a9e73eabd3f4ef9244d86
69ac259 HEAD@{7 days ago}: clone: from https://github.com/meta-introspector/arbitrary

Branch 'feature/CRQ-016-nixify' exists in .
Current branch is 'feature/CRQ-016-nixify'.
Current HEAD is at the same commit as 'feature/CRQ-016-nixify'.

Entering 'submodules/arc-swap'
----------------------------------------------------
Processing submodule:  (current directory: /mnt/data1/nix/vendor/rust/cargo2nix/submodules/arc-swap)
Reflog for :
516bac5 HEAD@{3 days ago}: checkout: moving from 8e480958deb43591cc5a348949409b6ba3a516f4 to feature/CRQ-016-nixify
8e48095 HEAD@{3 days ago}: checkout: moving from master to 8e480958deb43591cc5a348949409b6ba3a516f4
8e48095 HEAD@{7 days ago}: clone: from https://github.com/meta-introspector/arc-swap

Branch 'feature/CRQ-016-nixify' exists in .
Current branch is 'feature/CRQ-016-nixify'.
Current HEAD is at the same commit as 'feature/CRQ-016-nixify'.

Entering 'submodules/arraydeque'
----------------------------------------------------
Processing submodule:  (current directory: /mnt/data1/nix/vendor/rust/cargo2nix/submodules/arraydeque)
Reflog for :
1fb06ec HEAD@{3 days ago}: checkout: moving from 2ccf30574a2fac91311a0fca7b32f99d41f5680e to feature/CRQ-016-nixify
2ccf305 HEAD@{3 days ago}: checkout: moving from master to 2ccf30574a2fac91311a0fca7b32f99d41f5680e
2ccf305 HEAD@{7 days ago}: clone: from https://github.com/meta-introspector/arraydeque.git

Branch 'feature/CRQ-016-nixify' exists in .
Current branch is 'feature/CRQ-016-nixify'.
Current HEAD is at the same commit as 'feature/CRQ-016-nixify'.

Entering 'submodules/arrayref'
----------------------------------------------------
Processing submodule:  (current directory: /mnt/data1/nix/vendor/rust/cargo2nix/submodules/arrayref)
Reflog for :
eee53b3 HEAD@{3 days ago}: checkout: moving from f8d0299d863922db6c409d08098941e833b70d69 to feature/CRQ-016-nixify
f8d0299 HEAD@{3 days ago}: checkout: moving from master to f8d0299d863922db6c409d08098941e833b70d69
f8d0299 HEAD@{7 days ago}: clone: from https://github.com/meta-introspector/arrayref.git

Branch 'feature/CRQ-016-nixify' exists in .
Current branch is 'feature/CRQ-016-nixify'.
Current HEAD is at the same commit as 'feature/CRQ-016-nixify'.

Entering 'submodules/arrayvec'
----------------------------------------------------
Processing submodule:  (current directory: /mnt/data1/nix/vendor/rust/cargo2nix/submodules/arrayvec)
Reflog for :
205a8b6 HEAD@{3 days ago}: checkout: moving from 812c83a2b16c7d97c5e5250ebfd785da4e089895 to feature/CRQ-016-nixify
812c83a HEAD@{3 days ago}: checkout: moving from master to 812c83a2b16c7d97c5e5250ebfd785da4e089895
812c83a HEAD@{7 days ago}: clone: from https://github.com/meta-introspector/arrayvec.git

Branch 'feature/CRQ-016-nixify' exists in .
Current branch is 'feature/CRQ-016-nixify'.
Current HEAD is at the same commit as 'feature/CRQ-016-nixify'.

Entering 'submodules/assert-impl'
----------------------------------------------------
Processing submodule:  (current directory: /mnt/data1/nix/vendor/rust/cargo2nix/submodules/assert-impl)
Reflog for :
a1f312c HEAD@{3 days ago}: checkout: moving from f503255b292ab0ba8d085b657f4065403cfa46eb to feature/CRQ-016-nixify
f503255 HEAD@{3 days ago}: checkout: moving from master to f503255b292ab0ba8d085b657f4065403cfa46eb
f503255 HEAD@{7 days ago}: clone: from https://github.com/meta-introspector/assert-impl

Branch 'feature/CRQ-016-nixify' exists in .
Current branch is 'feature/CRQ-016-nixify'.
Current HEAD is at the same commit as 'feature/CRQ-016-nixify'.

Entering 'submodules/assert_matches'
----------------------------------------------------
Processing submodule:  (current directory: /mnt/data1/nix/vendor/rust/cargo2nix/submodules/assert_matches)
Reflog for :
451a048 HEAD@{3 days ago}: checkout: moving from 969a37d5ad1d2a9060839ada3e400c4d6483f877 to feature/CRQ-016-nixify
969a37d HEAD@{3 days ago}: checkout: moving from master to 969a37d5ad1d2a9060839ada3e400c4d6483f877
969a37d HEAD@{7 days ago}: clone: from https://github.com/meta-introspector/assert_matches.git

Branch 'feature/CRQ-016-nixify' exists in .
Current branch is 'feature/CRQ-016-nixify'.
Current HEAD is at the same commit as 'feature/CRQ-016-nixify'.

Entering 'submodules/async-attributes'
----------------------------------------------------
Processing submodule:  (current directory: /mnt/data1/nix/vendor/rust/cargo2nix/submodules/async-attributes)
Reflog for :
de9606a HEAD@{3 days ago}: checkout: moving from 59961600efc94ea49dba6ec57bd8afca797b564f to feature/CRQ-016-nixify
5996160 HEAD@{3 days ago}: checkout: moving from master to 59961600efc94ea49dba6ec57bd8afca797b564f
5996160 HEAD@{7 days ago}: clone: from https://github.com/meta-introspector/async-attributes.git

Branch 'feature/CRQ-016-nixify' exists in .
Current branch is 'feature/CRQ-016-nixify'.
Current HEAD is at the same commit as 'feature/CRQ-016-nixify'.

Entering 'submodules/async-channel'
----------------------------------------------------
Processing submodule:  (current directory: /mnt/data1/nix/vendor/rust/cargo2nix/submodules/async-channel)
Reflog for :
21f06c1 HEAD@{3 days ago}: checkout: moving from 35a63c456aaa1906015f5a825e7e35505a749afa to feature/CRQ-016-nixify
35a63c4 HEAD@{3 days ago}: checkout: moving from master to 35a63c456aaa1906015f5a825e7e35505a749afa
35a63c4 HEAD@{7 days ago}: clone: from https://github.com/meta-introspector/async-channel

Branch 'feature/CRQ-016-nixify' exists in .
Current branch is 'feature/CRQ-016-nixify'.
Current HEAD is at the same commit as 'feature/CRQ-016-nixify'.

Entering 'submodules/async-executor'
----------------------------------------------------
Processing submodule:  (current directory: /mnt/data1/nix/vendor/rust/cargo2nix/submodules/async-executor)
Reflog for :
bdcb50d HEAD@{3 days ago}: checkout: moving from b0f396c8e5366ed4eecc2d9adb03a1d8e70e5bb4 to feature/CRQ-016-nixify
b0f396c HEAD@{3 days ago}: checkout: moving from master to b0f396c8e5366ed4eecc2d9adb03a1d8e70e5bb4
b0f396c HEAD@{7 days ago}: clone: from https://github.com/meta-introspector/async-executor

Branch 'feature/CRQ-016-nixify' exists in .
Current branch is 'feature/CRQ-016-nixify'.
Current HEAD is at the same commit as 'feature/CRQ-016-nixify'.

Entering 'submodules/async-fs'
----------------------------------------------------
Processing submodule:  (current directory: /mnt/data1/nix/vendor/rust/cargo2nix/submodules/async-fs)
Reflog for :
e8be334 HEAD@{3 days ago}: checkout: moving from e8be33427037ab5b8882c5b06936e27e264753cc to feature/CRQ-016-nixify
e8be334 HEAD@{3 days ago}: checkout: moving from master to e8be33427037ab5b8882c5b06936e27e264753cc
e8be334 HEAD@{7 days ago}: clone: from https://github.com/smol-rs/async-fs

Branch 'feature/CRQ-016-nixify' exists in .
Current branch is 'feature/CRQ-016-nixify'.
Current HEAD is at the same commit as 'feature/CRQ-016-nixify'.

Entering 'submodules/async-global-executor'
----------------------------------------------------
Processing submodule:  (current directory: /mnt/data1/nix/vendor/rust/cargo2nix/submodules/async-global-executor)
Reflog for :
c212374 HEAD@{3 days ago}: checkout: moving from 78e8ac81c76511f133774a34182ae74ba8553574 to feature/CRQ-016-nixify
78e8ac8 HEAD@{3 days ago}: checkout: moving from master to 78e8ac81c76511f133774a34182ae74ba8553574
78e8ac8 HEAD@{7 days ago}: clone: from https://github.com/meta-introspector/async-global-executor.git

Branch 'feature/CRQ-016-nixify' exists in .
Current branch is 'feature/CRQ-016-nixify'.
Current HEAD is at the same commit as 'feature/CRQ-016-nixify'.

Entering 'submodules/async-graphql'
----------------------------------------------------
Processing submodule:  (current directory: /mnt/data1/nix/vendor/rust/cargo2nix/submodules/async-graphql)
Reflog for :
082201cc HEAD@{19 hours ago}: clone: from https://github.com/async-graphql/async-graphql

Branch 'feature/CRQ-016-nixify' not found in .

Entering 'submodules/async-graphql/examples'
----------------------------------------------------
Processing submodule:  (current directory: /mnt/data1/nix/vendor/rust/cargo2nix/submodules/async-graphql/examples)
Reflog for :
0d7c54a HEAD@{2 hours ago}: checkout: moving from master to 0d7c54aaa8ee9a9f35251d3e6c3be308bb89813b
0d7c54a HEAD@{2 hours ago}: clone: from https://github.com/async-graphql/examples

Branch 'feature/CRQ-016-nixify' not found in .

Entering 'submodules/async-io'
----------------------------------------------------
Processing submodule:  (current directory: /mnt/data1/nix/vendor/rust/cargo2nix/submodules/async-io)
Reflog for :
ab0a929 HEAD@{3 days ago}: checkout: moving from 576b470ca3cadefdec8b169279df23c9a0a63495 to feature/CRQ-016-nixify
576b470 HEAD@{3 days ago}: checkout: moving from master to 576b470ca3cadefdec8b169279df23c9a0a63495
576b470 HEAD@{7 days ago}: clone: from https://github.com/meta-introspector/async-io

Branch 'feature/CRQ-016-nixify' exists in .
Current branch is 'feature/CRQ-016-nixify'.
Current HEAD is at the same commit as 'feature/CRQ-016-nixify'.

Entering 'submodules/async-lock'
----------------------------------------------------
Processing submodule:  (current directory: /mnt/data1/nix/vendor/rust/cargo2nix/submodules/async-lock)
Reflog for :
a610850 HEAD@{3 days ago}: checkout: moving from 78bf47157e7c4fb4aca6cf21592a00368716bd72 to feature/CRQ-016-nixify
78bf471 HEAD@{3 days ago}: checkout: moving from master to 78bf47157e7c4fb4aca6cf21592a00368716bd72
78bf471 HEAD@{7 days ago}: clone: from https://github.com/meta-introspector/async-lock

Branch 'feature/CRQ-016-nixify' exists in .
Current branch is 'feature/CRQ-016-nixify'.
Current HEAD is at the same commit as 'feature/CRQ-016-nixify'.

Entering 'submodules/async-net'
----------------------------------------------------
Processing submodule:  (current directory: /mnt/data1/nix/vendor/rust/cargo2nix/submodules/async-net)
Reflog for :
cb4956f HEAD@{3 days ago}: checkout: moving from 670e26ab6a11bf74aebccfda9c3469e1646350e2 to feature/CRQ-016-nixify
670e26a HEAD@{3 days ago}: checkout: moving from master to 670e26ab6a11bf74aebccfda9c3469e1646350e2
670e26a HEAD@{7 days ago}: clone: from https://github.com/meta-introspector/async-net

Branch 'feature/CRQ-016-nixify' exists in .
Current branch is 'feature/CRQ-016-nixify'.
Current HEAD is at the same commit as 'feature/CRQ-016-nixify'.

Entering 'submodules/async-process'
----------------------------------------------------
Processing submodule:  (current directory: /mnt/data1/nix/vendor/rust/cargo2nix/submodules/async-process)
Reflog for :
8a81e28 HEAD@{3 days ago}: checkout: moving from 8a81e28de33e4be6e22a770f4495b2fe1eccf89e to feature/CRQ-016-nixify
8a81e28 HEAD@{3 days ago}: checkout: moving from master to 8a81e28de33e4be6e22a770f4495b2fe1eccf89e
8a81e28 HEAD@{7 days ago}: clone: from https://github.com/smol-rs/async-process

Branch 'feature/CRQ-016-nixify' exists in .
Current branch is 'feature/CRQ-016-nixify'.
Current HEAD is at the same commit as 'feature/CRQ-016-nixify'.

Entering 'submodules/async-signal'
----------------------------------------------------
Processing submodule:  (current directory: /mnt/data1/nix/vendor/rust/cargo2nix/submodules/async-signal)
Reflog for :
59b58c7 HEAD@{3 days ago}: checkout: moving from 59b58c733050f7956ba7b7537289c27a3ffebf39 to feature/CRQ-016-nixify
59b58c7 HEAD@{3 days ago}: checkout: moving from master to 59b58c733050f7956ba7b7537289c27a3ffebf39
59b58c7 HEAD@{7 days ago}: clone: from https://github.com/smol-rs/async-signal

Branch 'feature/CRQ-016-nixify' exists in .
Current branch is 'feature/CRQ-016-nixify'.
Current HEAD is at the same commit as 'feature/CRQ-016-nixify'.

Entering 'submodules/async-std'
----------------------------------------------------
Processing submodule:  (current directory: /mnt/data1/nix/vendor/rust/cargo2nix/submodules/async-std)
Reflog for :
7ab4756 HEAD@{3 days ago}: checkout: moving from 844b552531521f517a2b02c4ed685ae176608247 to feature/CRQ-016-nixify
844b552 HEAD@{3 days ago}: checkout: moving from main to 844b552531521f517a2b02c4ed685ae176608247
844b552 HEAD@{7 days ago}: clone: from https://github.com/meta-introspector/async-std.git

Branch 'feature/CRQ-016-nixify' exists in .
Current branch is 'feature/CRQ-016-nixify'.
Current HEAD is at the same commit as 'feature/CRQ-016-nixify'.

Entering 'submodules/async-stream'
----------------------------------------------------
Processing submodule:  (current directory: /mnt/data1/nix/vendor/rust/cargo2nix/submodules/async-stream)
Reflog for :
4be0f03 HEAD@{3 days ago}: checkout: moving from 7f9ef66647e4cf65340b9971219031a4b06c499b to feature/CRQ-016-nixify
7f9ef66 HEAD@{3 days ago}: checkout: moving from master to 7f9ef66647e4cf65340b9971219031a4b06c499b
7f9ef66 HEAD@{7 days ago}: clone: from https://github.com/meta-introspector/async-stream

Branch 'feature/CRQ-016-nixify' exists in .
Current branch is 'feature/CRQ-016-nixify'.
Current HEAD is at the same commit as 'feature/CRQ-016-nixify'.

Entering 'submodules/async-task'
----------------------------------------------------
Processing submodule:  (current directory: /mnt/data1/nix/vendor/rust/cargo2nix/submodules/async-task)
Reflog for :
dbcc30e HEAD@{3 days ago}: checkout: moving from 4051c598779b04f3748ea2de38742c79274f1475 to feature/CRQ-016-nixify
4051c59 HEAD@{3 days ago}: checkout: moving from master to 4051c598779b04f3748ea2de38742c79274f1475
4051c59 HEAD@{7 days ago}: clone: from https://github.com/meta-introspector/async-task

Branch 'feature/CRQ-016-nixify' exists in .
Current branch is 'feature/CRQ-016-nixify'.
Current HEAD is at the same commit as 'feature/CRQ-016-nixify'.

Entering 'submodules/async-trait'
----------------------------------------------------
Processing submodule:  (current directory: /mnt/data1/nix/vendor/rust/cargo2nix/submodules/async-trait)
Reflog for :
c087658 HEAD@{3 days ago}: checkout: moving from 46896cb21234573aaeaf378590dc107d9609abca to feature/CRQ-016-nixify
46896cb HEAD@{3 days ago}: checkout: moving from master to 46896cb21234573aaeaf378590dc107d9609abca
46896cb HEAD@{7 days ago}: clone: from https://github.com/meta-introspector/async-trait.git

Branch 'feature/CRQ-016-nixify' exists in .
Current branch is 'feature/CRQ-016-nixify'.
Current HEAD is at the same commit as 'feature/CRQ-016-nixify'.

Entering 'submodules/atomic-maybe-uninit'
----------------------------------------------------
Processing submodule:  (current directory: /mnt/data1/nix/vendor/rust/cargo2nix/submodules/atomic-maybe-uninit)
Reflog for :
a52eef1 HEAD@{3 days ago}: checkout: moving from fc0326b108d7585e366ff26786497cbfbf9ad342 to feature/CRQ-016-nixify
fc0326b HEAD@{3 days ago}: checkout: moving from main to fc0326b108d7585e366ff26786497cbfbf9ad342
fc0326b HEAD@{7 days ago}: clone: from https://github.com/meta-introspector/atomic-maybe-uninit

Branch 'feature/CRQ-016-nixify' exists in .
Current branch is 'feature/CRQ-016-nixify'.
Current HEAD is at the same commit as 'feature/CRQ-016-nixify'.

Entering 'submodules/atomic-waker'
----------------------------------------------------
Processing submodule:  (current directory: /mnt/data1/nix/vendor/rust/cargo2nix/submodules/atomic-waker)
Reflog for :
b0595d5 HEAD@{3 days ago}: checkout: moving from d8de6e273a54186bf57f8eadde076b0b544850c0 to feature/CRQ-016-nixify
d8de6e2 HEAD@{3 days ago}: checkout: moving from master to d8de6e273a54186bf57f8eadde076b0b544850c0
d8de6e2 HEAD@{7 days ago}: clone: from https://github.com/meta-introspector/atomic-waker

Branch 'feature/CRQ-016-nixify' exists in .
Current branch is 'feature/CRQ-016-nixify'.
Current HEAD is at the same commit as 'feature/CRQ-016-nixify'.

Entering 'submodules/atty'
----------------------------------------------------
Processing submodule:  (current directory: /mnt/data1/nix/vendor/rust/cargo2nix/submodules/atty)
Reflog for :
5bfdbe9 HEAD@{3 days ago}: checkout: moving from 5bfdbe9e48c6ca6a4909e8d5b04f5e843a257e93 to feature/CRQ-016-nixify
5bfdbe9 HEAD@{3 days ago}: checkout: moving from master to 5bfdbe9e48c6ca6a4909e8d5b04f5e843a257e93
5bfdbe9 HEAD@{7 days ago}: clone: from https://github.com/softprops/atty

Branch 'feature/CRQ-016-nixify' exists in .
Current branch is 'feature/CRQ-016-nixify'.
Current HEAD is at the same commit as 'feature/CRQ-016-nixify'.

Entering 'submodules/autocfg'
----------------------------------------------------
Processing submodule:  (current directory: /mnt/data1/nix/vendor/rust/cargo2nix/submodules/autocfg)
Reflog for :
30db912 HEAD@{3 days ago}: checkout: moving from d912169ed67977efe5a465269b0e73cb66060c49 to feature/CRQ-016-nixify
d912169 HEAD@{3 days ago}: checkout: moving from master to d912169ed67977efe5a465269b0e73cb66060c49
d912169 HEAD@{7 days ago}: clone: from https://github.com/meta-introspector/autocfg.git

Branch 'feature/CRQ-016-nixify' exists in .
Current branch is 'feature/CRQ-016-nixify'.
Current HEAD is at the same commit as 'feature/CRQ-016-nixify'.

Entering 'submodules/automod'
----------------------------------------------------
Processing submodule:  (current directory: /mnt/data1/nix/vendor/rust/cargo2nix/submodules/automod)
Reflog for :
15fa0c1 HEAD@{3 days ago}: checkout: moving from 15fa0c1b5496966c10a29c250f4ff6a15f6c44cd to feature/CRQ-016-nixify
15fa0c1 HEAD@{3 days ago}: checkout: moving from master to 15fa0c1b5496966c10a29c250f4ff6a15f6c44cd
15fa0c1 HEAD@{7 days ago}: clone: from https://github.com/dtolnay/automod

Branch 'feature/CRQ-016-nixify' exists in .
Current branch is 'feature/CRQ-016-nixify'.
Current HEAD is at the same commit as 'feature/CRQ-016-nixify'.

Entering 'submodules/aws-lc-rs'
----------------------------------------------------
Processing submodule:  (current directory: /mnt/data1/nix/vendor/rust/cargo2nix/submodules/aws-lc-rs)
Reflog for :
5213129c4b5 HEAD@{3 days ago}: commit: wip: submodule updates
f32d6c69c24 HEAD@{3 days ago}: checkout: moving from be28b729217f1f3ea22064b810c8a7d4c6aee72f to feature/CRQ-016-nixify
be28b729217 HEAD@{3 days ago}: checkout: moving from main to be28b729217f1f3ea22064b810c8a7d4c6aee72f
be28b729217 HEAD@{7 days ago}: clone: from https://github.com/meta-introspector/aws-lc-rs.git

Branch 'feature/CRQ-016-nixify' exists in .
Current branch is 'feature/CRQ-016-nixify'.
Current HEAD is at the same commit as 'feature/CRQ-016-nixify'.

Entering 'submodules/aws-lc-rs/aws-lc-fips-sys/aws-lc'
----------------------------------------------------
Processing submodule:  (current directory: /mnt/data1/nix/vendor/rust/cargo2nix/submodules/aws-lc-rs/aws-lc-fips-sys/aws-lc)
Reflog for :
31cb15352 HEAD@{3 days ago}: checkout: moving from 086b1b7b09dce60ac25dabf4270ab769801b3502 to feature/CRQ-016-nixify
086b1b7b0 HEAD@{3 days ago}: checkout: moving from main to 086b1b7b09dce60ac25dabf4270ab769801b3502
31cb15352 HEAD@{3 days ago}: clone: from https://github.com/aws/aws-lc.git

Branch 'feature/CRQ-016-nixify' exists in .
Current branch is 'feature/CRQ-016-nixify'.
Current HEAD is at the same commit as 'feature/CRQ-016-nixify'.

Entering 'submodules/aws-lc-rs/aws-lc-sys/aws-lc'
----------------------------------------------------
Processing submodule:  (current directory: /mnt/data1/nix/vendor/rust/cargo2nix/submodules/aws-lc-rs/aws-lc-sys/aws-lc)
Reflog for :
31cb15352 HEAD@{3 days ago}: checkout: moving from 31cb153525d23e9aeb414ace1ff39abedabf9f73 to feature/CRQ-016-nixify
31cb15352 HEAD@{3 days ago}: checkout: moving from main to 31cb153525d23e9aeb414ace1ff39abedabf9f73
31cb15352 HEAD@{3 days ago}: clone: from https://github.com/aws/aws-lc.git

Branch 'feature/CRQ-016-nixify' exists in .
Current branch is 'feature/CRQ-016-nixify'.
Current HEAD is at the same commit as 'feature/CRQ-016-nixify'.

Entering 'submodules/backtrace-rs'
----------------------------------------------------
Processing submodule:  (current directory: /mnt/data1/nix/vendor/rust/cargo2nix/submodules/backtrace-rs)
Reflog for :
b1f19f8 HEAD@{3 days ago}: checkout: moving from f2bcf65c7830b4e2cf8495553b20afd305986a51 to feature/CRQ-016-nixify
f2bcf65 HEAD@{3 days ago}: checkout: moving from master to f2bcf65c7830b4e2cf8495553b20afd305986a51
f2bcf65 HEAD@{7 days ago}: clone: from https://github.com/meta-introspector/backtrace-rs

Branch 'feature/CRQ-016-nixify' exists in .
Current branch is 'feature/CRQ-016-nixify'.
Current HEAD is at the same commit as 'feature/CRQ-016-nixify'.

Entering 'submodules/bincode'
----------------------------------------------------
Processing submodule:  (current directory: /mnt/data1/nix/vendor/rust/cargo2nix/submodules/bincode)
Reflog for :
96399c5 HEAD@{3 days ago}: checkout: moving from 7195538d41fc1b9e21b3c427ecb2c7ba36b989dd to feature/CRQ-016-nixify
7195538 HEAD@{3 days ago}: checkout: moving from trunk to 7195538d41fc1b9e21b3c427ecb2c7ba36b989dd
7195538 HEAD@{7 days ago}: clone: from https://github.com/meta-introspector/bincode

Branch 'feature/CRQ-016-nixify' exists in .
Current branch is 'feature/CRQ-016-nixify'.
Current HEAD is at the same commit as 'feature/CRQ-016-nixify'.

Entering 'submodules/bit-set'
----------------------------------------------------
Processing submodule:  (current directory: /mnt/data1/nix/vendor/rust/cargo2nix/submodules/bit-set)
Reflog for :
fb940da HEAD@{3 days ago}: checkout: moving from 620f196a3bcf19e6cf3cf061e431afb0a58debd0 to feature/CRQ-016-nixify
620f196 HEAD@{3 days ago}: checkout: moving from master to 620f196a3bcf19e6cf3cf061e431afb0a58debd0
620f196 HEAD@{7 days ago}: clone: from https://github.com/meta-introspector/bit-set.git

Branch 'feature/CRQ-016-nixify' exists in .
Current branch is 'feature/CRQ-016-nixify'.
Current HEAD is at the same commit as 'feature/CRQ-016-nixify'.

Entering 'submodules/bit-vec'
----------------------------------------------------
Processing submodule:  (current directory: /mnt/data1/nix/vendor/rust/cargo2nix/submodules/bit-vec)
Reflog for :
df66fd9 HEAD@{3 days ago}: checkout: moving from 0536b24cfe70666c1f4e8e1dfb49e851817b5145 to feature/CRQ-016-nixify
0536b24 HEAD@{3 days ago}: checkout: moving from master to 0536b24cfe70666c1f4e8e1dfb49e851817b5145
0536b24 HEAD@{7 days ago}: clone: from https://github.com/meta-introspector/bit-vec.git

Branch 'feature/CRQ-016-nixify' exists in .
Current branch is 'feature/CRQ-016-nixify'.
Current HEAD is at the same commit as 'feature/CRQ-016-nixify'.

Entering 'submodules/bitflags'
----------------------------------------------------
Processing submodule:  (current directory: /mnt/data1/nix/vendor/rust/cargo2nix/submodules/bitflags)
Reflog for :
63dc3b1 HEAD@{3 days ago}: checkout: moving from 7cc8595e93d04d180d39e2f25242dca85dd71228 to feature/CRQ-016-nixify
7cc8595 HEAD@{3 days ago}: checkout: moving from main to 7cc8595e93d04d180d39e2f25242dca85dd71228
7cc8595 HEAD@{7 days ago}: clone: from https://github.com/meta-introspector/bitflags.git

Branch 'feature/CRQ-016-nixify' exists in .
Current branch is 'feature/CRQ-016-nixify'.
Current HEAD is at the same commit as 'feature/CRQ-016-nixify'.

Entering 'submodules/bitmaps'
----------------------------------------------------
Processing submodule:  (current directory: /mnt/data1/nix/vendor/rust/cargo2nix/submodules/bitmaps)
Reflog for :
cf53930 HEAD@{3 days ago}: checkout: moving from b449cec22ac55c916664a3ae911df2f1fe4eaffd to feature/CRQ-016-nixify
b449cec HEAD@{3 days ago}: checkout: moving from master to b449cec22ac55c916664a3ae911df2f1fe4eaffd
b449cec HEAD@{7 days ago}: clone: from https://github.com/meta-introspector/bitmaps.git

Branch 'feature/CRQ-016-nixify' exists in .
Current branch is 'feature/CRQ-016-nixify'.
Current HEAD is at the same commit as 'feature/CRQ-016-nixify'.

Entering 'submodules/blink-alloc'
----------------------------------------------------
Processing submodule:  (current directory: /mnt/data1/nix/vendor/rust/cargo2nix/submodules/blink-alloc)
Reflog for :
1bc806d HEAD@{3 days ago}: checkout: moving from 845b2db273371260eef2e9858386f6c6aa180e98 to feature/CRQ-016-nixify
845b2db HEAD@{3 days ago}: checkout: moving from main to 845b2db273371260eef2e9858386f6c6aa180e98
845b2db HEAD@{7 days ago}: clone: from https://github.com/meta-introspector/blink-alloc

Branch 'feature/CRQ-016-nixify' exists in .
Current branch is 'feature/CRQ-016-nixify'.
Current HEAD is at the same commit as 'feature/CRQ-016-nixify'.

Entering 'submodules/blocking'
----------------------------------------------------
Processing submodule:  (current directory: /mnt/data1/nix/vendor/rust/cargo2nix/submodules/blocking)
Reflog for :
ac15ed9 HEAD@{3 days ago}: checkout: moving from 6f41360437fa49b2879d0b795d0a0c10251bf7f1 to feature/CRQ-016-nixify
6f41360 HEAD@{3 days ago}: checkout: moving from master to 6f41360437fa49b2879d0b795d0a0c10251bf7f1
6f41360 HEAD@{7 days ago}: clone: from https://github.com/meta-introspector/blocking

Branch 'feature/CRQ-016-nixify' exists in .
Current branch is 'feature/CRQ-016-nixify'.
Current HEAD is at the same commit as 'feature/CRQ-016-nixify'.

Entering 'submodules/borsh-rs'
----------------------------------------------------
Processing submodule:  (current directory: /mnt/data1/nix/vendor/rust/cargo2nix/submodules/borsh-rs)
Reflog for :
422c6ce3 HEAD@{3 days ago}: checkout: moving from 5d8516bcc1787de1931594e33bbc471e73dd6d06 to feature/CRQ-016-nixify
5d8516bc HEAD@{3 days ago}: checkout: moving from master to 5d8516bcc1787de1931594e33bbc471e73dd6d06
5d8516bc HEAD@{7 days ago}: clone: from https://github.com/meta-introspector/borsh-rs

Branch 'feature/CRQ-016-nixify' exists in .
Current branch is 'feature/CRQ-016-nixify'.
Current HEAD is at the same commit as 'feature/CRQ-016-nixify'.

Entering 'submodules/bstr'
----------------------------------------------------
Processing submodule:  (current directory: /mnt/data1/nix/vendor/rust/cargo2nix/submodules/bstr)
Reflog for :
44f0d16 HEAD@{3 days ago}: checkout: moving from a90f36f0de8c984662c49fb5742027ca24a88cbb to feature/CRQ-016-nixify
a90f36f HEAD@{3 days ago}: checkout: moving from master to a90f36f0de8c984662c49fb5742027ca24a88cbb
a90f36f HEAD@{7 days ago}: clone: from https://github.com/meta-introspector/bstr.git

Branch 'feature/CRQ-016-nixify' exists in .
Current branch is 'feature/CRQ-016-nixify'.
Current HEAD is at the same commit as 'feature/CRQ-016-nixify'.

Entering 'submodules/build-alert'
----------------------------------------------------
Processing submodule:  (current directory: /mnt/data1/nix/vendor/rust/cargo2nix/submodules/build-alert)
Reflog for :
5ec84e5 HEAD@{3 days ago}: checkout: moving from 5ec84e5ba1184f936d1c051eb313ebee0224db04 to feature/CRQ-016-nixify
5ec84e5 HEAD@{3 days ago}: checkout: moving from master to 5ec84e5ba1184f936d1c051eb313ebee0224db04
5ec84e5 HEAD@{7 days ago}: clone: from https://github.com/dtolnay/build-alert

Branch 'feature/CRQ-016-nixify' exists in .
Current branch is 'feature/CRQ-016-nixify'.
Current HEAD is at the same commit as 'feature/CRQ-016-nixify'.

Entering 'submodules/bumpalo'
----------------------------------------------------
Processing submodule:  (current directory: /mnt/data1/nix/vendor/rust/cargo2nix/submodules/bumpalo)
Reflog for :
efefd6e HEAD@{3 days ago}: checkout: moving from e1eff20bee477aa34b4b040eae6731e95dc386f7 to feature/CRQ-016-nixify
e1eff20 HEAD@{3 days ago}: checkout: moving from main to e1eff20bee477aa34b4b040eae6731e95dc386f7
e1eff20 HEAD@{7 days ago}: clone: from https://github.com/meta-introspector/bumpalo.git

Branch 'feature/CRQ-016-nixify' exists in .
Current branch is 'feature/CRQ-016-nixify'.
Current HEAD is at the same commit as 'feature/CRQ-016-nixify'.

Entering 'submodules/byteorder'
----------------------------------------------------
Processing submodule:  (current directory: /mnt/data1/nix/vendor/rust/cargo2nix/submodules/byteorder)
Reflog for :
c684155 HEAD@{3 days ago}: checkout: moving from 5a82625fae462e8ba64cec8146b24a372b4d75c6 to feature/CRQ-016-nixify
5a82625 HEAD@{3 days ago}: checkout: moving from master to 5a82625fae462e8ba64cec8146b24a372b4d75c6
5a82625 HEAD@{7 days ago}: clone: from https://github.com/meta-introspector/byteorder.git

Branch 'feature/CRQ-016-nixify' exists in .
Current branch is 'feature/CRQ-016-nixify'.
Current HEAD is at the same commit as 'feature/CRQ-016-nixify'.

Entering 'submodules/bytes'
----------------------------------------------------
Processing submodule:  (current directory: /mnt/data1/nix/vendor/rust/cargo2nix/submodules/bytes)
Reflog for :
228c7f6 HEAD@{3 days ago}: checkout: moving from a7952fb4478f6dc226f623b217432fbc6f8dad24 to feature/CRQ-016-nixify
a7952fb HEAD@{3 days ago}: checkout: moving from master to a7952fb4478f6dc226f623b217432fbc6f8dad24
a7952fb HEAD@{7 days ago}: clone: from https://github.com/meta-introspector/bytes

Branch 'feature/CRQ-016-nixify' exists in .
Current branch is 'feature/CRQ-016-nixify'.
Current HEAD is at the same commit as 'feature/CRQ-016-nixify'.

Entering 'submodules/bytesize'
----------------------------------------------------
Processing submodule:  (current directory: /mnt/data1/nix/vendor/rust/cargo2nix/submodules/bytesize)
Reflog for :
1f66caf HEAD@{3 days ago}: checkout: moving from 7fec8021dc364e1ee4105344a203fadcf65aaf7b to feature/CRQ-016-nixify
7fec802 HEAD@{3 days ago}: checkout: moving from master to 7fec8021dc364e1ee4105344a203fadcf65aaf7b
7fec802 HEAD@{7 days ago}: clone: from https://github.com/meta-introspector/bytesize.git

Branch 'feature/CRQ-016-nixify' exists in .
Current branch is 'feature/CRQ-016-nixify'.
Current HEAD is at the same commit as 'feature/CRQ-016-nixify'.

Entering 'submodules/camino'
----------------------------------------------------
Processing submodule:  (current directory: /mnt/data1/nix/vendor/rust/cargo2nix/submodules/camino)
Reflog for :
0d8f92e2 HEAD@{3 days ago}: checkout: moving from 73c7a362a86cb3bc31f0c736973515f5ad056b63 to feature/CRQ-016-nixify
73c7a362 HEAD@{3 days ago}: checkout: moving from main to 73c7a362a86cb3bc31f0c736973515f5ad056b63
73c7a362 HEAD@{7 days ago}: clone: from https://github.com/meta-introspector/camino.git

Branch 'feature/CRQ-016-nixify' exists in .
Current branch is 'feature/CRQ-016-nixify'.
Current HEAD is at the same commit as 'feature/CRQ-016-nixify'.

Entering 'submodules/cap'
----------------------------------------------------
Processing submodule:  (current directory: /mnt/data1/nix/vendor/rust/cargo2nix/submodules/cap)
Reflog for :
90f0cf7 HEAD@{3 days ago}: checkout: moving from a63589670397f85745daa1a22d2de4d46fd742aa to feature/CRQ-016-nixify
a635896 HEAD@{3 days ago}: checkout: moving from master to a63589670397f85745daa1a22d2de4d46fd742aa
a635896 HEAD@{7 days ago}: clone: from https://github.com/meta-introspector/cap.git

Branch 'feature/CRQ-016-nixify' exists in .
Current branch is 'feature/CRQ-016-nixify'.
Current HEAD is at the same commit as 'feature/CRQ-016-nixify'.

Entering 'submodules/cargo'
----------------------------------------------------
Processing submodule:  (current directory: /mnt/data1/nix/vendor/rust/cargo2nix/submodules/cargo)
Reflog for :
eee98336e HEAD@{69 minutes ago}: commit: revert: Revert gix-transport dependency to version-pinned state
8e43074b2 HEAD@{3 days ago}: checkout: moving from 3a4485dc60dcb31c3ac8372b751be2bed662b17d to feature/CRQ-016-nixify
3a4485dc6 HEAD@{3 days ago}: checkout: moving from CRQ-016-nixify to 3a4485dc60dcb31c3ac8372b751be2bed662b17d
8e43074b2 HEAD@{5 days ago}: checkout: moving from master to CRQ-016-nixify
8e43074b2 HEAD@{7 days ago}: clone: from https://github.com/rust-lang/cargo

Branch 'feature/CRQ-016-nixify' exists in .
Current branch is 'feature/CRQ-016-nixify'.
Current HEAD is at the same commit as 'feature/CRQ-016-nixify'.

Entering 'submodules/cargo_metadata'
----------------------------------------------------
Processing submodule:  (current directory: /mnt/data1/nix/vendor/rust/cargo2nix/submodules/cargo_metadata)
Reflog for :
c08e66c HEAD@{3 days ago}: checkout: moving from c08e66cdf534313085ef810ce6f2e0df8a83fc50 to feature/CRQ-016-nixify
c08e66c HEAD@{3 days ago}: checkout: moving from main to c08e66cdf534313085ef810ce6f2e0df8a83fc50
c08e66c HEAD@{7 days ago}: clone: from https://github.com/oli-obk/cargo_metadata

Branch 'feature/CRQ-016-nixify' exists in .
Current branch is 'feature/CRQ-016-nixify'.
Current HEAD is at the same commit as 'feature/CRQ-016-nixify'.

Entering 'submodules/cassowary-rs'
----------------------------------------------------
Processing submodule:  (current directory: /mnt/data1/nix/vendor/rust/cargo2nix/submodules/cassowary-rs)
Reflog for :
f87e455 HEAD@{3 days ago}: checkout: moving from 90d1df49262d730b0d7202b147ab42a1e8343372 to feature/CRQ-016-nixify
90d1df4 HEAD@{3 days ago}: checkout: moving from master to 90d1df49262d730b0d7202b147ab42a1e8343372
90d1df4 HEAD@{7 days ago}: clone: from https://github.com/meta-introspector/cassowary-rs.git

Branch 'feature/CRQ-016-nixify' exists in .
Current branch is 'feature/CRQ-016-nixify'.
Current HEAD is at the same commit as 'feature/CRQ-016-nixify'.

Entering 'submodules/cast'
----------------------------------------------------
Processing submodule:  (current directory: /mnt/data1/nix/vendor/rust/cargo2nix/submodules/cast)
Reflog for :
a7b7cdc HEAD@{3 days ago}: checkout: moving from 052288097de1846b938e854e27845a93a6f4b59d to feature/CRQ-016-nixify
0522880 HEAD@{3 days ago}: checkout: moving from main to 052288097de1846b938e854e27845a93a6f4b59d
0522880 HEAD@{7 days ago}: clone: from https://github.com/meta-introspector/cast.rs

Branch 'feature/CRQ-016-nixify' exists in .
Current branch is 'feature/CRQ-016-nixify'.
Current HEAD is at the same commit as 'feature/CRQ-016-nixify'.

Entering 'submodules/castaway'
----------------------------------------------------
Processing submodule:  (current directory: /mnt/data1/nix/vendor/rust/cargo2nix/submodules/castaway)
Reflog for :
3e60c7e HEAD@{3 days ago}: checkout: moving from 5459a5ebcdd833c88fc1bb398b015e8690ada580 to feature/CRQ-016-nixify
5459a5e HEAD@{3 days ago}: checkout: moving from master to 5459a5ebcdd833c88fc1bb398b015e8690ada580
5459a5e HEAD@{7 days ago}: clone: from https://github.com/meta-introspector/castaway

Branch 'feature/CRQ-016-nixify' exists in .
Current branch is 'feature/CRQ-016-nixify'.
Current HEAD is at the same commit as 'feature/CRQ-016-nixify'.

Entering 'submodules/cbor'
----------------------------------------------------
Processing submodule:  (current directory: /mnt/data1/nix/vendor/rust/cargo2nix/submodules/cbor)
Reflog for :
347a3f0 HEAD@{3 days ago}: checkout: moving from 347a3f096d5a1e8e380b9968e74838c9037a5b14 to feature/CRQ-016-nixify
347a3f0 HEAD@{3 days ago}: checkout: moving from master to 347a3f096d5a1e8e380b9968e74838c9037a5b14
347a3f0 HEAD@{7 days ago}: clone: from https://github.com/pyfisch/cbor

Branch 'feature/CRQ-016-nixify' exists in .
Current branch is 'feature/CRQ-016-nixify'.
Current HEAD is at the same commit as 'feature/CRQ-016-nixify'.

Entering 'submodules/cc-rs'
----------------------------------------------------
Processing submodule:  (current directory: /mnt/data1/nix/vendor/rust/cargo2nix/submodules/cc-rs)
Reflog for :
00bfddc HEAD@{3 days ago}: checkout: moving from 15145d16f729182b003f5701b7c93f4685da952b to feature/CRQ-016-nixify
15145d1 HEAD@{3 days ago}: checkout: moving from main to 15145d16f729182b003f5701b7c93f4685da952b
15145d1 HEAD@{7 days ago}: clone: from https://github.com/meta-introspector/cc-rs

Branch 'feature/CRQ-016-nixify' exists in .
Current branch is 'feature/CRQ-016-nixify'.
Current HEAD is at the same commit as 'feature/CRQ-016-nixify'.

Entering 'submodules/cesu8-rs'
----------------------------------------------------
Processing submodule:  (current directory: /mnt/data1/nix/vendor/rust/cargo2nix/submodules/cesu8-rs)
Reflog for :
3e85c78 HEAD@{3 days ago}: checkout: moving from 2d17a5c847760b3ea8ea732a2dfc9b330ac0f2bd to feature/CRQ-016-nixify
2d17a5c HEAD@{3 days ago}: checkout: moving from master to 2d17a5c847760b3ea8ea732a2dfc9b330ac0f2bd
2d17a5c HEAD@{7 days ago}: clone: from https://github.com/meta-introspector/cesu8-rs.git

Branch 'feature/CRQ-016-nixify' exists in .
Current branch is 'feature/CRQ-016-nixify'.
Current HEAD is at the same commit as 'feature/CRQ-016-nixify'.

Entering 'submodules/cfg-if'
----------------------------------------------------
Processing submodule:  (current directory: /mnt/data1/nix/vendor/rust/cargo2nix/submodules/cfg-if)
Reflog for :
b53ddd6 HEAD@{3 days ago}: checkout: moving from 3510ca6abea34cbbc702509a4e50ea9709925eda to feature/CRQ-016-nixify
3510ca6 HEAD@{3 days ago}: checkout: moving from main to 3510ca6abea34cbbc702509a4e50ea9709925eda
3510ca6 HEAD@{7 days ago}: clone: from https://github.com/meta-introspector/cfg-if.git

Branch 'feature/CRQ-016-nixify' exists in .
Current branch is 'feature/CRQ-016-nixify'.
Current HEAD is at the same commit as 'feature/CRQ-016-nixify'.

Entering 'submodules/cfg_aliases'
----------------------------------------------------
Processing submodule:  (current directory: /mnt/data1/nix/vendor/rust/cargo2nix/submodules/cfg_aliases)
Reflog for :
2c3150f HEAD@{3 days ago}: checkout: moving from 4e5609c4345c556acaf3875f8c60232e74b8c25b to feature/CRQ-016-nixify
4e5609c HEAD@{3 days ago}: checkout: moving from master to 4e5609c4345c556acaf3875f8c60232e74b8c25b
4e5609c HEAD@{7 days ago}: clone: from https://github.com/meta-introspector/cfg_aliases.git

Branch 'feature/CRQ-016-nixify' exists in .
Current branch is 'feature/CRQ-016-nixify'.
Current HEAD is at the same commit as 'feature/CRQ-016-nixify'.

Entering 'submodules/chacha20'
----------------------------------------------------
Processing submodule:  (current directory: /mnt/data1/nix/vendor/rust/cargo2nix/submodules/chacha20)
Reflog for :
71eee47 HEAD@{19 hours ago}: clone: from https://github.com/RustCrypto/stream-ciphers

Branch 'feature/CRQ-016-nixify' not found in .

Entering 'submodules/chrono'
----------------------------------------------------
Processing submodule:  (current directory: /mnt/data1/nix/vendor/rust/cargo2nix/submodules/chrono)
Reflog for :
17ef837 HEAD@{3 days ago}: checkout: moving from db129730e8f21ca66b3808c133b7147cbc62fc41 to feature/CRQ-016-nixify
db12973 HEAD@{3 days ago}: checkout: moving from main to db129730e8f21ca66b3808c133b7147cbc62fc41
db12973 HEAD@{7 days ago}: clone: from https://github.com/meta-introspector/chrono.git

Branch 'feature/CRQ-016-nixify' exists in .
Current branch is 'feature/CRQ-016-nixify'.
Current HEAD is at the same commit as 'feature/CRQ-016-nixify'.

Entering 'submodules/chrono-tz'
----------------------------------------------------
Processing submodule:  (current directory: /mnt/data1/nix/vendor/rust/cargo2nix/submodules/chrono-tz)
Reflog for :
64c3e4d HEAD@{19 hours ago}: checkout: moving from main to main
64c3e4d HEAD@{19 hours ago}: clone: from https://github.com/chronotope/chrono-tz

Branch 'feature/CRQ-016-nixify' not found in .

Entering 'submodules/chrono-tz/chrono-tz/tz'
----------------------------------------------------
Processing submodule:  (current directory: /mnt/data1/nix/vendor/rust/cargo2nix/submodules/chrono-tz/chrono-tz/tz)
Reflog for :
7e1145bf HEAD@{2 hours ago}: checkout: moving from main to 7e1145bfdb9630c127841dc8ce808a937a300938
7bfdf96c HEAD@{2 hours ago}: clone: from https://github.com/eggert/tz

Branch 'feature/CRQ-016-nixify' not found in .

Entering 'submodules/chrono-tz-build'
----------------------------------------------------
Processing submodule:  (current directory: /mnt/data1/nix/vendor/rust/cargo2nix/submodules/chrono-tz-build)
Reflog for :
64c3e4d HEAD@{19 hours ago}: checkout: moving from main to main
64c3e4d HEAD@{19 hours ago}: clone: from https://github.com/chronotope/chrono-tz

Branch 'feature/CRQ-016-nixify' not found in .

Entering 'submodules/chrono-tz-build/chrono-tz/tz'
----------------------------------------------------
Processing submodule:  (current directory: /mnt/data1/nix/vendor/rust/cargo2nix/submodules/chrono-tz-build/chrono-tz/tz)
Reflog for :
7e1145bf HEAD@{2 hours ago}: checkout: moving from main to 7e1145bfdb9630c127841dc8ce808a937a300938
7bfdf96c HEAD@{2 hours ago}: clone: from https://github.com/eggert/tz

Branch 'feature/CRQ-016-nixify' not found in .

Entering 'submodules/ciborium'
----------------------------------------------------
Processing submodule:  (current directory: /mnt/data1/nix/vendor/rust/cargo2nix/submodules/ciborium)
Reflog for :
6453fdc HEAD@{3 days ago}: checkout: moving from 52245f33aa3a82848d5de17c6b3a63bde6dbff32 to feature/CRQ-016-nixify
52245f3 HEAD@{3 days ago}: checkout: moving from main to 52245f33aa3a82848d5de17c6b3a63bde6dbff32
52245f3 HEAD@{7 days ago}: clone: from https://github.com/meta-introspector/ciborium.git

Branch 'feature/CRQ-016-nixify' exists in .
Current branch is 'feature/CRQ-016-nixify'.
Current HEAD is at the same commit as 'feature/CRQ-016-nixify'.

Entering 'submodules/clang-sys'
----------------------------------------------------
Processing submodule:  (current directory: /mnt/data1/nix/vendor/rust/cargo2nix/submodules/clang-sys)
Reflog for :
6de603b HEAD@{3 days ago}: checkout: moving from 1a6210e34bfa8ba9098575831518dbe2523f77e1 to feature/CRQ-016-nixify
1a6210e HEAD@{3 days ago}: checkout: moving from master to 1a6210e34bfa8ba9098575831518dbe2523f77e1
1a6210e HEAD@{7 days ago}: clone: from https://github.com/meta-introspector/clang-sys.git

Branch 'feature/CRQ-016-nixify' exists in .
Current branch is 'feature/CRQ-016-nixify'.
Current HEAD is at the same commit as 'feature/CRQ-016-nixify'.

Entering 'submodules/clap'
----------------------------------------------------
Processing submodule:  (current directory: /mnt/data1/nix/vendor/rust/cargo2nix/submodules/clap)
Reflog for :
3252b9f6 HEAD@{37 minutes ago}: commit: fix: Resolve clap_derive binding modifiers error
77e74a6b HEAD@{3 days ago}: checkout: moving from bb0b2f17bf94ef94a1e3215e488be08b5668b15d to feature/CRQ-016-nixify
bb0b2f17 HEAD@{3 days ago}: checkout: moving from master to bb0b2f17bf94ef94a1e3215e488be08b5668b15d
bb0b2f17 HEAD@{7 days ago}: clone: from https://github.com/meta-introspector/clap.git

Branch 'feature/CRQ-016-nixify' exists in .
Current branch is 'feature/CRQ-016-nixify'.
Current HEAD is at the same commit as 'feature/CRQ-016-nixify'.

Entering 'submodules/clru-rs'
----------------------------------------------------
Processing submodule:  (current directory: /mnt/data1/nix/vendor/rust/cargo2nix/submodules/clru-rs)
Reflog for :
14ce6f4 HEAD@{3 days ago}: checkout: moving from 38f496abf77ccd0f664ba0c4ee41dfec7257791b to feature/CRQ-016-nixify
38f496a HEAD@{3 days ago}: checkout: moving from main to 38f496abf77ccd0f664ba0c4ee41dfec7257791b
38f496a HEAD@{7 days ago}: clone: from https://github.com/meta-introspector/clru-rs.git

Branch 'feature/CRQ-016-nixify' exists in .
Current branch is 'feature/CRQ-016-nixify'.
Current HEAD is at the same commit as 'feature/CRQ-016-nixify'.

Entering 'submodules/cmake-rs'
----------------------------------------------------
Processing submodule:  (current directory: /mnt/data1/nix/vendor/rust/cargo2nix/submodules/cmake-rs)
Reflog for :
6bc7ab2 HEAD@{3 days ago}: checkout: moving from b59be3b5cce397de4018aacd51501f925ce22ecd to feature/CRQ-016-nixify
b59be3b HEAD@{3 days ago}: checkout: moving from master to b59be3b5cce397de4018aacd51501f925ce22ecd
b59be3b HEAD@{7 days ago}: clone: from https://github.com/meta-introspector/cmake-rs

Branch 'feature/CRQ-016-nixify' exists in .
Current branch is 'feature/CRQ-016-nixify'.
Current HEAD is at the same commit as 'feature/CRQ-016-nixify'.

Entering 'submodules/color-print'
----------------------------------------------------
Processing submodule:  (current directory: /mnt/data1/nix/vendor/rust/cargo2nix/submodules/color-print)
Reflog for :
21926a0 HEAD@{3 days ago}: checkout: moving from 21926a05b797a5ba3b0f42d32207389957af4e12 to feature/CRQ-016-nixify
21926a0 HEAD@{3 days ago}: checkout: moving from master to 21926a05b797a5ba3b0f42d32207389957af4e12
21926a0 HEAD@{7 days ago}: clone: from https://gitlab.com/dajoha/color-print

Branch 'feature/CRQ-016-nixify' exists in .
Current branch is 'feature/CRQ-016-nixify'.
Current HEAD is at the same commit as 'feature/CRQ-016-nixify'.

Entering 'submodules/colorify'
----------------------------------------------------
Processing submodule:  (current directory: /mnt/data1/nix/vendor/rust/cargo2nix/submodules/colorify)
Reflog for :
69988fc HEAD@{3 days ago}: checkout: moving from 17cc194c45c4e9307956da586dd0fd4d6e47dfca to feature/CRQ-016-nixify
17cc194 HEAD@{3 days ago}: checkout: moving from master to 17cc194c45c4e9307956da586dd0fd4d6e47dfca
17cc194 HEAD@{7 days ago}: clone: from https://github.com/meta-introspector/colorify.git

Branch 'feature/CRQ-016-nixify' exists in .
Current branch is 'feature/CRQ-016-nixify'.
Current HEAD is at the same commit as 'feature/CRQ-016-nixify'.

Entering 'submodules/combine'
----------------------------------------------------
Processing submodule:  (current directory: /mnt/data1/nix/vendor/rust/cargo2nix/submodules/combine)
Reflog for :
a7cf234 HEAD@{3 days ago}: checkout: moving from c6eb5d32c89d1828bd3fdc503b1a776dc55b0173 to feature/CRQ-016-nixify
c6eb5d3 HEAD@{3 days ago}: checkout: moving from master to c6eb5d32c89d1828bd3fdc503b1a776dc55b0173
c6eb5d3 HEAD@{7 days ago}: clone: from https://github.com/meta-introspector/combine.git

Branch 'feature/CRQ-016-nixify' exists in .
Current branch is 'feature/CRQ-016-nixify'.
Current HEAD is at the same commit as 'feature/CRQ-016-nixify'.

Entering 'submodules/compact_str'
----------------------------------------------------
Processing submodule:  (current directory: /mnt/data1/nix/vendor/rust/cargo2nix/submodules/compact_str)
Reflog for :
6eddd6d3 HEAD@{3 days ago}: checkout: moving from 4e6f27a2c0089ab0721f7f23b847c099dbf7e2f6 to feature/CRQ-016-nixify
4e6f27a2 HEAD@{3 days ago}: checkout: moving from main to 4e6f27a2c0089ab0721f7f23b847c099dbf7e2f6
4e6f27a2 HEAD@{7 days ago}: clone: from https://github.com/meta-introspector/compact_str

Branch 'feature/CRQ-016-nixify' exists in .
Current branch is 'feature/CRQ-016-nixify'.
Current HEAD is at the same commit as 'feature/CRQ-016-nixify'.

Entering 'submodules/compiler-builtins'
----------------------------------------------------
Processing submodule:  (current directory: /mnt/data1/nix/vendor/rust/cargo2nix/submodules/compiler-builtins)
Reflog for :
eba1a3f HEAD@{3 days ago}: checkout: moving from eba1a3f3d2824739f07fe434624b0d2fee917d89 to feature/CRQ-016-nixify
eba1a3f HEAD@{3 days ago}: checkout: moving from master to eba1a3f3d2824739f07fe434624b0d2fee917d89
eba1a3f HEAD@{7 days ago}: clone: from https://github.com/rust-lang/compiler-builtins

Branch 'feature/CRQ-016-nixify' exists in .
Current branch is 'feature/CRQ-016-nixify'.
Current HEAD is at the same commit as 'feature/CRQ-016-nixify'.

Entering 'submodules/concurrent-queue'
----------------------------------------------------
Processing submodule:  (current directory: /mnt/data1/nix/vendor/rust/cargo2nix/submodules/concurrent-queue)
Reflog for :
5db6333 HEAD@{3 days ago}: checkout: moving from 1cab6f2eccd5d62f724ffc068e317a59fa7f4032 to feature/CRQ-016-nixify
1cab6f2 HEAD@{3 days ago}: checkout: moving from master to 1cab6f2eccd5d62f724ffc068e317a59fa7f4032
1cab6f2 HEAD@{7 days ago}: clone: from https://github.com/meta-introspector/concurrent-queue

Branch 'feature/CRQ-016-nixify' exists in .
Current branch is 'feature/CRQ-016-nixify'.
Current HEAD is at the same commit as 'feature/CRQ-016-nixify'.

Entering 'submodules/config-rs'
----------------------------------------------------
Processing submodule:  (current directory: /mnt/data1/nix/vendor/rust/cargo2nix/submodules/config-rs)
Reflog for :
36a160a HEAD@{3 days ago}: checkout: moving from 36a160a548f66a9b5564e1e34fdd8447be01fd34 to feature/CRQ-016-nixify
36a160a HEAD@{3 days ago}: checkout: moving from main to 36a160a548f66a9b5564e1e34fdd8447be01fd34
16ef680 HEAD@{7 days ago}: clone: from https://github.com/meta-introspector/config-rs

Branch 'feature/CRQ-016-nixify' exists in .
Current branch is 'feature/CRQ-016-nixify'.
Current HEAD is at the same commit as 'feature/CRQ-016-nixify'.

Entering 'submodules/conpty'
----------------------------------------------------
Processing submodule:  (current directory: /mnt/data1/nix/vendor/rust/cargo2nix/submodules/conpty)
Reflog for :
092fe8f HEAD@{3 days ago}: checkout: moving from 426c993db3772457852bd2c2ecaae2fdc4c7a34c to feature/CRQ-016-nixify
426c993 HEAD@{3 days ago}: checkout: moving from master to 426c993db3772457852bd2c2ecaae2fdc4c7a34c
426c993 HEAD@{7 days ago}: clone: from https://github.com/meta-introspector/conpty

Branch 'feature/CRQ-016-nixify' exists in .
Current branch is 'feature/CRQ-016-nixify'.
Current HEAD is at the same commit as 'feature/CRQ-016-nixify'.

Entering 'submodules/console'
----------------------------------------------------
Processing submodule:  (current directory: /mnt/data1/nix/vendor/rust/cargo2nix/submodules/console)
Reflog for :
1e7819d HEAD@{3 days ago}: checkout: moving from 12281c1f333644a370761f47a9a1214722890cf2 to feature/CRQ-016-nixify
12281c1 HEAD@{3 days ago}: checkout: moving from main to 12281c1f333644a370761f47a9a1214722890cf2
12281c1 HEAD@{7 days ago}: clone: from https://github.com/meta-introspector/console.git

Branch 'feature/CRQ-016-nixify' exists in .
Current branch is 'feature/CRQ-016-nixify'.
Current HEAD is at the same commit as 'feature/CRQ-016-nixify'.

Entering 'submodules/constant_time_eq'
----------------------------------------------------
Processing submodule:  (current directory: /mnt/data1/nix/vendor/rust/cargo2nix/submodules/constant_time_eq)
Reflog for :
3c8e390 HEAD@{3 days ago}: checkout: moving from 86f38ed9ad4d0500c5472bb8cb2ddc4fe5ac7143 to feature/CRQ-016-nixify
86f38ed HEAD@{3 days ago}: checkout: moving from main to 86f38ed9ad4d0500c5472bb8cb2ddc4fe5ac7143
86f38ed HEAD@{7 days ago}: clone: from https://github.com/meta-introspector/constant_time_eq.git

Branch 'feature/CRQ-016-nixify' exists in .
Current branch is 'feature/CRQ-016-nixify'.
Current HEAD is at the same commit as 'feature/CRQ-016-nixify'.

Entering 'submodules/constrandom'
----------------------------------------------------
Processing submodule:  (current directory: /mnt/data1/nix/vendor/rust/cargo2nix/submodules/constrandom)
Reflog for :
f3e5525 HEAD@{3 days ago}: checkout: moving from 4f71cb510e77eb6a26f8c7296c17811d0416fd41 to feature/CRQ-016-nixify
4f71cb5 HEAD@{3 days ago}: checkout: moving from master to 4f71cb510e77eb6a26f8c7296c17811d0416fd41
4f71cb5 HEAD@{7 days ago}: clone: from https://github.com/meta-introspector/constrandom

Branch 'feature/CRQ-016-nixify' exists in .
Current branch is 'feature/CRQ-016-nixify'.
Current HEAD is at the same commit as 'feature/CRQ-016-nixify'.

Entering 'submodules/content_inspector'
----------------------------------------------------
Processing submodule:  (current directory: /mnt/data1/nix/vendor/rust/cargo2nix/submodules/content_inspector)
Reflog for :
143fe26 HEAD@{3 days ago}: checkout: moving from 2b4d04be93df3b51f4c20b9773944750097246a7 to feature/CRQ-016-nixify
2b4d04b HEAD@{3 days ago}: checkout: moving from master to 2b4d04be93df3b51f4c20b9773944750097246a7
2b4d04b HEAD@{7 days ago}: clone: from https://github.com/meta-introspector/content_inspector

Branch 'feature/CRQ-016-nixify' exists in .
Current branch is 'feature/CRQ-016-nixify'.
Current HEAD is at the same commit as 'feature/CRQ-016-nixify'.

Entering 'submodules/convert-case'
----------------------------------------------------
Processing submodule:  (current directory: /mnt/data1/nix/vendor/rust/cargo2nix/submodules/convert-case)
Reflog for :
6d21e95 HEAD@{3 days ago}: checkout: moving from 74748b9fbb36eec647927a4391536b22b9de4b1a to feature/CRQ-016-nixify
74748b9 HEAD@{3 days ago}: checkout: moving from master to 74748b9fbb36eec647927a4391536b22b9de4b1a
74748b9 HEAD@{7 days ago}: clone: from https://github.com/meta-introspector/convert-case

Branch 'feature/CRQ-016-nixify' exists in .
Current branch is 'feature/CRQ-016-nixify'.
Current HEAD is at the same commit as 'feature/CRQ-016-nixify'.

Entering 'submodules/core-foundation-rs'
----------------------------------------------------
Processing submodule:  (current directory: /mnt/data1/nix/vendor/rust/cargo2nix/submodules/core-foundation-rs)
Reflog for :
c1c7b69 HEAD@{3 days ago}: checkout: moving from 7342edde377be7bea31b681d744971fe89d793d7 to feature/CRQ-016-nixify
7342edd HEAD@{3 days ago}: checkout: moving from main to 7342edde377be7bea31b681d744971fe89d793d7
7342edd HEAD@{7 days ago}: clone: from https://github.com/meta-introspector/core-foundation-rs

Branch 'feature/CRQ-016-nixify' exists in .
Current branch is 'feature/CRQ-016-nixify'.
Current HEAD is at the same commit as 'feature/CRQ-016-nixify'.

Entering 'submodules/corn'
----------------------------------------------------
Processing submodule:  (current directory: /mnt/data1/nix/vendor/rust/cargo2nix/submodules/corn)
Reflog for :
90c171a HEAD@{3 days ago}: checkout: moving from 51b15af2289d00b5be1ed33fdeb5467188f6ddb0 to feature/CRQ-016-nixify
51b15af HEAD@{3 days ago}: checkout: moving from master to 51b15af2289d00b5be1ed33fdeb5467188f6ddb0
51b15af HEAD@{7 days ago}: clone: from https://github.com/meta-introspector/corn.git

Branch 'feature/CRQ-016-nixify' exists in .
Current branch is 'feature/CRQ-016-nixify'.
Current HEAD is at the same commit as 'feature/CRQ-016-nixify'.

Entering 'submodules/coverage-helper'
----------------------------------------------------
Processing submodule:  (current directory: /mnt/data1/nix/vendor/rust/cargo2nix/submodules/coverage-helper)
Reflog for :
5800912 HEAD@{3 days ago}: checkout: moving from 0838645d7f67580bbd5e5af4a1f42ba3c39cc47d to feature/CRQ-016-nixify
0838645 HEAD@{3 days ago}: checkout: moving from main to 0838645d7f67580bbd5e5af4a1f42ba3c39cc47d
0838645 HEAD@{7 days ago}: clone: from https://github.com/meta-introspector/coverage-helper

Branch 'feature/CRQ-016-nixify' exists in .
Current branch is 'feature/CRQ-016-nixify'.
Current HEAD is at the same commit as 'feature/CRQ-016-nixify'.

Entering 'submodules/cpp_demangle'
----------------------------------------------------
Processing submodule:  (current directory: /mnt/data1/nix/vendor/rust/cargo2nix/submodules/cpp_demangle)
Reflog for :
dde4250 HEAD@{3 days ago}: checkout: moving from 6fc3a53ba2ae11bdcf470ed44058a233af517160 to feature/CRQ-016-nixify
6fc3a53 HEAD@{3 days ago}: checkout: moving from master to 6fc3a53ba2ae11bdcf470ed44058a233af517160
6fc3a53 HEAD@{7 days ago}: clone: from https://github.com/meta-introspector/cpp_demangle

Branch 'feature/CRQ-016-nixify' exists in .
Current branch is 'feature/CRQ-016-nixify'.
Current HEAD is at the same commit as 'feature/CRQ-016-nixify'.

Entering 'submodules/crc-catalog'
----------------------------------------------------
Processing submodule:  (current directory: /mnt/data1/nix/vendor/rust/cargo2nix/submodules/crc-catalog)
Reflog for :
a04af05 HEAD@{3 days ago}: checkout: moving from 2d583f941cebfc5c37335f6b19ecda1df5db2749 to feature/CRQ-016-nixify
2d583f9 HEAD@{3 days ago}: checkout: moving from master to 2d583f941cebfc5c37335f6b19ecda1df5db2749
2d583f9 HEAD@{7 days ago}: clone: from https://github.com/meta-introspector/crc-catalog.git

Branch 'feature/CRQ-016-nixify' exists in .
Current branch is 'feature/CRQ-016-nixify'.
Current HEAD is at the same commit as 'feature/CRQ-016-nixify'.

Entering 'submodules/crc-rs'
----------------------------------------------------
Processing submodule:  (current directory: /mnt/data1/nix/vendor/rust/cargo2nix/submodules/crc-rs)
Reflog for :
1f7af5a HEAD@{3 days ago}: checkout: moving from 77da9d4e77b55274b47aebb680c78131124dded3 to feature/CRQ-016-nixify
77da9d4 HEAD@{3 days ago}: checkout: moving from master to 77da9d4e77b55274b47aebb680c78131124dded3
77da9d4 HEAD@{7 days ago}: clone: from https://github.com/meta-introspector/crc-rs.git

Branch 'feature/CRQ-016-nixify' exists in .
Current branch is 'feature/CRQ-016-nixify'.
Current HEAD is at the same commit as 'feature/CRQ-016-nixify'.

Entering 'submodules/criterion'
----------------------------------------------------
Processing submodule:  (current directory: /mnt/data1/nix/vendor/rust/cargo2nix/submodules/criterion)
Reflog for :
56de8c4 HEAD@{3 days ago}: checkout: moving from af5cc00ef1ad5e32b2d36a5be4d9cad8ed0c6ec9 to feature/CRQ-016-nixify
af5cc00 HEAD@{3 days ago}: checkout: moving from master to af5cc00ef1ad5e32b2d36a5be4d9cad8ed0c6ec9
af5cc00 HEAD@{3 days ago}: clone: from https://github.com/meta-introspector/criterion.rs

Branch 'feature/CRQ-016-nixify' exists in .
Current branch is 'feature/CRQ-016-nixify'.
Current HEAD is at the same commit as 'feature/CRQ-016-nixify'.

Entering 'submodules/criterion.rs'
----------------------------------------------------
Processing submodule:  (current directory: /mnt/data1/nix/vendor/rust/cargo2nix/submodules/criterion.rs)
Reflog for :
56de8c4 HEAD@{3 days ago}: checkout: moving from af5cc00ef1ad5e32b2d36a5be4d9cad8ed0c6ec9 to feature/CRQ-016-nixify
af5cc00 HEAD@{3 days ago}: checkout: moving from master to af5cc00ef1ad5e32b2d36a5be4d9cad8ed0c6ec9
af5cc00 HEAD@{7 days ago}: clone: from https://github.com/meta-introspector/criterion.rs

Branch 'feature/CRQ-016-nixify' exists in .
Current branch is 'feature/CRQ-016-nixify'.
Current HEAD is at the same commit as 'feature/CRQ-016-nixify'.

Entering 'submodules/critical-section'
----------------------------------------------------
Processing submodule:  (current directory: /mnt/data1/nix/vendor/rust/cargo2nix/submodules/critical-section)
Reflog for :
7859a1e HEAD@{3 days ago}: checkout: moving from bc0d1736c3b14e340c1b0c29042edb3e6bffe6b8 to feature/CRQ-016-nixify
bc0d173 HEAD@{3 days ago}: checkout: moving from main to bc0d1736c3b14e340c1b0c29042edb3e6bffe6b8
bc0d173 HEAD@{7 days ago}: clone: from https://github.com/meta-introspector/critical-section

Branch 'feature/CRQ-016-nixify' exists in .
Current branch is 'feature/CRQ-016-nixify'.
Current HEAD is at the same commit as 'feature/CRQ-016-nixify'.

Entering 'submodules/crossbeam'
----------------------------------------------------
Processing submodule:  (current directory: /mnt/data1/nix/vendor/rust/cargo2nix/submodules/crossbeam)
Reflog for :
07b2694 HEAD@{3 days ago}: checkout: moving from 983d56b6007ca4c22b56a665a7785f40f55c2a53 to feature/CRQ-016-nixify
983d56b HEAD@{3 days ago}: checkout: moving from master to 983d56b6007ca4c22b56a665a7785f40f55c2a53
983d56b HEAD@{7 days ago}: clone: from https://github.com/meta-introspector/crossbeam.git

Branch 'feature/CRQ-016-nixify' exists in .
Current branch is 'feature/CRQ-016-nixify'.
Current HEAD is at the same commit as 'feature/CRQ-016-nixify'.

Entering 'submodules/crossterm'
----------------------------------------------------
Processing submodule:  (current directory: /mnt/data1/nix/vendor/rust/cargo2nix/submodules/crossterm)
Reflog for :
d3c9ce5 HEAD@{3 days ago}: checkout: moving from ee304d3c25f0c924c86122df8665e194065920e2 to feature/CRQ-016-nixify
ee304d3 HEAD@{3 days ago}: checkout: moving from master to ee304d3c25f0c924c86122df8665e194065920e2
ee304d3 HEAD@{7 days ago}: clone: from https://github.com/meta-introspector/crossterm.git

Branch 'feature/CRQ-016-nixify' exists in .
Current branch is 'feature/CRQ-016-nixify'.
Current HEAD is at the same commit as 'feature/CRQ-016-nixify'.

Entering 'submodules/crossterm-winapi'
----------------------------------------------------
Processing submodule:  (current directory: /mnt/data1/nix/vendor/rust/cargo2nix/submodules/crossterm-winapi)
Reflog for :
e697b56 HEAD@{3 days ago}: checkout: moving from 49bc68d73e82374224284baf0ba51ed3a29c0d81 to feature/CRQ-016-nixify
49bc68d HEAD@{3 days ago}: checkout: moving from master to 49bc68d73e82374224284baf0ba51ed3a29c0d81
49bc68d HEAD@{7 days ago}: clone: from https://github.com/meta-introspector/crossterm-winapi.git

Branch 'feature/CRQ-016-nixify' exists in .
Current branch is 'feature/CRQ-016-nixify'.
Current HEAD is at the same commit as 'feature/CRQ-016-nixify'.

Entering 'submodules/crunchy'
----------------------------------------------------
Processing submodule:  (current directory: /mnt/data1/nix/vendor/rust/cargo2nix/submodules/crunchy)
Reflog for :
0992034 HEAD@{3 days ago}: checkout: moving from ba7b86cea6ba89ccfc72ccb24cc4a4ac6d9c6272 to feature/CRQ-016-nixify
ba7b86c HEAD@{3 days ago}: checkout: moving from master to ba7b86cea6ba89ccfc72ccb24cc4a4ac6d9c6272
ba7b86c HEAD@{7 days ago}: clone: from https://github.com/meta-introspector/crunchy.git

Branch 'feature/CRQ-016-nixify' exists in .
Current branch is 'feature/CRQ-016-nixify'.
Current HEAD is at the same commit as 'feature/CRQ-016-nixify'.

Entering 'submodules/crypto-bigint'
----------------------------------------------------
Processing submodule:  (current directory: /mnt/data1/nix/vendor/rust/cargo2nix/submodules/crypto-bigint)
Reflog for :
319d12c HEAD@{3 days ago}: checkout: moving from 9cbea3af591b1479f392109781b89f9ef09013f3 to feature/CRQ-016-nixify
9cbea3a HEAD@{3 days ago}: checkout: moving from master to 9cbea3af591b1479f392109781b89f9ef09013f3
9cbea3a HEAD@{7 days ago}: clone: from https://github.com/meta-introspector/crypto-bigint

Branch 'feature/CRQ-016-nixify' exists in .
Current branch is 'feature/CRQ-016-nixify'.
Current HEAD is at the same commit as 'feature/CRQ-016-nixify'.

Entering 'submodules/cryptocorrosion'
----------------------------------------------------
Processing submodule:  (current directory: /mnt/data1/nix/vendor/rust/cargo2nix/submodules/cryptocorrosion)
Reflog for :
9a0ca7f HEAD@{3 days ago}: checkout: moving from 000a6cd6bbcb0b091381dc5f8fe6d6efa480b818 to feature/CRQ-016-nixify
000a6cd HEAD@{3 days ago}: checkout: moving from master to 000a6cd6bbcb0b091381dc5f8fe6d6efa480b818
000a6cd HEAD@{7 days ago}: clone: from https://github.com/meta-introspector/cryptocorrosion.git

Branch 'feature/CRQ-016-nixify' exists in .
Current branch is 'feature/CRQ-016-nixify'.
Current HEAD is at the same commit as 'feature/CRQ-016-nixify'.

Entering 'submodules/curl-rust'
----------------------------------------------------
Processing submodule:  (current directory: /mnt/data1/nix/vendor/rust/cargo2nix/submodules/curl-rust)
Reflog for :
2a01931 HEAD@{69 minutes ago}: commit: feat: Add MEMO.md about curl build issues
0132554 HEAD@{71 minutes ago}: checkout: moving from cd649f2490cd1ba39b5d2cfb0ab4a23d843195d2 to feature/CRQ-016-nixify
cd649f2 HEAD@{73 minutes ago}: checkout: moving from feature/CRQ-016-nixify to cd649f2
0132554 HEAD@{73 minutes ago}: reset: moving to HEAD
0132554 HEAD@{3 days ago}: commit: wip: submodule updates
712b3fd HEAD@{3 days ago}: checkout: moving from 14d51cf1f364351456dfd9ab89521242873fb95d to feature/CRQ-016-nixify
14d51cf HEAD@{3 days ago}: checkout: moving from main to 14d51cf1f364351456dfd9ab89521242873fb95d
14d51cf HEAD@{7 days ago}: clone: from https://github.com/meta-introspector/curl-rust.git

Branch 'feature/CRQ-016-nixify' exists in .
Current branch is 'feature/CRQ-016-nixify'.
Current HEAD is at the same commit as 'feature/CRQ-016-nixify'.

Entering 'submodules/curl-rust/curl-sys/curl'
----------------------------------------------------
Processing submodule:  (current directory: /mnt/data1/nix/vendor/rust/cargo2nix/submodules/curl-rust/curl-sys/curl)
Reflog for :
63eb0627b HEAD@{3 days ago}: checkout: moving from 63eb0627b1c6cb2fa267585b4c21f839867e19d2 to feature/CRQ-016-nixify
63eb0627b HEAD@{3 days ago}: checkout: moving from master to 63eb0627b1c6cb2fa267585b4c21f839867e19d2
63eb0627b HEAD@{3 days ago}: clone: from https://github.com/curl/curl.git

Branch 'feature/CRQ-016-nixify' exists in .
Current branch is 'feature/CRQ-016-nixify'.
Current HEAD is at the same commit as 'feature/CRQ-016-nixify'.

Entering 'submodules/darling'
----------------------------------------------------
Processing submodule:  (current directory: /mnt/data1/nix/vendor/rust/cargo2nix/submodules/darling)
Reflog for :
9a06f3d HEAD@{3 days ago}: checkout: moving from 7536387a7be85176b4e1810a2d7d5c371e3c7fc6 to feature/CRQ-016-nixify
7536387 HEAD@{3 days ago}: checkout: moving from master to 7536387a7be85176b4e1810a2d7d5c371e3c7fc6
7536387 HEAD@{7 days ago}: clone: from https://github.com/meta-introspector/darling

Branch 'feature/CRQ-016-nixify' exists in .
Current branch is 'feature/CRQ-016-nixify'.
Current HEAD is at the same commit as 'feature/CRQ-016-nixify'.

Entering 'submodules/dashmap'
----------------------------------------------------
Processing submodule:  (current directory: /mnt/data1/nix/vendor/rust/cargo2nix/submodules/dashmap)
Reflog for :
a4cf9da HEAD@{3 days ago}: checkout: moving from 366ce7e7872866a06de66eb95002fa6cf2c117a7 to feature/CRQ-016-nixify
366ce7e HEAD@{3 days ago}: checkout: moving from master to 366ce7e7872866a06de66eb95002fa6cf2c117a7
366ce7e HEAD@{7 days ago}: clone: from https://github.com/meta-introspector/dashmap.git

Branch 'feature/CRQ-016-nixify' exists in .
Current branch is 'feature/CRQ-016-nixify'.
Current HEAD is at the same commit as 'feature/CRQ-016-nixify'.

Entering 'submodules/dbus-rs'
----------------------------------------------------
Processing submodule:  (current directory: /mnt/data1/nix/vendor/rust/cargo2nix/submodules/dbus-rs)
Reflog for :
6df1d72 HEAD@{3 days ago}: commit: wip: submodule updates
661ccf0 HEAD@{3 days ago}: checkout: moving from 661ccf0cffe5d2f0f1ba4abddc4f68d0880e574a to feature/CRQ-016-nixify
661ccf0 HEAD@{3 days ago}: checkout: moving from master to 661ccf0cffe5d2f0f1ba4abddc4f68d0880e574a
661ccf0 HEAD@{7 days ago}: clone: from https://github.com/diwic/dbus-rs

Branch 'feature/CRQ-016-nixify' exists in .
Current branch is 'feature/CRQ-016-nixify'.
Current HEAD is at the same commit as 'feature/CRQ-016-nixify'.

Entering 'submodules/dbus-rs/libdbus-sys/vendor/dbus'
----------------------------------------------------
Processing submodule:  (current directory: /mnt/data1/nix/vendor/rust/cargo2nix/submodules/dbus-rs/libdbus-sys/vendor/dbus)
Reflog for :
1bcf396c HEAD@{3 days ago}: checkout: moving from 1bcf396c7872f317778f3ff5645af1630738d43f to feature/CRQ-016-nixify
1bcf396c HEAD@{3 days ago}: checkout: moving from main to 1bcf396c7872f317778f3ff5645af1630738d43f
1bcf396c HEAD@{3 days ago}: clone: from https://gitlab.freedesktop.org/dbus/dbus.git

Branch 'feature/CRQ-016-nixify' exists in .
Current branch is 'feature/CRQ-016-nixify'.
Current HEAD is at the same commit as 'feature/CRQ-016-nixify'.

Entering 'submodules/defer'
----------------------------------------------------
Processing submodule:  (current directory: /mnt/data1/nix/vendor/rust/cargo2nix/submodules/defer)
Reflog for :
aceb44e HEAD@{3 days ago}: checkout: moving from 07e2225531944dcbc7b873d9c33d28d149883001 to feature/CRQ-016-nixify
07e2225 HEAD@{3 days ago}: checkout: moving from master to 07e2225531944dcbc7b873d9c33d28d149883001
07e2225 HEAD@{7 days ago}: clone: from https://github.com/meta-introspector/defer.git

Branch 'feature/CRQ-016-nixify' exists in .
Current branch is 'feature/CRQ-016-nixify'.
Current HEAD is at the same commit as 'feature/CRQ-016-nixify'.

Entering 'submodules/defmac'
----------------------------------------------------
Processing submodule:  (current directory: /mnt/data1/nix/vendor/rust/cargo2nix/submodules/defmac)
Reflog for :
3283078 HEAD@{3 days ago}: checkout: moving from 86ec341c0d7480e3301327bf80d5b354ecbbf4f5 to feature/CRQ-016-nixify
86ec341 HEAD@{3 days ago}: checkout: moving from master to 86ec341c0d7480e3301327bf80d5b354ecbbf4f5
86ec341 HEAD@{7 days ago}: clone: from https://github.com/meta-introspector/defmac

Branch 'feature/CRQ-016-nixify' exists in .
Current branch is 'feature/CRQ-016-nixify'.
Current HEAD is at the same commit as 'feature/CRQ-016-nixify'.

Entering 'submodules/defmt'
----------------------------------------------------
Processing submodule:  (current directory: /mnt/data1/nix/vendor/rust/cargo2nix/submodules/defmt)
Reflog for :
f7927a4 HEAD@{3 days ago}: checkout: moving from ce8c280ba3ca86a9a2ac69e75a27220417d1e7c2 to feature/CRQ-016-nixify
ce8c280 HEAD@{3 days ago}: checkout: moving from main to ce8c280ba3ca86a9a2ac69e75a27220417d1e7c2
ce8c280 HEAD@{7 days ago}: clone: from https://github.com/meta-introspector/defmt.git

Branch 'feature/CRQ-016-nixify' exists in .
Current branch is 'feature/CRQ-016-nixify'.
Current HEAD is at the same commit as 'feature/CRQ-016-nixify'.

Entering 'submodules/deranged'
----------------------------------------------------
Processing submodule:  (current directory: /mnt/data1/nix/vendor/rust/cargo2nix/submodules/deranged)
Reflog for :
71b2947 HEAD@{3 days ago}: checkout: moving from 08bc8b3dfc32030b602bba946daf1cc1b0872f28 to feature/CRQ-016-nixify
08bc8b3 HEAD@{3 days ago}: checkout: moving from main to 08bc8b3dfc32030b602bba946daf1cc1b0872f28
08bc8b3 HEAD@{7 days ago}: clone: from https://github.com/meta-introspector/deranged.git

Branch 'feature/CRQ-016-nixify' exists in .
Current branch is 'feature/CRQ-016-nixify'.
Current HEAD is at the same commit as 'feature/CRQ-016-nixify'.

Entering 'submodules/derive-ex'
----------------------------------------------------
Processing submodule:  (current directory: /mnt/data1/nix/vendor/rust/cargo2nix/submodules/derive-ex)
Reflog for :
16103ac HEAD@{3 days ago}: checkout: moving from fc8f382ae8e0da864e767d4b2b25e9fe6a599fcb to feature/CRQ-016-nixify
fc8f382 HEAD@{3 days ago}: checkout: moving from master to fc8f382ae8e0da864e767d4b2b25e9fe6a599fcb
fc8f382 HEAD@{7 days ago}: clone: from https://github.com/meta-introspector/derive-ex

Branch 'feature/CRQ-016-nixify' exists in .
Current branch is 'feature/CRQ-016-nixify'.
Current HEAD is at the same commit as 'feature/CRQ-016-nixify'.

Entering 'submodules/deunicode'
----------------------------------------------------
Processing submodule:  (current directory: /mnt/data1/nix/vendor/rust/cargo2nix/submodules/deunicode)
Reflog for :
cfb8552 HEAD@{19 hours ago}: checkout: moving from main to main
cfb8552 HEAD@{19 hours ago}: clone: from https://github.com/kornelski/deunicode/

Branch 'feature/CRQ-016-nixify' not found in .

Entering 'submodules/deunicode/scripts/gemoji'
----------------------------------------------------
Processing submodule:  (current directory: /mnt/data1/nix/vendor/rust/cargo2nix/submodules/deunicode/scripts/gemoji)
Reflog for :
0eca75d HEAD@{2 hours ago}: checkout: moving from master to 0eca75db9301421efc8710baf7a7576793ae452a
0eca75d HEAD@{2 hours ago}: clone: from https://github.com/github/gemoji

Branch 'feature/CRQ-016-nixify' not found in .

Entering 'submodules/diff'
----------------------------------------------------
Processing submodule:  (current directory: /mnt/data1/nix/vendor/rust/cargo2nix/submodules/diff)
Reflog for :
36e19c9 HEAD@{3 days ago}: checkout: moving from 4f5fac9898c54abdd59cad5d95dd615e685748d6 to feature/CRQ-016-nixify
4f5fac9 HEAD@{3 days ago}: checkout: moving from 36e19c9527fc66d1d2e9c6ba1615680d818447c4 to 4f5fac9898c54abdd59cad5d95dd615e685748d6
36e19c9 HEAD@{7 days ago}: checkout: moving from master to 36e19c9527fc66d1d2e9c6ba1615680d818447c4
4f5fac9 HEAD@{7 days ago}: clone: from https://github.com/meta-introspector/diff-rs

Branch 'feature/CRQ-016-nixify' exists in .
Current branch is 'feature/CRQ-016-nixify'.
Current HEAD is at the same commit as 'feature/CRQ-016-nixify'.

Entering 'submodules/displaydoc'
----------------------------------------------------
Processing submodule:  (current directory: /mnt/data1/nix/vendor/rust/cargo2nix/submodules/displaydoc)
Reflog for :
3656294 HEAD@{3 days ago}: checkout: moving from 68bcc2e4cbe1dee0d4cfa5cefeb7f90e8a16ff39 to feature/CRQ-016-nixify
68bcc2e HEAD@{3 days ago}: checkout: moving from master to 68bcc2e4cbe1dee0d4cfa5cefeb7f90e8a16ff39
68bcc2e HEAD@{7 days ago}: clone: from https://github.com/meta-introspector/displaydoc

Branch 'feature/CRQ-016-nixify' exists in .
Current branch is 'feature/CRQ-016-nixify'.
Current HEAD is at the same commit as 'feature/CRQ-016-nixify'.

Entering 'submodules/dissimilar'
----------------------------------------------------
Processing submodule:  (current directory: /mnt/data1/nix/vendor/rust/cargo2nix/submodules/dissimilar)
Reflog for :
7548ca0 HEAD@{3 days ago}: checkout: moving from 7548ca0df61b19f4798f62e553491025fbafaea7 to feature/CRQ-016-nixify
7548ca0 HEAD@{3 days ago}: checkout: moving from master to 7548ca0df61b19f4798f62e553491025fbafaea7
7548ca0 HEAD@{7 days ago}: clone: from https://github.com/dtolnay/dissimilar

Branch 'feature/CRQ-016-nixify' exists in .
Current branch is 'feature/CRQ-016-nixify'.
Current HEAD is at the same commit as 'feature/CRQ-016-nixify'.

Entering 'submodules/dlv-list-rs'
----------------------------------------------------
Processing submodule:  (current directory: /mnt/data1/nix/vendor/rust/cargo2nix/submodules/dlv-list-rs)
Reflog for :
422548d HEAD@{3 days ago}: checkout: moving from 422548ddd5398399a19290cafccca23da0d6b3a7 to feature/CRQ-016-nixify
422548d HEAD@{3 days ago}: checkout: moving from master to 422548ddd5398399a19290cafccca23da0d6b3a7
422548d HEAD@{7 days ago}: clone: from https://github.com/sgodwincs/dlv-list-rs

Branch 'feature/CRQ-016-nixify' exists in .
Current branch is 'feature/CRQ-016-nixify'.
Current HEAD is at the same commit as 'feature/CRQ-016-nixify'.

Entering 'submodules/document-features'
----------------------------------------------------
Processing submodule:  (current directory: /mnt/data1/nix/vendor/rust/cargo2nix/submodules/document-features)
Reflog for :
b06b7d9 HEAD@{3 days ago}: checkout: moving from 721e708012254b81760bd2befdae0970e7a2615e to feature/CRQ-016-nixify
721e708 HEAD@{3 days ago}: checkout: moving from master to 721e708012254b81760bd2befdae0970e7a2615e
721e708 HEAD@{7 days ago}: clone: from https://github.com/meta-introspector/document-features

Branch 'feature/CRQ-016-nixify' exists in .
Current branch is 'feature/CRQ-016-nixify'.
Current HEAD is at the same commit as 'feature/CRQ-016-nixify'.

Entering 'submodules/dot'
----------------------------------------------------
Processing submodule:  (current directory: /mnt/data1/nix/vendor/rust/cargo2nix/submodules/dot)
Reflog for :
fed06f6 HEAD@{19 hours ago}: clone: from https://github.com/GrahamDennis/dot-rust

Branch 'feature/CRQ-016-nixify' not found in .

Entering 'submodules/dot-parser'
----------------------------------------------------
Processing submodule:  (current directory: /mnt/data1/nix/vendor/rust/cargo2nix/submodules/dot-parser)
Reflog for :
ab4e2cd HEAD@{3 days ago}: checkout: moving from ab4e2cd8451d807d12533f5bd22bdc9887f08767 to feature/CRQ-016-nixify
ab4e2cd HEAD@{3 days ago}: checkout: moving from master to ab4e2cd8451d807d12533f5bd22bdc9887f08767
ab4e2cd HEAD@{7 days ago}: clone: from https://codeberg.org/bromind/dot-parser.git

Branch 'feature/CRQ-016-nixify' exists in .
Current branch is 'feature/CRQ-016-nixify'.
Current HEAD is at the same commit as 'feature/CRQ-016-nixify'.

Entering 'submodules/dunce'
----------------------------------------------------
Processing submodule:  (current directory: /mnt/data1/nix/vendor/rust/cargo2nix/submodules/dunce)
Reflog for :
c523a1e HEAD@{3 days ago}: checkout: moving from c523a1edfa81cd7603a28971154a33c14b2fed4e to feature/CRQ-016-nixify
c523a1e HEAD@{3 days ago}: checkout: moving from master to c523a1edfa81cd7603a28971154a33c14b2fed4e
c523a1e HEAD@{7 days ago}: clone: from https://gitlab.com/kornelski/dunce

Branch 'feature/CRQ-016-nixify' exists in .
Current branch is 'feature/CRQ-016-nixify'.
Current HEAD is at the same commit as 'feature/CRQ-016-nixify'.

Entering 'submodules/dyn-clone'
----------------------------------------------------
Processing submodule:  (current directory: /mnt/data1/nix/vendor/rust/cargo2nix/submodules/dyn-clone)
Reflog for :
e94d76a HEAD@{3 days ago}: checkout: moving from 17aff8f9ea18581199da8ebdf28c7ad6f88fddb0 to feature/CRQ-016-nixify
17aff8f HEAD@{3 days ago}: checkout: moving from master to 17aff8f9ea18581199da8ebdf28c7ad6f88fddb0
17aff8f HEAD@{7 days ago}: clone: from https://github.com/meta-introspector/dyn-clone.git

Branch 'feature/CRQ-016-nixify' exists in .
Current branch is 'feature/CRQ-016-nixify'.
Current HEAD is at the same commit as 'feature/CRQ-016-nixify'.

Entering 'submodules/either'
----------------------------------------------------
Processing submodule:  (current directory: /mnt/data1/nix/vendor/rust/cargo2nix/submodules/either)
Reflog for :
f604ae2 HEAD@{3 days ago}: checkout: moving from fb8b63f0cd15d0d2aed65a7414967ba76a0f4a28 to feature/CRQ-016-nixify
fb8b63f HEAD@{3 days ago}: checkout: moving from main to fb8b63f0cd15d0d2aed65a7414967ba76a0f4a28
fb8b63f HEAD@{7 days ago}: clone: from https://github.com/meta-introspector/either

Branch 'feature/CRQ-016-nixify' exists in .
Current branch is 'feature/CRQ-016-nixify'.
Current HEAD is at the same commit as 'feature/CRQ-016-nixify'.

Entering 'submodules/elliptic-curves'
----------------------------------------------------
Processing submodule:  (current directory: /mnt/data1/nix/vendor/rust/cargo2nix/submodules/elliptic-curves)
Reflog for :
0ddb218 HEAD@{3 days ago}: checkout: moving from 16ab98fc5ac670e6a7b4e24f099995f48553bfee to feature/CRQ-016-nixify
16ab98f HEAD@{3 days ago}: checkout: moving from master to 16ab98fc5ac670e6a7b4e24f099995f48553bfee
0ddb218 HEAD@{7 days ago}: clone: from https://github.com/RustCrypto/elliptic-curves

Branch 'feature/CRQ-016-nixify' exists in .
Current branch is 'feature/CRQ-016-nixify'.
Current HEAD is at the same commit as 'feature/CRQ-016-nixify'.

Entering 'submodules/embedded-hal'
----------------------------------------------------
Processing submodule:  (current directory: /mnt/data1/nix/vendor/rust/cargo2nix/submodules/embedded-hal)
Reflog for :
fa0ba8f HEAD@{3 days ago}: checkout: moving from 4e653a793782ecd495d3ef23800270fb8322acf6 to feature/CRQ-016-nixify
4e653a7 HEAD@{3 days ago}: checkout: moving from master to 4e653a793782ecd495d3ef23800270fb8322acf6
4e653a7 HEAD@{7 days ago}: clone: from https://github.com/meta-introspector/embedded-hal

Branch 'feature/CRQ-016-nixify' exists in .
Current branch is 'feature/CRQ-016-nixify'.
Current HEAD is at the same commit as 'feature/CRQ-016-nixify'.

Entering 'submodules/encode_unicode'
----------------------------------------------------
Processing submodule:  (current directory: /mnt/data1/nix/vendor/rust/cargo2nix/submodules/encode_unicode)
Reflog for :
6b61c6a HEAD@{3 days ago}: checkout: moving from b764bc1cec904d2198b052c5a564963a930a0bcb to feature/CRQ-016-nixify
b764bc1 HEAD@{3 days ago}: checkout: moving from master to b764bc1cec904d2198b052c5a564963a930a0bcb
b764bc1 HEAD@{7 days ago}: clone: from https://github.com/meta-introspector/encode_unicode

Branch 'feature/CRQ-016-nixify' exists in .
Current branch is 'feature/CRQ-016-nixify'.
Current HEAD is at the same commit as 'feature/CRQ-016-nixify'.

Entering 'submodules/encoding_rs'
----------------------------------------------------
Processing submodule:  (current directory: /mnt/data1/nix/vendor/rust/cargo2nix/submodules/encoding_rs)
Reflog for :
19320b9 HEAD@{3 days ago}: checkout: moving from d823a51a81c91ff9b1611cb70859464115bd7c1d to feature/CRQ-016-nixify
d823a51 HEAD@{3 days ago}: checkout: moving from main to d823a51a81c91ff9b1611cb70859464115bd7c1d
d823a51 HEAD@{7 days ago}: clone: from https://github.com/meta-introspector/encoding_rs.git

Branch 'feature/CRQ-016-nixify' exists in .
Current branch is 'feature/CRQ-016-nixify'.
Current HEAD is at the same commit as 'feature/CRQ-016-nixify'.

Entering 'submodules/env_logger'
----------------------------------------------------
Processing submodule:  (current directory: /mnt/data1/nix/vendor/rust/cargo2nix/submodules/env_logger)
Reflog for :
4023a7e HEAD@{3 days ago}: checkout: moving from 0beb003ae88f637d5bd7c1370b8dca6e0b131a3f to feature/CRQ-016-nixify
0beb003 HEAD@{3 days ago}: checkout: moving from main to 0beb003ae88f637d5bd7c1370b8dca6e0b131a3f
0beb003 HEAD@{7 days ago}: clone: from https://github.com/meta-introspector/env_logger.git

Branch 'feature/CRQ-016-nixify' exists in .
Current branch is 'feature/CRQ-016-nixify'.
Current HEAD is at the same commit as 'feature/CRQ-016-nixify'.

Entering 'submodules/equivalent'
----------------------------------------------------
Processing submodule:  (current directory: /mnt/data1/nix/vendor/rust/cargo2nix/submodules/equivalent)
Reflog for :
0a7fb8f HEAD@{3 days ago}: checkout: moving from 8a56bf0407d8eecf2165775a95a67cc0e956e50d to feature/CRQ-016-nixify
8a56bf0 HEAD@{3 days ago}: checkout: moving from main to 8a56bf0407d8eecf2165775a95a67cc0e956e50d
8a56bf0 HEAD@{7 days ago}: clone: from https://github.com/meta-introspector/equivalent.git

Branch 'feature/CRQ-016-nixify' exists in .
Current branch is 'feature/CRQ-016-nixify'.
Current HEAD is at the same commit as 'feature/CRQ-016-nixify'.

Entering 'submodules/erased-serde'
----------------------------------------------------
Processing submodule:  (current directory: /mnt/data1/nix/vendor/rust/cargo2nix/submodules/erased-serde)
Reflog for :
b8060d0 HEAD@{3 days ago}: checkout: moving from 4313f8c2793d432863ec3ae4bb6147276c48f167 to feature/CRQ-016-nixify
4313f8c HEAD@{3 days ago}: checkout: moving from master to 4313f8c2793d432863ec3ae4bb6147276c48f167
4313f8c HEAD@{7 days ago}: clone: from https://github.com/meta-introspector/erased-serde.git

Branch 'feature/CRQ-016-nixify' exists in .
Current branch is 'feature/CRQ-016-nixify'.
Current HEAD is at the same commit as 'feature/CRQ-016-nixify'.

Entering 'submodules/escargot'
----------------------------------------------------
Processing submodule:  (current directory: /mnt/data1/nix/vendor/rust/cargo2nix/submodules/escargot)
Reflog for :
870372d HEAD@{3 days ago}: checkout: moving from 1dbe2ce5b5d3192c920eb415991ffc37c13f1902 to feature/CRQ-016-nixify
1dbe2ce HEAD@{3 days ago}: checkout: moving from master to 1dbe2ce5b5d3192c920eb415991ffc37c13f1902
1dbe2ce HEAD@{7 days ago}: clone: from https://github.com/meta-introspector/escargot.git

Branch 'feature/CRQ-016-nixify' exists in .
Current branch is 'feature/CRQ-016-nixify'.
Current HEAD is at the same commit as 'feature/CRQ-016-nixify'.

Entering 'submodules/event-listener'
----------------------------------------------------
Processing submodule:  (current directory: /mnt/data1/nix/vendor/rust/cargo2nix/submodules/event-listener)
Reflog for :
6141687 HEAD@{3 days ago}: checkout: moving from 0c18ca2308f0dea9147b94141cc2796e85cb42ae to feature/CRQ-016-nixify
0c18ca2 HEAD@{3 days ago}: checkout: moving from master to 0c18ca2308f0dea9147b94141cc2796e85cb42ae
0c18ca2 HEAD@{7 days ago}: clone: from https://github.com/meta-introspector/event-listener

Branch 'feature/CRQ-016-nixify' exists in .
Current branch is 'feature/CRQ-016-nixify'.
Current HEAD is at the same commit as 'feature/CRQ-016-nixify'.

Entering 'submodules/event-listener-strategy'
----------------------------------------------------
Processing submodule:  (current directory: /mnt/data1/nix/vendor/rust/cargo2nix/submodules/event-listener-strategy)
Reflog for :
f03462c HEAD@{3 days ago}: checkout: moving from be0f536e7a18776978b03a6079eb823ee3aa9b34 to feature/CRQ-016-nixify
be0f536 HEAD@{3 days ago}: checkout: moving from main to be0f536e7a18776978b03a6079eb823ee3aa9b34
be0f536 HEAD@{7 days ago}: clone: from https://github.com/meta-introspector/event-listener-strategy

Branch 'feature/CRQ-016-nixify' exists in .
Current branch is 'feature/CRQ-016-nixify'.
Current HEAD is at the same commit as 'feature/CRQ-016-nixify'.

Entering 'submodules/expect-test'
----------------------------------------------------
Processing submodule:  (current directory: /mnt/data1/nix/vendor/rust/cargo2nix/submodules/expect-test)
Reflog for :
9e616f9 HEAD@{19 hours ago}: clone: from https://github.com/rust-analyzer/expect-test

Branch 'feature/CRQ-016-nixify' not found in .

Entering 'submodules/expectrl'
----------------------------------------------------
Processing submodule:  (current directory: /mnt/data1/nix/vendor/rust/cargo2nix/submodules/expectrl)
Reflog for :
3230e1e HEAD@{3 days ago}: checkout: moving from 78a409044765056d6a9d6dea7df3aa0e568dccb4 to feature/CRQ-016-nixify
78a4090 HEAD@{3 days ago}: checkout: moving from main to 78a409044765056d6a9d6dea7df3aa0e568dccb4
78a4090 HEAD@{7 days ago}: clone: from https://github.com/meta-introspector/expectrl

Branch 'feature/CRQ-016-nixify' exists in .
Current branch is 'feature/CRQ-016-nixify'.
Current HEAD is at the same commit as 'feature/CRQ-016-nixify'.

Entering 'submodules/eyre'
----------------------------------------------------
Processing submodule:  (current directory: /mnt/data1/nix/vendor/rust/cargo2nix/submodules/eyre)
Reflog for :
c13cbce HEAD@{3 days ago}: checkout: moving from c6bf9c1f050971cdd0f94b46ce59f937da3e496b to feature/CRQ-016-nixify
c6bf9c1 HEAD@{3 days ago}: checkout: moving from master to c6bf9c1f050971cdd0f94b46ce59f937da3e496b
c6bf9c1 HEAD@{7 days ago}: clone: from https://github.com/meta-introspector/eyre

Branch 'feature/CRQ-016-nixify' exists in .
Current branch is 'feature/CRQ-016-nixify'.
Current HEAD is at the same commit as 'feature/CRQ-016-nixify'.

Entering 'submodules/fallible-streaming-iterator'
----------------------------------------------------
Processing submodule:  (current directory: /mnt/data1/nix/vendor/rust/cargo2nix/submodules/fallible-streaming-iterator)
Reflog for :
be2ecac HEAD@{3 days ago}: checkout: moving from 9217bc5e381b54b4ef4c38959488a5dc993b7b81 to feature/CRQ-016-nixify
9217bc5 HEAD@{3 days ago}: checkout: moving from master to 9217bc5e381b54b4ef4c38959488a5dc993b7b81
9217bc5 HEAD@{7 days ago}: clone: from https://github.com/meta-introspector/fallible-streaming-iterator

Branch 'feature/CRQ-016-nixify' exists in .
Current branch is 'feature/CRQ-016-nixify'.
Current HEAD is at the same commit as 'feature/CRQ-016-nixify'.

Entering 'submodules/faster-hex'
----------------------------------------------------
Processing submodule:  (current directory: /mnt/data1/nix/vendor/rust/cargo2nix/submodules/faster-hex)
Reflog for :
9707401 HEAD@{3 days ago}: checkout: moving from 970740134cc587474250391d20a6579c8855d946 to feature/CRQ-016-nixify
9707401 HEAD@{3 days ago}: checkout: moving from master to 970740134cc587474250391d20a6579c8855d946
9707401 HEAD@{7 days ago}: clone: from https://github.com/NervosFoundation/faster-hex

Branch 'feature/CRQ-016-nixify' exists in .
Current branch is 'feature/CRQ-016-nixify'.
Current HEAD is at the same commit as 'feature/CRQ-016-nixify'.

Entering 'submodules/fastrand'
----------------------------------------------------
Processing submodule:  (current directory: /mnt/data1/nix/vendor/rust/cargo2nix/submodules/fastrand)
Reflog for :
22ee511 HEAD@{3 days ago}: checkout: moving from 978dde1cadeccee818dd86f4ae0439d320a30bb2 to feature/CRQ-016-nixify
978dde1 HEAD@{3 days ago}: checkout: moving from master to 978dde1cadeccee818dd86f4ae0439d320a30bb2
978dde1 HEAD@{7 days ago}: clone: from https://github.com/meta-introspector/fastrand

Branch 'feature/CRQ-016-nixify' exists in .
Current branch is 'feature/CRQ-016-nixify'.
Current HEAD is at the same commit as 'feature/CRQ-016-nixify'.

Entering 'submodules/ff'
----------------------------------------------------
Processing submodule:  (current directory: /mnt/data1/nix/vendor/rust/cargo2nix/submodules/ff)
Reflog for :
35268c0 HEAD@{3 days ago}: checkout: moving from 41fb01b8990909b8b1b44d4601556694c473bc16 to feature/CRQ-016-nixify
41fb01b HEAD@{3 days ago}: checkout: moving from main to 41fb01b8990909b8b1b44d4601556694c473bc16
41fb01b HEAD@{7 days ago}: clone: from https://github.com/meta-introspector/ff

Branch 'feature/CRQ-016-nixify' exists in .
Current branch is 'feature/CRQ-016-nixify'.
Current HEAD is at the same commit as 'feature/CRQ-016-nixify'.

Entering 'submodules/fiat-crypto'
----------------------------------------------------
Processing submodule:  (current directory: /mnt/data1/nix/vendor/rust/cargo2nix/submodules/fiat-crypto)
Reflog for :
13b8b633d HEAD@{3 days ago}: commit: git: Update rupicola submodule reference
8b225ef44 HEAD@{3 days ago}: commit: wip: submodule updates
51eec1e78 HEAD@{3 days ago}: checkout: moving from 8e6c05d5743580928d935f21b2876ade7515a1a0 to feature/CRQ-016-nixify
8e6c05d57 HEAD@{3 days ago}: checkout: moving from master to 8e6c05d5743580928d935f21b2876ade7515a1a0
8e6c05d57 HEAD@{7 days ago}: clone: from https://github.com/meta-introspector/fiat-crypto.git

Branch 'feature/CRQ-016-nixify' exists in .
Current branch is 'feature/CRQ-016-nixify'.
Current HEAD is at the same commit as 'feature/CRQ-016-nixify'.

Entering 'submodules/fiat-crypto/coqprime'
----------------------------------------------------
Processing submodule:  (current directory: /mnt/data1/nix/vendor/rust/cargo2nix/submodules/fiat-crypto/coqprime)
Reflog for :
589b976 HEAD@{3 days ago}: checkout: moving from 589b9761e4efcb37277d5548ece6174255c9ac83 to feature/CRQ-016-nixify
589b976 HEAD@{3 days ago}: checkout: moving from master to 589b9761e4efcb37277d5548ece6174255c9ac83
589b976 HEAD@{3 days ago}: clone: from https://github.com/thery/coqprime

Branch 'feature/CRQ-016-nixify' exists in .
Current branch is 'feature/CRQ-016-nixify'.
Current HEAD is at the same commit as 'feature/CRQ-016-nixify'.

Entering 'submodules/fiat-crypto/etc/coq-scripts'
----------------------------------------------------
Processing submodule:  (current directory: /mnt/data1/nix/vendor/rust/cargo2nix/submodules/fiat-crypto/etc/coq-scripts)
Reflog for :
fdfd924 HEAD@{3 days ago}: checkout: moving from fdfd924606b9b76d427f5fbc802b61052ddd8260 to feature/CRQ-016-nixify
fdfd924 HEAD@{3 days ago}: checkout: moving from master to fdfd924606b9b76d427f5fbc802b61052ddd8260
fdfd924 HEAD@{3 days ago}: clone: from https://github.com/JasonGross/coq-scripts.git

Branch 'feature/CRQ-016-nixify' exists in .
Current branch is 'feature/CRQ-016-nixify'.
Current HEAD is at the same commit as 'feature/CRQ-016-nixify'.

Entering 'submodules/fiat-crypto/rewriter'
----------------------------------------------------
Processing submodule:  (current directory: /mnt/data1/nix/vendor/rust/cargo2nix/submodules/fiat-crypto/rewriter)
Reflog for :
cc0cc86a2 HEAD@{3 days ago}: checkout: moving from cc0cc86a228debd2a7e777a4c9422d3858c2da58 to feature/CRQ-016-nixify
cc0cc86a2 HEAD@{3 days ago}: checkout: moving from master to cc0cc86a228debd2a7e777a4c9422d3858c2da58
cc0cc86a2 HEAD@{3 days ago}: clone: from https://github.com/mit-plv/rewriter.git

Branch 'feature/CRQ-016-nixify' exists in .
Current branch is 'feature/CRQ-016-nixify'.
Current HEAD is at the same commit as 'feature/CRQ-016-nixify'.

Entering 'submodules/fiat-crypto/rewriter/etc/coq-scripts'
----------------------------------------------------
Processing submodule:  (current directory: /mnt/data1/nix/vendor/rust/cargo2nix/submodules/fiat-crypto/rewriter/etc/coq-scripts)
Reflog for :
fdfd924 HEAD@{3 days ago}: checkout: moving from fdfd924606b9b76d427f5fbc802b61052ddd8260 to feature/CRQ-016-nixify
fdfd924 HEAD@{3 days ago}: checkout: moving from master to fdfd924606b9b76d427f5fbc802b61052ddd8260
fdfd924 HEAD@{3 days ago}: clone: from https://github.com/JasonGross/coq-scripts.git

Branch 'feature/CRQ-016-nixify' exists in .
Current branch is 'feature/CRQ-016-nixify'.
Current HEAD is at the same commit as 'feature/CRQ-016-nixify'.

Entering 'submodules/fiat-crypto/rupicola'
----------------------------------------------------
Processing submodule:  (current directory: /mnt/data1/nix/vendor/rust/cargo2nix/submodules/fiat-crypto/rupicola)
Reflog for :
e935786 HEAD@{3 days ago}: commit: git: Update bedrock2 submodule reference
8ea3219 HEAD@{3 days ago}: checkout: moving from 8ea321980fb230756db63b50994ffa800a2c167c to feature/CRQ-016-nixify
8ea3219 HEAD@{3 days ago}: checkout: moving from master to 8ea321980fb230756db63b50994ffa800a2c167c
8ea3219 HEAD@{3 days ago}: clone: from https://github.com/mit-plv/rupicola.git

Branch 'feature/CRQ-016-nixify' exists in .
Current branch is 'feature/CRQ-016-nixify'.
Current HEAD is at the same commit as 'feature/CRQ-016-nixify'.

Entering 'submodules/fiat-crypto/rupicola/bedrock2'
----------------------------------------------------
Processing submodule:  (current directory: /mnt/data1/nix/vendor/rust/cargo2nix/submodules/fiat-crypto/rupicola/bedrock2)
Reflog for :
d9fa12ca HEAD@{3 days ago}: commit: git: Update coqutil submodule reference
84cff992 HEAD@{3 days ago}: checkout: moving from 84cff9924b270f7c9d95f7b42977495843e3a317 to feature/CRQ-016-nixify
84cff992 HEAD@{3 days ago}: checkout: moving from master to 84cff9924b270f7c9d95f7b42977495843e3a317
84cff992 HEAD@{3 days ago}: clone: from https://github.com/mit-plv/bedrock2.git

Branch 'feature/CRQ-016-nixify' exists in .
Current branch is 'feature/CRQ-016-nixify'.
Current HEAD is at the same commit as 'feature/CRQ-016-nixify'.

Entering 'submodules/fiat-crypto/rupicola/bedrock2/deps/coqutil'
----------------------------------------------------
Processing submodule:  (current directory: /mnt/data1/nix/vendor/rust/cargo2nix/submodules/fiat-crypto/rupicola/bedrock2/deps/coqutil)
Reflog for :
d49e020c HEAD@{3 days ago}: commit: git: Update coq-scripts submodule reference
f595ddf0 HEAD@{3 days ago}: checkout: moving from f595ddf0de48aae23862dc146928825db960c955 to feature/CRQ-016-nixify
f595ddf0 HEAD@{3 days ago}: checkout: moving from master to f595ddf0de48aae23862dc146928825db960c955
f595ddf0 HEAD@{3 days ago}: clone: from https://github.com/mit-plv/coqutil.git

Branch 'feature/CRQ-016-nixify' exists in .
Current branch is 'feature/CRQ-016-nixify'.
Current HEAD is at the same commit as 'feature/CRQ-016-nixify'.

Entering 'submodules/fiat-crypto/rupicola/bedrock2/deps/coqutil/etc/coq-scripts'
----------------------------------------------------
Processing submodule:  (current directory: /mnt/data1/nix/vendor/rust/cargo2nix/submodules/fiat-crypto/rupicola/bedrock2/deps/coqutil/etc/coq-scripts)
Reflog for :
fdfd924 HEAD@{3 days ago}: checkout: moving from fdfd924606b9b76d427f5fbc802b61052ddd8260 to feature/CRQ-016-nixify
fdfd924 HEAD@{3 days ago}: checkout: moving from master to fdfd924606b9b76d427f5fbc802b61052ddd8260
fdfd924 HEAD@{3 days ago}: clone: from https://github.com/JasonGross/coq-scripts.git

Branch 'feature/CRQ-016-nixify' exists in .
Current branch is 'feature/CRQ-016-nixify'.
Current HEAD is at the same commit as 'feature/CRQ-016-nixify'.

Entering 'submodules/fiat-crypto/rupicola/bedrock2/deps/kami'
----------------------------------------------------
Processing submodule:  (current directory: /mnt/data1/nix/vendor/rust/cargo2nix/submodules/fiat-crypto/rupicola/bedrock2/deps/kami)
Reflog for :
db5a214 HEAD@{3 days ago}: checkout: moving from rv32i to db5a214e3e016421af9346a0967160e38b389879
db5a214 HEAD@{3 days ago}: clone: from https://github.com/mit-plv/kami.git

Branch 'feature/CRQ-016-nixify' not found in .

Entering 'submodules/fiat-crypto/rupicola/bedrock2/deps/riscv-coq'
----------------------------------------------------
Processing submodule:  (current directory: /mnt/data1/nix/vendor/rust/cargo2nix/submodules/fiat-crypto/rupicola/bedrock2/deps/riscv-coq)
Reflog for :
d7c69b0 HEAD@{3 days ago}: checkout: moving from d7c69b0f9092c5127dfffb72984232e7f57f5135 to feature/CRQ-016-nixify
d7c69b0 HEAD@{3 days ago}: checkout: moving from master to d7c69b0f9092c5127dfffb72984232e7f57f5135
d7c69b0 HEAD@{3 days ago}: clone: from https://github.com/mit-plv/riscv-coq.git

Branch 'feature/CRQ-016-nixify' exists in .
Current branch is 'feature/CRQ-016-nixify'.
Current HEAD is at the same commit as 'feature/CRQ-016-nixify'.

Entering 'submodules/filetime'
----------------------------------------------------
Processing submodule:  (current directory: /mnt/data1/nix/vendor/rust/cargo2nix/submodules/filetime)
Reflog for :
8b6b32e HEAD@{3 days ago}: checkout: moving from 28e0c73edf24584fcd6c75388aa359715c62a1a7 to feature/CRQ-016-nixify
28e0c73 HEAD@{3 days ago}: checkout: moving from main to 28e0c73edf24584fcd6c75388aa359715c62a1a7
28e0c73 HEAD@{7 days ago}: clone: from https://github.com/meta-introspector/filetime.git

Branch 'feature/CRQ-016-nixify' exists in .
Current branch is 'feature/CRQ-016-nixify'.
Current HEAD is at the same commit as 'feature/CRQ-016-nixify'.

Entering 'submodules/findshlibs'
----------------------------------------------------
Processing submodule:  (current directory: /mnt/data1/nix/vendor/rust/cargo2nix/submodules/findshlibs)
Reflog for :
7a6fc68 HEAD@{3 days ago}: checkout: moving from 42f48335e897240a7138886ba0021cfe7e0c3f0a to feature/CRQ-016-nixify
42f4833 HEAD@{3 days ago}: checkout: moving from master to 42f48335e897240a7138886ba0021cfe7e0c3f0a
42f4833 HEAD@{7 days ago}: clone: from https://github.com/meta-introspector/findshlibs

Branch 'feature/CRQ-016-nixify' exists in .
Current branch is 'feature/CRQ-016-nixify'.
Current HEAD is at the same commit as 'feature/CRQ-016-nixify'.

Entering 'submodules/fixedbitset'
----------------------------------------------------
Processing submodule:  (current directory: /mnt/data1/nix/vendor/rust/cargo2nix/submodules/fixedbitset)
Reflog for :
ba64b67 HEAD@{3 days ago}: checkout: moving from 5748fbda2dc3cc3aa30452fec19d6ca94cebb5b7 to feature/CRQ-016-nixify
5748fbd HEAD@{3 days ago}: checkout: moving from master to 5748fbda2dc3cc3aa30452fec19d6ca94cebb5b7
5748fbd HEAD@{7 days ago}: clone: from https://github.com/meta-introspector/fixedbitset

Branch 'feature/CRQ-016-nixify' exists in .
Current branch is 'feature/CRQ-016-nixify'.
Current HEAD is at the same commit as 'feature/CRQ-016-nixify'.

Entering 'submodules/flate2-rs'
----------------------------------------------------
Processing submodule:  (current directory: /mnt/data1/nix/vendor/rust/cargo2nix/submodules/flate2-rs)
Reflog for :
123c69a HEAD@{3 days ago}: checkout: moving from 8ad8fd76828fb30532845a7353e101f95bf07221 to feature/CRQ-016-nixify
8ad8fd7 HEAD@{3 days ago}: checkout: moving from main to 8ad8fd76828fb30532845a7353e101f95bf07221
8ad8fd7 HEAD@{7 days ago}: clone: from https://github.com/meta-introspector/flate2-rs

Branch 'feature/CRQ-016-nixify' exists in .
Current branch is 'feature/CRQ-016-nixify'.
Current HEAD is at the same commit as 'feature/CRQ-016-nixify'.

Entering 'submodules/float-cmp'
----------------------------------------------------
Processing submodule:  (current directory: /mnt/data1/nix/vendor/rust/cargo2nix/submodules/float-cmp)
Reflog for :
baa1cde HEAD@{3 days ago}: checkout: moving from 2d71181e40fb4ede0049a951a257c54a1dc9ae18 to feature/CRQ-016-nixify
2d71181 HEAD@{3 days ago}: checkout: moving from master to 2d71181e40fb4ede0049a951a257c54a1dc9ae18
2d71181 HEAD@{7 days ago}: clone: from https://github.com/meta-introspector/float-cmp.git

Branch 'feature/CRQ-016-nixify' exists in .
Current branch is 'feature/CRQ-016-nixify'.
Current HEAD is at the same commit as 'feature/CRQ-016-nixify'.

Entering 'submodules/foldhash'
----------------------------------------------------
Processing submodule:  (current directory: /mnt/data1/nix/vendor/rust/cargo2nix/submodules/foldhash)
Reflog for :
fa5dc21 HEAD@{3 days ago}: checkout: moving from 8f878c636fda9c9e93384824ea45e06d03f009f5 to feature/CRQ-016-nixify
8f878c6 HEAD@{3 days ago}: checkout: moving from master to 8f878c636fda9c9e93384824ea45e06d03f009f5
8f878c6 HEAD@{7 days ago}: clone: from https://github.com/meta-introspector/foldhash

Branch 'feature/CRQ-016-nixify' exists in .
Current branch is 'feature/CRQ-016-nixify'.
Current HEAD is at the same commit as 'feature/CRQ-016-nixify'.

Entering 'submodules/foreign-types'
----------------------------------------------------
Processing submodule:  (current directory: /mnt/data1/nix/vendor/rust/cargo2nix/submodules/foreign-types)
Reflog for :
c691886 HEAD@{3 days ago}: checkout: moving from 393f6ab5a5dc66b8a8e2d6d880b1ff80b6a7edc2 to feature/CRQ-016-nixify
393f6ab HEAD@{3 days ago}: checkout: moving from master to 393f6ab5a5dc66b8a8e2d6d880b1ff80b6a7edc2
393f6ab HEAD@{7 days ago}: clone: from https://github.com/meta-introspector/foreign-types

Branch 'feature/CRQ-016-nixify' exists in .
Current branch is 'feature/CRQ-016-nixify'.
Current HEAD is at the same commit as 'feature/CRQ-016-nixify'.

Entering 'submodules/formats'
----------------------------------------------------
Processing submodule:  (current directory: /mnt/data1/nix/vendor/rust/cargo2nix/submodules/formats)
Reflog for :
3abdbe5f HEAD@{3 days ago}: checkout: moving from 4f008454941de86e8d6bb16d1474ea8a1e22bd44 to feature/CRQ-016-nixify
4f008454 HEAD@{3 days ago}: checkout: moving from master to 4f008454941de86e8d6bb16d1474ea8a1e22bd44
4f008454 HEAD@{7 days ago}: clone: from https://github.com/meta-introspector/formats

Branch 'feature/CRQ-016-nixify' exists in .
Current branch is 'feature/CRQ-016-nixify'.
Current HEAD is at the same commit as 'feature/CRQ-016-nixify'.

Entering 'submodules/fs-err'
----------------------------------------------------
Processing submodule:  (current directory: /mnt/data1/nix/vendor/rust/cargo2nix/submodules/fs-err)
Reflog for :
2bbd6af HEAD@{3 days ago}: checkout: moving from 3758b0c2684d7d3939ab520e085e0097ad0c1ed5 to feature/CRQ-016-nixify
3758b0c HEAD@{3 days ago}: checkout: moving from main to 3758b0c2684d7d3939ab520e085e0097ad0c1ed5
3758b0c HEAD@{7 days ago}: clone: from https://github.com/meta-introspector/fs-err.git

Branch 'feature/CRQ-016-nixify' exists in .
Current branch is 'feature/CRQ-016-nixify'.
Current HEAD is at the same commit as 'feature/CRQ-016-nixify'.

Entering 'submodules/fs_extra'
----------------------------------------------------
Processing submodule:  (current directory: /mnt/data1/nix/vendor/rust/cargo2nix/submodules/fs_extra)
Reflog for :
b3196cf HEAD@{3 days ago}: checkout: moving from 1754296075e7cc4a25feaa876a3f4b9daccc0b98 to feature/CRQ-016-nixify
1754296 HEAD@{3 days ago}: checkout: moving from master to 1754296075e7cc4a25feaa876a3f4b9daccc0b98
1754296 HEAD@{7 days ago}: clone: from https://github.com/meta-introspector/fs_extra

Branch 'feature/CRQ-016-nixify' exists in .
Current branch is 'feature/CRQ-016-nixify'.
Current HEAD is at the same commit as 'feature/CRQ-016-nixify'.

Entering 'submodules/fsevent-rust'
----------------------------------------------------
Processing submodule:  (current directory: /mnt/data1/nix/vendor/rust/cargo2nix/submodules/fsevent-rust)
Reflog for :
8a5d168 HEAD@{3 days ago}: checkout: moving from 8a5d1684e0c423efdc2ebf7ec50b4c56143a3441 to feature/CRQ-016-nixify
8a5d168 HEAD@{3 days ago}: checkout: moving from main to 8a5d1684e0c423efdc2ebf7ec50b4c56143a3441
8a5d168 HEAD@{7 days ago}: clone: from https://github.com/octplane/fsevent-rust

Branch 'feature/CRQ-016-nixify' exists in .
Current branch is 'feature/CRQ-016-nixify'.
Current HEAD is at the same commit as 'feature/CRQ-016-nixify'.

Entering 'submodules/futures-concurrency'
----------------------------------------------------
Processing submodule:  (current directory: /mnt/data1/nix/vendor/rust/cargo2nix/submodules/futures-concurrency)
Reflog for :
d935e79 HEAD@{3 days ago}: checkout: moving from 808a174f343da7de6724df47d55e63752846bd62 to feature/CRQ-016-nixify
808a174 HEAD@{3 days ago}: checkout: moving from main to 808a174f343da7de6724df47d55e63752846bd62
808a174 HEAD@{7 days ago}: clone: from https://github.com/meta-introspector/futures-concurrency

Branch 'feature/CRQ-016-nixify' exists in .
Current branch is 'feature/CRQ-016-nixify'.
Current HEAD is at the same commit as 'feature/CRQ-016-nixify'.

Entering 'submodules/futures-lite'
----------------------------------------------------
Processing submodule:  (current directory: /mnt/data1/nix/vendor/rust/cargo2nix/submodules/futures-lite)
Reflog for :
2781a2b HEAD@{3 days ago}: checkout: moving from 853c0beddf3f3af233a5e348b441d772111fc348 to feature/CRQ-016-nixify
853c0be HEAD@{3 days ago}: checkout: moving from master to 853c0beddf3f3af233a5e348b441d772111fc348
853c0be HEAD@{7 days ago}: clone: from https://github.com/meta-introspector/futures-lite

Branch 'feature/CRQ-016-nixify' exists in .
Current branch is 'feature/CRQ-016-nixify'.
Current HEAD is at the same commit as 'feature/CRQ-016-nixify'.

Entering 'submodules/futures-rs'
----------------------------------------------------
Processing submodule:  (current directory: /mnt/data1/nix/vendor/rust/cargo2nix/submodules/futures-rs)
Reflog for :
4242cdd5 HEAD@{3 days ago}: checkout: moving from de9274e655b2fff8c9630a259a473b71a6b79dda to feature/CRQ-016-nixify
de9274e6 HEAD@{3 days ago}: checkout: moving from master to de9274e655b2fff8c9630a259a473b71a6b79dda
de9274e6 HEAD@{7 days ago}: clone: from https://github.com/meta-introspector/futures-rs

Branch 'feature/CRQ-016-nixify' exists in .
Current branch is 'feature/CRQ-016-nixify'.
Current HEAD is at the same commit as 'feature/CRQ-016-nixify'.

Entering 'submodules/futures-timer'
----------------------------------------------------
Processing submodule:  (current directory: /mnt/data1/nix/vendor/rust/cargo2nix/submodules/futures-timer)
Reflog for :
7aa0121 HEAD@{3 days ago}: checkout: moving from 07dbe53da1b5ddb703cdfc74ad59e15cb4134ce0 to feature/CRQ-016-nixify
07dbe53 HEAD@{3 days ago}: checkout: moving from master to 07dbe53da1b5ddb703cdfc74ad59e15cb4134ce0
07dbe53 HEAD@{7 days ago}: clone: from https://github.com/meta-introspector/futures-timer.git

Branch 'feature/CRQ-016-nixify' exists in .
Current branch is 'feature/CRQ-016-nixify'.
Current HEAD is at the same commit as 'feature/CRQ-016-nixify'.

Entering 'submodules/fxhash'
----------------------------------------------------
Processing submodule:  (current directory: /mnt/data1/nix/vendor/rust/cargo2nix/submodules/fxhash)
Reflog for :
07bc8d0 HEAD@{3 days ago}: checkout: moving from a03cbf42dde010250adef75908f109be197d982b to feature/CRQ-016-nixify
a03cbf4 HEAD@{3 days ago}: checkout: moving from master to a03cbf42dde010250adef75908f109be197d982b
a03cbf4 HEAD@{7 days ago}: clone: from https://github.com/meta-introspector/fxhash

Branch 'feature/CRQ-016-nixify' exists in .
Current branch is 'feature/CRQ-016-nixify'.
Current HEAD is at the same commit as 'feature/CRQ-016-nixify'.

Entering 'submodules/generator-rs'
----------------------------------------------------
Processing submodule:  (current directory: /mnt/data1/nix/vendor/rust/cargo2nix/submodules/generator-rs)
Reflog for :
429d50c HEAD@{3 days ago}: checkout: moving from 525213186f957c502e8a3e6e95763590b56a9833 to feature/CRQ-016-nixify
5252131 HEAD@{3 days ago}: checkout: moving from master to 525213186f957c502e8a3e6e95763590b56a9833
5252131 HEAD@{7 days ago}: clone: from https://github.com/meta-introspector/generator-rs

Branch 'feature/CRQ-016-nixify' exists in .
Current branch is 'feature/CRQ-016-nixify'.
Current HEAD is at the same commit as 'feature/CRQ-016-nixify'.

Entering 'submodules/generic-array'
----------------------------------------------------
Processing submodule:  (current directory: /mnt/data1/nix/vendor/rust/cargo2nix/submodules/generic-array)
Reflog for :
b8f5286f4 HEAD@{3 days ago}: checkout: moving from e83e1e8c579847ec772cc0c737cb3160c9a981cf to feature/CRQ-016-nixify
e83e1e8c5 HEAD@{3 days ago}: checkout: moving from master to e83e1e8c579847ec772cc0c737cb3160c9a981cf
e83e1e8c5 HEAD@{7 days ago}: clone: from https://github.com/meta-introspector/generic-array.git

Branch 'feature/CRQ-016-nixify' exists in .
Current branch is 'feature/CRQ-016-nixify'.
Current HEAD is at the same commit as 'feature/CRQ-016-nixify'.

Entering 'submodules/getrandom'
----------------------------------------------------
Processing submodule:  (current directory: /mnt/data1/nix/vendor/rust/cargo2nix/submodules/getrandom)
Reflog for :
05b029e HEAD@{3 days ago}: checkout: moving from 76b12743aafc24ffb16056747689cbb2a1f8d4a6 to feature/CRQ-016-nixify
76b1274 HEAD@{3 days ago}: checkout: moving from master to 76b12743aafc24ffb16056747689cbb2a1f8d4a6
76b1274 HEAD@{7 days ago}: clone: from https://github.com/meta-introspector/getrandom

Branch 'feature/CRQ-016-nixify' exists in .
Current branch is 'feature/CRQ-016-nixify'.
Current HEAD is at the same commit as 'feature/CRQ-016-nixify'.

Entering 'submodules/gg-alloc'
----------------------------------------------------
Processing submodule:  (current directory: /mnt/data1/nix/vendor/rust/cargo2nix/submodules/gg-alloc)
Reflog for :
da8efc8 HEAD@{3 days ago}: checkout: moving from da8efc8c5388edf02b156bb0e165c52884b84e9c to feature/CRQ-016-nixify
da8efc8 HEAD@{3 days ago}: checkout: moving from master to da8efc8c5388edf02b156bb0e165c52884b84e9c
da8efc8 HEAD@{7 days ago}: clone: from https://github.com/Badel2/gg-alloc

Branch 'feature/CRQ-016-nixify' exists in .
Current branch is 'feature/CRQ-016-nixify'.
Current HEAD is at the same commit as 'feature/CRQ-016-nixify'.

Entering 'submodules/gimli'
----------------------------------------------------
Processing submodule:  (current directory: /mnt/data1/nix/vendor/rust/cargo2nix/submodules/gimli)
Reflog for :
8123ba0 HEAD@{3 days ago}: checkout: moving from 8679a04fd6c9dc01e3301e4f522cf1d24551d8d3 to feature/CRQ-016-nixify
8679a04 HEAD@{3 days ago}: checkout: moving from master to 8679a04fd6c9dc01e3301e4f522cf1d24551d8d3
8679a04 HEAD@{7 days ago}: clone: from https://github.com/meta-introspector/gimli.git

Branch 'feature/CRQ-016-nixify' exists in .
Current branch is 'feature/CRQ-016-nixify'.
Current HEAD is at the same commit as 'feature/CRQ-016-nixify'.

Entering 'submodules/git2-rs'
----------------------------------------------------
Processing submodule:  (current directory: /mnt/data1/nix/vendor/rust/cargo2nix/submodules/git2-rs)
Reflog for :
448616d HEAD@{3 days ago}: commit: wip: submodule updates
4c8c861 HEAD@{3 days ago}: checkout: moving from aa0f63d6760d84cf6449ce2802394285bf3883b9 to feature/CRQ-016-nixify
aa0f63d HEAD@{3 days ago}: checkout: moving from master to aa0f63d6760d84cf6449ce2802394285bf3883b9
aa0f63d HEAD@{7 days ago}: clone: from https://github.com/meta-introspector/git2-rs

Branch 'feature/CRQ-016-nixify' exists in .
Current branch is 'feature/CRQ-016-nixify'.
Current HEAD is at the same commit as 'feature/CRQ-016-nixify'.

Entering 'submodules/git2-rs/libgit2-sys/libgit2'
----------------------------------------------------
Processing submodule:  (current directory: /mnt/data1/nix/vendor/rust/cargo2nix/submodules/git2-rs/libgit2-sys/libgit2)
Reflog for :
58d9363f0 HEAD@{3 days ago}: checkout: moving from 58d9363f02f1fa39e46d49b604f27008e75b72f2 to feature/CRQ-016-nixify
58d9363f0 HEAD@{3 days ago}: checkout: moving from main to 58d9363f02f1fa39e46d49b604f27008e75b72f2
58d9363f0 HEAD@{3 days ago}: clone: from https://github.com/libgit2/libgit2

Branch 'feature/CRQ-016-nixify' exists in .
Current branch is 'feature/CRQ-016-nixify'.
Current HEAD is at the same commit as 'feature/CRQ-016-nixify'.

Entering 'submodules/gitoxide'
----------------------------------------------------
Processing submodule:  (current directory: /mnt/data1/nix/vendor/rust/cargo2nix/submodules/gitoxide)
Reflog for :
f471ac5fe HEAD@{82 minutes ago}: checkout: moving from feature/CRQ-016-nixify to main
8ab94f22e HEAD@{3 days ago}: checkout: moving from df393f37bb03955eff3ad52c27440393737fb334 to feature/CRQ-016-nixify
df393f37b HEAD@{3 days ago}: checkout: moving from CRQ-016-nixify to df393f37bb03955eff3ad52c27440393737fb334
8ab94f22e HEAD@{5 days ago}: checkout: moving from main to CRQ-016-nixify
8ab94f22e HEAD@{7 days ago}: clone: from https://github.com/GitoxideLabs/gitoxide

Branch 'feature/CRQ-016-nixify' exists in .
Current branch is 'main', NOT 'feature/CRQ-016-nixify'.
Current HEAD (f471ac5fece0baf3766d80482400f6b37db8edd0) has moved away from 'feature/CRQ-016-nixify' (8ab94f22e33489e5bdb4652c3c2e5f0c3880353b).
Current HEAD is a descendant of 'feature/CRQ-016-nixify'.

Entering 'submodules/glob'
----------------------------------------------------
Processing submodule:  (current directory: /mnt/data1/nix/vendor/rust/cargo2nix/submodules/glob)
Reflog for :
3691fba HEAD@{3 days ago}: checkout: moving from 0639988caf1c644b78629cd0f7d65f4d0a4920c9 to feature/CRQ-016-nixify
0639988 HEAD@{3 days ago}: checkout: moving from master to 0639988caf1c644b78629cd0f7d65f4d0a4920c9
0639988 HEAD@{7 days ago}: clone: from https://github.com/meta-introspector/glob

Branch 'feature/CRQ-016-nixify' exists in .
Current branch is 'feature/CRQ-016-nixify'.
Current HEAD is at the same commit as 'feature/CRQ-016-nixify'.

Entering 'submodules/globwalk'
----------------------------------------------------
Processing submodule:  (current directory: /mnt/data1/nix/vendor/rust/cargo2nix/submodules/globwalk)
Reflog for :
17a6a2e HEAD@{3 days ago}: checkout: moving from 8973fa2bc560be54c91448131238fa50d56ee121 to feature/CRQ-016-nixify
8973fa2 HEAD@{3 days ago}: checkout: moving from master to 8973fa2bc560be54c91448131238fa50d56ee121
8973fa2 HEAD@{7 days ago}: clone: from https://github.com/meta-introspector/globwalk.git

Branch 'feature/CRQ-016-nixify' exists in .
Current branch is 'feature/CRQ-016-nixify'.
Current HEAD is at the same commit as 'feature/CRQ-016-nixify'.

Entering 'submodules/gloo'
----------------------------------------------------
Processing submodule:  (current directory: /mnt/data1/nix/vendor/rust/cargo2nix/submodules/gloo)
Reflog for :
047a26f HEAD@{3 days ago}: checkout: moving from 047a26fc4f5f7a28343959c345a85433af47ed74 to feature/CRQ-016-nixify
047a26f HEAD@{3 days ago}: checkout: moving from master to 047a26fc4f5f7a28343959c345a85433af47ed74
047a26f HEAD@{7 days ago}: clone: from https://github.com/rustwasm/gloo

Branch 'feature/CRQ-016-nixify' exists in .
Current branch is 'feature/CRQ-016-nixify'.
Current HEAD is at the same commit as 'feature/CRQ-016-nixify'.

Entering 'submodules/googletest-rust'
----------------------------------------------------
Processing submodule:  (current directory: /mnt/data1/nix/vendor/rust/cargo2nix/submodules/googletest-rust)
Reflog for :
948cd70 HEAD@{3 days ago}: checkout: moving from e87908321d0651a22c6d4366ca35904a6b32ce0e to feature/CRQ-016-nixify
e879083 HEAD@{3 days ago}: checkout: moving from main to e87908321d0651a22c6d4366ca35904a6b32ce0e
e879083 HEAD@{7 days ago}: clone: from https://github.com/meta-introspector/googletest-rust

Branch 'feature/CRQ-016-nixify' exists in .
Current branch is 'feature/CRQ-016-nixify'.
Current HEAD is at the same commit as 'feature/CRQ-016-nixify'.

Entering 'submodules/group'
----------------------------------------------------
Processing submodule:  (current directory: /mnt/data1/nix/vendor/rust/cargo2nix/submodules/group)
Reflog for :
ae89e24 HEAD@{3 days ago}: checkout: moving from 1d32e5f9df4e94b9b967013fa1e598f639d6c4ca to feature/CRQ-016-nixify
1d32e5f HEAD@{3 days ago}: checkout: moving from main to 1d32e5f9df4e94b9b967013fa1e598f639d6c4ca
1d32e5f HEAD@{7 days ago}: clone: from https://github.com/meta-introspector/group

Branch 'feature/CRQ-016-nixify' exists in .
Current branch is 'feature/CRQ-016-nixify'.
Current HEAD is at the same commit as 'feature/CRQ-016-nixify'.

Entering 'submodules/h2'
----------------------------------------------------
Processing submodule:  (current directory: /mnt/data1/nix/vendor/rust/cargo2nix/submodules/h2)
Reflog for :
50c212e HEAD@{3 days ago}: checkout: moving from b9d5397bd751633f676b3164ebe03cb3c4534a75 to feature/CRQ-016-nixify
b9d5397 HEAD@{3 days ago}: checkout: moving from master to b9d5397bd751633f676b3164ebe03cb3c4534a75
b9d5397 HEAD@{7 days ago}: clone: from https://github.com/meta-introspector/h2.git

Branch 'feature/CRQ-016-nixify' exists in .
Current branch is 'feature/CRQ-016-nixify'.
Current HEAD is at the same commit as 'feature/CRQ-016-nixify'.

Entering 'submodules/half-rs'
----------------------------------------------------
Processing submodule:  (current directory: /mnt/data1/nix/vendor/rust/cargo2nix/submodules/half-rs)
Reflog for :
d8d9a8b HEAD@{3 days ago}: checkout: moving from 8cc891f3e4aad956eca7fa79b1f42f87ecd141ae to feature/CRQ-016-nixify
8cc891f HEAD@{3 days ago}: checkout: moving from main to 8cc891f3e4aad956eca7fa79b1f42f87ecd141ae
8cc891f HEAD@{7 days ago}: clone: from https://github.com/meta-introspector/half-rs

Branch 'feature/CRQ-016-nixify' exists in .
Current branch is 'feature/CRQ-016-nixify'.
Current HEAD is at the same commit as 'feature/CRQ-016-nixify'.

Entering 'submodules/handlebars-rust'
----------------------------------------------------
Processing submodule:  (current directory: /mnt/data1/nix/vendor/rust/cargo2nix/submodules/handlebars-rust)
Reflog for :
63662b6 HEAD@{3 days ago}: checkout: moving from 36ebe048567a895feabd3f75829bd6832efc6a4e to feature/CRQ-016-nixify
36ebe04 HEAD@{3 days ago}: checkout: moving from master to 36ebe048567a895feabd3f75829bd6832efc6a4e
36ebe04 HEAD@{7 days ago}: clone: from https://github.com/meta-introspector/handlebars-rust

Branch 'feature/CRQ-016-nixify' exists in .
Current branch is 'feature/CRQ-016-nixify'.
Current HEAD is at the same commit as 'feature/CRQ-016-nixify'.

Entering 'submodules/hash32'
----------------------------------------------------
Processing submodule:  (current directory: /mnt/data1/nix/vendor/rust/cargo2nix/submodules/hash32)
Reflog for :
0c82356 HEAD@{3 days ago}: checkout: moving from 7272d503e90e7af099b6394e57a90c149f91486d to feature/CRQ-016-nixify
7272d50 HEAD@{3 days ago}: checkout: moving from main to 7272d503e90e7af099b6394e57a90c149f91486d
7272d50 HEAD@{7 days ago}: clone: from https://github.com/meta-introspector/hash32.git

Branch 'feature/CRQ-016-nixify' exists in .
Current branch is 'feature/CRQ-016-nixify'.
Current HEAD is at the same commit as 'feature/CRQ-016-nixify'.

Entering 'submodules/hashbrown'
----------------------------------------------------
Processing submodule:  (current directory: /mnt/data1/nix/vendor/rust/cargo2nix/submodules/hashbrown)
Reflog for :
af503ce1 HEAD@{3 days ago}: checkout: moving from 54c28caf0f366186658f5e22cbeb1b8271c8f86c to feature/CRQ-016-nixify
54c28caf HEAD@{3 days ago}: checkout: moving from master to 54c28caf0f366186658f5e22cbeb1b8271c8f86c
54c28caf HEAD@{7 days ago}: clone: from https://github.com/meta-introspector/hashbrown.git

Branch 'feature/CRQ-016-nixify' exists in .
Current branch is 'feature/CRQ-016-nixify'.
Current HEAD is at the same commit as 'feature/CRQ-016-nixify'.

Entering 'submodules/hashes'
----------------------------------------------------
Processing submodule:  (current directory: /mnt/data1/nix/vendor/rust/cargo2nix/submodules/hashes)
Reflog for :
ae1432c HEAD@{3 days ago}: checkout: moving from 6aa90e800eb3709e0bf21ef6ac1dd8c1c0bb5068 to feature/CRQ-016-nixify
6aa90e8 HEAD@{3 days ago}: checkout: moving from master to 6aa90e800eb3709e0bf21ef6ac1dd8c1c0bb5068
6aa90e8 HEAD@{7 days ago}: clone: from https://github.com/meta-introspector/hashes.git

Branch 'feature/CRQ-016-nixify' exists in .
Current branch is 'feature/CRQ-016-nixify'.
Current HEAD is at the same commit as 'feature/CRQ-016-nixify'.

Entering 'submodules/hashlink'
----------------------------------------------------
Processing submodule:  (current directory: /mnt/data1/nix/vendor/rust/cargo2nix/submodules/hashlink)
Reflog for :
ce8bf41 HEAD@{3 days ago}: checkout: moving from b5b2fe08490e7ed93e01d9e9e8f58a889edb5d94 to feature/CRQ-016-nixify
b5b2fe0 HEAD@{3 days ago}: checkout: moving from main to b5b2fe08490e7ed93e01d9e9e8f58a889edb5d94
b5b2fe0 HEAD@{7 days ago}: clone: from https://github.com/meta-introspector/hashlink.git

Branch 'feature/CRQ-016-nixify' exists in .
Current branch is 'feature/CRQ-016-nixify'.
Current HEAD is at the same commit as 'feature/CRQ-016-nixify'.

Entering 'submodules/headers'
----------------------------------------------------
Processing submodule:  (current directory: /mnt/data1/nix/vendor/rust/cargo2nix/submodules/headers)
Reflog for :
65a7aaf HEAD@{3 days ago}: checkout: moving from de0b1a1e97d20f3667a346c4d5b5973d92ab58f9 to feature/CRQ-016-nixify
de0b1a1 HEAD@{3 days ago}: checkout: moving from master to de0b1a1e97d20f3667a346c4d5b5973d92ab58f9
de0b1a1 HEAD@{7 days ago}: clone: from https://github.com/meta-introspector/headers.git

Branch 'feature/CRQ-016-nixify' exists in .
Current branch is 'feature/CRQ-016-nixify'.
Current HEAD is at the same commit as 'feature/CRQ-016-nixify'.

Entering 'submodules/heapless'
----------------------------------------------------
Processing submodule:  (current directory: /mnt/data1/nix/vendor/rust/cargo2nix/submodules/heapless)
Reflog for :
75192be0 HEAD@{3 days ago}: checkout: moving from e79f79c140553d2446e450a04f20749fe088b9d6 to feature/CRQ-016-nixify
e79f79c1 HEAD@{3 days ago}: checkout: moving from main to e79f79c140553d2446e450a04f20749fe088b9d6
75192be0 HEAD@{7 days ago}: clone: from https://github.com/rust-embedded/heapless

Branch 'feature/CRQ-016-nixify' exists in .
Current branch is 'feature/CRQ-016-nixify'.
Current HEAD is at the same commit as 'feature/CRQ-016-nixify'.

Entering 'submodules/heck'
----------------------------------------------------
Processing submodule:  (current directory: /mnt/data1/nix/vendor/rust/cargo2nix/submodules/heck)
Reflog for :
12a4d43 HEAD@{3 days ago}: checkout: moving from 252c1906cefefb8d13ecad7fce7b8f27ce6437e0 to feature/CRQ-016-nixify
252c190 HEAD@{3 days ago}: checkout: moving from master to 252c1906cefefb8d13ecad7fce7b8f27ce6437e0
252c190 HEAD@{7 days ago}: clone: from https://github.com/meta-introspector/heck

Branch 'feature/CRQ-016-nixify' exists in .
Current branch is 'feature/CRQ-016-nixify'.
Current HEAD is at the same commit as 'feature/CRQ-016-nixify'.

Entering 'submodules/hermit-rs'
----------------------------------------------------
Processing submodule:  (current directory: /mnt/data1/nix/vendor/rust/cargo2nix/submodules/hermit-rs)
Reflog for :
767eb08 HEAD@{3 days ago}: commit: wip: submodule updates
94ff9e8 HEAD@{3 days ago}: checkout: moving from 996086ee72178d0d463be20a5ce22a6daf81666f to feature/CRQ-016-nixify
996086e HEAD@{3 days ago}: checkout: moving from main to 996086ee72178d0d463be20a5ce22a6daf81666f
996086e HEAD@{7 days ago}: clone: from https://github.com/meta-introspector/hermit-rs.git

Branch 'feature/CRQ-016-nixify' exists in .
Current branch is 'feature/CRQ-016-nixify'.
Current HEAD is at the same commit as 'feature/CRQ-016-nixify'.

Entering 'submodules/hermit-rs/kernel'
----------------------------------------------------
Processing submodule:  (current directory: /mnt/data1/nix/vendor/rust/cargo2nix/submodules/hermit-rs/kernel)
Reflog for :
f250a72a HEAD@{3 days ago}: checkout: moving from f250a72a4b5c770b8ca40e64375db95dc965f05e to feature/CRQ-016-nixify
f250a72a HEAD@{3 days ago}: checkout: moving from main to f250a72a4b5c770b8ca40e64375db95dc965f05e
f250a72a HEAD@{3 days ago}: clone: from https://github.com/hermit-os/kernel.git

Branch 'feature/CRQ-016-nixify' exists in .
Current branch is 'feature/CRQ-016-nixify'.
Current HEAD is at the same commit as 'feature/CRQ-016-nixify'.

Entering 'submodules/html-escape'
----------------------------------------------------
Processing submodule:  (current directory: /mnt/data1/nix/vendor/rust/cargo2nix/submodules/html-escape)
Reflog for :
d1a0faf HEAD@{3 days ago}: checkout: moving from 6fa2f5979c1b7136fcf0cc62b74068cbefeb7637 to feature/CRQ-016-nixify
6fa2f59 HEAD@{3 days ago}: checkout: moving from master to 6fa2f5979c1b7136fcf0cc62b74068cbefeb7637
6fa2f59 HEAD@{7 days ago}: clone: from https://github.com/meta-introspector/html-escape.git

Branch 'feature/CRQ-016-nixify' exists in .
Current branch is 'feature/CRQ-016-nixify'.
Current HEAD is at the same commit as 'feature/CRQ-016-nixify'.

Entering 'submodules/http'
----------------------------------------------------
Processing submodule:  (current directory: /mnt/data1/nix/vendor/rust/cargo2nix/submodules/http)
Reflog for :
c303a30 HEAD@{3 days ago}: checkout: moving from 918bbc3c24535458cd2d5235f36f19b5ea229f0b to feature/CRQ-016-nixify
918bbc3 HEAD@{3 days ago}: checkout: moving from master to 918bbc3c24535458cd2d5235f36f19b5ea229f0b
918bbc3 HEAD@{7 days ago}: clone: from https://github.com/meta-introspector/http.git

Branch 'feature/CRQ-016-nixify' exists in .
Current branch is 'feature/CRQ-016-nixify'.
Current HEAD is at the same commit as 'feature/CRQ-016-nixify'.

Entering 'submodules/http-auth'
----------------------------------------------------
Processing submodule:  (current directory: /mnt/data1/nix/vendor/rust/cargo2nix/submodules/http-auth)
Reflog for :
c806b5b HEAD@{3 days ago}: checkout: moving from 6b3453ce61435c1fa2df1cf0df5ddd2ac6760bda to feature/CRQ-016-nixify
6b3453c HEAD@{3 days ago}: checkout: moving from main to 6b3453ce61435c1fa2df1cf0df5ddd2ac6760bda
6b3453c HEAD@{7 days ago}: clone: from https://github.com/meta-introspector/http-auth

Branch 'feature/CRQ-016-nixify' exists in .
Current branch is 'feature/CRQ-016-nixify'.
Current HEAD is at the same commit as 'feature/CRQ-016-nixify'.

Entering 'submodules/http-body'
----------------------------------------------------
Processing submodule:  (current directory: /mnt/data1/nix/vendor/rust/cargo2nix/submodules/http-body)
Reflog for :
e06ef7a HEAD@{3 days ago}: checkout: moving from 915d6d5cbb5406b09f1d95978096094a1d35d5bf to feature/CRQ-016-nixify
915d6d5 HEAD@{3 days ago}: checkout: moving from master to 915d6d5cbb5406b09f1d95978096094a1d35d5bf
915d6d5 HEAD@{7 days ago}: clone: from https://github.com/meta-introspector/http-body.git

Branch 'feature/CRQ-016-nixify' exists in .
Current branch is 'feature/CRQ-016-nixify'.
Current HEAD is at the same commit as 'feature/CRQ-016-nixify'.

Entering 'submodules/httparse'
----------------------------------------------------
Processing submodule:  (current directory: /mnt/data1/nix/vendor/rust/cargo2nix/submodules/httparse)
Reflog for :
c311ef2 HEAD@{3 days ago}: checkout: moving from 21d28056a1497cb2cbf2a13e698c106da6ad5ad6 to feature/CRQ-016-nixify
21d2805 HEAD@{3 days ago}: checkout: moving from master to 21d28056a1497cb2cbf2a13e698c106da6ad5ad6
21d2805 HEAD@{7 days ago}: clone: from https://github.com/meta-introspector/httparse

Branch 'feature/CRQ-016-nixify' exists in .
Current branch is 'feature/CRQ-016-nixify'.
Current HEAD is at the same commit as 'feature/CRQ-016-nixify'.

Entering 'submodules/httpdate'
----------------------------------------------------
Processing submodule:  (current directory: /mnt/data1/nix/vendor/rust/cargo2nix/submodules/httpdate)
Reflog for :
70ef992 HEAD@{3 days ago}: checkout: moving from 53df52094835dd85aca70e23b9f384abcf843f7f to feature/CRQ-016-nixify
53df520 HEAD@{3 days ago}: checkout: moving from main to 53df52094835dd85aca70e23b9f384abcf843f7f
53df520 HEAD@{7 days ago}: clone: from https://github.com/meta-introspector/httpdate

Branch 'feature/CRQ-016-nixify' exists in .
Current branch is 'feature/CRQ-016-nixify'.
Current HEAD is at the same commit as 'feature/CRQ-016-nixify'.

Entering 'submodules/hugging-face-dataset-validator-rust'
----------------------------------------------------
Processing submodule:  (current directory: /mnt/data1/nix/vendor/rust/cargo2nix/submodules/hugging-face-dataset-validator-rust)
Reflog for :
6ca49a5 HEAD@{18 hours ago}: checkout: moving from feature/lattice to 6ca49a507054111bcb313e36cbf7b2c74984e2e6
0cbd408 HEAD@{29 hours ago}: checkout: moving from main to feature/lattice
6ca49a5 HEAD@{29 hours ago}: clone: from https://github.com/meta-introspector/hugging-face-dataset-validator-rust

Branch 'feature/CRQ-016-nixify' not found in .

Entering 'submodules/human-format-rs'
----------------------------------------------------
Processing submodule:  (current directory: /mnt/data1/nix/vendor/rust/cargo2nix/submodules/human-format-rs)
Reflog for :
a367e4c HEAD@{3 days ago}: checkout: moving from dcaa006a6e790460dfa132bbabf85afb6b16fba8 to feature/CRQ-016-nixify
dcaa006 HEAD@{3 days ago}: checkout: moving from develop to dcaa006a6e790460dfa132bbabf85afb6b16fba8
dcaa006 HEAD@{7 days ago}: clone: from https://github.com/meta-introspector/human-format-rs.git

Branch 'feature/CRQ-016-nixify' exists in .
Current branch is 'feature/CRQ-016-nixify'.
Current HEAD is at the same commit as 'feature/CRQ-016-nixify'.

Entering 'submodules/humansize'
----------------------------------------------------
Processing submodule:  (current directory: /mnt/data1/nix/vendor/rust/cargo2nix/submodules/humansize)
Reflog for :
be4ac44 HEAD@{19 hours ago}: clone: from https://github.com/LeopoldArkham/humansize

Branch 'feature/CRQ-016-nixify' not found in .

Entering 'submodules/humantime'
----------------------------------------------------
Processing submodule:  (current directory: /mnt/data1/nix/vendor/rust/cargo2nix/submodules/humantime)
Reflog for :
7994b71 HEAD@{3 days ago}: checkout: moving from 7994b7129851ea3b0e5df8bee67870898e52fa1c to feature/CRQ-016-nixify
7994b71 HEAD@{3 days ago}: checkout: moving from main to 7994b7129851ea3b0e5df8bee67870898e52fa1c
7994b71 HEAD@{7 days ago}: clone: from https://github.com/chronotope/humantime

Branch 'feature/CRQ-016-nixify' exists in .
Current branch is 'feature/CRQ-016-nixify'.
Current HEAD is at the same commit as 'feature/CRQ-016-nixify'.

Entering 'submodules/hyper'
----------------------------------------------------
Processing submodule:  (current directory: /mnt/data1/nix/vendor/rust/cargo2nix/submodules/hyper)
Reflog for :
fab88f7c HEAD@{3 days ago}: checkout: moving from 793af1ed2a3f1fd65e5a8de85b368daa58b15279 to feature/CRQ-016-nixify
793af1ed HEAD@{3 days ago}: checkout: moving from master to 793af1ed2a3f1fd65e5a8de85b368daa58b15279
793af1ed HEAD@{7 days ago}: clone: from https://github.com/meta-introspector/hyper.git

Branch 'feature/CRQ-016-nixify' exists in .
Current branch is 'feature/CRQ-016-nixify'.
Current HEAD is at the same commit as 'feature/CRQ-016-nixify'.

Entering 'submodules/hyper-rustls'
----------------------------------------------------
Processing submodule:  (current directory: /mnt/data1/nix/vendor/rust/cargo2nix/submodules/hyper-rustls)
Reflog for :
d2d378d HEAD@{3 days ago}: checkout: moving from d7e51d9b4843d3437336cfef675b2261d16d9c9b to feature/CRQ-016-nixify
d7e51d9 HEAD@{3 days ago}: checkout: moving from main to d7e51d9b4843d3437336cfef675b2261d16d9c9b
d7e51d9 HEAD@{7 days ago}: clone: from https://github.com/meta-introspector/hyper-rustls

Branch 'feature/CRQ-016-nixify' exists in .
Current branch is 'feature/CRQ-016-nixify'.
Current HEAD is at the same commit as 'feature/CRQ-016-nixify'.

Entering 'submodules/hyper-tls'
----------------------------------------------------
Processing submodule:  (current directory: /mnt/data1/nix/vendor/rust/cargo2nix/submodules/hyper-tls)
Reflog for :
d0a74ed HEAD@{3 days ago}: checkout: moving from 5cdd3f2cb33c7053717d4be9b49d98639a9afa55 to feature/CRQ-016-nixify
5cdd3f2 HEAD@{3 days ago}: checkout: moving from master to 5cdd3f2cb33c7053717d4be9b49d98639a9afa55
5cdd3f2 HEAD@{7 days ago}: clone: from https://github.com/meta-introspector/hyper-tls.git

Branch 'feature/CRQ-016-nixify' exists in .
Current branch is 'feature/CRQ-016-nixify'.
Current HEAD is at the same commit as 'feature/CRQ-016-nixify'.

Entering 'submodules/hyper-util'
----------------------------------------------------
Processing submodule:  (current directory: /mnt/data1/nix/vendor/rust/cargo2nix/submodules/hyper-util)
Reflog for :
186057b HEAD@{3 days ago}: checkout: moving from eed21e7bdf6a1414098487a5c4445c315521c3e8 to feature/CRQ-016-nixify
eed21e7 HEAD@{3 days ago}: checkout: moving from master to eed21e7bdf6a1414098487a5c4445c315521c3e8
eed21e7 HEAD@{7 days ago}: clone: from https://github.com/meta-introspector/hyper-util.git

Branch 'feature/CRQ-016-nixify' exists in .
Current branch is 'feature/CRQ-016-nixify'.
Current HEAD is at the same commit as 'feature/CRQ-016-nixify'.

Entering 'submodules/iai'
----------------------------------------------------
Processing submodule:  (current directory: /mnt/data1/nix/vendor/rust/cargo2nix/submodules/iai)
Reflog for :
07faa9c HEAD@{3 days ago}: checkout: moving from 58e28e940c62898a45d17cb531f9012fb173d236 to feature/CRQ-016-nixify
58e28e9 HEAD@{3 days ago}: checkout: moving from main to 58e28e940c62898a45d17cb531f9012fb173d236
58e28e9 HEAD@{7 days ago}: clone: from https://github.com/meta-introspector/iai

Branch 'feature/CRQ-016-nixify' exists in .
Current branch is 'feature/CRQ-016-nixify'.
Current HEAD is at the same commit as 'feature/CRQ-016-nixify'.

Entering 'submodules/iana-time-zone'
----------------------------------------------------
Processing submodule:  (current directory: /mnt/data1/nix/vendor/rust/cargo2nix/submodules/iana-time-zone)
Reflog for :
27ce35e HEAD@{3 days ago}: checkout: moving from 89a1fc2860bc5f307b89a5c9bdedf7210954bb09 to feature/CRQ-016-nixify
89a1fc2 HEAD@{3 days ago}: checkout: moving from main to 89a1fc2860bc5f307b89a5c9bdedf7210954bb09
89a1fc2 HEAD@{7 days ago}: clone: from https://github.com/meta-introspector/iana-time-zone

Branch 'feature/CRQ-016-nixify' exists in .
Current branch is 'feature/CRQ-016-nixify'.
Current HEAD is at the same commit as 'feature/CRQ-016-nixify'.

Entering 'submodules/icu4x'
----------------------------------------------------
Processing submodule:  (current directory: /mnt/data1/nix/vendor/rust/cargo2nix/submodules/icu4x)
Reflog for :
3c5f0df322 HEAD@{3 days ago}: checkout: moving from 4fe74997f9f396fda1d50f5197e7f8fd6463458a to feature/CRQ-016-nixify
4fe74997f9 HEAD@{3 days ago}: checkout: moving from main to 4fe74997f9f396fda1d50f5197e7f8fd6463458a
4fe74997f9 HEAD@{7 days ago}: clone: from https://github.com/meta-introspector/icu4x

Branch 'feature/CRQ-016-nixify' exists in .
Current branch is 'feature/CRQ-016-nixify'.
Current HEAD is at the same commit as 'feature/CRQ-016-nixify'.

Entering 'submodules/ident_case'
----------------------------------------------------
Processing submodule:  (current directory: /mnt/data1/nix/vendor/rust/cargo2nix/submodules/ident_case)
Reflog for :
379ad85 HEAD@{3 days ago}: checkout: moving from 379ad85daa06fe87975267c22214ea7ad4144f4a to feature/CRQ-016-nixify
379ad85 HEAD@{3 days ago}: checkout: moving from master to 379ad85daa06fe87975267c22214ea7ad4144f4a
379ad85 HEAD@{7 days ago}: clone: from https://github.com/TedDriggs/ident_case

Branch 'feature/CRQ-016-nixify' exists in .
Current branch is 'feature/CRQ-016-nixify'.
Current HEAD is at the same commit as 'feature/CRQ-016-nixify'.

Entering 'submodules/idna_adapter'
----------------------------------------------------
Processing submodule:  (current directory: /mnt/data1/nix/vendor/rust/cargo2nix/submodules/idna_adapter)
Reflog for :
4fefd96 HEAD@{3 days ago}: checkout: moving from f948802e3a2ae936eec51886eefbd7d536a28791 to feature/CRQ-016-nixify
f948802 HEAD@{3 days ago}: checkout: moving from main to f948802e3a2ae936eec51886eefbd7d536a28791
f948802 HEAD@{7 days ago}: clone: from https://github.com/meta-introspector/idna_adapter.git

Branch 'feature/CRQ-016-nixify' exists in .
Current branch is 'feature/CRQ-016-nixify'.
Current HEAD is at the same commit as 'feature/CRQ-016-nixify'.

Entering 'submodules/im-rs'
----------------------------------------------------
Processing submodule:  (current directory: /mnt/data1/nix/vendor/rust/cargo2nix/submodules/im-rs)
Reflog for :
5e6fcb9 HEAD@{3 days ago}: checkout: moving from 71331eadac64654bc56f598647ab544197cb1319 to feature/CRQ-016-nixify
71331ea HEAD@{3 days ago}: checkout: moving from master to 71331eadac64654bc56f598647ab544197cb1319
71331ea HEAD@{7 days ago}: clone: from https://github.com/meta-introspector/im-rs.git

Branch 'feature/CRQ-016-nixify' exists in .
Current branch is 'feature/CRQ-016-nixify'.
Current HEAD is at the same commit as 'feature/CRQ-016-nixify'.

Entering 'submodules/imara-diff'
----------------------------------------------------
Processing submodule:  (current directory: /mnt/data1/nix/vendor/rust/cargo2nix/submodules/imara-diff)
Reflog for :
ed12517 HEAD@{3 days ago}: checkout: moving from ed1251701ca56c4a13def40774d79900dd4f5e56 to feature/CRQ-016-nixify
ed12517 HEAD@{3 days ago}: checkout: moving from master to ed1251701ca56c4a13def40774d79900dd4f5e56
ed12517 HEAD@{7 days ago}: clone: from https://github.com/pascalkuthe/imara-diff

Branch 'feature/CRQ-016-nixify' exists in .
Current branch is 'feature/CRQ-016-nixify'.
Current HEAD is at the same commit as 'feature/CRQ-016-nixify'.

Entering 'submodules/indexmap'
----------------------------------------------------
Processing submodule:  (current directory: /mnt/data1/nix/vendor/rust/cargo2nix/submodules/indexmap)
Reflog for :
560d9bb HEAD@{3 days ago}: checkout: moving from 0e68f8a3605f56c79d2ed84bff5908ee1dcd8a95 to feature/CRQ-016-nixify
0e68f8a HEAD@{3 days ago}: checkout: moving from main to 0e68f8a3605f56c79d2ed84bff5908ee1dcd8a95
0e68f8a HEAD@{7 days ago}: clone: from https://github.com/meta-introspector/indexmap.git

Branch 'feature/CRQ-016-nixify' exists in .
Current branch is 'feature/CRQ-016-nixify'.
Current HEAD is at the same commit as 'feature/CRQ-016-nixify'.

Entering 'submodules/indoc'
----------------------------------------------------
Processing submodule:  (current directory: /mnt/data1/nix/vendor/rust/cargo2nix/submodules/indoc)
Reflog for :
84f2fab HEAD@{3 days ago}: checkout: moving from 84f2fab1943e0c49bd5ba2eeb1f9167aacc7e760 to feature/CRQ-016-nixify
84f2fab HEAD@{3 days ago}: checkout: moving from master to 84f2fab1943e0c49bd5ba2eeb1f9167aacc7e760
84f2fab HEAD@{7 days ago}: clone: from https://github.com/dtolnay/indoc

Branch 'feature/CRQ-016-nixify' exists in .
Current branch is 'feature/CRQ-016-nixify'.
Current HEAD is at the same commit as 'feature/CRQ-016-nixify'.

Entering 'submodules/inotify'
----------------------------------------------------
Processing submodule:  (current directory: /mnt/data1/nix/vendor/rust/cargo2nix/submodules/inotify)
Reflog for :
2507005 HEAD@{3 days ago}: checkout: moving from 0c57af978f035b9aaceb24de38866bb61f446485 to feature/CRQ-016-nixify
0c57af9 HEAD@{3 days ago}: checkout: moving from main to 0c57af978f035b9aaceb24de38866bb61f446485
0c57af9 HEAD@{7 days ago}: clone: from https://github.com/meta-introspector/inotify.git

Branch 'feature/CRQ-016-nixify' exists in .
Current branch is 'feature/CRQ-016-nixify'.
Current HEAD is at the same commit as 'feature/CRQ-016-nixify'.

Entering 'submodules/inotify-sys'
----------------------------------------------------
Processing submodule:  (current directory: /mnt/data1/nix/vendor/rust/cargo2nix/submodules/inotify-sys)
Reflog for :
ad47d46 HEAD@{3 days ago}: checkout: moving from e5ec94e07cd2ac099b68b59e54dc19bc06056027 to feature/CRQ-016-nixify
e5ec94e HEAD@{3 days ago}: checkout: moving from master to e5ec94e07cd2ac099b68b59e54dc19bc06056027
e5ec94e HEAD@{7 days ago}: clone: from https://github.com/meta-introspector/inotify-sys.git

Branch 'feature/CRQ-016-nixify' exists in .
Current branch is 'feature/CRQ-016-nixify'.
Current HEAD is at the same commit as 'feature/CRQ-016-nixify'.

Entering 'submodules/insta'
----------------------------------------------------
Processing submodule:  (current directory: /mnt/data1/nix/vendor/rust/cargo2nix/submodules/insta)
Reflog for :
b26ea18 HEAD@{3 days ago}: checkout: moving from af48633167e052da8a609f2f8274c50734ad8580 to feature/CRQ-016-nixify
af48633 HEAD@{3 days ago}: checkout: moving from master to af48633167e052da8a609f2f8274c50734ad8580
af48633 HEAD@{7 days ago}: clone: from https://github.com/meta-introspector/insta.git

Branch 'feature/CRQ-016-nixify' exists in .
Current branch is 'feature/CRQ-016-nixify'.
Current HEAD is at the same commit as 'feature/CRQ-016-nixify'.

Entering 'submodules/instant'
----------------------------------------------------
Processing submodule:  (current directory: /mnt/data1/nix/vendor/rust/cargo2nix/submodules/instant)
Reflog for :
fae2a5d HEAD@{3 days ago}: checkout: moving from 7bd13f51f5c930239fddc0476a837870fb239ed7 to feature/CRQ-016-nixify
7bd13f5 HEAD@{3 days ago}: checkout: moving from master to 7bd13f51f5c930239fddc0476a837870fb239ed7
7bd13f5 HEAD@{7 days ago}: clone: from https://github.com/meta-introspector/instant

Branch 'feature/CRQ-016-nixify' exists in .
Current branch is 'feature/CRQ-016-nixify'.
Current HEAD is at the same commit as 'feature/CRQ-016-nixify'.

Entering 'submodules/inventory'
----------------------------------------------------
Processing submodule:  (current directory: /mnt/data1/nix/vendor/rust/cargo2nix/submodules/inventory)
Reflog for :
ec67b2e HEAD@{3 days ago}: checkout: moving from 79ba1b73ac86b5e1288a0e8e78053b52140519e3 to feature/CRQ-016-nixify
79ba1b7 HEAD@{3 days ago}: checkout: moving from master to 79ba1b73ac86b5e1288a0e8e78053b52140519e3
79ba1b7 HEAD@{7 days ago}: clone: from https://github.com/meta-introspector/inventory.git

Branch 'feature/CRQ-016-nixify' exists in .
Current branch is 'feature/CRQ-016-nixify'.
Current HEAD is at the same commit as 'feature/CRQ-016-nixify'.

Entering 'submodules/io-close'
----------------------------------------------------
Processing submodule:  (current directory: /mnt/data1/nix/vendor/rust/cargo2nix/submodules/io-close)
Reflog for :
95c26ce HEAD@{19 hours ago}: checkout: moving from main to main
95c26ce HEAD@{19 hours ago}: clone: from https://gitlab.com/wufz/io-close

Branch 'feature/CRQ-016-nixify' not found in .

Entering 'submodules/io-uring'
----------------------------------------------------
Processing submodule:  (current directory: /mnt/data1/nix/vendor/rust/cargo2nix/submodules/io-uring)
Reflog for :
14a7a8b HEAD@{3 days ago}: checkout: moving from f297f5bdb4802915b48a532edf9b817d6c91de8f to feature/CRQ-016-nixify
f297f5b HEAD@{3 days ago}: checkout: moving from master to f297f5bdb4802915b48a532edf9b817d6c91de8f
f297f5b HEAD@{7 days ago}: clone: from https://github.com/meta-introspector/io-uring

Branch 'feature/CRQ-016-nixify' exists in .
Current branch is 'feature/CRQ-016-nixify'.
Current HEAD is at the same commit as 'feature/CRQ-016-nixify'.

Entering 'submodules/ipnet'
----------------------------------------------------
Processing submodule:  (current directory: /mnt/data1/nix/vendor/rust/cargo2nix/submodules/ipnet)
Reflog for :
9a0a75a HEAD@{3 days ago}: checkout: moving from eac9c270e230d994a476c44cc312bf9a06095a0b to feature/CRQ-016-nixify
eac9c27 HEAD@{3 days ago}: checkout: moving from master to eac9c270e230d994a476c44cc312bf9a06095a0b
eac9c27 HEAD@{7 days ago}: clone: from https://github.com/meta-introspector/ipnet.git

Branch 'feature/CRQ-016-nixify' exists in .
Current branch is 'feature/CRQ-016-nixify'.
Current HEAD is at the same commit as 'feature/CRQ-016-nixify'.

Entering 'submodules/iri-string'
----------------------------------------------------
Processing submodule:  (current directory: /mnt/data1/nix/vendor/rust/cargo2nix/submodules/iri-string)
Reflog for :
694255d HEAD@{3 days ago}: checkout: moving from 1c83c3f6f49d43a60ced1fd1b709e2b86fc13797 to feature/CRQ-016-nixify
1c83c3f HEAD@{3 days ago}: checkout: moving from develop to 1c83c3f6f49d43a60ced1fd1b709e2b86fc13797
1c83c3f HEAD@{7 days ago}: clone: from https://github.com/meta-introspector/iri-string.git

Branch 'feature/CRQ-016-nixify' exists in .
Current branch is 'feature/CRQ-016-nixify'.
Current HEAD is at the same commit as 'feature/CRQ-016-nixify'.

Entering 'submodules/iri-string/iri-string-tests/assets/uritemplate-test'
----------------------------------------------------
Processing submodule:  (current directory: /mnt/data1/nix/vendor/rust/cargo2nix/submodules/iri-string/iri-string-tests/assets/uritemplate-test)
Reflog for :
1eb27ab HEAD@{3 days ago}: checkout: moving from 1eb27ab4462b9e5819dc47db99044f5fd1fa9bc7 to feature/CRQ-016-nixify
1eb27ab HEAD@{3 days ago}: checkout: moving from master to 1eb27ab4462b9e5819dc47db99044f5fd1fa9bc7
1eb27ab HEAD@{3 days ago}: clone: from https://github.com/uri-templates/uritemplate-test.git

Branch 'feature/CRQ-016-nixify' exists in .
Current branch is 'feature/CRQ-016-nixify'.
Current HEAD is at the same commit as 'feature/CRQ-016-nixify'.

Entering 'submodules/is-docker'
----------------------------------------------------
Processing submodule:  (current directory: /mnt/data1/nix/vendor/rust/cargo2nix/submodules/is-docker)
Reflog for :
51561dc HEAD@{3 days ago}: checkout: moving from c1e40d4be6ee669e0294cbe55778ad62d69ce16f to feature/CRQ-016-nixify
c1e40d4 HEAD@{3 days ago}: checkout: moving from main to c1e40d4be6ee669e0294cbe55778ad62d69ce16f
c1e40d4 HEAD@{7 days ago}: clone: from https://github.com/meta-introspector/is-docker

Branch 'feature/CRQ-016-nixify' exists in .
Current branch is 'feature/CRQ-016-nixify'.
Current HEAD is at the same commit as 'feature/CRQ-016-nixify'.

Entering 'submodules/is-terminal'
----------------------------------------------------
Processing submodule:  (current directory: /mnt/data1/nix/vendor/rust/cargo2nix/submodules/is-terminal)
Reflog for :
dfe5f0c HEAD@{3 days ago}: checkout: moving from 6ce920a451436433a34e4cae89318d049f8c439c to feature/CRQ-016-nixify
6ce920a HEAD@{3 days ago}: checkout: moving from main to 6ce920a451436433a34e4cae89318d049f8c439c
6ce920a HEAD@{7 days ago}: clone: from https://github.com/meta-introspector/is-terminal

Branch 'feature/CRQ-016-nixify' exists in .
Current branch is 'feature/CRQ-016-nixify'.
Current HEAD is at the same commit as 'feature/CRQ-016-nixify'.

Entering 'submodules/is-wsl'
----------------------------------------------------
Processing submodule:  (current directory: /mnt/data1/nix/vendor/rust/cargo2nix/submodules/is-wsl)
Reflog for :
f02e5a8 HEAD@{3 days ago}: checkout: moving from ebb07834cdbf27328046a88fbd673c17618024e8 to feature/CRQ-016-nixify
ebb0783 HEAD@{3 days ago}: checkout: moving from main to ebb07834cdbf27328046a88fbd673c17618024e8
ebb0783 HEAD@{7 days ago}: clone: from https://github.com/meta-introspector/is-wsl

Branch 'feature/CRQ-016-nixify' exists in .
Current branch is 'feature/CRQ-016-nixify'.
Current HEAD is at the same commit as 'feature/CRQ-016-nixify'.

Entering 'submodules/is_ci'
----------------------------------------------------
Processing submodule:  (current directory: /mnt/data1/nix/vendor/rust/cargo2nix/submodules/is_ci)
Reflog for :
c122ebe HEAD@{3 days ago}: checkout: moving from 5e7959455a90cf9a00cafbbd533ea25d747a07d3 to feature/CRQ-016-nixify
5e79594 HEAD@{3 days ago}: checkout: moving from main to 5e7959455a90cf9a00cafbbd533ea25d747a07d3
5e79594 HEAD@{7 days ago}: clone: from https://github.com/meta-introspector/is_ci

Branch 'feature/CRQ-016-nixify' exists in .
Current branch is 'feature/CRQ-016-nixify'.
Current HEAD is at the same commit as 'feature/CRQ-016-nixify'.

Entering 'submodules/is_executable'
----------------------------------------------------
Processing submodule:  (current directory: /mnt/data1/nix/vendor/rust/cargo2nix/submodules/is_executable)
Reflog for :
2e54d8e HEAD@{3 days ago}: checkout: moving from ee6ad10070a9fc4786128e0f3ee5d343b957b84f to feature/CRQ-016-nixify
ee6ad10 HEAD@{3 days ago}: checkout: moving from main to ee6ad10070a9fc4786128e0f3ee5d343b957b84f
ee6ad10 HEAD@{7 days ago}: clone: from https://github.com/meta-introspector/is_executable.git

Branch 'feature/CRQ-016-nixify' exists in .
Current branch is 'feature/CRQ-016-nixify'.
Current HEAD is at the same commit as 'feature/CRQ-016-nixify'.

Entering 'submodules/is_terminal_polyfill'
----------------------------------------------------
Processing submodule:  (current directory: /mnt/data1/nix/vendor/rust/cargo2nix/submodules/is_terminal_polyfill)
Reflog for :
8a5c53a HEAD@{3 days ago}: checkout: moving from 9ed4c24ea4e9202cb38a6564368252ed35197a08 to feature/CRQ-016-nixify
9ed4c24 HEAD@{3 days ago}: checkout: moving from main-v1.70 to 9ed4c24ea4e9202cb38a6564368252ed35197a08
9ed4c24 HEAD@{7 days ago}: clone: from https://github.com/meta-introspector/is_terminal_polyfill

Branch 'feature/CRQ-016-nixify' exists in .
Current branch is 'feature/CRQ-016-nixify'.
Current HEAD is at the same commit as 'feature/CRQ-016-nixify'.

Entering 'submodules/itertools'
----------------------------------------------------
Processing submodule:  (current directory: /mnt/data1/nix/vendor/rust/cargo2nix/submodules/itertools)
Reflog for :
6143b22 HEAD@{3 days ago}: checkout: moving from f567defb57bbc98491a99353b671e0a8f2635dcc to feature/CRQ-016-nixify
f567def HEAD@{3 days ago}: checkout: moving from master to f567defb57bbc98491a99353b671e0a8f2635dcc
f567def HEAD@{7 days ago}: clone: from https://github.com/meta-introspector/itertools

Branch 'feature/CRQ-016-nixify' exists in .
Current branch is 'feature/CRQ-016-nixify'.
Current HEAD is at the same commit as 'feature/CRQ-016-nixify'.

Entering 'submodules/itertools-num'
----------------------------------------------------
Processing submodule:  (current directory: /mnt/data1/nix/vendor/rust/cargo2nix/submodules/itertools-num)
Reflog for :
6a24eed HEAD@{3 days ago}: checkout: moving from 6a24eeda60e2ced6952c601036028f0b88cad6f9 to feature/CRQ-016-nixify
6a24eed HEAD@{3 days ago}: checkout: moving from master to 6a24eeda60e2ced6952c601036028f0b88cad6f9
6a24eed HEAD@{7 days ago}: clone: from https://github.com/bluss/itertools-num

Branch 'feature/CRQ-016-nixify' exists in .
Current branch is 'feature/CRQ-016-nixify'.
Current HEAD is at the same commit as 'feature/CRQ-016-nixify'.

Entering 'submodules/itoa'
----------------------------------------------------
Processing submodule:  (current directory: /mnt/data1/nix/vendor/rust/cargo2nix/submodules/itoa)
Reflog for :
a155348 HEAD@{3 days ago}: checkout: moving from 55ab2516e36e230c9110a5ecf067393092779053 to feature/CRQ-016-nixify
55ab251 HEAD@{3 days ago}: checkout: moving from master to 55ab2516e36e230c9110a5ecf067393092779053
55ab251 HEAD@{7 days ago}: clone: from https://github.com/meta-introspector/itoa.git

Branch 'feature/CRQ-016-nixify' exists in .
Current branch is 'feature/CRQ-016-nixify'.
Current HEAD is at the same commit as 'feature/CRQ-016-nixify'.

Entering 'submodules/jemallocator'
----------------------------------------------------
Processing submodule:  (current directory: /mnt/data1/nix/vendor/rust/cargo2nix/submodules/jemallocator)
Reflog for :
77fb392 HEAD@{9 hours ago}: clone: from https://github.com/meta-introspector/jemallocator

Branch 'feature/CRQ-016-nixify' not found in .

Entering 'submodules/jemallocator/jemalloc-sys/jemalloc'
----------------------------------------------------
Processing submodule:  (current directory: /mnt/data1/nix/vendor/rust/cargo2nix/submodules/jemallocator/jemalloc-sys/jemalloc)
Reflog for :
09ad115b HEAD@{2 hours ago}: checkout: moving from dev to 09ad115bc02db60cc9d9338cf0067074d3135fb4
37139328 HEAD@{2 hours ago}: clone: from https://github.com/tikv/jemalloc

Branch 'feature/CRQ-016-nixify' not found in .

Entering 'submodules/jiff'
----------------------------------------------------
Processing submodule:  (current directory: /mnt/data1/nix/vendor/rust/cargo2nix/submodules/jiff)
Reflog for :
12e06f6 HEAD@{3 days ago}: checkout: moving from 9d7e099a7a9a653b114de2465c0bc7361700c48b to feature/CRQ-016-nixify
9d7e099 HEAD@{3 days ago}: checkout: moving from master to 9d7e099a7a9a653b114de2465c0bc7361700c48b
9d7e099 HEAD@{7 days ago}: clone: from https://github.com/meta-introspector/jiff.git

Branch 'feature/CRQ-016-nixify' exists in .
Current branch is 'feature/CRQ-016-nixify'.
Current HEAD is at the same commit as 'feature/CRQ-016-nixify'.

Entering 'submodules/jni-rs'
----------------------------------------------------
Processing submodule:  (current directory: /mnt/data1/nix/vendor/rust/cargo2nix/submodules/jni-rs)
Reflog for :
c36fc94 HEAD@{3 days ago}: checkout: moving from 5351e246035599d2dc38ef70cc1d7c33c2ce670a to feature/CRQ-016-nixify
5351e24 HEAD@{3 days ago}: checkout: moving from master to 5351e246035599d2dc38ef70cc1d7c33c2ce670a
5351e24 HEAD@{7 days ago}: clone: from https://github.com/meta-introspector/jni-rs.git

Branch 'feature/CRQ-016-nixify' exists in .
Current branch is 'feature/CRQ-016-nixify'.
Current HEAD is at the same commit as 'feature/CRQ-016-nixify'.

Entering 'submodules/jni-sys'
----------------------------------------------------
Processing submodule:  (current directory: /mnt/data1/nix/vendor/rust/cargo2nix/submodules/jni-sys)
Reflog for :
33832d7 HEAD@{3 days ago}: checkout: moving from 9c38766061b6b0753fe58a5fe2eaa193b4234ae9 to feature/CRQ-016-nixify
9c38766 HEAD@{3 days ago}: checkout: moving from master to 9c38766061b6b0753fe58a5fe2eaa193b4234ae9
9c38766 HEAD@{7 days ago}: clone: from https://github.com/meta-introspector/jni-sys.git

Branch 'feature/CRQ-016-nixify' exists in .
Current branch is 'feature/CRQ-016-nixify'.
Current HEAD is at the same commit as 'feature/CRQ-016-nixify'.

Entering 'submodules/jobserver-rs'
----------------------------------------------------
Processing submodule:  (current directory: /mnt/data1/nix/vendor/rust/cargo2nix/submodules/jobserver-rs)
Reflog for :
bac3e6a HEAD@{3 days ago}: checkout: moving from 4bcd123ffc997020367416a970ae20577a76a583 to feature/CRQ-016-nixify
4bcd123 HEAD@{3 days ago}: checkout: moving from main to 4bcd123ffc997020367416a970ae20577a76a583
4bcd123 HEAD@{7 days ago}: clone: from https://github.com/meta-introspector/jobserver-rs

Branch 'feature/CRQ-016-nixify' exists in .
Current branch is 'feature/CRQ-016-nixify'.
Current HEAD is at the same commit as 'feature/CRQ-016-nixify'.

Entering 'submodules/json'
----------------------------------------------------
Processing submodule:  (current directory: /mnt/data1/nix/vendor/rust/cargo2nix/submodules/json)
Reflog for :
bf86f73 HEAD@{3 days ago}: checkout: moving from 7fece969e3b480ec620419d65c2aeb08776bebcb to feature/CRQ-016-nixify
7fece96 HEAD@{3 days ago}: checkout: moving from master to 7fece969e3b480ec620419d65c2aeb08776bebcb
7fece96 HEAD@{7 days ago}: clone: from https://github.com/meta-introspector/json

Branch 'feature/CRQ-016-nixify' exists in .
Current branch is 'feature/CRQ-016-nixify'.
Current HEAD is at the same commit as 'feature/CRQ-016-nixify'.

Entering 'submodules/json5-rs'
----------------------------------------------------
Processing submodule:  (current directory: /mnt/data1/nix/vendor/rust/cargo2nix/submodules/json5-rs)
Reflog for :
9500b30 HEAD@{3 days ago}: checkout: moving from 5066f2e0a2726ceaeeb0a7786804787b3dc801f1 to feature/CRQ-016-nixify
5066f2e HEAD@{3 days ago}: checkout: moving from master to 5066f2e0a2726ceaeeb0a7786804787b3dc801f1
5066f2e HEAD@{7 days ago}: clone: from https://github.com/meta-introspector/json5-rs.git

Branch 'feature/CRQ-016-nixify' exists in .
Current branch is 'feature/CRQ-016-nixify'.
Current HEAD is at the same commit as 'feature/CRQ-016-nixify'.

Entering 'submodules/juniper'
----------------------------------------------------
Processing submodule:  (current directory: /mnt/data1/nix/vendor/rust/cargo2nix/submodules/juniper)
Reflog for :
0e14736a HEAD@{3 days ago}: checkout: moving from 0e14736ad1acbb8a25f142ec426203c8797c4755 to feature/CRQ-016-nixify
0e14736a HEAD@{3 days ago}: checkout: moving from master to HEAD
0e14736a HEAD@{3 days ago}: reset: moving to HEAD
0e14736a HEAD@{6 days ago}: clone: from https://github.com/graphql-rust/juniper.git

Branch 'feature/CRQ-016-nixify' exists in .
Current branch is 'feature/CRQ-016-nixify'.
Current HEAD is at the same commit as 'feature/CRQ-016-nixify'.

Entering 'submodules/jwalk'
----------------------------------------------------
Processing submodule:  (current directory: /mnt/data1/nix/vendor/rust/cargo2nix/submodules/jwalk)
Reflog for :
50c19ab HEAD@{3 days ago}: checkout: moving from main to feature/CRQ-016-nixify
7f43a24 HEAD@{3 days ago}: reset: moving to HEAD
7f43a24 HEAD@{7 days ago}: clone: from https://github.com/meta-introspector/jwalk.git

Branch 'feature/CRQ-016-nixify' exists in .
Current branch is 'feature/CRQ-016-nixify'.
Current HEAD is at the same commit as 'feature/CRQ-016-nixify'.

Entering 'submodules/kernel'
----------------------------------------------------
Processing submodule:  (current directory: /mnt/data1/nix/vendor/rust/cargo2nix/submodules/kernel)
Reflog for :
76895931 HEAD@{3 days ago}: checkout: moving from main to feature/CRQ-016-nixify
06380c99 HEAD@{3 days ago}: reset: moving to HEAD
06380c99 HEAD@{7 days ago}: clone: from https://github.com/meta-introspector/kernel.git

Branch 'feature/CRQ-016-nixify' exists in .
Current branch is 'feature/CRQ-016-nixify'.
Current HEAD is at the same commit as 'feature/CRQ-016-nixify'.

Entering 'submodules/kstring'
----------------------------------------------------
Processing submodule:  (current directory: /mnt/data1/nix/vendor/rust/cargo2nix/submodules/kstring)
Reflog for :
c5d78a7 HEAD@{3 days ago}: checkout: moving from master to feature/CRQ-016-nixify
3b9346e HEAD@{3 days ago}: reset: moving to HEAD
3b9346e HEAD@{7 days ago}: clone: from https://github.com/meta-introspector/kstring.git

Branch 'feature/CRQ-016-nixify' exists in .
Current branch is 'feature/CRQ-016-nixify'.
Current HEAD is at the same commit as 'feature/CRQ-016-nixify'.

Entering 'submodules/kv-log-macro'
----------------------------------------------------
Processing submodule:  (current directory: /mnt/data1/nix/vendor/rust/cargo2nix/submodules/kv-log-macro)
Reflog for :
60422b8 HEAD@{3 days ago}: checkout: moving from master to feature/CRQ-016-nixify
6af0be3 HEAD@{3 days ago}: reset: moving to HEAD
6af0be3 HEAD@{7 days ago}: clone: from https://github.com/meta-introspector/kv-log-macro

Branch 'feature/CRQ-016-nixify' exists in .
Current branch is 'feature/CRQ-016-nixify'.
Current HEAD is at the same commit as 'feature/CRQ-016-nixify'.

Entering 'submodules/kvm-sys-rs'
----------------------------------------------------
Processing submodule:  (current directory: /mnt/data1/nix/vendor/rust/cargo2nix/submodules/kvm-sys-rs)
Reflog for :
77deff4 HEAD@{3 days ago}: checkout: moving from 77deff49b0fba1e3ca49647051a571a1cd393d4e to feature/CRQ-016-nixify
77deff4 HEAD@{3 days ago}: checkout: moving from master to HEAD
77deff4 HEAD@{3 days ago}: reset: moving to HEAD
77deff4 HEAD@{7 days ago}: clone: from https://github.com/meta-introspector/kvm-sys-rs

Branch 'feature/CRQ-016-nixify' exists in .
Current branch is 'feature/CRQ-016-nixify'.
Current HEAD is at the same commit as 'feature/CRQ-016-nixify'.

Entering 'submodules/language-server-mcp-rs'
----------------------------------------------------
Processing submodule:  (current directory: /mnt/data1/nix/vendor/rust/cargo2nix/submodules/language-server-mcp-rs)
Reflog for :
6dd4b31 HEAD@{26 hours ago}: clone: from https://github.com/EmilLindfors/language-server-mcp-rs

Branch 'feature/CRQ-016-nixify' not found in .

Entering 'submodules/layout'
----------------------------------------------------
Processing submodule:  (current directory: /mnt/data1/nix/vendor/rust/cargo2nix/submodules/layout)
Reflog for :
314eb44 HEAD@{3 days ago}: checkout: moving from master to feature/CRQ-016-nixify
440e032 HEAD@{3 days ago}: reset: moving to HEAD
440e032 HEAD@{7 days ago}: clone: from https://github.com/meta-introspector/layout.git

Branch 'feature/CRQ-016-nixify' exists in .
Current branch is 'feature/CRQ-016-nixify'.
Current HEAD is at the same commit as 'feature/CRQ-016-nixify'.

Entering 'submodules/lazy-static'
----------------------------------------------------
Processing submodule:  (current directory: /mnt/data1/nix/vendor/rust/cargo2nix/submodules/lazy-static)
Reflog for :
6281725 HEAD@{3 days ago}: checkout: moving from master to feature/CRQ-016-nixify
6f864e4 HEAD@{3 days ago}: reset: moving to HEAD
6f864e4 HEAD@{7 days ago}: clone: from https://github.com/meta-introspector/lazy-static.git

Branch 'feature/CRQ-016-nixify' exists in .
Current branch is 'feature/CRQ-016-nixify'.
Current HEAD is at the same commit as 'feature/CRQ-016-nixify'.

Entering 'submodules/lazycell'
----------------------------------------------------
Processing submodule:  (current directory: /mnt/data1/nix/vendor/rust/cargo2nix/submodules/lazycell)
Reflog for :
8c5944f HEAD@{3 days ago}: checkout: moving from master to feature/CRQ-016-nixify
b78f3f1 HEAD@{3 days ago}: reset: moving to HEAD
b78f3f1 HEAD@{7 days ago}: clone: from https://github.com/meta-introspector/lazycell.git

Branch 'feature/CRQ-016-nixify' exists in .
Current branch is 'feature/CRQ-016-nixify'.
Current HEAD is at the same commit as 'feature/CRQ-016-nixify'.

Entering 'submodules/leb128'
----------------------------------------------------
Processing submodule:  (current directory: /mnt/data1/nix/vendor/rust/cargo2nix/submodules/leb128)
Reflog for :
c6ae515 HEAD@{3 days ago}: checkout: moving from master to feature/CRQ-016-nixify
ffbab8a HEAD@{3 days ago}: reset: moving to HEAD
ffbab8a HEAD@{7 days ago}: clone: from https://github.com/meta-introspector/leb128.git

Branch 'feature/CRQ-016-nixify' exists in .
Current branch is 'feature/CRQ-016-nixify'.
Current HEAD is at the same commit as 'feature/CRQ-016-nixify'.

Entering 'submodules/libc'
----------------------------------------------------
Processing submodule:  (current directory: /mnt/data1/nix/vendor/rust/cargo2nix/submodules/libc)
Reflog for :
94a7f3297 HEAD@{23 hours ago}: checkout: moving from feature/CRQ-016-nixify to 4d04aee906450fed27305de30c23f518166f919f^
668cb3b59 HEAD@{3 days ago}: checkout: moving from main to feature/CRQ-016-nixify
bf153d250 HEAD@{3 days ago}: reset: moving to HEAD
bf153d250 HEAD@{7 days ago}: clone: from https://github.com/meta-introspector/libc

Branch 'feature/CRQ-016-nixify' exists in .
Current branch is 'HEAD', NOT 'feature/CRQ-016-nixify'.
Current HEAD (94a7f32972a352fe348edbd49b06995542f3c5f5) has moved away from 'feature/CRQ-016-nixify' (668cb3b59ce3484b76dd80792766d92151b2f8a6).
'feature/CRQ-016-nixify' is a descendant of Current HEAD.

Entering 'submodules/libhermit-rs'
----------------------------------------------------
Processing submodule:  (current directory: /mnt/data1/nix/vendor/rust/cargo2nix/submodules/libhermit-rs)
Reflog for :
dc5b7bab HEAD@{3 days ago}: checkout: moving from main to feature/CRQ-016-nixify
06380c99 HEAD@{3 days ago}: reset: moving to HEAD
06380c99 HEAD@{7 days ago}: clone: from https://github.com/meta-introspector/libhermit-rs.git

Branch 'feature/CRQ-016-nixify' exists in .
Current branch is 'feature/CRQ-016-nixify'.
Current HEAD is at the same commit as 'feature/CRQ-016-nixify'.

Entering 'submodules/libredox'
----------------------------------------------------
Processing submodule:  (current directory: /mnt/data1/nix/vendor/rust/cargo2nix/submodules/libredox)
Reflog for :
616d2e8 HEAD@{3 days ago}: checkout: moving from 616d2e81f7b0765b4160db645b372f854c1881eb to feature/CRQ-016-nixify
616d2e8 HEAD@{3 days ago}: checkout: moving from master to HEAD
616d2e8 HEAD@{3 days ago}: reset: moving to HEAD
616d2e8 HEAD@{7 days ago}: clone: from https://gitlab.redox-os.org/redox-os/libredox.git

Branch 'feature/CRQ-016-nixify' exists in .
Current branch is 'feature/CRQ-016-nixify'.
Current HEAD is at the same commit as 'feature/CRQ-016-nixify'.

Entering 'submodules/libtest-mimic'
----------------------------------------------------
Processing submodule:  (current directory: /mnt/data1/nix/vendor/rust/cargo2nix/submodules/libtest-mimic)
Reflog for :
7ea3541 HEAD@{3 days ago}: checkout: moving from master to feature/CRQ-016-nixify
63e4ec1 HEAD@{3 days ago}: reset: moving to HEAD
63e4ec1 HEAD@{7 days ago}: clone: from https://github.com/meta-introspector/libtest-mimic

Branch 'feature/CRQ-016-nixify' exists in .
Current branch is 'feature/CRQ-016-nixify'.
Current HEAD is at the same commit as 'feature/CRQ-016-nixify'.

Entering 'submodules/libz-sys'
----------------------------------------------------
Processing submodule:  (current directory: /mnt/data1/nix/vendor/rust/cargo2nix/submodules/libz-sys)
Reflog for :
48fddf4 HEAD@{3 days ago}: checkout: moving from main to feature/CRQ-016-nixify
ad46b3b HEAD@{3 days ago}: reset: moving to HEAD
ad46b3b HEAD@{7 days ago}: clone: from https://github.com/meta-introspector/libz-sys

Branch 'feature/CRQ-016-nixify' exists in .
Current branch is 'feature/CRQ-016-nixify'.
Current HEAD is at the same commit as 'feature/CRQ-016-nixify'.

Entering 'submodules/libz-sys/src/zlib'
----------------------------------------------------
Processing submodule:  (current directory: /mnt/data1/nix/vendor/rust/cargo2nix/submodules/libz-sys/src/zlib)
Reflog for :
51b7f2a HEAD@{2 hours ago}: checkout: moving from develop to 51b7f2abdade71cd9bb0e7a373ef2610ec6f9daf
5a82f71 HEAD@{2 hours ago}: clone: from https://github.com/madler/zlib

Branch 'feature/CRQ-016-nixify' not found in .

Entering 'submodules/libz-sys/src/zlib-ng'
----------------------------------------------------
Processing submodule:  (current directory: /mnt/data1/nix/vendor/rust/cargo2nix/submodules/libz-sys/src/zlib-ng)
Reflog for :
42543906 HEAD@{2 hours ago}: checkout: moving from develop to 425439062b114a0f6cf625022c41d929c7e879f9
6e6ec1c3 HEAD@{2 hours ago}: clone: from https://github.com/zlib-ng/zlib-ng

Branch 'feature/CRQ-016-nixify' not found in .

Entering 'submodules/linux-raw-sys'
----------------------------------------------------
Processing submodule:  (current directory: /mnt/data1/nix/vendor/rust/cargo2nix/submodules/linux-raw-sys)
Reflog for :
87ac5c6 HEAD@{3 days ago}: checkout: moving from main to feature/CRQ-016-nixify
e730548 HEAD@{3 days ago}: reset: moving to HEAD
e730548 HEAD@{7 days ago}: clone: from https://github.com/meta-introspector/linux-raw-sys

Branch 'feature/CRQ-016-nixify' exists in .
Current branch is 'feature/CRQ-016-nixify'.
Current HEAD is at the same commit as 'feature/CRQ-016-nixify'.

Entering 'submodules/litrs'
----------------------------------------------------
Processing submodule:  (current directory: /mnt/data1/nix/vendor/rust/cargo2nix/submodules/litrs)
Reflog for :
ca83de6 HEAD@{3 days ago}: checkout: moving from main to feature/CRQ-016-nixify
66ceed8 HEAD@{3 days ago}: reset: moving to HEAD
66ceed8 HEAD@{7 days ago}: clone: from https://github.com/meta-introspector/litrs.git

Branch 'feature/CRQ-016-nixify' exists in .
Current branch is 'feature/CRQ-016-nixify'.
Current HEAD is at the same commit as 'feature/CRQ-016-nixify'.

Entering 'submodules/log'
----------------------------------------------------
Processing submodule:  (current directory: /mnt/data1/nix/vendor/rust/cargo2nix/submodules/log)
Reflog for :
40939d8 HEAD@{3 days ago}: checkout: moving from master to feature/CRQ-016-nixify
5e39a33 HEAD@{3 days ago}: reset: moving to HEAD
5e39a33 HEAD@{7 days ago}: clone: from https://github.com/meta-introspector/log

Branch 'feature/CRQ-016-nixify' exists in .
Current branch is 'feature/CRQ-016-nixify'.
Current HEAD is at the same commit as 'feature/CRQ-016-nixify'.

Entering 'submodules/loom'
----------------------------------------------------
Processing submodule:  (current directory: /mnt/data1/nix/vendor/rust/cargo2nix/submodules/loom)
Reflog for :
db7a746 HEAD@{3 days ago}: checkout: moving from master to feature/CRQ-016-nixify
dbf32b0 HEAD@{3 days ago}: reset: moving to HEAD
dbf32b0 HEAD@{7 days ago}: clone: from https://github.com/meta-introspector/loom

Branch 'feature/CRQ-016-nixify' exists in .
Current branch is 'feature/CRQ-016-nixify'.
Current HEAD is at the same commit as 'feature/CRQ-016-nixify'.

Entering 'submodules/lru-rs'
----------------------------------------------------
Processing submodule:  (current directory: /mnt/data1/nix/vendor/rust/cargo2nix/submodules/lru-rs)
Reflog for :
de020e9 HEAD@{3 days ago}: checkout: moving from master to feature/CRQ-016-nixify
c1f843d HEAD@{3 days ago}: reset: moving to HEAD
c1f843d HEAD@{7 days ago}: clone: from https://github.com/meta-introspector/lru-rs.git

Branch 'feature/CRQ-016-nixify' exists in .
Current branch is 'feature/CRQ-016-nixify'.
Current HEAD is at the same commit as 'feature/CRQ-016-nixify'.

Entering 'submodules/lru-slab'
----------------------------------------------------
Processing submodule:  (current directory: /mnt/data1/nix/vendor/rust/cargo2nix/submodules/lru-slab)
Reflog for :
c751729 HEAD@{3 days ago}: checkout: moving from main to feature/CRQ-016-nixify
bc52d21 HEAD@{3 days ago}: reset: moving to HEAD
bc52d21 HEAD@{7 days ago}: clone: from https://github.com/meta-introspector/lru-slab

Branch 'feature/CRQ-016-nixify' exists in .
Current branch is 'feature/CRQ-016-nixify'.
Current HEAD is at the same commit as 'feature/CRQ-016-nixify'.

Entering 'submodules/macrotest'
----------------------------------------------------
Processing submodule:  (current directory: /mnt/data1/nix/vendor/rust/cargo2nix/submodules/macrotest)
Reflog for :
37cf4fa HEAD@{3 days ago}: checkout: moving from master to feature/CRQ-016-nixify
f7b8359 HEAD@{3 days ago}: reset: moving to HEAD
f7b8359 HEAD@{7 days ago}: clone: from https://github.com/meta-introspector/macrotest

Branch 'feature/CRQ-016-nixify' exists in .
Current branch is 'feature/CRQ-016-nixify'.
Current HEAD is at the same commit as 'feature/CRQ-016-nixify'.

Entering 'submodules/maplit'
----------------------------------------------------
Processing submodule:  (current directory: /mnt/data1/nix/vendor/rust/cargo2nix/submodules/maplit)
Reflog for :
ee8235b HEAD@{3 days ago}: checkout: moving from master to feature/CRQ-016-nixify
04936f7 HEAD@{3 days ago}: reset: moving to HEAD
04936f7 HEAD@{7 days ago}: clone: from https://github.com/meta-introspector/maplit.git

Branch 'feature/CRQ-016-nixify' exists in .
Current branch is 'feature/CRQ-016-nixify'.
Current HEAD is at the same commit as 'feature/CRQ-016-nixify'.

Entering 'submodules/matchers'
----------------------------------------------------
Processing submodule:  (current directory: /mnt/data1/nix/vendor/rust/cargo2nix/submodules/matchers)
Reflog for :
3598d0e HEAD@{3 days ago}: checkout: moving from main to feature/CRQ-016-nixify
a73b203 HEAD@{3 days ago}: reset: moving to HEAD
a73b203 HEAD@{7 days ago}: clone: from https://github.com/meta-introspector/matchers.git

Branch 'feature/CRQ-016-nixify' exists in .
Current branch is 'feature/CRQ-016-nixify'.
Current HEAD is at the same commit as 'feature/CRQ-016-nixify'.

Entering 'submodules/maybe-async-rs'
----------------------------------------------------
Processing submodule:  (current directory: /mnt/data1/nix/vendor/rust/cargo2nix/submodules/maybe-async-rs)
Reflog for :
676bf4a HEAD@{3 days ago}: checkout: moving from main to feature/CRQ-016-nixify
b32a817 HEAD@{3 days ago}: reset: moving to HEAD
b32a817 HEAD@{7 days ago}: clone: from https://github.com/meta-introspector/maybe-async-rs.git

Branch 'feature/CRQ-016-nixify' exists in .
Current branch is 'feature/CRQ-016-nixify'.
Current HEAD is at the same commit as 'feature/CRQ-016-nixify'.

Entering 'submodules/md5'
----------------------------------------------------
Processing submodule:  (current directory: /mnt/data1/nix/vendor/rust/cargo2nix/submodules/md5)
Reflog for :
f36c8ac HEAD@{3 days ago}: checkout: moving from f36c8ac842d4d828298d28330e507477e0836131 to feature/CRQ-016-nixify
f36c8ac HEAD@{3 days ago}: checkout: moving from main to HEAD
f36c8ac HEAD@{3 days ago}: reset: moving to HEAD
f36c8ac HEAD@{7 days ago}: clone: from https://github.com/stainless-steel/md5

Branch 'feature/CRQ-016-nixify' exists in .
Current branch is 'feature/CRQ-016-nixify'.
Current HEAD is at the same commit as 'feature/CRQ-016-nixify'.

Entering 'submodules/memchr'
----------------------------------------------------
Processing submodule:  (current directory: /mnt/data1/nix/vendor/rust/cargo2nix/submodules/memchr)
Reflog for :
21f034f HEAD@{3 days ago}: checkout: moving from master to feature/CRQ-016-nixify
1230fc5 HEAD@{3 days ago}: reset: moving to HEAD
1230fc5 HEAD@{7 days ago}: clone: from https://github.com/meta-introspector/memchr.git

Branch 'feature/CRQ-016-nixify' exists in .
Current branch is 'feature/CRQ-016-nixify'.
Current HEAD is at the same commit as 'feature/CRQ-016-nixify'.

Entering 'submodules/memmap2-rs'
----------------------------------------------------
Processing submodule:  (current directory: /mnt/data1/nix/vendor/rust/cargo2nix/submodules/memmap2-rs)
Reflog for :
dc22214 HEAD@{3 days ago}: checkout: moving from master to feature/CRQ-016-nixify
a36f67f HEAD@{3 days ago}: reset: moving to HEAD
a36f67f HEAD@{7 days ago}: clone: from https://github.com/meta-introspector/memmap2-rs

Branch 'feature/CRQ-016-nixify' exists in .
Current branch is 'feature/CRQ-016-nixify'.
Current HEAD is at the same commit as 'feature/CRQ-016-nixify'.

Entering 'submodules/memoffset'
----------------------------------------------------
Processing submodule:  (current directory: /mnt/data1/nix/vendor/rust/cargo2nix/submodules/memoffset)
Reflog for :
9a2b33b HEAD@{3 days ago}: checkout: moving from master to feature/CRQ-016-nixify
153fc3d HEAD@{3 days ago}: reset: moving to HEAD
153fc3d HEAD@{7 days ago}: clone: from https://github.com/meta-introspector/memoffset.git

Branch 'feature/CRQ-016-nixify' exists in .
Current branch is 'feature/CRQ-016-nixify'.
Current HEAD is at the same commit as 'feature/CRQ-016-nixify'.

Entering 'submodules/mime'
----------------------------------------------------
Processing submodule:  (current directory: /mnt/data1/nix/vendor/rust/cargo2nix/submodules/mime)
Reflog for :
5abc809 HEAD@{3 days ago}: checkout: moving from master to feature/CRQ-016-nixify
1ef137c HEAD@{3 days ago}: reset: moving to HEAD
1ef137c HEAD@{7 days ago}: clone: from https://github.com/meta-introspector/mime.git

Branch 'feature/CRQ-016-nixify' exists in .
Current branch is 'feature/CRQ-016-nixify'.
Current HEAD is at the same commit as 'feature/CRQ-016-nixify'.

Entering 'submodules/mime_guess'
----------------------------------------------------
Processing submodule:  (current directory: /mnt/data1/nix/vendor/rust/cargo2nix/submodules/mime_guess)
Reflog for :
3010973 HEAD@{3 days ago}: checkout: moving from master to feature/CRQ-016-nixify
90f3d09 HEAD@{3 days ago}: reset: moving to HEAD
90f3d09 HEAD@{7 days ago}: clone: from https://github.com/meta-introspector/mime_guess.git

Branch 'feature/CRQ-016-nixify' exists in .
Current branch is 'feature/CRQ-016-nixify'.
Current HEAD is at the same commit as 'feature/CRQ-016-nixify'.

Entering 'submodules/minicov'
----------------------------------------------------
Processing submodule:  (current directory: /mnt/data1/nix/vendor/rust/cargo2nix/submodules/minicov)
Reflog for :
31ed26c HEAD@{3 days ago}: checkout: moving from 31ed26cc5173df2d4bfe5361d4608e55b93122b1 to feature/CRQ-016-nixify
31ed26c HEAD@{3 days ago}: checkout: moving from master to HEAD
31ed26c HEAD@{3 days ago}: reset: moving to HEAD
31ed26c HEAD@{7 days ago}: clone: from https://github.com/Amanieu/minicov

Branch 'feature/CRQ-016-nixify' exists in .
Current branch is 'feature/CRQ-016-nixify'.
Current HEAD is at the same commit as 'feature/CRQ-016-nixify'.

Entering 'submodules/minimal-lexical'
----------------------------------------------------
Processing submodule:  (current directory: /mnt/data1/nix/vendor/rust/cargo2nix/submodules/minimal-lexical)
Reflog for :
9b5d857 HEAD@{3 days ago}: checkout: moving from main to feature/CRQ-016-nixify
cd4703a HEAD@{3 days ago}: reset: moving to HEAD
cd4703a HEAD@{7 days ago}: clone: from https://github.com/meta-introspector/minimal-lexical.git

Branch 'feature/CRQ-016-nixify' exists in .
Current branch is 'feature/CRQ-016-nixify'.
Current HEAD is at the same commit as 'feature/CRQ-016-nixify'.

Entering 'submodules/miniz_oxide'
----------------------------------------------------
Processing submodule:  (current directory: /mnt/data1/nix/vendor/rust/cargo2nix/submodules/miniz_oxide)
Reflog for :
116a303 HEAD@{3 days ago}: checkout: moving from master to feature/CRQ-016-nixify
bac1abe HEAD@{3 days ago}: reset: moving to HEAD
bac1abe HEAD@{7 days ago}: clone: from https://github.com/meta-introspector/miniz_oxide.git

Branch 'feature/CRQ-016-nixify' exists in .
Current branch is 'feature/CRQ-016-nixify'.
Current HEAD is at the same commit as 'feature/CRQ-016-nixify'.

Entering 'submodules/mio'
----------------------------------------------------
Processing submodule:  (current directory: /mnt/data1/nix/vendor/rust/cargo2nix/submodules/mio)
Reflog for :
34ece25 HEAD@{3 days ago}: checkout: moving from master to feature/CRQ-016-nixify
83b1bff HEAD@{3 days ago}: reset: moving to HEAD
83b1bff HEAD@{7 days ago}: clone: from https://github.com/meta-introspector/mio

Branch 'feature/CRQ-016-nixify' exists in .
Current branch is 'feature/CRQ-016-nixify'.
Current HEAD is at the same commit as 'feature/CRQ-016-nixify'.

Entering 'submodules/mio-aio'
----------------------------------------------------
Processing submodule:  (current directory: /mnt/data1/nix/vendor/rust/cargo2nix/submodules/mio-aio)
Reflog for :
b1fbb91 HEAD@{3 days ago}: checkout: moving from master to feature/CRQ-016-nixify
21cf644 HEAD@{3 days ago}: reset: moving to HEAD
21cf644 HEAD@{7 days ago}: clone: from https://github.com/meta-introspector/mio-aio

Branch 'feature/CRQ-016-nixify' exists in .
Current branch is 'feature/CRQ-016-nixify'.
Current HEAD is at the same commit as 'feature/CRQ-016-nixify'.

Entering 'submodules/miow'
----------------------------------------------------
Processing submodule:  (current directory: /mnt/data1/nix/vendor/rust/cargo2nix/submodules/miow)
Reflog for :
bd9f637 HEAD@{3 days ago}: checkout: moving from master to feature/CRQ-016-nixify
fdf957f HEAD@{3 days ago}: reset: moving to HEAD
fdf957f HEAD@{7 days ago}: clone: from https://github.com/meta-introspector/miow

Branch 'feature/CRQ-016-nixify' exists in .
Current branch is 'feature/CRQ-016-nixify'.
Current HEAD is at the same commit as 'feature/CRQ-016-nixify'.

Entering 'submodules/miri'
----------------------------------------------------
Processing submodule:  (current directory: /mnt/data1/nix/vendor/rust/cargo2nix/submodules/miri)
Reflog for :
96e864b81 HEAD@{3 days ago}: checkout: moving from 96e864b81a9055fa8110c7e0ec85b15a06330854 to feature/CRQ-016-nixify
96e864b81 HEAD@{3 days ago}: checkout: moving from master to HEAD
96e864b81 HEAD@{3 days ago}: reset: moving to HEAD
96e864b81 HEAD@{7 days ago}: clone: from https://github.com/rust-lang/miri

Branch 'feature/CRQ-016-nixify' exists in .
Current branch is 'feature/CRQ-016-nixify'.
Current HEAD is at the same commit as 'feature/CRQ-016-nixify'.

Entering 'submodules/mockall'
----------------------------------------------------
Processing submodule:  (current directory: /mnt/data1/nix/vendor/rust/cargo2nix/submodules/mockall)
Reflog for :
f32babb HEAD@{3 days ago}: checkout: moving from master to feature/CRQ-016-nixify
ae37861 HEAD@{3 days ago}: reset: moving to HEAD
ae37861 HEAD@{7 days ago}: clone: from https://github.com/meta-introspector/mockall

Branch 'feature/CRQ-016-nixify' exists in .
Current branch is 'feature/CRQ-016-nixify'.
Current HEAD is at the same commit as 'feature/CRQ-016-nixify'.

Entering 'submodules/msgpack-rust'
----------------------------------------------------
Processing submodule:  (current directory: /mnt/data1/nix/vendor/rust/cargo2nix/submodules/msgpack-rust)
Reflog for :
e16c4a1 HEAD@{3 days ago}: checkout: moving from master to feature/CRQ-016-nixify
09eade5 HEAD@{3 days ago}: reset: moving to HEAD
09eade5 HEAD@{7 days ago}: clone: from https://github.com/meta-introspector/msgpack-rust

Branch 'feature/CRQ-016-nixify' exists in .
Current branch is 'feature/CRQ-016-nixify'.
Current HEAD is at the same commit as 'feature/CRQ-016-nixify'.

Entering 'submodules/nghttp2-rs'
----------------------------------------------------
Processing submodule:  (current directory: /mnt/data1/nix/vendor/rust/cargo2nix/submodules/nghttp2-rs)
Reflog for :
5cbc662 HEAD@{3 days ago}: checkout: moving from main to feature/CRQ-016-nixify
38af7da HEAD@{3 days ago}: reset: moving to HEAD
38af7da HEAD@{7 days ago}: clone: from https://github.com/meta-introspector/nghttp2-rs.git

Branch 'feature/CRQ-016-nixify' exists in .
Current branch is 'feature/CRQ-016-nixify'.
Current HEAD is at the same commit as 'feature/CRQ-016-nixify'.

Entering 'submodules/nghttp2-rs/nghttp2'
----------------------------------------------------
Processing submodule:  (current directory: /mnt/data1/nix/vendor/rust/cargo2nix/submodules/nghttp2-rs/nghttp2)
Reflog for :
526ff38e HEAD@{2 hours ago}: checkout: moving from master to 526ff38e0249acbcc4d0e8958c12cdeae9960cfe
ba1747b9 HEAD@{2 hours ago}: clone: from https://github.com/nghttp2/nghttp2

Branch 'feature/CRQ-016-nixify' not found in .

Entering 'submodules/nghttp2-rs/nghttp2/tests/munit'
----------------------------------------------------
Processing submodule:  (current directory: /mnt/data1/nix/vendor/rust/cargo2nix/submodules/nghttp2-rs/nghttp2/tests/munit)
Reflog for :
7f53fea HEAD@{2 hours ago}: checkout: moving from main to 7f53fea8901089d46233302b3af35bf8be93cfc5
11e8e34 HEAD@{2 hours ago}: clone: from https://github.com/ngtcp2/munit

Branch 'feature/CRQ-016-nixify' not found in .

Entering 'submodules/nghttp2-rs/nghttp2/third-party/mruby'
----------------------------------------------------
Processing submodule:  (current directory: /mnt/data1/nix/vendor/rust/cargo2nix/submodules/nghttp2-rs/nghttp2/third-party/mruby)
Reflog for :
32279e412 HEAD@{2 hours ago}: checkout: moving from master to 32279e4128527bab4c961854b9cce727a060abea
61437126c HEAD@{2 hours ago}: clone: from https://github.com/mruby/mruby

Branch 'feature/CRQ-016-nixify' not found in .

Entering 'submodules/nghttp2-rs/nghttp2/third-party/neverbleed'
----------------------------------------------------
Processing submodule:  (current directory: /mnt/data1/nix/vendor/rust/cargo2nix/submodules/nghttp2-rs/nghttp2/third-party/neverbleed)
Reflog for :
929e470 HEAD@{2 hours ago}: checkout: moving from master to 929e470260d460dacc20a10601c2d3c7a9f386b2
f415c1f HEAD@{2 hours ago}: clone: from https://github.com/tatsuhiro-t/neverbleed.git

Branch 'feature/CRQ-016-nixify' not found in .

Entering 'submodules/nix'
----------------------------------------------------
Processing submodule:  (current directory: /mnt/data1/nix/vendor/rust/cargo2nix/submodules/nix)
Reflog for :
e365e0ae8 HEAD@{3 days ago}: checkout: moving from master to feature/CRQ-016-nixify
3a687eeb4 HEAD@{3 days ago}: reset: moving to HEAD
3a687eeb4 HEAD@{7 days ago}: clone: from https://github.com/meta-introspector/nix.git

Branch 'feature/CRQ-016-nixify' exists in .
Current branch is 'feature/CRQ-016-nixify'.
Current HEAD is at the same commit as 'feature/CRQ-016-nixify'.

Entering 'submodules/no-panic'
----------------------------------------------------
Processing submodule:  (current directory: /mnt/data1/nix/vendor/rust/cargo2nix/submodules/no-panic)
Reflog for :
d8545e9 HEAD@{3 days ago}: checkout: moving from d8545e9491bc6af49eaa670a9e30cb8e6d4e4aec to feature/CRQ-016-nixify
d8545e9 HEAD@{3 days ago}: checkout: moving from master to HEAD
d8545e9 HEAD@{3 days ago}: reset: moving to HEAD
d8545e9 HEAD@{7 days ago}: clone: from https://github.com/dtolnay/no-panic

Branch 'feature/CRQ-016-nixify' exists in .
Current branch is 'feature/CRQ-016-nixify'.
Current HEAD is at the same commit as 'feature/CRQ-016-nixify'.

Entering 'submodules/nohash-hasher'
----------------------------------------------------
Processing submodule:  (current directory: /mnt/data1/nix/vendor/rust/cargo2nix/submodules/nohash-hasher)
Reflog for :
3a8a607 HEAD@{19 hours ago}: clone: from https://github.com/paritytech/nohash-hasher

Branch 'feature/CRQ-016-nixify' not found in .

Entering 'submodules/nom'
----------------------------------------------------
Processing submodule:  (current directory: /mnt/data1/nix/vendor/rust/cargo2nix/submodules/nom)
Reflog for :
63e225d HEAD@{3 days ago}: checkout: moving from main to feature/CRQ-016-nixify
51c3c4e HEAD@{3 days ago}: reset: moving to HEAD
51c3c4e HEAD@{7 days ago}: clone: from https://github.com/meta-introspector/nom.git

Branch 'feature/CRQ-016-nixify' exists in .
Current branch is 'feature/CRQ-016-nixify'.
Current HEAD is at the same commit as 'feature/CRQ-016-nixify'.

Entering 'submodules/normalize-line-endings'
----------------------------------------------------
Processing submodule:  (current directory: /mnt/data1/nix/vendor/rust/cargo2nix/submodules/normalize-line-endings)
Reflog for :
d15d93f HEAD@{3 days ago}: checkout: moving from master to feature/CRQ-016-nixify
4616e54 HEAD@{3 days ago}: reset: moving to HEAD
4616e54 HEAD@{7 days ago}: clone: from https://github.com/meta-introspector/normalize-line-endings.git

Branch 'feature/CRQ-016-nixify' exists in .
Current branch is 'feature/CRQ-016-nixify'.
Current HEAD is at the same commit as 'feature/CRQ-016-nixify'.

Entering 'submodules/normpath'
----------------------------------------------------
Processing submodule:  (current directory: /mnt/data1/nix/vendor/rust/cargo2nix/submodules/normpath)
Reflog for :
fff8369 HEAD@{3 days ago}: checkout: moving from master to feature/CRQ-016-nixify
866a61d HEAD@{3 days ago}: reset: moving to HEAD
866a61d HEAD@{7 days ago}: clone: from https://github.com/meta-introspector/normpath.git

Branch 'feature/CRQ-016-nixify' exists in .
Current branch is 'feature/CRQ-016-nixify'.
Current HEAD is at the same commit as 'feature/CRQ-016-nixify'.

Entering 'submodules/notify'
----------------------------------------------------
Processing submodule:  (current directory: /mnt/data1/nix/vendor/rust/cargo2nix/submodules/notify)
Reflog for :
5628d64 HEAD@{3 days ago}: checkout: moving from main to feature/CRQ-016-nixify
7658aaa HEAD@{3 days ago}: reset: moving to HEAD
7658aaa HEAD@{7 days ago}: clone: from https://github.com/meta-introspector/notify.git

Branch 'feature/CRQ-016-nixify' exists in .
Current branch is 'feature/CRQ-016-nixify'.
Current HEAD is at the same commit as 'feature/CRQ-016-nixify'.

Entering 'submodules/ntapi'
----------------------------------------------------
Processing submodule:  (current directory: /mnt/data1/nix/vendor/rust/cargo2nix/submodules/ntapi)
Reflog for :
ed40b76 HEAD@{3 days ago}: checkout: moving from master to feature/CRQ-016-nixify
d925825 HEAD@{3 days ago}: reset: moving to HEAD
d925825 HEAD@{7 days ago}: clone: from https://github.com/meta-introspector/ntapi.git

Branch 'feature/CRQ-016-nixify' exists in .
Current branch is 'feature/CRQ-016-nixify'.
Current HEAD is at the same commit as 'feature/CRQ-016-nixify'.

Entering 'submodules/nu-ansi-term'
----------------------------------------------------
Processing submodule:  (current directory: /mnt/data1/nix/vendor/rust/cargo2nix/submodules/nu-ansi-term)
Reflog for :
2502c1d HEAD@{3 days ago}: checkout: moving from main to feature/CRQ-016-nixify
a23b71d HEAD@{3 days ago}: reset: moving to HEAD
a23b71d HEAD@{7 days ago}: clone: from https://github.com/meta-introspector/nu-ansi-term.git

Branch 'feature/CRQ-016-nixify' exists in .
Current branch is 'feature/CRQ-016-nixify'.
Current HEAD is at the same commit as 'feature/CRQ-016-nixify'.

Entering 'submodules/num-complex'
----------------------------------------------------
Processing submodule:  (current directory: /mnt/data1/nix/vendor/rust/cargo2nix/submodules/num-complex)
Reflog for :
12b4020 HEAD@{3 days ago}: checkout: moving from 12b40201da90d2b3b656e81651a1610b95cb10c4 to feature/CRQ-016-nixify
12b4020 HEAD@{3 days ago}: checkout: moving from master to HEAD
12b4020 HEAD@{3 days ago}: reset: moving to HEAD
12b4020 HEAD@{7 days ago}: clone: from https://github.com/rust-num/num-complex

Branch 'feature/CRQ-016-nixify' exists in .
Current branch is 'feature/CRQ-016-nixify'.
Current HEAD is at the same commit as 'feature/CRQ-016-nixify'.

Entering 'submodules/num-conv'
----------------------------------------------------
Processing submodule:  (current directory: /mnt/data1/nix/vendor/rust/cargo2nix/submodules/num-conv)
Reflog for :
89636c9 HEAD@{3 days ago}: checkout: moving from main to feature/CRQ-016-nixify
b43655f HEAD@{3 days ago}: reset: moving to HEAD
b43655f HEAD@{7 days ago}: clone: from https://github.com/meta-introspector/num-conv.git

Branch 'feature/CRQ-016-nixify' exists in .
Current branch is 'feature/CRQ-016-nixify'.
Current HEAD is at the same commit as 'feature/CRQ-016-nixify'.

Entering 'submodules/num-modular'
----------------------------------------------------
Processing submodule:  (current directory: /mnt/data1/nix/vendor/rust/cargo2nix/submodules/num-modular)
Reflog for :
8540cdd HEAD@{3 days ago}: checkout: moving from master to feature/CRQ-016-nixify
b951c79 HEAD@{3 days ago}: reset: moving to HEAD
b951c79 HEAD@{7 days ago}: clone: from https://github.com/meta-introspector/num-modular.git

Branch 'feature/CRQ-016-nixify' exists in .
Current branch is 'feature/CRQ-016-nixify'.
Current HEAD is at the same commit as 'feature/CRQ-016-nixify'.

Entering 'submodules/num-order'
----------------------------------------------------
Processing submodule:  (current directory: /mnt/data1/nix/vendor/rust/cargo2nix/submodules/num-order)
Reflog for :
c3491b0 HEAD@{3 days ago}: checkout: moving from master to feature/CRQ-016-nixify
b0a5322 HEAD@{3 days ago}: reset: moving to HEAD
b0a5322 HEAD@{7 days ago}: clone: from https://github.com/meta-introspector/num-order.git

Branch 'feature/CRQ-016-nixify' exists in .
Current branch is 'feature/CRQ-016-nixify'.
Current HEAD is at the same commit as 'feature/CRQ-016-nixify'.

Entering 'submodules/num-traits'
----------------------------------------------------
Processing submodule:  (current directory: /mnt/data1/nix/vendor/rust/cargo2nix/submodules/num-traits)
Reflog for :
0ee817c HEAD@{3 days ago}: checkout: moving from master to feature/CRQ-016-nixify
fbdc29a HEAD@{3 days ago}: reset: moving to HEAD
fbdc29a HEAD@{7 days ago}: clone: from https://github.com/meta-introspector/num-traits

Branch 'feature/CRQ-016-nixify' exists in .
Current branch is 'feature/CRQ-016-nixify'.
Current HEAD is at the same commit as 'feature/CRQ-016-nixify'.

Entering 'submodules/num_threads'
----------------------------------------------------
Processing submodule:  (current directory: /mnt/data1/nix/vendor/rust/cargo2nix/submodules/num_threads)
Reflog for :
72c5834 HEAD@{3 days ago}: checkout: moving from main to feature/CRQ-016-nixify
61a6aae HEAD@{3 days ago}: reset: moving to HEAD
61a6aae HEAD@{7 days ago}: clone: from https://github.com/meta-introspector/num_threads.git

Branch 'feature/CRQ-016-nixify' exists in .
Current branch is 'feature/CRQ-016-nixify'.
Current HEAD is at the same commit as 'feature/CRQ-016-nixify'.

Entering 'submodules/objc2'
----------------------------------------------------
Processing submodule:  (current directory: /mnt/data1/nix/vendor/rust/cargo2nix/submodules/objc2)
Reflog for :
19b9020d HEAD@{3 days ago}: checkout: moving from main to feature/CRQ-016-nixify
09f6049c HEAD@{3 days ago}: reset: moving to HEAD
09f6049c HEAD@{7 days ago}: clone: from https://github.com/meta-introspector/objc2.git

Branch 'feature/CRQ-016-nixify' exists in .
Current branch is 'feature/CRQ-016-nixify'.
Current HEAD is at the same commit as 'feature/CRQ-016-nixify'.

Entering 'submodules/objc2/generated'
----------------------------------------------------
Processing submodule:  (current directory: /mnt/data1/nix/vendor/rust/cargo2nix/submodules/objc2/generated)
Reflog for :
d8878a8 HEAD@{2 hours ago}: checkout: moving from main to d8878a84a8ec05a7cf96d132d6d57f28ab961938
d8878a8 HEAD@{2 hours ago}: clone: from https://github.com/madsmtm/objc2-generated.git

Branch 'feature/CRQ-016-nixify' not found in .

Entering 'submodules/object'
----------------------------------------------------
Processing submodule:  (current directory: /mnt/data1/nix/vendor/rust/cargo2nix/submodules/object)
Reflog for :
7475c69 HEAD@{3 days ago}: checkout: moving from master to feature/CRQ-016-nixify
abf05c6 HEAD@{3 days ago}: reset: moving to HEAD
abf05c6 HEAD@{7 days ago}: clone: from https://github.com/meta-introspector/object.git

Branch 'feature/CRQ-016-nixify' exists in .
Current branch is 'feature/CRQ-016-nixify'.
Current HEAD is at the same commit as 'feature/CRQ-016-nixify'.

Entering 'submodules/object/testfiles'
----------------------------------------------------
Processing submodule:  (current directory: /mnt/data1/nix/vendor/rust/cargo2nix/submodules/object/testfiles)
Reflog for :
7a2fbaf HEAD@{2 hours ago}: checkout: moving from master to 7a2fbafef7edbc08955a4386bf79331176eb2005
7a2fbaf HEAD@{2 hours ago}: clone: from https://github.com/gimli-rs/object-testfiles

Branch 'feature/CRQ-016-nixify' not found in .

Entering 'submodules/odds'
----------------------------------------------------
Processing submodule:  (current directory: /mnt/data1/nix/vendor/rust/cargo2nix/submodules/odds)
Reflog for :
b86b1f1 HEAD@{3 days ago}: checkout: moving from master to feature/CRQ-016-nixify
f331c32 HEAD@{3 days ago}: reset: moving to HEAD
f331c32 HEAD@{7 days ago}: clone: from https://github.com/meta-introspector/odds

Branch 'feature/CRQ-016-nixify' exists in .
Current branch is 'feature/CRQ-016-nixify'.
Current HEAD is at the same commit as 'feature/CRQ-016-nixify'.

Entering 'submodules/once_cell'
----------------------------------------------------
Processing submodule:  (current directory: /mnt/data1/nix/vendor/rust/cargo2nix/submodules/once_cell)
Reflog for :
7a5275a HEAD@{3 days ago}: checkout: moving from master to feature/CRQ-016-nixify
fda60a6 HEAD@{3 days ago}: reset: moving to HEAD
fda60a6 HEAD@{7 days ago}: clone: from https://github.com/meta-introspector/once_cell.git

Branch 'feature/CRQ-016-nixify' exists in .
Current branch is 'feature/CRQ-016-nixify'.
Current HEAD is at the same commit as 'feature/CRQ-016-nixify'.

Entering 'submodules/once_cell_polyfill'
----------------------------------------------------
Processing submodule:  (current directory: /mnt/data1/nix/vendor/rust/cargo2nix/submodules/once_cell_polyfill)
Reflog for :
3c8d86b HEAD@{3 days ago}: checkout: moving from main-v1.56 to feature/CRQ-016-nixify
06c241c HEAD@{3 days ago}: reset: moving to HEAD
06c241c HEAD@{7 days ago}: clone: from https://github.com/meta-introspector/once_cell_polyfill

Branch 'feature/CRQ-016-nixify' exists in .
Current branch is 'feature/CRQ-016-nixify'.
Current HEAD is at the same commit as 'feature/CRQ-016-nixify'.

Entering 'submodules/oorandom'
----------------------------------------------------
Processing submodule:  (current directory: /mnt/data1/nix/vendor/rust/cargo2nix/submodules/oorandom)
Reflog for :
6064f04 HEAD@{3 days ago}: checkout: moving from main to feature/CRQ-016-nixify
08d6ec4 HEAD@{3 days ago}: reset: moving to HEAD
08d6ec4 HEAD@{7 days ago}: clone: from https://github.com/meta-introspector/oorandom

Branch 'feature/CRQ-016-nixify' exists in .
Current branch is 'feature/CRQ-016-nixify'.
Current HEAD is at the same commit as 'feature/CRQ-016-nixify'.

Entering 'submodules/open-rs'
----------------------------------------------------
Processing submodule:  (current directory: /mnt/data1/nix/vendor/rust/cargo2nix/submodules/open-rs)
Reflog for :
649334a HEAD@{3 days ago}: checkout: moving from main to feature/CRQ-016-nixify
335146b HEAD@{3 days ago}: reset: moving to HEAD
335146b HEAD@{7 days ago}: clone: from https://github.com/meta-introspector/open-rs.git

Branch 'feature/CRQ-016-nixify' exists in .
Current branch is 'feature/CRQ-016-nixify'.
Current HEAD is at the same commit as 'feature/CRQ-016-nixify'.

Entering 'submodules/opener'
----------------------------------------------------
Processing submodule:  (current directory: /mnt/data1/nix/vendor/rust/cargo2nix/submodules/opener)
Reflog for :
893492f HEAD@{3 days ago}: checkout: moving from master to feature/CRQ-016-nixify
5e0800d HEAD@{3 days ago}: reset: moving to HEAD
5e0800d HEAD@{7 days ago}: clone: from https://github.com/meta-introspector/opener

Branch 'feature/CRQ-016-nixify' exists in .
Current branch is 'feature/CRQ-016-nixify'.
Current HEAD is at the same commit as 'feature/CRQ-016-nixify'.

Entering 'submodules/openssl-probe'
----------------------------------------------------
Processing submodule:  (current directory: /mnt/data1/nix/vendor/rust/cargo2nix/submodules/openssl-probe)
Reflog for :
4279d22 HEAD@{3 days ago}: checkout: moving from main to feature/CRQ-016-nixify
4221247 HEAD@{3 days ago}: reset: moving to HEAD
4221247 HEAD@{7 days ago}: clone: from https://github.com/meta-introspector/openssl-probe.git

Branch 'feature/CRQ-016-nixify' exists in .
Current branch is 'feature/CRQ-016-nixify'.
Current HEAD is at the same commit as 'feature/CRQ-016-nixify'.

Entering 'submodules/openssl-src-rs'
----------------------------------------------------
Processing submodule:  (current directory: /mnt/data1/nix/vendor/rust/cargo2nix/submodules/openssl-src-rs)
Reflog for :
fad5fea HEAD@{3 days ago}: checkout: moving from main to feature/CRQ-016-nixify
2df3b3f HEAD@{3 days ago}: reset: moving to HEAD
2df3b3f HEAD@{7 days ago}: clone: from https://github.com/meta-introspector/openssl-src-rs.git

Branch 'feature/CRQ-016-nixify' exists in .
Current branch is 'feature/CRQ-016-nixify'.
Current HEAD is at the same commit as 'feature/CRQ-016-nixify'.

Entering 'submodules/openssl-src-rs/openssl'
----------------------------------------------------
Processing submodule:  (current directory: /mnt/data1/nix/vendor/rust/cargo2nix/submodules/openssl-src-rs/openssl)
Reflog for :
c1eeb9406b HEAD@{2 hours ago}: checkout: moving from master to c1eeb9406b6142148f267594197d853403d10208
ed00444368 HEAD@{2 hours ago}: clone: from https://github.com/openssl/openssl

Branch 'feature/CRQ-016-nixify' not found in .

Entering 'submodules/openssl-src-rs/openssl/cloudflare-quiche'
----------------------------------------------------
Processing submodule:  (current directory: /mnt/data1/nix/vendor/rust/cargo2nix/submodules/openssl-src-rs/openssl/cloudflare-quiche)
Reflog for :
7ab6a55c HEAD@{2 hours ago}: checkout: moving from master to 7ab6a55cfe471267d61e4d28ba43d41defcd87e0
aecfd90a HEAD@{2 hours ago}: clone: from https://github.com/cloudflare/quiche

Branch 'feature/CRQ-016-nixify' not found in .

Entering 'submodules/openssl-src-rs/openssl/cloudflare-quiche/quiche/deps/boringssl'
----------------------------------------------------
Processing submodule:  (current directory: /mnt/data1/nix/vendor/rust/cargo2nix/submodules/openssl-src-rs/openssl/cloudflare-quiche/quiche/deps/boringssl)
Reflog for :
f1c75347d HEAD@{2 hours ago}: checkout: moving from main to f1c75347daa2ea81a941e953f2263e0a4d970c8d
b94d71f87 HEAD@{2 hours ago}: clone: from https://github.com/google/boringssl.git

Branch 'feature/CRQ-016-nixify' not found in .

Entering 'submodules/openssl-src-rs/openssl/fuzz/corpora'
----------------------------------------------------
Processing submodule:  (current directory: /mnt/data1/nix/vendor/rust/cargo2nix/submodules/openssl-src-rs/openssl/fuzz/corpora)
Reflog for :
ce771805 HEAD@{2 hours ago}: checkout: moving from main to ce771805c094d098c25a218bc8e9f7344eccbc5a
ce771805 HEAD@{2 hours ago}: clone: from https://github.com/openssl/fuzz-corpora

Branch 'feature/CRQ-016-nixify' not found in .

Entering 'submodules/openssl-src-rs/openssl/gost-engine'
----------------------------------------------------
Processing submodule:  (current directory: /mnt/data1/nix/vendor/rust/cargo2nix/submodules/openssl-src-rs/openssl/gost-engine)
Reflog for :
74b1f4f HEAD@{2 hours ago}: checkout: moving from master to 74b1f4fddbc2d6de969815b1992ddc1ae7c643fe
36ce16f HEAD@{2 hours ago}: clone: from https://github.com/gost-engine/engine

Branch 'feature/CRQ-016-nixify' not found in .

Entering 'submodules/openssl-src-rs/openssl/gost-engine/libprov'
----------------------------------------------------
Processing submodule:  (current directory: /mnt/data1/nix/vendor/rust/cargo2nix/submodules/openssl-src-rs/openssl/gost-engine/libprov)
Reflog for :
0b445c7 HEAD@{2 hours ago}: checkout: moving from main to 0b445c73ae1e87577430c6884cdeeca1afa36dbd
d5d381f HEAD@{2 hours ago}: clone: from https://github.com/provider-corner/libprov.git

Branch 'feature/CRQ-016-nixify' not found in .

Entering 'submodules/openssl-src-rs/openssl/krb5'
----------------------------------------------------
Processing submodule:  (current directory: /mnt/data1/nix/vendor/rust/cargo2nix/submodules/openssl-src-rs/openssl/krb5)
Reflog for :
784c38f50 HEAD@{2 hours ago}: checkout: moving from master to 784c38f50e70a739400cdd3f2620bac2e2788e6c
fb83387bb HEAD@{2 hours ago}: clone: from https://github.com/krb5/krb5

Branch 'feature/CRQ-016-nixify' not found in .

Entering 'submodules/openssl-src-rs/openssl/oqs-provider'
----------------------------------------------------
Processing submodule:  (current directory: /mnt/data1/nix/vendor/rust/cargo2nix/submodules/openssl-src-rs/openssl/oqs-provider)
Reflog for :
7bc597c HEAD@{2 hours ago}: checkout: moving from main to 7bc597c04b534ddea9b6654481deb31ded8e1bbc
7200b2c HEAD@{2 hours ago}: clone: from https://github.com/open-quantum-safe/oqs-provider.git

Branch 'feature/CRQ-016-nixify' not found in .

Entering 'submodules/openssl-src-rs/openssl/pkcs11-provider'
----------------------------------------------------
Processing submodule:  (current directory: /mnt/data1/nix/vendor/rust/cargo2nix/submodules/openssl-src-rs/openssl/pkcs11-provider)
Reflog for :
898b107 HEAD@{2 hours ago}: checkout: moving from main to 898b1079d95453dc5d0f378dd15a75b99252caf3
4889db0 HEAD@{2 hours ago}: clone: from https://github.com/latchset/pkcs11-provider.git

Branch 'feature/CRQ-016-nixify' not found in .

Entering 'submodules/openssl-src-rs/openssl/pkcs11-provider/python-ecdsa'
----------------------------------------------------
Processing submodule:  (current directory: /mnt/data1/nix/vendor/rust/cargo2nix/submodules/openssl-src-rs/openssl/pkcs11-provider/python-ecdsa)
Reflog for :
ea96669 HEAD@{2 hours ago}: checkout: moving from master to ea9666903c109a8e88a37eb1c60d4e98f01f0299
55aca78 HEAD@{2 hours ago}: clone: from https://github.com/tlsfuzzer/python-ecdsa.git

Branch 'feature/CRQ-016-nixify' not found in .

Entering 'submodules/openssl-src-rs/openssl/pkcs11-provider/tlsfuzzer'
----------------------------------------------------
Processing submodule:  (current directory: /mnt/data1/nix/vendor/rust/cargo2nix/submodules/openssl-src-rs/openssl/pkcs11-provider/tlsfuzzer)
Reflog for :
32fcb0d HEAD@{2 hours ago}: checkout: moving from master to 32fcb0d8e78fd9ffc4568d11ba5916936a46af8c
96c42ae HEAD@{2 hours ago}: clone: from https://github.com/tlsfuzzer/tlsfuzzer.git

Branch 'feature/CRQ-016-nixify' not found in .

Entering 'submodules/openssl-src-rs/openssl/pkcs11-provider/tlslite-ng'
----------------------------------------------------
Processing submodule:  (current directory: /mnt/data1/nix/vendor/rust/cargo2nix/submodules/openssl-src-rs/openssl/pkcs11-provider/tlslite-ng)
Reflog for :
4e16574 HEAD@{2 hours ago}: checkout: moving from master to 4e16574d7c52f17c81c3f5e0aa547776a67fdf8e
02d1506 HEAD@{2 hours ago}: clone: from https://github.com/tlsfuzzer/tlslite-ng.git

Branch 'feature/CRQ-016-nixify' not found in .

Entering 'submodules/openssl-src-rs/openssl/pyca-cryptography'
----------------------------------------------------
Processing submodule:  (current directory: /mnt/data1/nix/vendor/rust/cargo2nix/submodules/openssl-src-rs/openssl/pyca-cryptography)
Reflog for :
7e33b0e77 HEAD@{2 hours ago}: checkout: moving from main to 7e33b0e7739d633c77b8c478620167f693ed13f4
41dc8bc47 HEAD@{2 hours ago}: clone: from https://github.com/pyca/cryptography.git

Branch 'feature/CRQ-016-nixify' not found in .

Entering 'submodules/openssl-src-rs/openssl/python-ecdsa'
----------------------------------------------------
Processing submodule:  (current directory: /mnt/data1/nix/vendor/rust/cargo2nix/submodules/openssl-src-rs/openssl/python-ecdsa)
Reflog for :
4096fa0 HEAD@{2 hours ago}: checkout: moving from master to 4096fa01715929e08b97e73f3173aee9d57f2a3f
55aca78 HEAD@{2 hours ago}: clone: from https://github.com/tlsfuzzer/python-ecdsa

Branch 'feature/CRQ-016-nixify' not found in .

Entering 'submodules/openssl-src-rs/openssl/tlsfuzzer'
----------------------------------------------------
Processing submodule:  (current directory: /mnt/data1/nix/vendor/rust/cargo2nix/submodules/openssl-src-rs/openssl/tlsfuzzer)
Reflog for :
61f45d9 HEAD@{2 hours ago}: checkout: moving from master to 61f45d9701294fd87ef92d2a7e3dfb076653a562
96c42ae HEAD@{2 hours ago}: clone: from https://github.com/tlsfuzzer/tlsfuzzer

Branch 'feature/CRQ-016-nixify' not found in .

Entering 'submodules/openssl-src-rs/openssl/tlslite-ng'
----------------------------------------------------
Processing submodule:  (current directory: /mnt/data1/nix/vendor/rust/cargo2nix/submodules/openssl-src-rs/openssl/tlslite-ng)
Reflog for :
77ef321 HEAD@{2 hours ago}: checkout: moving from master to 77ef321dde1a9e6bcf94d73c80f8789a770d8031
02d1506 HEAD@{2 hours ago}: clone: from https://github.com/tlsfuzzer/tlslite-ng

Branch 'feature/CRQ-016-nixify' not found in .

Entering 'submodules/openssl-src-rs/openssl/wycheproof'
----------------------------------------------------
Processing submodule:  (current directory: /mnt/data1/nix/vendor/rust/cargo2nix/submodules/openssl-src-rs/openssl/wycheproof)
Reflog for :
2196000 HEAD@{2 hours ago}: checkout: moving from main to 2196000605e45d91097147c9c71f26b72af58003
e3c37e9 HEAD@{2 hours ago}: clone: from https://github.com/google/wycheproof

Branch 'feature/CRQ-016-nixify' not found in .

Entering 'submodules/option_set'
----------------------------------------------------
Processing submodule:  (current directory: /mnt/data1/nix/vendor/rust/cargo2nix/submodules/option_set)
Reflog for :
ba15290 HEAD@{3 days ago}: checkout: moving from master to feature/CRQ-016-nixify
1ab7dee HEAD@{3 days ago}: reset: moving to HEAD
1ab7dee HEAD@{7 days ago}: clone: from https://github.com/meta-introspector/option_set.git

Branch 'feature/CRQ-016-nixify' exists in .
Current branch is 'feature/CRQ-016-nixify'.
Current HEAD is at the same commit as 'feature/CRQ-016-nixify'.

Entering 'submodules/ordered-float'
----------------------------------------------------
Processing submodule:  (current directory: /mnt/data1/nix/vendor/rust/cargo2nix/submodules/ordered-float)
Reflog for :
25da208 HEAD@{19 hours ago}: clone: from https://github.com/reem/rust-ordered-float

Branch 'feature/CRQ-016-nixify' not found in .

Entering 'submodules/ordered-multimap-rs'
----------------------------------------------------
Processing submodule:  (current directory: /mnt/data1/nix/vendor/rust/cargo2nix/submodules/ordered-multimap-rs)
Reflog for :
4c939e4 HEAD@{3 days ago}: checkout: moving from 4c939e479c01da195f4a4ca7d8a59c4da0f325b0 to feature/CRQ-016-nixify
4c939e4 HEAD@{3 days ago}: checkout: moving from master to HEAD
4c939e4 HEAD@{3 days ago}: reset: moving to HEAD
4c939e4 HEAD@{7 days ago}: clone: from https://github.com/sgodwincs/ordered-multimap-rs

Branch 'feature/CRQ-016-nixify' exists in .
Current branch is 'feature/CRQ-016-nixify'.
Current HEAD is at the same commit as 'feature/CRQ-016-nixify'.

Entering 'submodules/orion'
----------------------------------------------------
Processing submodule:  (current directory: /mnt/data1/nix/vendor/rust/cargo2nix/submodules/orion)
Reflog for :
dd95d71 HEAD@{3 days ago}: checkout: moving from master to feature/CRQ-016-nixify
419f169 HEAD@{3 days ago}: reset: moving to HEAD
419f169 HEAD@{7 days ago}: clone: from https://github.com/meta-introspector/orion

Branch 'feature/CRQ-016-nixify' exists in .
Current branch is 'feature/CRQ-016-nixify'.
Current HEAD is at the same commit as 'feature/CRQ-016-nixify'.

Entering 'submodules/os_info'
----------------------------------------------------
Processing submodule:  (current directory: /mnt/data1/nix/vendor/rust/cargo2nix/submodules/os_info)
Reflog for :
bf40b3a HEAD@{3 days ago}: checkout: moving from master to feature/CRQ-016-nixify
ac803e4 HEAD@{3 days ago}: reset: moving to HEAD
ac803e4 HEAD@{7 days ago}: clone: from https://github.com/meta-introspector/os_info

Branch 'feature/CRQ-016-nixify' exists in .
Current branch is 'feature/CRQ-016-nixify'.
Current HEAD is at the same commit as 'feature/CRQ-016-nixify'.

Entering 'submodules/os_str_bytes'
----------------------------------------------------
Processing submodule:  (current directory: /mnt/data1/nix/vendor/rust/cargo2nix/submodules/os_str_bytes)
Reflog for :
590270d HEAD@{3 days ago}: checkout: moving from master to feature/CRQ-016-nixify
8c56412 HEAD@{3 days ago}: reset: moving to HEAD
8c56412 HEAD@{7 days ago}: clone: from https://github.com/meta-introspector/os_str_bytes.git

Branch 'feature/CRQ-016-nixify' exists in .
Current branch is 'feature/CRQ-016-nixify'.
Current HEAD is at the same commit as 'feature/CRQ-016-nixify'.

Entering 'submodules/parking'
----------------------------------------------------
Processing submodule:  (current directory: /mnt/data1/nix/vendor/rust/cargo2nix/submodules/parking)
Reflog for :
a677555 HEAD@{3 days ago}: checkout: moving from master to feature/CRQ-016-nixify
cedb188 HEAD@{3 days ago}: reset: moving to HEAD
cedb188 HEAD@{7 days ago}: clone: from https://github.com/meta-introspector/parking

Branch 'feature/CRQ-016-nixify' exists in .
Current branch is 'feature/CRQ-016-nixify'.
Current HEAD is at the same commit as 'feature/CRQ-016-nixify'.

Entering 'submodules/parking_lot'
----------------------------------------------------
Processing submodule:  (current directory: /mnt/data1/nix/vendor/rust/cargo2nix/submodules/parking_lot)
Reflog for :
c27bcb6 HEAD@{3 days ago}: checkout: moving from master to feature/CRQ-016-nixify
0ffab0c HEAD@{3 days ago}: reset: moving to HEAD
0ffab0c HEAD@{7 days ago}: clone: from https://github.com/meta-introspector/parking_lot.git

Branch 'feature/CRQ-016-nixify' exists in .
Current branch is 'feature/CRQ-016-nixify'.
Current HEAD is at the same commit as 'feature/CRQ-016-nixify'.

Entering 'submodules/parse-zoneinfo'
----------------------------------------------------
Processing submodule:  (current directory: /mnt/data1/nix/vendor/rust/cargo2nix/submodules/parse-zoneinfo)
Reflog for :
64c3e4d HEAD@{19 hours ago}: checkout: moving from main to main
64c3e4d HEAD@{19 hours ago}: clone: from https://github.com/chronotope/chrono-tz

Branch 'feature/CRQ-016-nixify' not found in .

Entering 'submodules/parse-zoneinfo/chrono-tz/tz'
----------------------------------------------------
Processing submodule:  (current directory: /mnt/data1/nix/vendor/rust/cargo2nix/submodules/parse-zoneinfo/chrono-tz/tz)
Reflog for :
7e1145bf HEAD@{2 hours ago}: checkout: moving from main to 7e1145bfdb9630c127841dc8ce808a937a300938
7bfdf96c HEAD@{2 hours ago}: clone: from https://github.com/eggert/tz

Branch 'feature/CRQ-016-nixify' not found in .

Entering 'submodules/partial_ref'
----------------------------------------------------
Processing submodule:  (current directory: /mnt/data1/nix/vendor/rust/cargo2nix/submodules/partial_ref)
Reflog for :
20f9d9c HEAD@{3 days ago}: checkout: moving from main to feature/CRQ-016-nixify
9d98d2d HEAD@{3 days ago}: reset: moving to HEAD
9d98d2d HEAD@{7 days ago}: clone: from https://github.com/meta-introspector/partial_ref.git

Branch 'feature/CRQ-016-nixify' exists in .
Current branch is 'feature/CRQ-016-nixify'.
Current HEAD is at the same commit as 'feature/CRQ-016-nixify'.

Entering 'submodules/pasetors'
----------------------------------------------------
Processing submodule:  (current directory: /mnt/data1/nix/vendor/rust/cargo2nix/submodules/pasetors)
Reflog for :
3292390 HEAD@{3 days ago}: checkout: moving from master to feature/CRQ-016-nixify
d86bb42 HEAD@{3 days ago}: reset: moving to HEAD
d86bb42 HEAD@{7 days ago}: clone: from https://github.com/meta-introspector/pasetors.git

Branch 'feature/CRQ-016-nixify' exists in .
Current branch is 'feature/CRQ-016-nixify'.
Current HEAD is at the same commit as 'feature/CRQ-016-nixify'.

Entering 'submodules/paste'
----------------------------------------------------
Processing submodule:  (current directory: /mnt/data1/nix/vendor/rust/cargo2nix/submodules/paste)
Reflog for :
90c0bcb HEAD@{3 days ago}: checkout: moving from master to feature/CRQ-016-nixify
6a30252 HEAD@{3 days ago}: reset: moving to HEAD
6a30252 HEAD@{7 days ago}: clone: from https://github.com/meta-introspector/paste.git

Branch 'feature/CRQ-016-nixify' exists in .
Current branch is 'feature/CRQ-016-nixify'.
Current HEAD is at the same commit as 'feature/CRQ-016-nixify'.

Entering 'submodules/pathdiff'
----------------------------------------------------
Processing submodule:  (current directory: /mnt/data1/nix/vendor/rust/cargo2nix/submodules/pathdiff)
Reflog for :
cec9de6 HEAD@{3 days ago}: checkout: moving from master to feature/CRQ-016-nixify
bf1ea6a HEAD@{3 days ago}: reset: moving to HEAD
bf1ea6a HEAD@{7 days ago}: clone: from https://github.com/meta-introspector/pathdiff.git

Branch 'feature/CRQ-016-nixify' exists in .
Current branch is 'feature/CRQ-016-nixify'.
Current HEAD is at the same commit as 'feature/CRQ-016-nixify'.

Entering 'submodules/permutohedron'
----------------------------------------------------
Processing submodule:  (current directory: /mnt/data1/nix/vendor/rust/cargo2nix/submodules/permutohedron)
Reflog for :
959b198 HEAD@{3 days ago}: checkout: moving from master to feature/CRQ-016-nixify
5d993c3 HEAD@{3 days ago}: reset: moving to HEAD
5d993c3 HEAD@{7 days ago}: clone: from https://github.com/meta-introspector/permutohedron.git

Branch 'feature/CRQ-016-nixify' exists in .
Current branch is 'feature/CRQ-016-nixify'.
Current HEAD is at the same commit as 'feature/CRQ-016-nixify'.

Entering 'submodules/pest'
----------------------------------------------------
Processing submodule:  (current directory: /mnt/data1/nix/vendor/rust/cargo2nix/submodules/pest)
Reflog for :
fa2bd70 HEAD@{3 days ago}: checkout: moving from master to feature/CRQ-016-nixify
79fbb67 HEAD@{3 days ago}: reset: moving to HEAD
79fbb67 HEAD@{7 days ago}: clone: from https://github.com/meta-introspector/pest

Branch 'feature/CRQ-016-nixify' exists in .
Current branch is 'feature/CRQ-016-nixify'.
Current HEAD is at the same commit as 'feature/CRQ-016-nixify'.

Entering 'submodules/petgraph'
----------------------------------------------------
Processing submodule:  (current directory: /mnt/data1/nix/vendor/rust/cargo2nix/submodules/petgraph)
Reflog for :
8b6ef46 HEAD@{3 days ago}: checkout: moving from master to feature/CRQ-016-nixify
1629035 HEAD@{3 days ago}: reset: moving to HEAD
1629035 HEAD@{7 days ago}: clone: from https://github.com/meta-introspector/petgraph

Branch 'feature/CRQ-016-nixify' exists in .
Current branch is 'feature/CRQ-016-nixify'.
Current HEAD is at the same commit as 'feature/CRQ-016-nixify'.

Entering 'submodules/phf_codegen'
----------------------------------------------------
Processing submodule:  (current directory: /mnt/data1/nix/vendor/rust/cargo2nix/submodules/phf_codegen)
Reflog for :
6661843 HEAD@{19 hours ago}: checkout: moving from main to main
6661843 HEAD@{19 hours ago}: clone: from https://github.com/rust-phf/rust-phf

Branch 'feature/CRQ-016-nixify' not found in .

Entering 'submodules/phf_generator'
----------------------------------------------------
Processing submodule:  (current directory: /mnt/data1/nix/vendor/rust/cargo2nix/submodules/phf_generator)
Reflog for :
6661843 HEAD@{19 hours ago}: checkout: moving from main to main
6661843 HEAD@{19 hours ago}: clone: from https://github.com/rust-phf/rust-phf

Branch 'feature/CRQ-016-nixify' not found in .

Entering 'submodules/pin-project'
----------------------------------------------------
Processing submodule:  (current directory: /mnt/data1/nix/vendor/rust/cargo2nix/submodules/pin-project)
Reflog for :
dec8bd2 HEAD@{3 days ago}: checkout: moving from main to feature/CRQ-016-nixify
7a68575 HEAD@{3 days ago}: reset: moving to HEAD
7a68575 HEAD@{7 days ago}: clone: from https://github.com/meta-introspector/pin-project

Branch 'feature/CRQ-016-nixify' exists in .
Current branch is 'feature/CRQ-016-nixify'.
Current HEAD is at the same commit as 'feature/CRQ-016-nixify'.

Entering 'submodules/pin-project-lite'
----------------------------------------------------
Processing submodule:  (current directory: /mnt/data1/nix/vendor/rust/cargo2nix/submodules/pin-project-lite)
Reflog for :
b435014 HEAD@{3 days ago}: checkout: moving from main to feature/CRQ-016-nixify
b62048f HEAD@{3 days ago}: reset: moving to HEAD
b62048f HEAD@{7 days ago}: clone: from https://github.com/meta-introspector/pin-project-lite

Branch 'feature/CRQ-016-nixify' exists in .
Current branch is 'feature/CRQ-016-nixify'.
Current HEAD is at the same commit as 'feature/CRQ-016-nixify'.

Entering 'submodules/pin-utils'
----------------------------------------------------
Processing submodule:  (current directory: /mnt/data1/nix/vendor/rust/cargo2nix/submodules/pin-utils)
Reflog for :
a280866 HEAD@{3 days ago}: checkout: moving from master to feature/CRQ-016-nixify
c635c0c HEAD@{3 days ago}: reset: moving to HEAD
c635c0c HEAD@{7 days ago}: clone: from https://github.com/meta-introspector/pin-utils

Branch 'feature/CRQ-016-nixify' exists in .
Current branch is 'feature/CRQ-016-nixify'.
Current HEAD is at the same commit as 'feature/CRQ-016-nixify'.

Entering 'submodules/piper'
----------------------------------------------------
Processing submodule:  (current directory: /mnt/data1/nix/vendor/rust/cargo2nix/submodules/piper)
Reflog for :
a8bf58e HEAD@{3 days ago}: checkout: moving from main to feature/CRQ-016-nixify
3d62a59 HEAD@{3 days ago}: reset: moving to HEAD
3d62a59 HEAD@{7 days ago}: clone: from https://github.com/meta-introspector/piper

Branch 'feature/CRQ-016-nixify' exists in .
Current branch is 'feature/CRQ-016-nixify'.
Current HEAD is at the same commit as 'feature/CRQ-016-nixify'.

Entering 'submodules/pkg-config-rs'
----------------------------------------------------
Processing submodule:  (current directory: /mnt/data1/nix/vendor/rust/cargo2nix/submodules/pkg-config-rs)
Reflog for :
3653dfa HEAD@{3 days ago}: checkout: moving from master to feature/CRQ-016-nixify
057321c HEAD@{3 days ago}: reset: moving to HEAD
057321c HEAD@{7 days ago}: clone: from https://github.com/meta-introspector/pkg-config-rs

Branch 'feature/CRQ-016-nixify' exists in .
Current branch is 'feature/CRQ-016-nixify'.
Current HEAD is at the same commit as 'feature/CRQ-016-nixify'.

Entering 'submodules/pki-types'
----------------------------------------------------
Processing submodule:  (current directory: /mnt/data1/nix/vendor/rust/cargo2nix/submodules/pki-types)
Reflog for :
85db974 HEAD@{3 days ago}: checkout: moving from main to feature/CRQ-016-nixify
779560d HEAD@{3 days ago}: reset: moving to HEAD
779560d HEAD@{7 days ago}: clone: from https://github.com/meta-introspector/pki-types

Branch 'feature/CRQ-016-nixify' exists in .
Current branch is 'feature/CRQ-016-nixify'.
Current HEAD is at the same commit as 'feature/CRQ-016-nixify'.

Entering 'submodules/plotters'
----------------------------------------------------
Processing submodule:  (current directory: /mnt/data1/nix/vendor/rust/cargo2nix/submodules/plotters)
Reflog for :
8b63630 HEAD@{3 days ago}: checkout: moving from master to feature/CRQ-016-nixify
0f195ea HEAD@{3 days ago}: reset: moving to HEAD
0f195ea HEAD@{7 days ago}: clone: from https://github.com/meta-introspector/plotters

Branch 'feature/CRQ-016-nixify' exists in .
Current branch is 'feature/CRQ-016-nixify'.
Current HEAD is at the same commit as 'feature/CRQ-016-nixify'.

Entering 'submodules/plotters/plotters/plotters-doc-data'
----------------------------------------------------
Processing submodule:  (current directory: /mnt/data1/nix/vendor/rust/cargo2nix/submodules/plotters/plotters/plotters-doc-data)
Reflog for :
0d6c742 HEAD@{2 hours ago}: checkout: moving from master to 0d6c742decbebed5b92bd85c6defa279da48cbef
2b8ba75 HEAD@{2 hours ago}: clone: from https://github.com/38/plotters-doc-data

Branch 'feature/CRQ-016-nixify' not found in .

Entering 'submodules/polling'
----------------------------------------------------
Processing submodule:  (current directory: /mnt/data1/nix/vendor/rust/cargo2nix/submodules/polling)
Reflog for :
1e9972d HEAD@{3 days ago}: checkout: moving from master to feature/CRQ-016-nixify
f404d08 HEAD@{3 days ago}: reset: moving to HEAD
f404d08 HEAD@{7 days ago}: clone: from https://github.com/meta-introspector/polling

Branch 'feature/CRQ-016-nixify' exists in .
Current branch is 'feature/CRQ-016-nixify'.
Current HEAD is at the same commit as 'feature/CRQ-016-nixify'.

Entering 'submodules/portable-atomic'
----------------------------------------------------
Processing submodule:  (current directory: /mnt/data1/nix/vendor/rust/cargo2nix/submodules/portable-atomic)
Reflog for :
4b20096 HEAD@{3 days ago}: checkout: moving from main to feature/CRQ-016-nixify
8cc76fa HEAD@{3 days ago}: reset: moving to HEAD
8cc76fa HEAD@{7 days ago}: clone: from https://github.com/meta-introspector/portable-atomic

Branch 'feature/CRQ-016-nixify' exists in .
Current branch is 'feature/CRQ-016-nixify'.
Current HEAD is at the same commit as 'feature/CRQ-016-nixify'.

Entering 'submodules/portable-simd'
----------------------------------------------------
Processing submodule:  (current directory: /mnt/data1/nix/vendor/rust/cargo2nix/submodules/portable-simd)
Reflog for :
8ce88bcb HEAD@{3 days ago}: checkout: moving from 8ce88bcb509e1f7d7b6b76724a6fcb827d9a78ac to feature/CRQ-016-nixify
8ce88bcb HEAD@{3 days ago}: checkout: moving from master to HEAD
8ce88bcb HEAD@{3 days ago}: reset: moving to HEAD
8ce88bcb HEAD@{7 days ago}: clone: from https://github.com/rust-lang/portable-simd

Branch 'feature/CRQ-016-nixify' exists in .
Current branch is 'feature/CRQ-016-nixify'.
Current HEAD is at the same commit as 'feature/CRQ-016-nixify'.

Entering 'submodules/postcard'
----------------------------------------------------
Processing submodule:  (current directory: /mnt/data1/nix/vendor/rust/cargo2nix/submodules/postcard)
Reflog for :
2184723 HEAD@{3 days ago}: checkout: moving from main to feature/CRQ-016-nixify
07b436d HEAD@{3 days ago}: reset: moving to HEAD
07b436d HEAD@{7 days ago}: clone: from https://github.com/meta-introspector/postcard

Branch 'feature/CRQ-016-nixify' exists in .
Current branch is 'feature/CRQ-016-nixify'.
Current HEAD is at the same commit as 'feature/CRQ-016-nixify'.

Entering 'submodules/powerfmt'
----------------------------------------------------
Processing submodule:  (current directory: /mnt/data1/nix/vendor/rust/cargo2nix/submodules/powerfmt)
Reflog for :
a6f7fba HEAD@{3 days ago}: checkout: moving from main to feature/CRQ-016-nixify
43de4a6 HEAD@{3 days ago}: reset: moving to HEAD
43de4a6 HEAD@{7 days ago}: clone: from https://github.com/meta-introspector/powerfmt.git

Branch 'feature/CRQ-016-nixify' exists in .
Current branch is 'feature/CRQ-016-nixify'.
Current HEAD is at the same commit as 'feature/CRQ-016-nixify'.

Entering 'submodules/prettyplease'
----------------------------------------------------
Processing submodule:  (current directory: /mnt/data1/nix/vendor/rust/cargo2nix/submodules/prettyplease)
Reflog for :
8094f8d HEAD@{3 days ago}: checkout: moving from master to feature/CRQ-016-nixify
d5239de HEAD@{3 days ago}: reset: moving to HEAD
d5239de HEAD@{7 days ago}: clone: from https://github.com/meta-introspector/prettyplease.git

Branch 'feature/CRQ-016-nixify' exists in .
Current branch is 'feature/CRQ-016-nixify'.
Current HEAD is at the same commit as 'feature/CRQ-016-nixify'.

Entering 'submodules/proc-macro-crate'
----------------------------------------------------
Processing submodule:  (current directory: /mnt/data1/nix/vendor/rust/cargo2nix/submodules/proc-macro-crate)
Reflog for :
b430d1c HEAD@{3 days ago}: checkout: moving from master to feature/CRQ-016-nixify
0f9a4ec HEAD@{3 days ago}: reset: moving to HEAD
0f9a4ec HEAD@{7 days ago}: clone: from https://github.com/meta-introspector/proc-macro-crate

Branch 'feature/CRQ-016-nixify' exists in .
Current branch is 'feature/CRQ-016-nixify'.
Current HEAD is at the same commit as 'feature/CRQ-016-nixify'.

Entering 'submodules/proc-macro-error-2'
----------------------------------------------------
Processing submodule:  (current directory: /mnt/data1/nix/vendor/rust/cargo2nix/submodules/proc-macro-error-2)
Reflog for :
6703d74 HEAD@{3 days ago}: checkout: moving from master to feature/CRQ-016-nixify
b02d79c HEAD@{3 days ago}: reset: moving to HEAD
b02d79c HEAD@{7 days ago}: clone: from https://github.com/meta-introspector/proc-macro-error-2.git

Branch 'feature/CRQ-016-nixify' exists in .
Current branch is 'feature/CRQ-016-nixify'.
Current HEAD is at the same commit as 'feature/CRQ-016-nixify'.

Entering 'submodules/proc-macro2'
----------------------------------------------------
Processing submodule:  (current directory: /mnt/data1/nix/vendor/rust/cargo2nix/submodules/proc-macro2)
Reflog for :
e8a4d98 HEAD@{3 days ago}: checkout: moving from master to feature/CRQ-016-nixify
6f45ba0 HEAD@{3 days ago}: reset: moving to HEAD
6f45ba0 HEAD@{3 days ago}: checkout: moving from master to master
6f45ba0 HEAD@{7 days ago}: clone: from https://github.com/meta-introspector/proc-macro2.git

Branch 'feature/CRQ-016-nixify' exists in .
Current branch is 'feature/CRQ-016-nixify'.
Current HEAD is at the same commit as 'feature/CRQ-016-nixify'.

Entering 'submodules/prodash'
----------------------------------------------------
Processing submodule:  (current directory: /mnt/data1/nix/vendor/rust/cargo2nix/submodules/prodash)
Reflog for :
db4c70f HEAD@{3 days ago}: checkout: moving from main to feature/CRQ-016-nixify
f978c6f HEAD@{3 days ago}: reset: moving to HEAD
f978c6f HEAD@{7 days ago}: clone: from https://github.com/meta-introspector/prodash.git

Branch 'feature/CRQ-016-nixify' exists in .
Current branch is 'feature/CRQ-016-nixify'.
Current HEAD is at the same commit as 'feature/CRQ-016-nixify'.

Entering 'submodules/proptest'
----------------------------------------------------
Processing submodule:  (current directory: /mnt/data1/nix/vendor/rust/cargo2nix/submodules/proptest)
Reflog for :
ce1bb1b HEAD@{3 days ago}: checkout: moving from main to feature/CRQ-016-nixify
9b10379 HEAD@{3 days ago}: reset: moving to HEAD
9b10379 HEAD@{7 days ago}: clone: from https://github.com/meta-introspector/proptest

Branch 'feature/CRQ-016-nixify' exists in .
Current branch is 'feature/CRQ-016-nixify'.
Current HEAD is at the same commit as 'feature/CRQ-016-nixify'.

Entering 'submodules/ptyprocess'
----------------------------------------------------
Processing submodule:  (current directory: /mnt/data1/nix/vendor/rust/cargo2nix/submodules/ptyprocess)
Reflog for :
4519bf4 HEAD@{3 days ago}: checkout: moving from main to feature/CRQ-016-nixify
fe9e796 HEAD@{3 days ago}: reset: moving to HEAD
fe9e796 HEAD@{7 days ago}: clone: from https://github.com/meta-introspector/ptyprocess

Branch 'feature/CRQ-016-nixify' exists in .
Current branch is 'feature/CRQ-016-nixify'.
Current HEAD is at the same commit as 'feature/CRQ-016-nixify'.

Entering 'submodules/pulldown-cmark'
----------------------------------------------------
Processing submodule:  (current directory: /mnt/data1/nix/vendor/rust/cargo2nix/submodules/pulldown-cmark)
Reflog for :
d9f0ddc HEAD@{3 days ago}: checkout: moving from main to feature/CRQ-016-nixify
ee8237c HEAD@{3 days ago}: reset: moving to HEAD
ee8237c HEAD@{7 days ago}: clone: from https://github.com/meta-introspector/pulldown-cmark

Branch 'feature/CRQ-016-nixify' exists in .
Current branch is 'feature/CRQ-016-nixify'.
Current HEAD is at the same commit as 'feature/CRQ-016-nixify'.

Entering 'submodules/pulldown-cmark-to-cmark'
----------------------------------------------------
Processing submodule:  (current directory: /mnt/data1/nix/vendor/rust/cargo2nix/submodules/pulldown-cmark-to-cmark)
Reflog for :
4fa1f9e HEAD@{19 hours ago}: checkout: moving from main to main
4fa1f9e HEAD@{19 hours ago}: clone: from https://github.com/Byron/pulldown-cmark-to-cmark

Branch 'feature/CRQ-016-nixify' not found in .

Entering 'submodules/quick-error'
----------------------------------------------------
Processing submodule:  (current directory: /mnt/data1/nix/vendor/rust/cargo2nix/submodules/quick-error)
Reflog for :
763590e HEAD@{3 days ago}: checkout: moving from master to feature/CRQ-016-nixify
936a068 HEAD@{3 days ago}: reset: moving to HEAD
936a068 HEAD@{7 days ago}: clone: from https://github.com/meta-introspector/quick-error.git

Branch 'feature/CRQ-016-nixify' exists in .
Current branch is 'feature/CRQ-016-nixify'.
Current HEAD is at the same commit as 'feature/CRQ-016-nixify'.

Entering 'submodules/quick-xml'
----------------------------------------------------
Processing submodule:  (current directory: /mnt/data1/nix/vendor/rust/cargo2nix/submodules/quick-xml)
Reflog for :
0f1d6f2 HEAD@{3 days ago}: checkout: moving from master to feature/CRQ-016-nixify
646ce4b HEAD@{3 days ago}: reset: moving to HEAD
646ce4b HEAD@{7 days ago}: clone: from https://github.com/meta-introspector/quick-xml

Branch 'feature/CRQ-016-nixify' exists in .
Current branch is 'feature/CRQ-016-nixify'.
Current HEAD is at the same commit as 'feature/CRQ-016-nixify'.

Entering 'submodules/quick-xml/test-gen/encoding'
----------------------------------------------------
Processing submodule:  (current directory: /mnt/data1/nix/vendor/rust/cargo2nix/submodules/quick-xml/test-gen/encoding)
Reflog for :
4f549cd HEAD@{2 hours ago}: checkout: moving from main to 4f549cd26fd5f6a8f8bd8fc3fede519515cdea4f
96e7b6d HEAD@{2 hours ago}: clone: from https://github.com/whatwg/encoding.git

Branch 'feature/CRQ-016-nixify' not found in .

Entering 'submodules/quickcheck'
----------------------------------------------------
Processing submodule:  (current directory: /mnt/data1/nix/vendor/rust/cargo2nix/submodules/quickcheck)
Reflog for :
5c779a2 HEAD@{3 days ago}: checkout: moving from master to feature/CRQ-016-nixify
d58e3cf HEAD@{3 days ago}: reset: moving to HEAD
d58e3cf HEAD@{7 days ago}: clone: from https://github.com/meta-introspector/quickcheck.git

Branch 'feature/CRQ-016-nixify' exists in .
Current branch is 'feature/CRQ-016-nixify'.
Current HEAD is at the same commit as 'feature/CRQ-016-nixify'.

Entering 'submodules/quinn'
----------------------------------------------------
Processing submodule:  (current directory: /mnt/data1/nix/vendor/rust/cargo2nix/submodules/quinn)
Reflog for :
b9570f5f HEAD@{3 days ago}: checkout: moving from main to feature/CRQ-016-nixify
35cefdd0 HEAD@{3 days ago}: reset: moving to HEAD
35cefdd0 HEAD@{7 days ago}: clone: from https://github.com/meta-introspector/quinn

Branch 'feature/CRQ-016-nixify' exists in .
Current branch is 'feature/CRQ-016-nixify'.
Current HEAD is at the same commit as 'feature/CRQ-016-nixify'.

Entering 'submodules/quote'
----------------------------------------------------
Processing submodule:  (current directory: /mnt/data1/nix/vendor/rust/cargo2nix/submodules/quote)
Reflog for :
6cc41ff HEAD@{3 days ago}: checkout: moving from master to feature/CRQ-016-nixify
62fd385 HEAD@{3 days ago}: reset: moving to HEAD
62fd385 HEAD@{7 days ago}: clone: from https://github.com/meta-introspector/quote.git

Branch 'feature/CRQ-016-nixify' exists in .
Current branch is 'feature/CRQ-016-nixify'.
Current HEAD is at the same commit as 'feature/CRQ-016-nixify'.

Entering 'submodules/r-efi'
----------------------------------------------------
Processing submodule:  (current directory: /mnt/data1/nix/vendor/rust/cargo2nix/submodules/r-efi)
Reflog for :
2086f3f HEAD@{3 days ago}: checkout: moving from main to feature/CRQ-016-nixify
97b55be HEAD@{3 days ago}: reset: moving to HEAD
97b55be HEAD@{7 days ago}: clone: from https://github.com/meta-introspector/r-efi

Branch 'feature/CRQ-016-nixify' exists in .
Current branch is 'feature/CRQ-016-nixify'.
Current HEAD is at the same commit as 'feature/CRQ-016-nixify'.

Entering 'submodules/rand'
----------------------------------------------------
Processing submodule:  (current directory: /mnt/data1/nix/vendor/rust/cargo2nix/submodules/rand)
Reflog for :
b6360ec9 HEAD@{3 days ago}: checkout: moving from master to feature/CRQ-016-nixify
2eb1bbeb HEAD@{3 days ago}: reset: moving to HEAD
2eb1bbeb HEAD@{7 days ago}: clone: from https://github.com/meta-introspector/rand

Branch 'feature/CRQ-016-nixify' exists in .
Current branch is 'feature/CRQ-016-nixify'.
Current HEAD is at the same commit as 'feature/CRQ-016-nixify'.

Entering 'submodules/rand_chacha'
----------------------------------------------------
Processing submodule:  (current directory: /mnt/data1/nix/vendor/rust/cargo2nix/submodules/rand_chacha)
Reflog for :
2eb1bbeb HEAD@{19 hours ago}: clone: from https://github.com/rust-random/rand

Branch 'feature/CRQ-016-nixify' not found in .

Entering 'submodules/rand_core'
----------------------------------------------------
Processing submodule:  (current directory: /mnt/data1/nix/vendor/rust/cargo2nix/submodules/rand_core)
Reflog for :
2eb1bbeb HEAD@{19 hours ago}: clone: from https://github.com/rust-random/rand

Branch 'feature/CRQ-016-nixify' not found in .

Entering 'submodules/rand_distr'
----------------------------------------------------
Processing submodule:  (current directory: /mnt/data1/nix/vendor/rust/cargo2nix/submodules/rand_distr)
Reflog for :
664b174 HEAD@{3 days ago}: checkout: moving from master to feature/CRQ-016-nixify
a9c0e28 HEAD@{3 days ago}: reset: moving to HEAD
a9c0e28 HEAD@{7 days ago}: clone: from https://github.com/meta-introspector/rand_distr

Branch 'feature/CRQ-016-nixify' exists in .
Current branch is 'feature/CRQ-016-nixify'.
Current HEAD is at the same commit as 'feature/CRQ-016-nixify'.

Entering 'submodules/rand_xoshiro'
----------------------------------------------------
Processing submodule:  (current directory: /mnt/data1/nix/vendor/rust/cargo2nix/submodules/rand_xoshiro)
Reflog for :
abb3bd9 HEAD@{19 hours ago}: clone: from https://github.com/rust-random/rngs

Branch 'feature/CRQ-016-nixify' not found in .

Entering 'submodules/ratatui'
----------------------------------------------------
Processing submodule:  (current directory: /mnt/data1/nix/vendor/rust/cargo2nix/submodules/ratatui)
Reflog for :
98377750 HEAD@{3 days ago}: checkout: moving from main to feature/CRQ-016-nixify
90a77aaf HEAD@{3 days ago}: reset: moving to HEAD
90a77aaf HEAD@{7 days ago}: clone: from https://github.com/meta-introspector/ratatui

Branch 'feature/CRQ-016-nixify' exists in .
Current branch is 'feature/CRQ-016-nixify'.
Current HEAD is at the same commit as 'feature/CRQ-016-nixify'.

Entering 'submodules/rayon'
----------------------------------------------------
Processing submodule:  (current directory: /mnt/data1/nix/vendor/rust/cargo2nix/submodules/rayon)
Reflog for :
440fe57 HEAD@{3 days ago}: checkout: moving from main to feature/CRQ-016-nixify
5b4eb33 HEAD@{3 days ago}: reset: moving to HEAD
5b4eb33 HEAD@{7 days ago}: clone: from https://github.com/meta-introspector/rayon

Branch 'feature/CRQ-016-nixify' exists in .
Current branch is 'feature/CRQ-016-nixify'.
Current HEAD is at the same commit as 'feature/CRQ-016-nixify'.

Entering 'submodules/ref-cast'
----------------------------------------------------
Processing submodule:  (current directory: /mnt/data1/nix/vendor/rust/cargo2nix/submodules/ref-cast)
Reflog for :
4311915 HEAD@{3 days ago}: checkout: moving from master to feature/CRQ-016-nixify
40daed4 HEAD@{3 days ago}: reset: moving to HEAD
40daed4 HEAD@{7 days ago}: clone: from https://github.com/meta-introspector/ref-cast.git

Branch 'feature/CRQ-016-nixify' exists in .
Current branch is 'feature/CRQ-016-nixify'.
Current HEAD is at the same commit as 'feature/CRQ-016-nixify'.

Entering 'submodules/regex'
----------------------------------------------------
Processing submodule:  (current directory: /mnt/data1/nix/vendor/rust/cargo2nix/submodules/regex)
Reflog for :
dd1ff8b HEAD@{3 days ago}: checkout: moving from master to feature/CRQ-016-nixify
5ea3eb1 HEAD@{3 days ago}: reset: moving to HEAD
5ea3eb1 HEAD@{7 days ago}: clone: from https://github.com/meta-introspector/regex

Branch 'feature/CRQ-016-nixify' exists in .
Current branch is 'feature/CRQ-016-nixify'.
Current HEAD is at the same commit as 'feature/CRQ-016-nixify'.

Entering 'submodules/relative-path'
----------------------------------------------------
Processing submodule:  (current directory: /mnt/data1/nix/vendor/rust/cargo2nix/submodules/relative-path)
Reflog for :
8e8d0f0 HEAD@{3 days ago}: checkout: moving from main to feature/CRQ-016-nixify
81532ed HEAD@{3 days ago}: reset: moving to HEAD
81532ed HEAD@{7 days ago}: clone: from https://github.com/meta-introspector/relative-path

Branch 'feature/CRQ-016-nixify' exists in .
Current branch is 'feature/CRQ-016-nixify'.
Current HEAD is at the same commit as 'feature/CRQ-016-nixify'.

Entering 'submodules/reqwest'
----------------------------------------------------
Processing submodule:  (current directory: /mnt/data1/nix/vendor/rust/cargo2nix/submodules/reqwest)
Reflog for :
a22af2d HEAD@{3 days ago}: checkout: moving from master to feature/CRQ-016-nixify
9c4999d HEAD@{3 days ago}: reset: moving to HEAD
9c4999d HEAD@{7 days ago}: clone: from https://github.com/meta-introspector/reqwest

Branch 'feature/CRQ-016-nixify' exists in .
Current branch is 'feature/CRQ-016-nixify'.
Current HEAD is at the same commit as 'feature/CRQ-016-nixify'.

Entering 'submodules/ring'
----------------------------------------------------
Processing submodule:  (current directory: /mnt/data1/nix/vendor/rust/cargo2nix/submodules/ring)
Reflog for :
f6206ac86 HEAD@{3 days ago}: checkout: moving from main to feature/CRQ-016-nixify
522afb658 HEAD@{3 days ago}: reset: moving to HEAD
522afb658 HEAD@{7 days ago}: clone: from https://github.com/meta-introspector/ring.git

Branch 'feature/CRQ-016-nixify' exists in .
Current branch is 'feature/CRQ-016-nixify'.
Current HEAD is at the same commit as 'feature/CRQ-016-nixify'.

Entering 'submodules/ripgrep'
----------------------------------------------------
Processing submodule:  (current directory: /mnt/data1/nix/vendor/rust/cargo2nix/submodules/ripgrep)
Reflog for :
57c190d HEAD@{3 days ago}: checkout: moving from 57c190d56eedac90c061a238b63dbfed434fee50 to feature/CRQ-016-nixify
57c190d HEAD@{3 days ago}: checkout: moving from master to HEAD
57c190d HEAD@{3 days ago}: reset: moving to HEAD
57c190d HEAD@{7 days ago}: clone: from https://github.com/BurntSushi/ripgrep

Branch 'feature/CRQ-016-nixify' exists in .
Current branch is 'feature/CRQ-016-nixify'.
Current HEAD is at the same commit as 'feature/CRQ-016-nixify'.

Entering 'submodules/rngs'
----------------------------------------------------
Processing submodule:  (current directory: /mnt/data1/nix/vendor/rust/cargo2nix/submodules/rngs)
Reflog for :
8de65cf HEAD@{3 days ago}: checkout: moving from master to feature/CRQ-016-nixify
e8065a4 HEAD@{3 days ago}: reset: moving to HEAD
e8065a4 HEAD@{7 days ago}: clone: from https://github.com/meta-introspector/rngs

Branch 'feature/CRQ-016-nixify' exists in .
Current branch is 'feature/CRQ-016-nixify'.
Current HEAD is at the same commit as 'feature/CRQ-016-nixify'.

Entering 'submodules/ron'
----------------------------------------------------
Processing submodule:  (current directory: /mnt/data1/nix/vendor/rust/cargo2nix/submodules/ron)
Reflog for :
bbd776fc HEAD@{3 days ago}: checkout: moving from master to feature/CRQ-016-nixify
c6a8cff1 HEAD@{3 days ago}: reset: moving to HEAD
c6a8cff1 HEAD@{7 days ago}: clone: from https://github.com/meta-introspector/ron

Branch 'feature/CRQ-016-nixify' exists in .
Current branch is 'feature/CRQ-016-nixify'.
Current HEAD is at the same commit as 'feature/CRQ-016-nixify'.

Entering 'submodules/ron-rs'
----------------------------------------------------
Processing submodule:  (current directory: /mnt/data1/nix/vendor/rust/cargo2nix/submodules/ron-rs)
Reflog for :
a966c818 HEAD@{3 days ago}: checkout: moving from master to feature/CRQ-016-nixify
3184df3d HEAD@{3 days ago}: reset: moving to HEAD
3184df3d HEAD@{7 days ago}: clone: from https://github.com/meta-introspector/ron-rs

Branch 'feature/CRQ-016-nixify' exists in .
Current branch is 'feature/CRQ-016-nixify'.
Current HEAD is at the same commit as 'feature/CRQ-016-nixify'.

Entering 'submodules/rowan'
----------------------------------------------------
Processing submodule:  (current directory: /mnt/data1/nix/vendor/rust/cargo2nix/submodules/rowan)
Reflog for :
0c1077e HEAD@{19 hours ago}: clone: from https://github.com/rust-analyzer/rowan

Branch 'feature/CRQ-016-nixify' not found in .

Entering 'submodules/rstest'
----------------------------------------------------
Processing submodule:  (current directory: /mnt/data1/nix/vendor/rust/cargo2nix/submodules/rstest)
Reflog for :
c5c98cb HEAD@{3 days ago}: checkout: moving from master to feature/CRQ-016-nixify
ff20f9a HEAD@{3 days ago}: reset: moving to HEAD
ff20f9a HEAD@{7 days ago}: clone: from https://github.com/meta-introspector/rstest.git

Branch 'feature/CRQ-016-nixify' exists in .
Current branch is 'feature/CRQ-016-nixify'.
Current HEAD is at the same commit as 'feature/CRQ-016-nixify'.

Entering 'submodules/rusqlite'
----------------------------------------------------
Processing submodule:  (current directory: /mnt/data1/nix/vendor/rust/cargo2nix/submodules/rusqlite)
Reflog for :
8010344 HEAD@{3 days ago}: checkout: moving from 80103446fc359fbb15e66f449d1d82747a943252 to feature/CRQ-016-nixify
8010344 HEAD@{3 days ago}: checkout: moving from master to HEAD
8010344 HEAD@{3 days ago}: reset: moving to HEAD
8010344 HEAD@{7 days ago}: clone: from https://github.com/rusqlite/rusqlite

Branch 'feature/CRQ-016-nixify' exists in .
Current branch is 'feature/CRQ-016-nixify'.
Current HEAD is at the same commit as 'feature/CRQ-016-nixify'.

Entering 'submodules/rust'
----------------------------------------------------
Processing submodule:  (current directory: /mnt/data1/nix/vendor/rust/cargo2nix/submodules/rust)
Reflog for :
a454fccb02d HEAD@{23 hours ago}: checkout: moving from main to a454fccb02df9d361f1201b747c01257f58a8b37
8a3a6bdb68b HEAD@{23 hours ago}: checkout: moving from main to main
8a3a6bdb68b HEAD@{23 hours ago}: reset: moving to HEAD
8a3a6bdb68b HEAD@{23 hours ago}: checkout: moving from feature/CRQ-016-nixify to main
e9acbd99d38 HEAD@{3 days ago}: checkout: moving from e9acbd99d384280874129fb7fa0da9faeae0d051 to feature/CRQ-016-nixify
e9acbd99d38 HEAD@{3 days ago}: checkout: moving from main to HEAD
e9acbd99d38 HEAD@{3 days ago}: reset: moving to HEAD
e9acbd99d38 HEAD@{7 days ago}: clone: from https://github.com/rust-lang/rust/

Branch 'feature/CRQ-016-nixify' exists in .
Current branch is 'HEAD', NOT 'feature/CRQ-016-nixify'.
Current HEAD (a454fccb02df9d361f1201b747c01257f58a8b37) has moved away from 'feature/CRQ-016-nixify' (e9acbd99d384280874129fb7fa0da9faeae0d051).
'feature/CRQ-016-nixify' is a descendant of Current HEAD.

Entering 'submodules/rust/library/backtrace'
----------------------------------------------------
Processing submodule:  (current directory: /mnt/data1/nix/vendor/rust/cargo2nix/submodules/rust/library/backtrace)
Reflog for :
b65ab93 HEAD@{2 hours ago}: checkout: moving from master to b65ab935fb2e0d59dba8966ffca09c9cc5a5f57c
f2bcf65 HEAD@{2 hours ago}: clone: from https://github.com/rust-lang/backtrace-rs.git

Branch 'feature/CRQ-016-nixify' not found in .

Entering 'submodules/rust/src/doc/book'
----------------------------------------------------
Processing submodule:  (current directory: /mnt/data1/nix/vendor/rust/cargo2nix/submodules/rust/src/doc/book)
Reflog for :
3e9dc46a HEAD@{2 hours ago}: checkout: moving from main to 3e9dc46aa563ca0c53ec826c41b05f10c5915925
8c0eacd5 HEAD@{2 hours ago}: clone: from https://github.com/rust-lang/book.git

Branch 'feature/CRQ-016-nixify' not found in .

Entering 'submodules/rust/src/doc/edition-guide'
----------------------------------------------------
Processing submodule:  (current directory: /mnt/data1/nix/vendor/rust/cargo2nix/submodules/rust/src/doc/edition-guide)
Reflog for :
aa6ce33 HEAD@{2 hours ago}: checkout: moving from master to aa6ce337c0adf7a63e33960d184270f2a45ab9ef
c3c0f0b HEAD@{2 hours ago}: clone: from https://github.com/rust-lang/edition-guide.git

Branch 'feature/CRQ-016-nixify' not found in .

Entering 'submodules/rust/src/doc/embedded-book'
----------------------------------------------------
Processing submodule:  (current directory: /mnt/data1/nix/vendor/rust/cargo2nix/submodules/rust/src/doc/embedded-book)
Reflog for :
fe88fbb HEAD@{2 hours ago}: checkout: moving from master to fe88fbb68391a465680dd91109f0a151a1676f3e
fe88fbb HEAD@{2 hours ago}: clone: from https://github.com/rust-embedded/book.git

Branch 'feature/CRQ-016-nixify' not found in .

Entering 'submodules/rust/src/doc/nomicon'
----------------------------------------------------
Processing submodule:  (current directory: /mnt/data1/nix/vendor/rust/cargo2nix/submodules/rust/src/doc/nomicon)
Reflog for :
f17a018 HEAD@{2 hours ago}: checkout: moving from master to f17a018b9989430967d1c58e9a12c51169abc744
c4a05bb HEAD@{2 hours ago}: clone: from https://github.com/rust-lang/nomicon.git

Branch 'feature/CRQ-016-nixify' not found in .

Entering 'submodules/rust/src/doc/reference'
----------------------------------------------------
Processing submodule:  (current directory: /mnt/data1/nix/vendor/rust/cargo2nix/submodules/rust/src/doc/reference)
Reflog for :
b3ce6062 HEAD@{2 hours ago}: checkout: moving from master to b3ce60628c6f55ab8ff3dba9f3d20203df1c0dee
ef095872 HEAD@{2 hours ago}: clone: from https://github.com/rust-lang/reference.git

Branch 'feature/CRQ-016-nixify' not found in .

Entering 'submodules/rust/src/doc/rust-by-example'
----------------------------------------------------
Processing submodule:  (current directory: /mnt/data1/nix/vendor/rust/cargo2nix/submodules/rust/src/doc/rust-by-example)
Reflog for :
dd26bc8 HEAD@{2 hours ago}: checkout: moving from master to dd26bc8e726dc2e73534c8972d4dccd1bed7495f
111cfae HEAD@{2 hours ago}: clone: from https://github.com/rust-lang/rust-by-example.git

Branch 'feature/CRQ-016-nixify' not found in .

Entering 'submodules/rust/src/gcc'
----------------------------------------------------
Processing submodule:  (current directory: /mnt/data1/nix/vendor/rust/cargo2nix/submodules/rust/src/gcc)
Reflog for :
4e995bd73c4 HEAD@{2 hours ago}: checkout: moving from master to 4e995bd73c4490edfe5080ec6014d63aa9abed5f
0081ca6631a HEAD@{2 hours ago}: clone: from https://github.com/rust-lang/gcc.git

Branch 'feature/CRQ-016-nixify' not found in .

Entering 'submodules/rust/src/llvm-project'
----------------------------------------------------
Processing submodule:  (current directory: /mnt/data1/nix/vendor/rust/cargo2nix/submodules/rust/src/llvm-project)
Reflog for :
333793696b0a HEAD@{2 hours ago}: checkout: moving from landing-page to 333793696b0a08002acac6af983adc7a5233fc56
2a22c8014390 HEAD@{2 hours ago}: clone: from https://github.com/rust-lang/llvm-project.git

Branch 'feature/CRQ-016-nixify' not found in .

Entering 'submodules/rust/src/tools/cargo'
----------------------------------------------------
Processing submodule:  (current directory: /mnt/data1/nix/vendor/rust/cargo2nix/submodules/rust/src/tools/cargo)
Reflog for :
24bb93c38 HEAD@{2 hours ago}: checkout: moving from master to 24bb93c388fb8c211a37986539f24a819dc669d3
ebd20d245 HEAD@{2 hours ago}: clone: from https://github.com/rust-lang/cargo.git

Branch 'feature/CRQ-016-nixify' not found in .

Entering 'submodules/rust/src/tools/enzyme'
----------------------------------------------------
Processing submodule:  (current directory: /mnt/data1/nix/vendor/rust/cargo2nix/submodules/rust/src/tools/enzyme)
Reflog for :
58af4e9e HEAD@{2 hours ago}: checkout: moving from main to 58af4e9e6c047534ba059b12af17cecb8a2e9f9e
098e4dac HEAD@{2 hours ago}: clone: from https://github.com/rust-lang/enzyme.git

Branch 'feature/CRQ-016-nixify' not found in .

Entering 'submodules/rust/src/tools/rustc-perf'
----------------------------------------------------
Processing submodule:  (current directory: /mnt/data1/nix/vendor/rust/cargo2nix/submodules/rust/src/tools/rustc-perf)
Reflog for :
dde879cf HEAD@{2 hours ago}: checkout: moving from master to dde879cf1087cb34a32287bd8ccc4d545bb9fee5
3cf7ac52 HEAD@{2 hours ago}: clone: from https://github.com/rust-lang/rustc-perf.git

Branch 'feature/CRQ-016-nixify' not found in .

Entering 'submodules/rust-analyzer'
----------------------------------------------------
Processing submodule:  (current directory: /mnt/data1/nix/vendor/rust/cargo2nix/submodules/rust-analyzer)
Reflog for :
4a2b38f49f HEAD@{3 days ago}: checkout: moving from 4a2b38f49f2c15f4302502027b6ac09914679a8f to feature/CRQ-016-nixify
4a2b38f49f HEAD@{3 days ago}: checkout: moving from master to HEAD
4a2b38f49f HEAD@{3 days ago}: reset: moving to HEAD
4a2b38f49f HEAD@{7 days ago}: clone: from https://github.com/rust-lang/rust-analyzer

Branch 'feature/CRQ-016-nixify' exists in .
Current branch is 'feature/CRQ-016-nixify'.
Current HEAD is at the same commit as 'feature/CRQ-016-nixify'.

Entering 'submodules/rust-base64'
----------------------------------------------------
Processing submodule:  (current directory: /mnt/data1/nix/vendor/rust/cargo2nix/submodules/rust-base64)
Reflog for :
c3fcc32 HEAD@{3 days ago}: checkout: moving from CRQ-016-nixify to feature/CRQ-016-nixify
cac5ff8 HEAD@{3 days ago}: reset: moving to HEAD
cac5ff8 HEAD@{5 days ago}: checkout: moving from master to CRQ-016-nixify
cac5ff8 HEAD@{7 days ago}: clone: from https://github.com/meta-introspector/rust-base64

Branch 'feature/CRQ-016-nixify' exists in .
Current branch is 'feature/CRQ-016-nixify'.
Current HEAD is at the same commit as 'feature/CRQ-016-nixify'.

Entering 'submodules/rust-bindgen'
----------------------------------------------------
Processing submodule:  (current directory: /mnt/data1/nix/vendor/rust/cargo2nix/submodules/rust-bindgen)
Reflog for :
7d9d4c6a HEAD@{3 days ago}: checkout: moving from main to feature/CRQ-016-nixify
58131981 HEAD@{3 days ago}: reset: moving to HEAD
58131981 HEAD@{7 days ago}: clone: from https://github.com/meta-introspector/rust-bindgen

Branch 'feature/CRQ-016-nixify' exists in .
Current branch is 'feature/CRQ-016-nixify'.
Current HEAD is at the same commit as 'feature/CRQ-016-nixify'.

Entering 'submodules/rust-cexpr'
----------------------------------------------------
Processing submodule:  (current directory: /mnt/data1/nix/vendor/rust/cargo2nix/submodules/rust-cexpr)
Reflog for :
0b55f3f HEAD@{3 days ago}: checkout: moving from master to feature/CRQ-016-nixify
c7ccdfb HEAD@{3 days ago}: reset: moving to HEAD
c7ccdfb HEAD@{7 days ago}: clone: from https://github.com/meta-introspector/rust-cexpr.git

Branch 'feature/CRQ-016-nixify' exists in .
Current branch is 'feature/CRQ-016-nixify'.
Current HEAD is at the same commit as 'feature/CRQ-016-nixify'.

Entering 'submodules/rust-clippy'
----------------------------------------------------
Processing submodule:  (current directory: /mnt/data1/nix/vendor/rust/cargo2nix/submodules/rust-clippy)
Reflog for :
3efb2acee HEAD@{3 days ago}: checkout: moving from 3efb2acee79b25d664768e9a3566aea78623231b to feature/CRQ-016-nixify
3efb2acee HEAD@{3 days ago}: checkout: moving from master to HEAD
3efb2acee HEAD@{3 days ago}: reset: moving to HEAD
3efb2acee HEAD@{7 days ago}: clone: from https://github.com/rust-lang/rust-clippy

Branch 'feature/CRQ-016-nixify' exists in .
Current branch is 'feature/CRQ-016-nixify'.
Current HEAD is at the same commit as 'feature/CRQ-016-nixify'.

Entering 'submodules/rust-crc32fast'
----------------------------------------------------
Processing submodule:  (current directory: /mnt/data1/nix/vendor/rust/cargo2nix/submodules/rust-crc32fast)
Reflog for :
4f5fcbc HEAD@{3 days ago}: checkout: moving from master to feature/CRQ-016-nixify
dbf4f76 HEAD@{3 days ago}: reset: moving to HEAD
dbf4f76 HEAD@{7 days ago}: clone: from https://github.com/meta-introspector/rust-crc32fast

Branch 'feature/CRQ-016-nixify' exists in .
Current branch is 'feature/CRQ-016-nixify'.
Current HEAD is at the same commit as 'feature/CRQ-016-nixify'.

Entering 'submodules/rust-csv'
----------------------------------------------------
Processing submodule:  (current directory: /mnt/data1/nix/vendor/rust/cargo2nix/submodules/rust-csv)
Reflog for :
2f5e696 HEAD@{3 days ago}: checkout: moving from master to feature/CRQ-016-nixify
4a3997e HEAD@{3 days ago}: reset: moving to HEAD
4a3997e HEAD@{7 days ago}: clone: from https://github.com/meta-introspector/rust-csv.git

Branch 'feature/CRQ-016-nixify' exists in .
Current branch is 'feature/CRQ-016-nixify'.
Current HEAD is at the same commit as 'feature/CRQ-016-nixify'.

Entering 'submodules/rust-ct-codecs'
----------------------------------------------------
Processing submodule:  (current directory: /mnt/data1/nix/vendor/rust/cargo2nix/submodules/rust-ct-codecs)
Reflog for :
1be788e HEAD@{3 days ago}: checkout: moving from master to feature/CRQ-016-nixify
584947c HEAD@{3 days ago}: reset: moving to HEAD
584947c HEAD@{7 days ago}: clone: from https://github.com/meta-introspector/rust-ct-codecs.git

Branch 'feature/CRQ-016-nixify' exists in .
Current branch is 'feature/CRQ-016-nixify'.
Current HEAD is at the same commit as 'feature/CRQ-016-nixify'.

Entering 'submodules/rust-derive-builder'
----------------------------------------------------
Processing submodule:  (current directory: /mnt/data1/nix/vendor/rust/cargo2nix/submodules/rust-derive-builder)
Reflog for :
26da66c HEAD@{3 days ago}: checkout: moving from master to feature/CRQ-016-nixify
87e94a2 HEAD@{3 days ago}: reset: moving to HEAD
87e94a2 HEAD@{7 days ago}: clone: from https://github.com/meta-introspector/rust-derive-builder.git

Branch 'feature/CRQ-016-nixify' exists in .
Current branch is 'feature/CRQ-016-nixify'.
Current HEAD is at the same commit as 'feature/CRQ-016-nixify'.

Entering 'submodules/rust-ed25519-compact'
----------------------------------------------------
Processing submodule:  (current directory: /mnt/data1/nix/vendor/rust/cargo2nix/submodules/rust-ed25519-compact)
Reflog for :
a2db9d5 HEAD@{3 days ago}: checkout: moving from master to feature/CRQ-016-nixify
3f9f343 HEAD@{3 days ago}: reset: moving to HEAD
3f9f343 HEAD@{7 days ago}: clone: from https://github.com/meta-introspector/rust-ed25519-compact.git

Branch 'feature/CRQ-016-nixify' exists in .
Current branch is 'feature/CRQ-016-nixify'.
Current HEAD is at the same commit as 'feature/CRQ-016-nixify'.

Entering 'submodules/rust-errno'
----------------------------------------------------
Processing submodule:  (current directory: /mnt/data1/nix/vendor/rust/cargo2nix/submodules/rust-errno)
Reflog for :
42228de HEAD@{3 days ago}: checkout: moving from main to feature/CRQ-016-nixify
ffc03bf HEAD@{3 days ago}: reset: moving to HEAD
ffc03bf HEAD@{7 days ago}: clone: from https://github.com/meta-introspector/rust-errno.git

Branch 'feature/CRQ-016-nixify' exists in .
Current branch is 'feature/CRQ-016-nixify'.
Current HEAD is at the same commit as 'feature/CRQ-016-nixify'.

Entering 'submodules/rust-fallible-iterator'
----------------------------------------------------
Processing submodule:  (current directory: /mnt/data1/nix/vendor/rust/cargo2nix/submodules/rust-fallible-iterator)
Reflog for :
6d37687 HEAD@{3 days ago}: checkout: moving from master to feature/CRQ-016-nixify
fb6012c HEAD@{3 days ago}: reset: moving to HEAD
fb6012c HEAD@{7 days ago}: clone: from https://github.com/meta-introspector/rust-fallible-iterator

Branch 'feature/CRQ-016-nixify' exists in .
Current branch is 'feature/CRQ-016-nixify'.
Current HEAD is at the same commit as 'feature/CRQ-016-nixify'.

Entering 'submodules/rust-fnv'
----------------------------------------------------
Processing submodule:  (current directory: /mnt/data1/nix/vendor/rust/cargo2nix/submodules/rust-fnv)
Reflog for :
157e772 HEAD@{3 days ago}: checkout: moving from main to feature/CRQ-016-nixify
4e55052 HEAD@{3 days ago}: reset: moving to HEAD
4e55052 HEAD@{7 days ago}: clone: from https://github.com/meta-introspector/rust-fnv

Branch 'feature/CRQ-016-nixify' exists in .
Current branch is 'feature/CRQ-016-nixify'.
Current HEAD is at the same commit as 'feature/CRQ-016-nixify'.

Entering 'submodules/rust-hex'
----------------------------------------------------
Processing submodule:  (current directory: /mnt/data1/nix/vendor/rust/cargo2nix/submodules/rust-hex)
Reflog for :
19dd497 HEAD@{3 days ago}: checkout: moving from main to feature/CRQ-016-nixify
5cb1fe8 HEAD@{3 days ago}: reset: moving to HEAD
5cb1fe8 HEAD@{7 days ago}: clone: from https://github.com/meta-introspector/rust-hex.git

Branch 'feature/CRQ-016-nixify' exists in .
Current branch is 'feature/CRQ-016-nixify'.
Current HEAD is at the same commit as 'feature/CRQ-016-nixify'.

Entering 'submodules/rust-ini'
----------------------------------------------------
Processing submodule:  (current directory: /mnt/data1/nix/vendor/rust/cargo2nix/submodules/rust-ini)
Reflog for :
354e690 HEAD@{3 days ago}: checkout: moving from 354e690ac6802bfecee2d5808b28170e24ed76ed to feature/CRQ-016-nixify
354e690 HEAD@{3 days ago}: checkout: moving from master to HEAD
354e690 HEAD@{3 days ago}: reset: moving to HEAD
354e690 HEAD@{7 days ago}: clone: from https://github.com/zonyitoo/rust-ini

Branch 'feature/CRQ-016-nixify' exists in .
Current branch is 'feature/CRQ-016-nixify'.
Current HEAD is at the same commit as 'feature/CRQ-016-nixify'.

Entering 'submodules/rust-jni-sys'
----------------------------------------------------
Processing submodule:  (current directory: /mnt/data1/nix/vendor/rust/cargo2nix/submodules/rust-jni-sys)
Reflog for :
9c38766 HEAD@{3 days ago}: checkout: moving from 9c38766061b6b0753fe58a5fe2eaa193b4234ae9 to feature/CRQ-016-nixify
9c38766 HEAD@{3 days ago}: checkout: moving from master to HEAD
9c38766 HEAD@{3 days ago}: reset: moving to HEAD
9c38766 HEAD@{7 days ago}: clone: from https://github.com/sfackler/rust-jni-sys

Branch 'feature/CRQ-016-nixify' exists in .
Current branch is 'feature/CRQ-016-nixify'.
Current HEAD is at the same commit as 'feature/CRQ-016-nixify'.

Entering 'submodules/rust-native-tls'
----------------------------------------------------
Processing submodule:  (current directory: /mnt/data1/nix/vendor/rust/cargo2nix/submodules/rust-native-tls)
Reflog for :
cf04f7c HEAD@{3 days ago}: checkout: moving from master to feature/CRQ-016-nixify
485e489 HEAD@{3 days ago}: reset: moving to HEAD
485e489 HEAD@{7 days ago}: clone: from https://github.com/meta-introspector/rust-native-tls

Branch 'feature/CRQ-016-nixify' exists in .
Current branch is 'feature/CRQ-016-nixify'.
Current HEAD is at the same commit as 'feature/CRQ-016-nixify'.

Entering 'submodules/rust-openssl'
----------------------------------------------------
Processing submodule:  (current directory: /mnt/data1/nix/vendor/rust/cargo2nix/submodules/rust-openssl)
Reflog for :
87a8b823 HEAD@{3 days ago}: checkout: moving from master to feature/CRQ-016-nixify
09b90d03 HEAD@{3 days ago}: reset: moving to HEAD
09b90d03 HEAD@{7 days ago}: clone: from https://github.com/meta-introspector/rust-openssl

Branch 'feature/CRQ-016-nixify' exists in .
Current branch is 'feature/CRQ-016-nixify'.
Current HEAD is at the same commit as 'feature/CRQ-016-nixify'.

Entering 'submodules/rust-ordered-float'
----------------------------------------------------
Processing submodule:  (current directory: /mnt/data1/nix/vendor/rust/cargo2nix/submodules/rust-ordered-float)
Reflog for :
2469c79 HEAD@{3 days ago}: checkout: moving from master to feature/CRQ-016-nixify
25da208 HEAD@{3 days ago}: reset: moving to HEAD
25da208 HEAD@{7 days ago}: clone: from https://github.com/meta-introspector/rust-ordered-float

Branch 'feature/CRQ-016-nixify' exists in .
Current branch is 'feature/CRQ-016-nixify'.
Current HEAD is at the same commit as 'feature/CRQ-016-nixify'.

Entering 'submodules/rust-plist'
----------------------------------------------------
Processing submodule:  (current directory: /mnt/data1/nix/vendor/rust/cargo2nix/submodules/rust-plist)
Reflog for :
b81017b HEAD@{3 days ago}: checkout: moving from master to feature/CRQ-016-nixify
441d8ec HEAD@{3 days ago}: reset: moving to HEAD
441d8ec HEAD@{7 days ago}: clone: from https://github.com/meta-introspector/rust-plist.git

Branch 'feature/CRQ-016-nixify' exists in .
Current branch is 'feature/CRQ-016-nixify'.
Current HEAD is at the same commit as 'feature/CRQ-016-nixify'.

Entering 'submodules/rust-pretty-assertions'
----------------------------------------------------
Processing submodule:  (current directory: /mnt/data1/nix/vendor/rust/cargo2nix/submodules/rust-pretty-assertions)
Reflog for :
e170e0f HEAD@{3 days ago}: checkout: moving from main to feature/CRQ-016-nixify
94a9630 HEAD@{3 days ago}: reset: moving to HEAD
94a9630 HEAD@{7 days ago}: clone: from https://github.com/meta-introspector/rust-pretty-assertions

Branch 'feature/CRQ-016-nixify' exists in .
Current branch is 'feature/CRQ-016-nixify'.
Current HEAD is at the same commit as 'feature/CRQ-016-nixify'.

Entering 'submodules/rust-security-framework'
----------------------------------------------------
Processing submodule:  (current directory: /mnt/data1/nix/vendor/rust/cargo2nix/submodules/rust-security-framework)
Reflog for :
faf92b6 HEAD@{3 days ago}: checkout: moving from main to feature/CRQ-016-nixify
13e63a8 HEAD@{3 days ago}: reset: moving to HEAD
13e63a8 HEAD@{7 days ago}: clone: from https://github.com/meta-introspector/rust-security-framework.git

Branch 'feature/CRQ-016-nixify' exists in .
Current branch is 'feature/CRQ-016-nixify'.
Current HEAD is at the same commit as 'feature/CRQ-016-nixify'.

Entering 'submodules/rust-shlex'
----------------------------------------------------
Processing submodule:  (current directory: /mnt/data1/nix/vendor/rust/cargo2nix/submodules/rust-shlex)
Reflog for :
1680d40 HEAD@{3 days ago}: checkout: moving from master to feature/CRQ-016-nixify
ecfa500 HEAD@{3 days ago}: reset: moving to HEAD
ecfa500 HEAD@{7 days ago}: clone: from https://github.com/meta-introspector/rust-shlex.git

Branch 'feature/CRQ-016-nixify' exists in .
Current branch is 'feature/CRQ-016-nixify'.
Current HEAD is at the same commit as 'feature/CRQ-016-nixify'.

Entering 'submodules/rust-smallvec'
----------------------------------------------------
Processing submodule:  (current directory: /mnt/data1/nix/vendor/rust/cargo2nix/submodules/rust-smallvec)
Reflog for :
e1ecbd1 HEAD@{3 days ago}: checkout: moving from v2 to feature/CRQ-016-nixify
74f73e4 HEAD@{3 days ago}: reset: moving to HEAD
74f73e4 HEAD@{7 days ago}: clone: from https://github.com/meta-introspector/rust-smallvec

Branch 'feature/CRQ-016-nixify' exists in .
Current branch is 'feature/CRQ-016-nixify'.
Current HEAD is at the same commit as 'feature/CRQ-016-nixify'.

Entering 'submodules/rust-typed-arena'
----------------------------------------------------
Processing submodule:  (current directory: /mnt/data1/nix/vendor/rust/cargo2nix/submodules/rust-typed-arena)
Reflog for :
78c584e HEAD@{3 days ago}: checkout: moving from master to feature/CRQ-016-nixify
f1f26c3 HEAD@{3 days ago}: reset: moving to HEAD
f1f26c3 HEAD@{7 days ago}: clone: from https://github.com/meta-introspector/rust-typed-arena

Branch 'feature/CRQ-016-nixify' exists in .
Current branch is 'feature/CRQ-016-nixify'.
Current HEAD is at the same commit as 'feature/CRQ-016-nixify'.

Entering 'submodules/rust-url'
----------------------------------------------------
Processing submodule:  (current directory: /mnt/data1/nix/vendor/rust/cargo2nix/submodules/rust-url)
Reflog for :
a953e1c HEAD@{3 days ago}: checkout: moving from main to feature/CRQ-016-nixify
b06048d HEAD@{3 days ago}: reset: moving to HEAD
b06048d HEAD@{7 days ago}: clone: from https://github.com/meta-introspector/rust-url

Branch 'feature/CRQ-016-nixify' exists in .
Current branch is 'feature/CRQ-016-nixify'.
Current HEAD is at the same commit as 'feature/CRQ-016-nixify'.

Entering 'submodules/rust-x86'
----------------------------------------------------
Processing submodule:  (current directory: /mnt/data1/nix/vendor/rust/cargo2nix/submodules/rust-x86)
Reflog for :
0994986 HEAD@{3 days ago}: checkout: moving from master to feature/CRQ-016-nixify
ae3306a HEAD@{3 days ago}: reset: moving to HEAD
ae3306a HEAD@{7 days ago}: clone: from https://github.com/meta-introspector/rust-x86

Branch 'feature/CRQ-016-nixify' exists in .
Current branch is 'feature/CRQ-016-nixify'.
Current HEAD is at the same commit as 'feature/CRQ-016-nixify'.

Entering 'submodules/rust_libloading'
----------------------------------------------------
Processing submodule:  (current directory: /mnt/data1/nix/vendor/rust/cargo2nix/submodules/rust_libloading)
Reflog for :
36611d3 HEAD@{3 days ago}: checkout: moving from master to feature/CRQ-016-nixify
83f08b8 HEAD@{3 days ago}: reset: moving to HEAD
83f08b8 HEAD@{7 days ago}: clone: from https://github.com/meta-introspector/rust_libloading.git

Branch 'feature/CRQ-016-nixify' exists in .
Current branch is 'feature/CRQ-016-nixify'.
Current HEAD is at the same commit as 'feature/CRQ-016-nixify'.

Entering 'submodules/rustc-build-sysroot'
----------------------------------------------------
Processing submodule:  (current directory: /mnt/data1/nix/vendor/rust/cargo2nix/submodules/rustc-build-sysroot)
Reflog for :
34e8960 HEAD@{3 days ago}: reset: moving to HEAD
34e8960 HEAD@{7 days ago}: clone: from https://github.com/anza-xyz/rustc-build-sysroot

Branch 'feature/CRQ-016-nixify' not found in .

Entering 'submodules/rustc-demangle'
----------------------------------------------------
Processing submodule:  (current directory: /mnt/data1/nix/vendor/rust/cargo2nix/submodules/rustc-demangle)
Reflog for :
7c83215 HEAD@{3 days ago}: checkout: moving from main to feature/CRQ-016-nixify
c5688cf HEAD@{3 days ago}: reset: moving to HEAD
c5688cf HEAD@{7 days ago}: clone: from https://github.com/meta-introspector/rustc-demangle.git

Branch 'feature/CRQ-016-nixify' exists in .
Current branch is 'feature/CRQ-016-nixify'.
Current HEAD is at the same commit as 'feature/CRQ-016-nixify'.

Entering 'submodules/rustc-hash'
----------------------------------------------------
Processing submodule:  (current directory: /mnt/data1/nix/vendor/rust/cargo2nix/submodules/rustc-hash)
Reflog for :
1c82d2c HEAD@{3 days ago}: checkout: moving from master to feature/CRQ-016-nixify
1a998d5 HEAD@{3 days ago}: reset: moving to HEAD
1a998d5 HEAD@{7 days ago}: clone: from https://github.com/meta-introspector/rustc-hash

Branch 'feature/CRQ-016-nixify' exists in .
Current branch is 'feature/CRQ-016-nixify'.
Current HEAD is at the same commit as 'feature/CRQ-016-nixify'.

Entering 'submodules/rustc-hex'
----------------------------------------------------
Processing submodule:  (current directory: /mnt/data1/nix/vendor/rust/cargo2nix/submodules/rustc-hex)
Reflog for :
1ec5aba HEAD@{3 days ago}: checkout: moving from master to feature/CRQ-016-nixify
7c8e13d HEAD@{3 days ago}: reset: moving to HEAD
7c8e13d HEAD@{7 days ago}: clone: from https://github.com/meta-introspector/rustc-hex.git

Branch 'feature/CRQ-016-nixify' exists in .
Current branch is 'feature/CRQ-016-nixify'.
Current HEAD is at the same commit as 'feature/CRQ-016-nixify'.

Entering 'submodules/rustc-literal-escaper'
----------------------------------------------------
Processing submodule:  (current directory: /mnt/data1/nix/vendor/rust/cargo2nix/submodules/rustc-literal-escaper)
Reflog for :
b16c895 HEAD@{19 hours ago}: checkout: moving from main to main
b16c895 HEAD@{19 hours ago}: clone: from https://github.com/rust-lang/literal-escaper

Branch 'feature/CRQ-016-nixify' not found in .

Entering 'submodules/rustc-stable-hash'
----------------------------------------------------
Processing submodule:  (current directory: /mnt/data1/nix/vendor/rust/cargo2nix/submodules/rustc-stable-hash)
Reflog for :
40440c3 HEAD@{3 days ago}: checkout: moving from main to feature/CRQ-016-nixify
0e8fdc6 HEAD@{3 days ago}: reset: moving to HEAD
0e8fdc6 HEAD@{7 days ago}: clone: from https://github.com/meta-introspector/rustc-stable-hash

Branch 'feature/CRQ-016-nixify' exists in .
Current branch is 'feature/CRQ-016-nixify'.
Current HEAD is at the same commit as 'feature/CRQ-016-nixify'.

Entering 'submodules/rustc-version-rs'
----------------------------------------------------
Processing submodule:  (current directory: /mnt/data1/nix/vendor/rust/cargo2nix/submodules/rustc-version-rs)
Reflog for :
fea5d28 HEAD@{3 days ago}: checkout: moving from main to feature/CRQ-016-nixify
eeca449 HEAD@{3 days ago}: reset: moving to HEAD
eeca449 HEAD@{7 days ago}: clone: from https://github.com/meta-introspector/rustc-version-rs.git

Branch 'feature/CRQ-016-nixify' exists in .
Current branch is 'feature/CRQ-016-nixify'.
Current HEAD is at the same commit as 'feature/CRQ-016-nixify'.

Entering 'submodules/rustfmt'
----------------------------------------------------
Processing submodule:  (current directory: /mnt/data1/nix/vendor/rust/cargo2nix/submodules/rustfmt)
Reflog for :
0e5caea7 HEAD@{3 days ago}: checkout: moving from 0e5caea7a65bd841cf017f584cb3e830ba02fd4e to feature/CRQ-016-nixify
0e5caea7 HEAD@{3 days ago}: checkout: moving from main to HEAD
0e5caea7 HEAD@{3 days ago}: reset: moving to HEAD
0e5caea7 HEAD@{7 days ago}: clone: from https://github.com/rust-lang/rustfmt

Branch 'feature/CRQ-016-nixify' exists in .
Current branch is 'feature/CRQ-016-nixify'.
Current HEAD is at the same commit as 'feature/CRQ-016-nixify'.

Entering 'submodules/rustix'
----------------------------------------------------
Processing submodule:  (current directory: /mnt/data1/nix/vendor/rust/cargo2nix/submodules/rustix)
Reflog for :
838cad3c HEAD@{3 days ago}: checkout: moving from main to feature/CRQ-016-nixify
640cc11c HEAD@{3 days ago}: reset: moving to HEAD
640cc11c HEAD@{7 days ago}: clone: from https://github.com/meta-introspector/rustix.git

Branch 'feature/CRQ-016-nixify' exists in .
Current branch is 'feature/CRQ-016-nixify'.
Current HEAD is at the same commit as 'feature/CRQ-016-nixify'.

Entering 'submodules/rustls'
----------------------------------------------------
Processing submodule:  (current directory: /mnt/data1/nix/vendor/rust/cargo2nix/submodules/rustls)
Reflog for :
971e7dac HEAD@{3 days ago}: checkout: moving from main to feature/CRQ-016-nixify
d7675e3c HEAD@{3 days ago}: reset: moving to HEAD
d7675e3c HEAD@{7 days ago}: clone: from https://github.com/meta-introspector/rustls

Branch 'feature/CRQ-016-nixify' exists in .
Current branch is 'feature/CRQ-016-nixify'.
Current HEAD is at the same commit as 'feature/CRQ-016-nixify'.

Entering 'submodules/rustls-ffi'
----------------------------------------------------
Processing submodule:  (current directory: /mnt/data1/nix/vendor/rust/cargo2nix/submodules/rustls-ffi)
Reflog for :
f31e912 HEAD@{3 days ago}: checkout: moving from main to feature/CRQ-016-nixify
0b5f053 HEAD@{3 days ago}: reset: moving to HEAD
0b5f053 HEAD@{7 days ago}: clone: from https://github.com/meta-introspector/rustls-ffi

Branch 'feature/CRQ-016-nixify' exists in .
Current branch is 'feature/CRQ-016-nixify'.
Current HEAD is at the same commit as 'feature/CRQ-016-nixify'.

Entering 'submodules/rustls-native-certs'
----------------------------------------------------
Processing submodule:  (current directory: /mnt/data1/nix/vendor/rust/cargo2nix/submodules/rustls-native-certs)
Reflog for :
70666b5 HEAD@{3 days ago}: checkout: moving from main to feature/CRQ-016-nixify
3ec7d86 HEAD@{3 days ago}: reset: moving to HEAD
3ec7d86 HEAD@{7 days ago}: clone: from https://github.com/meta-introspector/rustls-native-certs

Branch 'feature/CRQ-016-nixify' exists in .
Current branch is 'feature/CRQ-016-nixify'.
Current HEAD is at the same commit as 'feature/CRQ-016-nixify'.

Entering 'submodules/rustls-platform-verifier'
----------------------------------------------------
Processing submodule:  (current directory: /mnt/data1/nix/vendor/rust/cargo2nix/submodules/rustls-platform-verifier)
Reflog for :
513c4c5 HEAD@{3 days ago}: checkout: moving from main to feature/CRQ-016-nixify
1099f16 HEAD@{3 days ago}: reset: moving to HEAD
1099f16 HEAD@{7 days ago}: clone: from https://github.com/meta-introspector/rustls-platform-verifier

Branch 'feature/CRQ-016-nixify' exists in .
Current branch is 'feature/CRQ-016-nixify'.
Current HEAD is at the same commit as 'feature/CRQ-016-nixify'.

Entering 'submodules/rustversion'
----------------------------------------------------
Processing submodule:  (current directory: /mnt/data1/nix/vendor/rust/cargo2nix/submodules/rustversion)
Reflog for :
c18d593 HEAD@{3 days ago}: checkout: moving from master to feature/CRQ-016-nixify
b316b11 HEAD@{3 days ago}: reset: moving to HEAD
b316b11 HEAD@{7 days ago}: clone: from https://github.com/meta-introspector/rustversion.git

Branch 'feature/CRQ-016-nixify' exists in .
Current branch is 'feature/CRQ-016-nixify'.
Current HEAD is at the same commit as 'feature/CRQ-016-nixify'.

Entering 'submodules/rusty-fork'
----------------------------------------------------
Processing submodule:  (current directory: /mnt/data1/nix/vendor/rust/cargo2nix/submodules/rusty-fork)
Reflog for :
3e7c9d6 HEAD@{3 days ago}: checkout: moving from master to feature/CRQ-016-nixify
22b6d89 HEAD@{3 days ago}: reset: moving to HEAD
22b6d89 HEAD@{7 days ago}: clone: from https://github.com/meta-introspector/rusty-fork.git

Branch 'feature/CRQ-016-nixify' exists in .
Current branch is 'feature/CRQ-016-nixify'.
Current HEAD is at the same commit as 'feature/CRQ-016-nixify'.

Entering 'submodules/ryu'
----------------------------------------------------
Processing submodule:  (current directory: /mnt/data1/nix/vendor/rust/cargo2nix/submodules/ryu)
Reflog for :
30e1923 HEAD@{3 days ago}: checkout: moving from master to feature/CRQ-016-nixify
04b87ae HEAD@{3 days ago}: reset: moving to HEAD
04b87ae HEAD@{7 days ago}: clone: from https://github.com/meta-introspector/ryu.git

Branch 'feature/CRQ-016-nixify' exists in .
Current branch is 'feature/CRQ-016-nixify'.
Current HEAD is at the same commit as 'feature/CRQ-016-nixify'.

Entering 'submodules/salsa'
----------------------------------------------------
Processing submodule:  (current directory: /mnt/data1/nix/vendor/rust/cargo2nix/submodules/salsa)
Reflog for :
59aa1075 HEAD@{18 hours ago}: clone: from https://github.com/meta-introspector/salsa

Branch 'feature/CRQ-016-nixify' not found in .

Entering 'submodules/same-file'
----------------------------------------------------
Processing submodule:  (current directory: /mnt/data1/nix/vendor/rust/cargo2nix/submodules/same-file)
Reflog for :
d2596e1 HEAD@{3 days ago}: checkout: moving from master to feature/CRQ-016-nixify
e7d851b HEAD@{3 days ago}: reset: moving to HEAD
e7d851b HEAD@{7 days ago}: clone: from https://github.com/meta-introspector/same-file.git

Branch 'feature/CRQ-016-nixify' exists in .
Current branch is 'feature/CRQ-016-nixify'.
Current HEAD is at the same commit as 'feature/CRQ-016-nixify'.

Entering 'submodules/scalable-concurrent-containers'
----------------------------------------------------
Processing submodule:  (current directory: /mnt/data1/nix/vendor/rust/cargo2nix/submodules/scalable-concurrent-containers)
Reflog for :
33fcbe7 HEAD@{3 days ago}: checkout: moving from main to feature/CRQ-016-nixify
2e7a9a1 HEAD@{3 days ago}: reset: moving to HEAD
2e7a9a1 HEAD@{7 days ago}: clone: from https://github.com/meta-introspector/scalable-concurrent-containers

Branch 'feature/CRQ-016-nixify' exists in .
Current branch is 'feature/CRQ-016-nixify'.
Current HEAD is at the same commit as 'feature/CRQ-016-nixify'.

Entering 'submodules/scalable-delayed-dealloc'
----------------------------------------------------
Processing submodule:  (current directory: /mnt/data1/nix/vendor/rust/cargo2nix/submodules/scalable-delayed-dealloc)
Reflog for :
7b64edb HEAD@{3 days ago}: checkout: moving from main to feature/CRQ-016-nixify
544e893 HEAD@{3 days ago}: reset: moving to HEAD
544e893 HEAD@{7 days ago}: clone: from https://github.com/meta-introspector/scalable-delayed-dealloc

Branch 'feature/CRQ-016-nixify' exists in .
Current branch is 'feature/CRQ-016-nixify'.
Current HEAD is at the same commit as 'feature/CRQ-016-nixify'.

Entering 'submodules/sccache'
----------------------------------------------------
Processing submodule:  (current directory: /mnt/data1/nix/vendor/rust/cargo2nix/submodules/sccache)
Reflog for :
9de8d18 HEAD@{2 hours ago}: clone: from https://github.com/meta-introspector/sccache

Branch 'feature/CRQ-016-nixify' not found in .

Entering 'submodules/schannel-rs'
----------------------------------------------------
Processing submodule:  (current directory: /mnt/data1/nix/vendor/rust/cargo2nix/submodules/schannel-rs)
Reflog for :
442462c HEAD@{3 days ago}: checkout: moving from master to feature/CRQ-016-nixify
6cc5637 HEAD@{3 days ago}: reset: moving to HEAD
6cc5637 HEAD@{7 days ago}: clone: from https://github.com/meta-introspector/schannel-rs

Branch 'feature/CRQ-016-nixify' exists in .
Current branch is 'feature/CRQ-016-nixify'.
Current HEAD is at the same commit as 'feature/CRQ-016-nixify'.

Entering 'submodules/schemars'
----------------------------------------------------
Processing submodule:  (current directory: /mnt/data1/nix/vendor/rust/cargo2nix/submodules/schemars)
Reflog for :
6767610 HEAD@{3 days ago}: checkout: moving from master to feature/CRQ-016-nixify
ac0b651 HEAD@{3 days ago}: reset: moving to HEAD
ac0b651 HEAD@{7 days ago}: clone: from https://github.com/meta-introspector/schemars.git

Branch 'feature/CRQ-016-nixify' exists in .
Current branch is 'feature/CRQ-016-nixify'.
Current HEAD is at the same commit as 'feature/CRQ-016-nixify'.

Entering 'submodules/scoped-tls'
----------------------------------------------------
Processing submodule:  (current directory: /mnt/data1/nix/vendor/rust/cargo2nix/submodules/scoped-tls)
Reflog for :
294ca0f HEAD@{3 days ago}: checkout: moving from main to feature/CRQ-016-nixify
0b6f66a HEAD@{3 days ago}: reset: moving to HEAD
0b6f66a HEAD@{7 days ago}: clone: from https://github.com/meta-introspector/scoped-tls.git

Branch 'feature/CRQ-016-nixify' exists in .
Current branch is 'feature/CRQ-016-nixify'.
Current HEAD is at the same commit as 'feature/CRQ-016-nixify'.

Entering 'submodules/scopeguard'
----------------------------------------------------
Processing submodule:  (current directory: /mnt/data1/nix/vendor/rust/cargo2nix/submodules/scopeguard)
Reflog for :
dd46b8b HEAD@{3 days ago}: checkout: moving from master to feature/CRQ-016-nixify
bb98822 HEAD@{3 days ago}: reset: moving to HEAD
bb98822 HEAD@{7 days ago}: clone: from https://github.com/meta-introspector/scopeguard.git

Branch 'feature/CRQ-016-nixify' exists in .
Current branch is 'feature/CRQ-016-nixify'.
Current HEAD is at the same commit as 'feature/CRQ-016-nixify'.

Entering 'submodules/semver'
----------------------------------------------------
Processing submodule:  (current directory: /mnt/data1/nix/vendor/rust/cargo2nix/submodules/semver)
Reflog for :
6a79be7 HEAD@{3 days ago}: checkout: moving from master to feature/CRQ-016-nixify
4527d59 HEAD@{3 days ago}: reset: moving to HEAD
4527d59 HEAD@{7 days ago}: clone: from https://github.com/meta-introspector/semver.git

Branch 'feature/CRQ-016-nixify' exists in .
Current branch is 'feature/CRQ-016-nixify'.
Current HEAD is at the same commit as 'feature/CRQ-016-nixify'.

Entering 'submodules/serde'
----------------------------------------------------
Processing submodule:  (current directory: /mnt/data1/nix/vendor/rust/cargo2nix/submodules/serde)
Reflog for :
c23697e6 HEAD@{3 days ago}: checkout: moving from master to feature/CRQ-016-nixify
e42684f9 HEAD@{3 days ago}: reset: moving to HEAD
e42684f9 HEAD@{7 days ago}: clone: from https://github.com/meta-introspector/serde

Branch 'feature/CRQ-016-nixify' exists in .
Current branch is 'feature/CRQ-016-nixify'.
Current HEAD is at the same commit as 'feature/CRQ-016-nixify'.

Entering 'submodules/serde-ignored'
----------------------------------------------------
Processing submodule:  (current directory: /mnt/data1/nix/vendor/rust/cargo2nix/submodules/serde-ignored)
Reflog for :
4537284 HEAD@{3 days ago}: checkout: moving from master to feature/CRQ-016-nixify
8a3f03b HEAD@{3 days ago}: reset: moving to HEAD
8a3f03b HEAD@{7 days ago}: clone: from https://github.com/meta-introspector/serde-ignored.git

Branch 'feature/CRQ-016-nixify' exists in .
Current branch is 'feature/CRQ-016-nixify'.
Current HEAD is at the same commit as 'feature/CRQ-016-nixify'.

Entering 'submodules/serde-rs-bytes'
----------------------------------------------------
Processing submodule:  (current directory: /mnt/data1/nix/vendor/rust/cargo2nix/submodules/serde-rs-bytes)
Reflog for :
0c499ec HEAD@{3 days ago}: checkout: moving from master to feature/CRQ-016-nixify
603d2a0 HEAD@{3 days ago}: reset: moving to HEAD
603d2a0 HEAD@{7 days ago}: clone: from https://github.com/meta-introspector/serde-rs-bytes

Branch 'feature/CRQ-016-nixify' exists in .
Current branch is 'feature/CRQ-016-nixify'.
Current HEAD is at the same commit as 'feature/CRQ-016-nixify'.

Entering 'submodules/serde-stacker'
----------------------------------------------------
Processing submodule:  (current directory: /mnt/data1/nix/vendor/rust/cargo2nix/submodules/serde-stacker)
Reflog for :
a21c82c HEAD@{3 days ago}: checkout: moving from a21c82ca7746fcfb22303f195a03c86feb323b1b to feature/CRQ-016-nixify
a21c82c HEAD@{3 days ago}: checkout: moving from master to HEAD
a21c82c HEAD@{3 days ago}: reset: moving to HEAD
a21c82c HEAD@{7 days ago}: clone: from https://github.com/dtolnay/serde-stacker

Branch 'feature/CRQ-016-nixify' exists in .
Current branch is 'feature/CRQ-016-nixify'.
Current HEAD is at the same commit as 'feature/CRQ-016-nixify'.

Entering 'submodules/serde-untagged'
----------------------------------------------------
Processing submodule:  (current directory: /mnt/data1/nix/vendor/rust/cargo2nix/submodules/serde-untagged)
Reflog for :
06aa420 HEAD@{3 days ago}: checkout: moving from master to feature/CRQ-016-nixify
2dd2e9d HEAD@{3 days ago}: reset: moving to HEAD
2dd2e9d HEAD@{7 days ago}: clone: from https://github.com/meta-introspector/serde-untagged.git

Branch 'feature/CRQ-016-nixify' exists in .
Current branch is 'feature/CRQ-016-nixify'.
Current HEAD is at the same commit as 'feature/CRQ-016-nixify'.

Entering 'submodules/serde-value'
----------------------------------------------------
Processing submodule:  (current directory: /mnt/data1/nix/vendor/rust/cargo2nix/submodules/serde-value)
Reflog for :
4d45556 HEAD@{3 days ago}: checkout: moving from master to feature/CRQ-016-nixify
47190f5 HEAD@{3 days ago}: reset: moving to HEAD
47190f5 HEAD@{7 days ago}: clone: from https://github.com/meta-introspector/serde-value.git

Branch 'feature/CRQ-016-nixify' exists in .
Current branch is 'feature/CRQ-016-nixify'.
Current HEAD is at the same commit as 'feature/CRQ-016-nixify'.

Entering 'submodules/serde_urlencoded'
----------------------------------------------------
Processing submodule:  (current directory: /mnt/data1/nix/vendor/rust/cargo2nix/submodules/serde_urlencoded)
Reflog for :
0351985 HEAD@{3 days ago}: checkout: moving from master to feature/CRQ-016-nixify
0cca840 HEAD@{3 days ago}: reset: moving to HEAD
0cca840 HEAD@{7 days ago}: clone: from https://github.com/meta-introspector/serde_urlencoded.git

Branch 'feature/CRQ-016-nixify' exists in .
Current branch is 'feature/CRQ-016-nixify'.
Current HEAD is at the same commit as 'feature/CRQ-016-nixify'.

Entering 'submodules/serial_test'
----------------------------------------------------
Processing submodule:  (current directory: /mnt/data1/nix/vendor/rust/cargo2nix/submodules/serial_test)
Reflog for :
7ab23f7 HEAD@{3 days ago}: checkout: moving from main to feature/CRQ-016-nixify
676a456 HEAD@{3 days ago}: reset: moving to HEAD
676a456 HEAD@{7 days ago}: clone: from https://github.com/meta-introspector/serial_test

Branch 'feature/CRQ-016-nixify' exists in .
Current branch is 'feature/CRQ-016-nixify'.
Current HEAD is at the same commit as 'feature/CRQ-016-nixify'.

Entering 'submodules/sha1-smol'
----------------------------------------------------
Processing submodule:  (current directory: /mnt/data1/nix/vendor/rust/cargo2nix/submodules/sha1-smol)
Reflog for :
f9d88bd HEAD@{3 days ago}: checkout: moving from f9d88bd70e9bd577c7c3afdc6acd0313af605324 to feature/CRQ-016-nixify
f9d88bd HEAD@{3 days ago}: checkout: moving from master to HEAD
f9d88bd HEAD@{3 days ago}: reset: moving to HEAD
f9d88bd HEAD@{7 days ago}: clone: from https://github.com/mitsuhiko/sha1-smol

Branch 'feature/CRQ-016-nixify' exists in .
Current branch is 'feature/CRQ-016-nixify'.
Current HEAD is at the same commit as 'feature/CRQ-016-nixify'.

Entering 'submodules/sharded-slab'
----------------------------------------------------
Processing submodule:  (current directory: /mnt/data1/nix/vendor/rust/cargo2nix/submodules/sharded-slab)
Reflog for :
30e184b HEAD@{3 days ago}: checkout: moving from main to feature/CRQ-016-nixify
e540cdb HEAD@{3 days ago}: reset: moving to HEAD
e540cdb HEAD@{7 days ago}: clone: from https://github.com/meta-introspector/sharded-slab.git

Branch 'feature/CRQ-016-nixify' exists in .
Current branch is 'feature/CRQ-016-nixify'.
Current HEAD is at the same commit as 'feature/CRQ-016-nixify'.

Entering 'submodules/shell-escape'
----------------------------------------------------
Processing submodule:  (current directory: /mnt/data1/nix/vendor/rust/cargo2nix/submodules/shell-escape)
Reflog for :
ffaad9c HEAD@{3 days ago}: checkout: moving from master to feature/CRQ-016-nixify
9bfec03 HEAD@{3 days ago}: reset: moving to HEAD
9bfec03 HEAD@{7 days ago}: clone: from https://github.com/meta-introspector/shell-escape

Branch 'feature/CRQ-016-nixify' exists in .
Current branch is 'feature/CRQ-016-nixify'.
Current HEAD is at the same commit as 'feature/CRQ-016-nixify'.

Entering 'submodules/shell-words'
----------------------------------------------------
Processing submodule:  (current directory: /mnt/data1/nix/vendor/rust/cargo2nix/submodules/shell-words)
Reflog for :
bbc7edd HEAD@{3 days ago}: checkout: moving from master to feature/CRQ-016-nixify
efe8162 HEAD@{3 days ago}: reset: moving to HEAD
efe8162 HEAD@{7 days ago}: clone: from https://github.com/meta-introspector/shell-words

Branch 'feature/CRQ-016-nixify' exists in .
Current branch is 'feature/CRQ-016-nixify'.
Current HEAD is at the same commit as 'feature/CRQ-016-nixify'.

Entering 'submodules/signal-hook'
----------------------------------------------------
Processing submodule:  (current directory: /mnt/data1/nix/vendor/rust/cargo2nix/submodules/signal-hook)
Reflog for :
58ab668 HEAD@{3 days ago}: checkout: moving from 58ab6688133bb58d5103a8d3ac21f551b4aefa04 to feature/CRQ-016-nixify
58ab668 HEAD@{3 days ago}: checkout: moving from master to HEAD
58ab668 HEAD@{3 days ago}: reset: moving to HEAD
58ab668 HEAD@{7 days ago}: clone: from https://github.com/vorner/signal-hook

Branch 'feature/CRQ-016-nixify' exists in .
Current branch is 'feature/CRQ-016-nixify'.
Current HEAD is at the same commit as 'feature/CRQ-016-nixify'.

Entering 'submodules/signatures'
----------------------------------------------------
Processing submodule:  (current directory: /mnt/data1/nix/vendor/rust/cargo2nix/submodules/signatures)
Reflog for :
87dc8f5 HEAD@{3 days ago}: checkout: moving from 87dc8f51ca20f6a2c0191e1f0622df62f82bba5d to feature/CRQ-016-nixify
87dc8f5 HEAD@{3 days ago}: checkout: moving from master to HEAD
87dc8f5 HEAD@{3 days ago}: reset: moving to HEAD
87dc8f5 HEAD@{7 days ago}: clone: from https://github.com/RustCrypto/signatures

Branch 'feature/CRQ-016-nixify' exists in .
Current branch is 'feature/CRQ-016-nixify'.
Current HEAD is at the same commit as 'feature/CRQ-016-nixify'.

Entering 'submodules/simd-adler32'
----------------------------------------------------
Processing submodule:  (current directory: /mnt/data1/nix/vendor/rust/cargo2nix/submodules/simd-adler32)
Reflog for :
4f6f33e HEAD@{3 days ago}: checkout: moving from main to feature/CRQ-016-nixify
b279034 HEAD@{3 days ago}: reset: moving to HEAD
b279034 HEAD@{7 days ago}: clone: from https://github.com/meta-introspector/simd-adler32.git

Branch 'feature/CRQ-016-nixify' exists in .
Current branch is 'feature/CRQ-016-nixify'.
Current HEAD is at the same commit as 'feature/CRQ-016-nixify'.

Entering 'submodules/similar'
----------------------------------------------------
Processing submodule:  (current directory: /mnt/data1/nix/vendor/rust/cargo2nix/submodules/similar)
Reflog for :
f5ed39e HEAD@{3 days ago}: checkout: moving from main to feature/CRQ-016-nixify
a169e29 HEAD@{3 days ago}: reset: moving to HEAD
a169e29 HEAD@{7 days ago}: clone: from https://github.com/meta-introspector/similar.git

Branch 'feature/CRQ-016-nixify' exists in .
Current branch is 'feature/CRQ-016-nixify'.
Current HEAD is at the same commit as 'feature/CRQ-016-nixify'.

Entering 'submodules/siphasher'
----------------------------------------------------
Processing submodule:  (current directory: /mnt/data1/nix/vendor/rust/cargo2nix/submodules/siphasher)
Reflog for :
aa490a9 HEAD@{19 hours ago}: clone: from https://github.com/jedisct1/rust-siphash

Branch 'feature/CRQ-016-nixify' not found in .

Entering 'submodules/sized-chunks'
----------------------------------------------------
Processing submodule:  (current directory: /mnt/data1/nix/vendor/rust/cargo2nix/submodules/sized-chunks)
Reflog for :
341aa94 HEAD@{3 days ago}: checkout: moving from master to feature/CRQ-016-nixify
2e3b05c HEAD@{3 days ago}: reset: moving to HEAD
2e3b05c HEAD@{7 days ago}: clone: from https://github.com/meta-introspector/sized-chunks.git

Branch 'feature/CRQ-016-nixify' exists in .
Current branch is 'feature/CRQ-016-nixify'.
Current HEAD is at the same commit as 'feature/CRQ-016-nixify'.

Entering 'submodules/slab'
----------------------------------------------------
Processing submodule:  (current directory: /mnt/data1/nix/vendor/rust/cargo2nix/submodules/slab)
Reflog for :
96fd160 HEAD@{3 days ago}: checkout: moving from master to feature/CRQ-016-nixify
4955f79 HEAD@{3 days ago}: reset: moving to HEAD
4955f79 HEAD@{7 days ago}: clone: from https://github.com/meta-introspector/slab

Branch 'feature/CRQ-016-nixify' exists in .
Current branch is 'feature/CRQ-016-nixify'.
Current HEAD is at the same commit as 'feature/CRQ-016-nixify'.

Entering 'submodules/slug'
----------------------------------------------------
Processing submodule:  (current directory: /mnt/data1/nix/vendor/rust/cargo2nix/submodules/slug)
Reflog for :
9efc8cb HEAD@{19 hours ago}: clone: from https://github.com/Stebalien/slug-rs

Branch 'feature/CRQ-016-nixify' not found in .

Entering 'submodules/smol'
----------------------------------------------------
Processing submodule:  (current directory: /mnt/data1/nix/vendor/rust/cargo2nix/submodules/smol)
Reflog for :
d1ce8f6 HEAD@{3 days ago}: checkout: moving from d1ce8f6490ec5fcd189a359bd2b4ad6aeb4cdb50 to feature/CRQ-016-nixify
d1ce8f6 HEAD@{3 days ago}: checkout: moving from master to HEAD
d1ce8f6 HEAD@{3 days ago}: reset: moving to HEAD
d1ce8f6 HEAD@{7 days ago}: clone: from https://github.com/smol-rs/smol

Branch 'feature/CRQ-016-nixify' exists in .
Current branch is 'feature/CRQ-016-nixify'.
Current HEAD is at the same commit as 'feature/CRQ-016-nixify'.

Entering 'submodules/snapbox'
----------------------------------------------------
Processing submodule:  (current directory: /mnt/data1/nix/vendor/rust/cargo2nix/submodules/snapbox)
Reflog for :
fec6310 HEAD@{3 days ago}: checkout: moving from main to feature/CRQ-016-nixify
90fd7f0 HEAD@{3 days ago}: reset: moving to HEAD
90fd7f0 HEAD@{7 days ago}: clone: from https://github.com/meta-introspector/snapbox.git

Branch 'feature/CRQ-016-nixify' exists in .
Current branch is 'feature/CRQ-016-nixify'.
Current HEAD is at the same commit as 'feature/CRQ-016-nixify'.

Entering 'submodules/socket2'
----------------------------------------------------
Processing submodule:  (current directory: /mnt/data1/nix/vendor/rust/cargo2nix/submodules/socket2)
Reflog for :
c1e0a51 HEAD@{3 days ago}: checkout: moving from master to feature/CRQ-016-nixify
a0810cd HEAD@{3 days ago}: reset: moving to HEAD
a0810cd HEAD@{7 days ago}: clone: from https://github.com/meta-introspector/socket2

Branch 'feature/CRQ-016-nixify' exists in .
Current branch is 'feature/CRQ-016-nixify'.
Current HEAD is at the same commit as 'feature/CRQ-016-nixify'.

Entering 'submodules/ssh2-rs'
----------------------------------------------------
Processing submodule:  (current directory: /mnt/data1/nix/vendor/rust/cargo2nix/submodules/ssh2-rs)
Reflog for :
bcd2db3 HEAD@{3 days ago}: checkout: moving from master to feature/CRQ-016-nixify
7fa55ea HEAD@{3 days ago}: reset: moving to HEAD
7fa55ea HEAD@{7 days ago}: clone: from https://github.com/meta-introspector/ssh2-rs.git

Branch 'feature/CRQ-016-nixify' exists in .
Current branch is 'feature/CRQ-016-nixify'.
Current HEAD is at the same commit as 'feature/CRQ-016-nixify'.

Entering 'submodules/ssh2-rs/libssh2-sys/libssh2'
----------------------------------------------------
Processing submodule:  (current directory: /mnt/data1/nix/vendor/rust/cargo2nix/submodules/ssh2-rs/libssh2-sys/libssh2)
Reflog for :
a312b433 HEAD@{2 hours ago}: checkout: moving from master to a312b43325e3383c865a87bb1d26cb52e3292641
7fd89a58 HEAD@{2 hours ago}: clone: from https://github.com/libssh2/libssh2

Branch 'feature/CRQ-016-nixify' not found in .

Entering 'submodules/stability'
----------------------------------------------------
Processing submodule:  (current directory: /mnt/data1/nix/vendor/rust/cargo2nix/submodules/stability)
Reflog for :
b81b055 HEAD@{3 days ago}: checkout: moving from master to feature/CRQ-016-nixify
241f787 HEAD@{3 days ago}: reset: moving to HEAD
241f787 HEAD@{7 days ago}: clone: from https://github.com/meta-introspector/stability

Branch 'feature/CRQ-016-nixify' exists in .
Current branch is 'feature/CRQ-016-nixify'.
Current HEAD is at the same commit as 'feature/CRQ-016-nixify'.

Entering 'submodules/stable_deref_trait'
----------------------------------------------------
Processing submodule:  (current directory: /mnt/data1/nix/vendor/rust/cargo2nix/submodules/stable_deref_trait)
Reflog for :
9f061e0 HEAD@{3 days ago}: checkout: moving from master to feature/CRQ-016-nixify
30002b4 HEAD@{3 days ago}: reset: moving to HEAD
30002b4 HEAD@{7 days ago}: clone: from https://github.com/meta-introspector/stable_deref_trait

Branch 'feature/CRQ-016-nixify' exists in .
Current branch is 'feature/CRQ-016-nixify'.
Current HEAD is at the same commit as 'feature/CRQ-016-nixify'.

Entering 'submodules/stacker'
----------------------------------------------------
Processing submodule:  (current directory: /mnt/data1/nix/vendor/rust/cargo2nix/submodules/stacker)
Reflog for :
bc775cf HEAD@{3 days ago}: checkout: moving from bc775cf3ed3f16835c10e3951272bb2c8d1f8202 to feature/CRQ-016-nixify
bc775cf HEAD@{3 days ago}: checkout: moving from master to HEAD
bc775cf HEAD@{3 days ago}: reset: moving to HEAD
bc775cf HEAD@{7 days ago}: clone: from https://github.com/rust-lang/stacker

Branch 'feature/CRQ-016-nixify' exists in .
Current branch is 'feature/CRQ-016-nixify'.
Current HEAD is at the same commit as 'feature/CRQ-016-nixify'.

Entering 'submodules/static-assertions-rs'
----------------------------------------------------
Processing submodule:  (current directory: /mnt/data1/nix/vendor/rust/cargo2nix/submodules/static-assertions-rs)
Reflog for :
a867e97 HEAD@{3 days ago}: checkout: moving from master to feature/CRQ-016-nixify
a867e97 HEAD@{3 days ago}: reset: moving to HEAD
a867e97 HEAD@{7 days ago}: clone: from https://github.com/meta-introspector/static-assertions-rs.git

Branch 'feature/CRQ-016-nixify' exists in .
Current branch is 'feature/CRQ-016-nixify'.
Current HEAD is at the same commit as 'feature/CRQ-016-nixify'.

Entering 'submodules/stdarch'
----------------------------------------------------
Processing submodule:  (current directory: /mnt/data1/nix/vendor/rust/cargo2nix/submodules/stdarch)
Reflog for :
50134e10 HEAD@{3 days ago}: checkout: moving from 50134e10cbd2f81a068259d7796aff2471aae7c1 to feature/CRQ-016-nixify
50134e10 HEAD@{3 days ago}: checkout: moving from main to HEAD
50134e10 HEAD@{3 days ago}: reset: moving to HEAD
50134e10 HEAD@{7 days ago}: clone: from https://github.com/rust-lang/stdarch

Branch 'feature/CRQ-016-nixify' exists in .
Current branch is 'feature/CRQ-016-nixify'.
Current HEAD is at the same commit as 'feature/CRQ-016-nixify'.

Entering 'submodules/strsim-rs'
----------------------------------------------------
Processing submodule:  (current directory: /mnt/data1/nix/vendor/rust/cargo2nix/submodules/strsim-rs)
Reflog for :
c0d8f4d HEAD@{3 days ago}: checkout: moving from main to feature/CRQ-016-nixify
43d4443 HEAD@{3 days ago}: reset: moving to HEAD
43d4443 HEAD@{7 days ago}: clone: from https://github.com/meta-introspector/strsim-rs.git

Branch 'feature/CRQ-016-nixify' exists in .
Current branch is 'feature/CRQ-016-nixify'.
Current HEAD is at the same commit as 'feature/CRQ-016-nixify'.

Entering 'submodules/structmeta'
----------------------------------------------------
Processing submodule:  (current directory: /mnt/data1/nix/vendor/rust/cargo2nix/submodules/structmeta)
Reflog for :
98b16d1 HEAD@{3 days ago}: checkout: moving from master to feature/CRQ-016-nixify
1eb74de HEAD@{3 days ago}: reset: moving to HEAD
1eb74de HEAD@{7 days ago}: clone: from https://github.com/meta-introspector/structmeta

Branch 'feature/CRQ-016-nixify' exists in .
Current branch is 'feature/CRQ-016-nixify'.
Current HEAD is at the same commit as 'feature/CRQ-016-nixify'.

Entering 'submodules/strum'
----------------------------------------------------
Processing submodule:  (current directory: /mnt/data1/nix/vendor/rust/cargo2nix/submodules/strum)
Reflog for :
c8d6241 HEAD@{3 days ago}: checkout: moving from c8d6241123d68b2e56a8d546300508294338f69a to feature/CRQ-016-nixify
c8d6241 HEAD@{3 days ago}: checkout: moving from master to HEAD
c8d6241 HEAD@{3 days ago}: reset: moving to HEAD
c8d6241 HEAD@{7 days ago}: clone: from https://github.com/Peternator7/strum

Branch 'feature/CRQ-016-nixify' exists in .
Current branch is 'feature/CRQ-016-nixify'.
Current HEAD is at the same commit as 'feature/CRQ-016-nixify'.

Entering 'submodules/subtle'
----------------------------------------------------
Processing submodule:  (current directory: /mnt/data1/nix/vendor/rust/cargo2nix/submodules/subtle)
Reflog for :
6de607c HEAD@{3 days ago}: checkout: moving from main to feature/CRQ-016-nixify
369e746 HEAD@{3 days ago}: reset: moving to HEAD
369e746 HEAD@{7 days ago}: clone: from https://github.com/meta-introspector/subtle.git

Branch 'feature/CRQ-016-nixify' exists in .
Current branch is 'feature/CRQ-016-nixify'.
Current HEAD is at the same commit as 'feature/CRQ-016-nixify'.

Entering 'submodules/supports-hyperlinks'
----------------------------------------------------
Processing submodule:  (current directory: /mnt/data1/nix/vendor/rust/cargo2nix/submodules/supports-hyperlinks)
Reflog for :
c629457 HEAD@{3 days ago}: checkout: moving from main to feature/CRQ-016-nixify
a2cc083 HEAD@{3 days ago}: reset: moving to HEAD
a2cc083 HEAD@{7 days ago}: clone: from https://github.com/meta-introspector/supports-hyperlinks

Branch 'feature/CRQ-016-nixify' exists in .
Current branch is 'feature/CRQ-016-nixify'.
Current HEAD is at the same commit as 'feature/CRQ-016-nixify'.

Entering 'submodules/supports-unicode'
----------------------------------------------------
Processing submodule:  (current directory: /mnt/data1/nix/vendor/rust/cargo2nix/submodules/supports-unicode)
Reflog for :
0220c62 HEAD@{3 days ago}: checkout: moving from main to feature/CRQ-016-nixify
f886c82 HEAD@{3 days ago}: reset: moving to HEAD
f886c82 HEAD@{7 days ago}: clone: from https://github.com/meta-introspector/supports-unicode

Branch 'feature/CRQ-016-nixify' exists in .
Current branch is 'feature/CRQ-016-nixify'.
Current HEAD is at the same commit as 'feature/CRQ-016-nixify'.

Entering 'submodules/sval'
----------------------------------------------------
Processing submodule:  (current directory: /mnt/data1/nix/vendor/rust/cargo2nix/submodules/sval)
Reflog for :
7de623d HEAD@{3 days ago}: checkout: moving from main to feature/CRQ-016-nixify
8c5ee90 HEAD@{3 days ago}: reset: moving to HEAD
8c5ee90 HEAD@{7 days ago}: clone: from https://github.com/meta-introspector/sval

Branch 'feature/CRQ-016-nixify' exists in .
Current branch is 'feature/CRQ-016-nixify'.
Current HEAD is at the same commit as 'feature/CRQ-016-nixify'.

Entering 'submodules/syn'
----------------------------------------------------
Processing submodule:  (current directory: /mnt/data1/nix/vendor/rust/cargo2nix/submodules/syn)
Reflog for :
fa2a3877 HEAD@{3 days ago}: checkout: moving from master to feature/CRQ-016-nixify
3c24f576 HEAD@{3 days ago}: reset: moving to HEAD
3c24f576 HEAD@{7 days ago}: clone: from https://github.com/meta-introspector/syn.git

Branch 'feature/CRQ-016-nixify' exists in .
Current branch is 'feature/CRQ-016-nixify'.
Current HEAD is at the same commit as 'feature/CRQ-016-nixify'.

Entering 'submodules/sync_wrapper'
----------------------------------------------------
Processing submodule:  (current directory: /mnt/data1/nix/vendor/rust/cargo2nix/submodules/sync_wrapper)
Reflog for :
286f86e HEAD@{3 days ago}: checkout: moving from master to feature/CRQ-016-nixify
5541395 HEAD@{3 days ago}: reset: moving to HEAD
5541395 HEAD@{7 days ago}: clone: from https://github.com/meta-introspector/sync_wrapper.git

Branch 'feature/CRQ-016-nixify' exists in .
Current branch is 'feature/CRQ-016-nixify'.
Current HEAD is at the same commit as 'feature/CRQ-016-nixify'.

Entering 'submodules/synstructure'
----------------------------------------------------
Processing submodule:  (current directory: /mnt/data1/nix/vendor/rust/cargo2nix/submodules/synstructure)
Reflog for :
db2ec1a HEAD@{3 days ago}: checkout: moving from main to feature/CRQ-016-nixify
771020f HEAD@{3 days ago}: reset: moving to HEAD
771020f HEAD@{7 days ago}: clone: from https://github.com/meta-introspector/synstructure.git

Branch 'feature/CRQ-016-nixify' exists in .
Current branch is 'feature/CRQ-016-nixify'.
Current HEAD is at the same commit as 'feature/CRQ-016-nixify'.

Entering 'submodules/syscall'
----------------------------------------------------
Processing submodule:  (current directory: /mnt/data1/nix/vendor/rust/cargo2nix/submodules/syscall)
Reflog for :
2d346f1 HEAD@{3 days ago}: checkout: moving from 2d346f1d610a358d74cd40360cf7e5dcfc2120d7 to feature/CRQ-016-nixify
2d346f1 HEAD@{3 days ago}: checkout: moving from master to HEAD
2d346f1 HEAD@{3 days ago}: reset: moving to HEAD
2d346f1 HEAD@{7 days ago}: clone: from https://gitlab.redox-os.org/redox-os/syscall

Branch 'feature/CRQ-016-nixify' exists in .
Current branch is 'feature/CRQ-016-nixify'.
Current HEAD is at the same commit as 'feature/CRQ-016-nixify'.

Entering 'submodules/sysinfo'
----------------------------------------------------
Processing submodule:  (current directory: /mnt/data1/nix/vendor/rust/cargo2nix/submodules/sysinfo)
Reflog for :
e7a12b8 HEAD@{3 days ago}: checkout: moving from main to feature/CRQ-016-nixify
b0ae22b HEAD@{3 days ago}: reset: moving to HEAD
b0ae22b HEAD@{7 days ago}: clone: from https://github.com/meta-introspector/sysinfo.git

Branch 'feature/CRQ-016-nixify' exists in .
Current branch is 'feature/CRQ-016-nixify'.
Current HEAD is at the same commit as 'feature/CRQ-016-nixify'.

Entering 'submodules/system-configuration-rs'
----------------------------------------------------
Processing submodule:  (current directory: /mnt/data1/nix/vendor/rust/cargo2nix/submodules/system-configuration-rs)
Reflog for :
fa77083 HEAD@{3 days ago}: checkout: moving from main to feature/CRQ-016-nixify
798b3eb HEAD@{3 days ago}: reset: moving to HEAD
798b3eb HEAD@{7 days ago}: clone: from https://github.com/meta-introspector/system-configuration-rs.git

Branch 'feature/CRQ-016-nixify' exists in .
Current branch is 'feature/CRQ-016-nixify'.
Current HEAD is at the same commit as 'feature/CRQ-016-nixify'.

Entering 'submodules/tar-rs'
----------------------------------------------------
Processing submodule:  (current directory: /mnt/data1/nix/vendor/rust/cargo2nix/submodules/tar-rs)
Reflog for :
6a1811c HEAD@{3 days ago}: checkout: moving from main to feature/CRQ-016-nixify
d0261f1 HEAD@{3 days ago}: reset: moving to HEAD
d0261f1 HEAD@{7 days ago}: clone: from https://github.com/meta-introspector/tar-rs.git

Branch 'feature/CRQ-016-nixify' exists in .
Current branch is 'feature/CRQ-016-nixify'.
Current HEAD is at the same commit as 'feature/CRQ-016-nixify'.

Entering 'submodules/target-triple'
----------------------------------------------------
Processing submodule:  (current directory: /mnt/data1/nix/vendor/rust/cargo2nix/submodules/target-triple)
Reflog for :
5e20f46 HEAD@{3 days ago}: checkout: moving from master to feature/CRQ-016-nixify
97e9112 HEAD@{3 days ago}: reset: moving to HEAD
97e9112 HEAD@{7 days ago}: clone: from https://github.com/meta-introspector/target-triple.git

Branch 'feature/CRQ-016-nixify' exists in .
Current branch is 'feature/CRQ-016-nixify'.
Current HEAD is at the same commit as 'feature/CRQ-016-nixify'.

Entering 'submodules/temp-dir'
----------------------------------------------------
Processing submodule:  (current directory: /mnt/data1/nix/vendor/rust/cargo2nix/submodules/temp-dir)
Reflog for :
d4c44ec HEAD@{19 hours ago}: checkout: moving from main to main
d4c44ec HEAD@{19 hours ago}: clone: from https://gitlab.com/leonhard-llc/ops

Branch 'feature/CRQ-016-nixify' not found in .

Entering 'submodules/temp-env'
----------------------------------------------------
Processing submodule:  (current directory: /mnt/data1/nix/vendor/rust/cargo2nix/submodules/temp-env)
Reflog for :
cb7aa40 HEAD@{3 days ago}: checkout: moving from main to feature/CRQ-016-nixify
f8d3000 HEAD@{3 days ago}: reset: moving to HEAD
f8d3000 HEAD@{7 days ago}: clone: from https://github.com/meta-introspector/temp-env

Branch 'feature/CRQ-016-nixify' exists in .
Current branch is 'feature/CRQ-016-nixify'.
Current HEAD is at the same commit as 'feature/CRQ-016-nixify'.

Entering 'submodules/tempfile'
----------------------------------------------------
Processing submodule:  (current directory: /mnt/data1/nix/vendor/rust/cargo2nix/submodules/tempfile)
Reflog for :
661fe89 HEAD@{3 days ago}: checkout: moving from master to feature/CRQ-016-nixify
fe9f4a3 HEAD@{3 days ago}: reset: moving to HEAD
fe9f4a3 HEAD@{7 days ago}: clone: from https://github.com/meta-introspector/tempfile

Branch 'feature/CRQ-016-nixify' exists in .
Current branch is 'feature/CRQ-016-nixify'.
Current HEAD is at the same commit as 'feature/CRQ-016-nixify'.

Entering 'submodules/tera'
----------------------------------------------------
Processing submodule:  (current directory: /mnt/data1/nix/vendor/rust/cargo2nix/submodules/tera)
Reflog for :
d15e245 HEAD@{3 days ago}: checkout: moving from master to feature/CRQ-016-nixify
4e5145e HEAD@{3 days ago}: reset: moving to HEAD
4e5145e HEAD@{7 days ago}: clone: from https://github.com/meta-introspector/tera.git

Branch 'feature/CRQ-016-nixify' exists in .
Current branch is 'feature/CRQ-016-nixify'.
Current HEAD is at the same commit as 'feature/CRQ-016-nixify'.

Entering 'submodules/termcolor'
----------------------------------------------------
Processing submodule:  (current directory: /mnt/data1/nix/vendor/rust/cargo2nix/submodules/termcolor)
Reflog for :
9a0c25d HEAD@{3 days ago}: checkout: moving from master to feature/CRQ-016-nixify
d672e7b HEAD@{3 days ago}: reset: moving to HEAD
d672e7b HEAD@{7 days ago}: clone: from https://github.com/meta-introspector/termcolor.git

Branch 'feature/CRQ-016-nixify' exists in .
Current branch is 'feature/CRQ-016-nixify'.
Current HEAD is at the same commit as 'feature/CRQ-016-nixify'.

Entering 'submodules/terminal-size'
----------------------------------------------------
Processing submodule:  (current directory: /mnt/data1/nix/vendor/rust/cargo2nix/submodules/terminal-size)
Reflog for :
53e9a0f HEAD@{3 days ago}: checkout: moving from master to feature/CRQ-016-nixify
0ce71ba HEAD@{3 days ago}: reset: moving to HEAD
0ce71ba HEAD@{7 days ago}: clone: from https://github.com/meta-introspector/terminal-size.git

Branch 'feature/CRQ-016-nixify' exists in .
Current branch is 'feature/CRQ-016-nixify'.
Current HEAD is at the same commit as 'feature/CRQ-016-nixify'.

Entering 'submodules/termtree'
----------------------------------------------------
Processing submodule:  (current directory: /mnt/data1/nix/vendor/rust/cargo2nix/submodules/termtree)
Reflog for :
5ef1bb7 HEAD@{3 days ago}: checkout: moving from main to feature/CRQ-016-nixify
991ff62 HEAD@{3 days ago}: reset: moving to HEAD
991ff62 HEAD@{7 days ago}: clone: from https://github.com/meta-introspector/termtree

Branch 'feature/CRQ-016-nixify' exists in .
Current branch is 'feature/CRQ-016-nixify'.
Current HEAD is at the same commit as 'feature/CRQ-016-nixify'.

Entering 'submodules/test'
----------------------------------------------------
Processing submodule:  (current directory: /mnt/data1/nix/vendor/rust/cargo2nix/submodules/test)
Reflog for :
2aebd8d HEAD@{3 days ago}: checkout: moving from master to feature/CRQ-016-nixify
a168495 HEAD@{3 days ago}: reset: moving to HEAD
a168495 HEAD@{7 days ago}: clone: from https://github.com/meta-introspector/test

Branch 'feature/CRQ-016-nixify' exists in .
Current branch is 'feature/CRQ-016-nixify'.
Current HEAD is at the same commit as 'feature/CRQ-016-nixify'.

Entering 'submodules/test-strategy'
----------------------------------------------------
Processing submodule:  (current directory: /mnt/data1/nix/vendor/rust/cargo2nix/submodules/test-strategy)
Reflog for :
331ba11 HEAD@{3 days ago}: checkout: moving from master to feature/CRQ-016-nixify
e01a632 HEAD@{3 days ago}: reset: moving to HEAD
e01a632 HEAD@{7 days ago}: clone: from https://github.com/meta-introspector/test-strategy

Branch 'feature/CRQ-016-nixify' exists in .
Current branch is 'feature/CRQ-016-nixify'.
Current HEAD is at the same commit as 'feature/CRQ-016-nixify'.

Entering 'submodules/text-size'
----------------------------------------------------
Processing submodule:  (current directory: /mnt/data1/nix/vendor/rust/cargo2nix/submodules/text-size)
Reflog for :
f5048da HEAD@{3 days ago}: checkout: moving from f5048daacdf8a8b7b6ff61572f75b42b8fe657ba to feature/CRQ-016-nixify
f5048da HEAD@{3 days ago}: checkout: moving from master to HEAD
f5048da HEAD@{3 days ago}: reset: moving to HEAD
f5048da HEAD@{7 days ago}: clone: from https://github.com/rust-analyzer/text-size

Branch 'feature/CRQ-016-nixify' exists in .
Current branch is 'feature/CRQ-016-nixify'.
Current HEAD is at the same commit as 'feature/CRQ-016-nixify'.

Entering 'submodules/textwrap'
----------------------------------------------------
Processing submodule:  (current directory: /mnt/data1/nix/vendor/rust/cargo2nix/submodules/textwrap)
Reflog for :
1424592 HEAD@{3 days ago}: checkout: moving from master to feature/CRQ-016-nixify
5db1066 HEAD@{3 days ago}: reset: moving to HEAD
5db1066 HEAD@{7 days ago}: clone: from https://github.com/meta-introspector/textwrap.git

Branch 'feature/CRQ-016-nixify' exists in .
Current branch is 'feature/CRQ-016-nixify'.
Current HEAD is at the same commit as 'feature/CRQ-016-nixify'.

Entering 'submodules/thiserror'
----------------------------------------------------
Processing submodule:  (current directory: /mnt/data1/nix/vendor/rust/cargo2nix/submodules/thiserror)
Reflog for :
c5eb61f HEAD@{3 days ago}: checkout: moving from master to feature/CRQ-016-nixify
247eab5 HEAD@{3 days ago}: reset: moving to HEAD
247eab5 HEAD@{7 days ago}: clone: from https://github.com/meta-introspector/thiserror.git

Branch 'feature/CRQ-016-nixify' exists in .
Current branch is 'feature/CRQ-016-nixify'.
Current HEAD is at the same commit as 'feature/CRQ-016-nixify'.

Entering 'submodules/thread_local-rs'
----------------------------------------------------
Processing submodule:  (current directory: /mnt/data1/nix/vendor/rust/cargo2nix/submodules/thread_local-rs)
Reflog for :
6c1f836 HEAD@{3 days ago}: checkout: moving from master to feature/CRQ-016-nixify
fdf06db HEAD@{3 days ago}: reset: moving to HEAD
fdf06db HEAD@{7 days ago}: clone: from https://github.com/meta-introspector/thread_local-rs.git

Branch 'feature/CRQ-016-nixify' exists in .
Current branch is 'feature/CRQ-016-nixify'.
Current HEAD is at the same commit as 'feature/CRQ-016-nixify'.

Entering 'submodules/time'
----------------------------------------------------
Processing submodule:  (current directory: /mnt/data1/nix/vendor/rust/cargo2nix/submodules/time)
Reflog for :
9090d030 HEAD@{3 days ago}: checkout: moving from main to feature/CRQ-016-nixify
111928fe HEAD@{3 days ago}: reset: moving to HEAD
111928fe HEAD@{7 days ago}: clone: from https://github.com/meta-introspector/time

Branch 'feature/CRQ-016-nixify' exists in .
Current branch is 'feature/CRQ-016-nixify'.
Current HEAD is at the same commit as 'feature/CRQ-016-nixify'.

Entering 'submodules/time-rs'
----------------------------------------------------
Processing submodule:  (current directory: /mnt/data1/nix/vendor/rust/cargo2nix/submodules/time-rs)
Reflog for :
55e3396 HEAD@{3 days ago}: checkout: moving from main to feature/CRQ-016-nixify
53b0941 HEAD@{3 days ago}: reset: moving to HEAD
53b0941 HEAD@{7 days ago}: clone: from https://github.com/meta-introspector/time-rs

Branch 'feature/CRQ-016-nixify' exists in .
Current branch is 'feature/CRQ-016-nixify'.
Current HEAD is at the same commit as 'feature/CRQ-016-nixify'.

Entering 'submodules/tiny-keccak'
----------------------------------------------------
Processing submodule:  (current directory: /mnt/data1/nix/vendor/rust/cargo2nix/submodules/tiny-keccak)
Reflog for :
cf03ee9 HEAD@{3 days ago}: checkout: moving from master to feature/CRQ-016-nixify
f0fa146 HEAD@{3 days ago}: reset: moving to HEAD
f0fa146 HEAD@{7 days ago}: clone: from https://github.com/meta-introspector/tiny-keccak.git

Branch 'feature/CRQ-016-nixify' exists in .
Current branch is 'feature/CRQ-016-nixify'.
Current HEAD is at the same commit as 'feature/CRQ-016-nixify'.

Entering 'submodules/tinyvec'
----------------------------------------------------
Processing submodule:  (current directory: /mnt/data1/nix/vendor/rust/cargo2nix/submodules/tinyvec)
Reflog for :
2ab8931 HEAD@{3 days ago}: checkout: moving from main to feature/CRQ-016-nixify
3c613ad HEAD@{3 days ago}: reset: moving to HEAD
3c613ad HEAD@{7 days ago}: clone: from https://github.com/meta-introspector/tinyvec.git

Branch 'feature/CRQ-016-nixify' exists in .
Current branch is 'feature/CRQ-016-nixify'.
Current HEAD is at the same commit as 'feature/CRQ-016-nixify'.

Entering 'submodules/tinyvec_macros'
----------------------------------------------------
Processing submodule:  (current directory: /mnt/data1/nix/vendor/rust/cargo2nix/submodules/tinyvec_macros)
Reflog for :
79c6d4e HEAD@{3 days ago}: checkout: moving from master to feature/CRQ-016-nixify
860c23a HEAD@{3 days ago}: reset: moving to HEAD
860c23a HEAD@{7 days ago}: clone: from https://github.com/meta-introspector/tinyvec_macros

Branch 'feature/CRQ-016-nixify' exists in .
Current branch is 'feature/CRQ-016-nixify'.
Current HEAD is at the same commit as 'feature/CRQ-016-nixify'.

Entering 'submodules/tls'
----------------------------------------------------
Processing submodule:  (current directory: /mnt/data1/nix/vendor/rust/cargo2nix/submodules/tls)
Reflog for :
9245fb3 HEAD@{3 days ago}: checkout: moving from master to feature/CRQ-016-nixify
02c1aeb HEAD@{3 days ago}: reset: moving to HEAD
02c1aeb HEAD@{7 days ago}: clone: from https://github.com/meta-introspector/tls

Branch 'feature/CRQ-016-nixify' exists in .
Current branch is 'feature/CRQ-016-nixify'.
Current HEAD is at the same commit as 'feature/CRQ-016-nixify'.

Entering 'submodules/tokio'
----------------------------------------------------
Processing submodule:  (current directory: /mnt/data1/nix/vendor/rust/cargo2nix/submodules/tokio)
Reflog for :
39d2e4ba HEAD@{3 days ago}: checkout: moving from master to feature/CRQ-016-nixify
5e3ad02f HEAD@{3 days ago}: reset: moving to HEAD
5e3ad02f HEAD@{7 days ago}: clone: from https://github.com/meta-introspector/tokio

Branch 'feature/CRQ-016-nixify' exists in .
Current branch is 'feature/CRQ-016-nixify'.
Current HEAD is at the same commit as 'feature/CRQ-016-nixify'.

Entering 'submodules/tokio-rustls'
----------------------------------------------------
Processing submodule:  (current directory: /mnt/data1/nix/vendor/rust/cargo2nix/submodules/tokio-rustls)
Reflog for :
25c352c HEAD@{3 days ago}: checkout: moving from main to feature/CRQ-016-nixify
7ac70c1 HEAD@{3 days ago}: reset: moving to HEAD
7ac70c1 HEAD@{7 days ago}: clone: from https://github.com/meta-introspector/tokio-rustls

Branch 'feature/CRQ-016-nixify' exists in .
Current branch is 'feature/CRQ-016-nixify'.
Current HEAD is at the same commit as 'feature/CRQ-016-nixify'.

Entering 'submodules/toml'
----------------------------------------------------
Processing submodule:  (current directory: /mnt/data1/nix/vendor/rust/cargo2nix/submodules/toml)
Reflog for :
582412e0 HEAD@{3 days ago}: checkout: moving from main to feature/CRQ-016-nixify
e6443685 HEAD@{3 days ago}: reset: moving to HEAD
e6443685 HEAD@{7 days ago}: clone: from https://github.com/meta-introspector/toml

Branch 'feature/CRQ-016-nixify' exists in .
Current branch is 'feature/CRQ-016-nixify'.
Current HEAD is at the same commit as 'feature/CRQ-016-nixify'.

Entering 'submodules/tower'
----------------------------------------------------
Processing submodule:  (current directory: /mnt/data1/nix/vendor/rust/cargo2nix/submodules/tower)
Reflog for :
2690b22 HEAD@{3 days ago}: checkout: moving from master to feature/CRQ-016-nixify
21e01e9 HEAD@{3 days ago}: reset: moving to HEAD
21e01e9 HEAD@{7 days ago}: clone: from https://github.com/meta-introspector/tower

Branch 'feature/CRQ-016-nixify' exists in .
Current branch is 'feature/CRQ-016-nixify'.
Current HEAD is at the same commit as 'feature/CRQ-016-nixify'.

Entering 'submodules/tower-http'
----------------------------------------------------
Processing submodule:  (current directory: /mnt/data1/nix/vendor/rust/cargo2nix/submodules/tower-http)
Reflog for :
b40209a HEAD@{3 days ago}: checkout: moving from main to feature/CRQ-016-nixify
7cfdf76 HEAD@{3 days ago}: reset: moving to HEAD
7cfdf76 HEAD@{7 days ago}: clone: from https://github.com/meta-introspector/tower-http

Branch 'feature/CRQ-016-nixify' exists in .
Current branch is 'feature/CRQ-016-nixify'.
Current HEAD is at the same commit as 'feature/CRQ-016-nixify'.

Entering 'submodules/tracing'
----------------------------------------------------
Processing submodule:  (current directory: /mnt/data1/nix/vendor/rust/cargo2nix/submodules/tracing)
Reflog for :
90eebd32 HEAD@{3 days ago}: checkout: moving from main to feature/CRQ-016-nixify
20f5b3d8 HEAD@{3 days ago}: reset: moving to HEAD
20f5b3d8 HEAD@{7 days ago}: clone: from https://github.com/meta-introspector/tracing

Branch 'feature/CRQ-016-nixify' exists in .
Current branch is 'feature/CRQ-016-nixify'.
Current HEAD is at the same commit as 'feature/CRQ-016-nixify'.

Entering 'submodules/tracing-chrome'
----------------------------------------------------
Processing submodule:  (current directory: /mnt/data1/nix/vendor/rust/cargo2nix/submodules/tracing-chrome)
Reflog for :
dc83fee HEAD@{3 days ago}: checkout: moving from develop to feature/CRQ-016-nixify
7e2625a HEAD@{3 days ago}: reset: moving to HEAD
7e2625a HEAD@{7 days ago}: clone: from https://github.com/meta-introspector/tracing-chrome

Branch 'feature/CRQ-016-nixify' exists in .
Current branch is 'feature/CRQ-016-nixify'.
Current HEAD is at the same commit as 'feature/CRQ-016-nixify'.

Entering 'submodules/tracing-forest'
----------------------------------------------------
Processing submodule:  (current directory: /mnt/data1/nix/vendor/rust/cargo2nix/submodules/tracing-forest)
Reflog for :
332630b HEAD@{3 days ago}: checkout: moving from main to feature/CRQ-016-nixify
06e0664 HEAD@{3 days ago}: reset: moving to HEAD
06e0664 HEAD@{7 days ago}: clone: from https://github.com/meta-introspector/tracing-forest

Branch 'feature/CRQ-016-nixify' exists in .
Current branch is 'feature/CRQ-016-nixify'.
Current HEAD is at the same commit as 'feature/CRQ-016-nixify'.

Entering 'submodules/tracing-tree'
----------------------------------------------------
Processing submodule:  (current directory: /mnt/data1/nix/vendor/rust/cargo2nix/submodules/tracing-tree)
Reflog for :
79627fc HEAD@{19 hours ago}: checkout: moving from main to main
79627fc HEAD@{19 hours ago}: clone: from https://github.com/davidbarsky/tracing-tree

Branch 'feature/CRQ-016-nixify' not found in .

Entering 'submodules/traits'
----------------------------------------------------
Processing submodule:  (current directory: /mnt/data1/nix/vendor/rust/cargo2nix/submodules/traits)
Reflog for :
c22bbfe HEAD@{3 days ago}: checkout: moving from master to feature/CRQ-016-nixify
661a2d7 HEAD@{3 days ago}: reset: moving to HEAD
661a2d7 HEAD@{7 days ago}: clone: from https://github.com/meta-introspector/traits

Branch 'feature/CRQ-016-nixify' exists in .
Current branch is 'feature/CRQ-016-nixify'.
Current HEAD is at the same commit as 'feature/CRQ-016-nixify'.

Entering 'submodules/triomphe'
----------------------------------------------------
Processing submodule:  (current directory: /mnt/data1/nix/vendor/rust/cargo2nix/submodules/triomphe)
Reflog for :
e9393ad HEAD@{19 hours ago}: clone: from https://github.com/Manishearth/triomphe

Branch 'feature/CRQ-016-nixify' not found in .

Entering 'submodules/try-lock'
----------------------------------------------------
Processing submodule:  (current directory: /mnt/data1/nix/vendor/rust/cargo2nix/submodules/try-lock)
Reflog for :
0b01036 HEAD@{3 days ago}: checkout: moving from master to feature/CRQ-016-nixify
e112bed HEAD@{3 days ago}: reset: moving to HEAD
e112bed HEAD@{7 days ago}: clone: from https://github.com/meta-introspector/try-lock

Branch 'feature/CRQ-016-nixify' exists in .
Current branch is 'feature/CRQ-016-nixify'.
Current HEAD is at the same commit as 'feature/CRQ-016-nixify'.

Entering 'submodules/trybuild'
----------------------------------------------------
Processing submodule:  (current directory: /mnt/data1/nix/vendor/rust/cargo2nix/submodules/trybuild)
Reflog for :
f2af856 HEAD@{3 days ago}: checkout: moving from master to feature/CRQ-016-nixify
51f9418 HEAD@{3 days ago}: reset: moving to HEAD
51f9418 HEAD@{7 days ago}: clone: from https://github.com/meta-introspector/trybuild.git

Branch 'feature/CRQ-016-nixify' exists in .
Current branch is 'feature/CRQ-016-nixify'.
Current HEAD is at the same commit as 'feature/CRQ-016-nixify'.

Entering 'submodules/trycmd'
----------------------------------------------------
Processing submodule:  (current directory: /mnt/data1/nix/vendor/rust/cargo2nix/submodules/trycmd)
Reflog for :
bb83f60 HEAD@{3 days ago}: checkout: moving from main to feature/CRQ-016-nixify
90fd7f0 HEAD@{3 days ago}: reset: moving to HEAD
90fd7f0 HEAD@{7 days ago}: clone: from https://github.com/meta-introspector/trycmd.git

Branch 'feature/CRQ-016-nixify' exists in .
Current branch is 'feature/CRQ-016-nixify'.
Current HEAD is at the same commit as 'feature/CRQ-016-nixify'.

Entering 'submodules/tui-crates'
----------------------------------------------------
Processing submodule:  (current directory: /mnt/data1/nix/vendor/rust/cargo2nix/submodules/tui-crates)
Reflog for :
630f9c7 HEAD@{3 days ago}: checkout: moving from main to feature/CRQ-016-nixify
7df0aa5 HEAD@{3 days ago}: reset: moving to HEAD
7df0aa5 HEAD@{7 days ago}: clone: from https://github.com/meta-introspector/tui-crates.git

Branch 'feature/CRQ-016-nixify' exists in .
Current branch is 'feature/CRQ-016-nixify'.
Current HEAD is at the same commit as 'feature/CRQ-016-nixify'.

Entering 'submodules/twox-hash'
----------------------------------------------------
Processing submodule:  (current directory: /mnt/data1/nix/vendor/rust/cargo2nix/submodules/twox-hash)
Reflog for :
874f2e3 HEAD@{3 days ago}: checkout: moving from main to feature/CRQ-016-nixify
bc5bb80 HEAD@{3 days ago}: reset: moving to HEAD
bc5bb80 HEAD@{7 days ago}: clone: from https://github.com/meta-introspector/twox-hash

Branch 'feature/CRQ-016-nixify' exists in .
Current branch is 'feature/CRQ-016-nixify'.
Current HEAD is at the same commit as 'feature/CRQ-016-nixify'.

Entering 'submodules/twox-hash/xx_hash-sys/xxHash'
----------------------------------------------------
Processing submodule:  (current directory: /mnt/data1/nix/vendor/rust/cargo2nix/submodules/twox-hash/xx_hash-sys/xxHash)
Reflog for :
7546e25 HEAD@{2 hours ago}: checkout: moving from dev to 7546e25c96c736896f6ff25e30042de523926182
984ebb4 HEAD@{2 hours ago}: clone: from https://github.com/Cyan4973/xxHash.git

Branch 'feature/CRQ-016-nixify' not found in .

Entering 'submodules/typeid'
----------------------------------------------------
Processing submodule:  (current directory: /mnt/data1/nix/vendor/rust/cargo2nix/submodules/typeid)
Reflog for :
d543afc HEAD@{3 days ago}: checkout: moving from master to feature/CRQ-016-nixify
cc2cbb4 HEAD@{3 days ago}: reset: moving to HEAD
cc2cbb4 HEAD@{7 days ago}: clone: from https://github.com/meta-introspector/typeid.git

Branch 'feature/CRQ-016-nixify' exists in .
Current branch is 'feature/CRQ-016-nixify'.
Current HEAD is at the same commit as 'feature/CRQ-016-nixify'.

Entering 'submodules/typenum'
----------------------------------------------------
Processing submodule:  (current directory: /mnt/data1/nix/vendor/rust/cargo2nix/submodules/typenum)
Reflog for :
497d6f5 HEAD@{3 days ago}: checkout: moving from main to feature/CRQ-016-nixify
77b877d HEAD@{3 days ago}: reset: moving to HEAD
77b877d HEAD@{7 days ago}: clone: from https://github.com/meta-introspector/typenum

Branch 'feature/CRQ-016-nixify' exists in .
Current branch is 'feature/CRQ-016-nixify'.
Current HEAD is at the same commit as 'feature/CRQ-016-nixify'.

Entering 'submodules/typesize'
----------------------------------------------------
Processing submodule:  (current directory: /mnt/data1/nix/vendor/rust/cargo2nix/submodules/typesize)
Reflog for :
3635eba HEAD@{3 days ago}: checkout: moving from master to feature/CRQ-016-nixify
2be34b4 HEAD@{3 days ago}: reset: moving to HEAD
2be34b4 HEAD@{7 days ago}: clone: from https://github.com/meta-introspector/typesize.git

Branch 'feature/CRQ-016-nixify' exists in .
Current branch is 'feature/CRQ-016-nixify'.
Current HEAD is at the same commit as 'feature/CRQ-016-nixify'.

Entering 'submodules/typetag'
----------------------------------------------------
Processing submodule:  (current directory: /mnt/data1/nix/vendor/rust/cargo2nix/submodules/typetag)
Reflog for :
2098255 HEAD@{3 days ago}: checkout: moving from master to feature/CRQ-016-nixify
35b51fc HEAD@{3 days ago}: reset: moving to HEAD
35b51fc HEAD@{7 days ago}: clone: from https://github.com/meta-introspector/typetag.git

Branch 'feature/CRQ-016-nixify' exists in .
Current branch is 'feature/CRQ-016-nixify'.
Current HEAD is at the same commit as 'feature/CRQ-016-nixify'.

Entering 'submodules/ucd-generate'
----------------------------------------------------
Processing submodule:  (current directory: /mnt/data1/nix/vendor/rust/cargo2nix/submodules/ucd-generate)
Reflog for :
86cfb9a HEAD@{3 days ago}: checkout: moving from master to feature/CRQ-016-nixify
e8fa937 HEAD@{3 days ago}: reset: moving to HEAD
e8fa937 HEAD@{7 days ago}: clone: from https://github.com/meta-introspector/ucd-generate.git

Branch 'feature/CRQ-016-nixify' exists in .
Current branch is 'feature/CRQ-016-nixify'.
Current HEAD is at the same commit as 'feature/CRQ-016-nixify'.

Entering 'submodules/ufmt'
----------------------------------------------------
Processing submodule:  (current directory: /mnt/data1/nix/vendor/rust/cargo2nix/submodules/ufmt)
Reflog for :
061fb0a HEAD@{3 days ago}: checkout: moving from main to feature/CRQ-016-nixify
d95831b HEAD@{3 days ago}: reset: moving to HEAD
d95831b HEAD@{7 days ago}: clone: from https://github.com/meta-introspector/ufmt.git

Branch 'feature/CRQ-016-nixify' exists in .
Current branch is 'feature/CRQ-016-nixify'.
Current HEAD is at the same commit as 'feature/CRQ-016-nixify'.

Entering 'submodules/uluru'
----------------------------------------------------
Processing submodule:  (current directory: /mnt/data1/nix/vendor/rust/cargo2nix/submodules/uluru)
Reflog for :
c6acbd7 HEAD@{3 days ago}: checkout: moving from main to feature/CRQ-016-nixify
1b6a992 HEAD@{3 days ago}: reset: moving to HEAD
1b6a992 HEAD@{7 days ago}: clone: from https://github.com/meta-introspector/uluru

Branch 'feature/CRQ-016-nixify' exists in .
Current branch is 'feature/CRQ-016-nixify'.
Current HEAD is at the same commit as 'feature/CRQ-016-nixify'.

Entering 'submodules/unarray'
----------------------------------------------------
Processing submodule:  (current directory: /mnt/data1/nix/vendor/rust/cargo2nix/submodules/unarray)
Reflog for :
f5a47ef HEAD@{3 days ago}: checkout: moving from master to feature/CRQ-016-nixify
0151bf1 HEAD@{3 days ago}: reset: moving to HEAD
0151bf1 HEAD@{7 days ago}: clone: from https://github.com/meta-introspector/unarray.git

Branch 'feature/CRQ-016-nixify' exists in .
Current branch is 'feature/CRQ-016-nixify'.
Current HEAD is at the same commit as 'feature/CRQ-016-nixify'.

Entering 'submodules/ungrammar'
----------------------------------------------------
Processing submodule:  (current directory: /mnt/data1/nix/vendor/rust/cargo2nix/submodules/ungrammar)
Reflog for :
5c62e90 HEAD@{3 days ago}: checkout: moving from 5c62e900a1200e79b250851dfae803d14471af3f to feature/CRQ-016-nixify
5c62e90 HEAD@{3 days ago}: checkout: moving from master to HEAD
5c62e90 HEAD@{3 days ago}: reset: moving to HEAD
5c62e90 HEAD@{7 days ago}: clone: from https://github.com/matklad/ungrammar

Branch 'feature/CRQ-016-nixify' exists in .
Current branch is 'feature/CRQ-016-nixify'.
Current HEAD is at the same commit as 'feature/CRQ-016-nixify'.

Entering 'submodules/unicase'
----------------------------------------------------
Processing submodule:  (current directory: /mnt/data1/nix/vendor/rust/cargo2nix/submodules/unicase)
Reflog for :
658d701 HEAD@{3 days ago}: checkout: moving from master to feature/CRQ-016-nixify
1827c19 HEAD@{3 days ago}: reset: moving to HEAD
1827c19 HEAD@{7 days ago}: clone: from https://github.com/meta-introspector/unicase

Branch 'feature/CRQ-016-nixify' exists in .
Current branch is 'feature/CRQ-016-nixify'.
Current HEAD is at the same commit as 'feature/CRQ-016-nixify'.

Entering 'submodules/unicode-bom'
----------------------------------------------------
Processing submodule:  (current directory: /mnt/data1/nix/vendor/rust/cargo2nix/submodules/unicode-bom)
Reflog for :
5e051cd HEAD@{3 days ago}: checkout: moving from 5e051cdb39015e6d0729df0d6c33a0d047ecad6a to feature/CRQ-016-nixify
5e051cd HEAD@{3 days ago}: checkout: moving from master to HEAD
5e051cd HEAD@{3 days ago}: reset: moving to HEAD
5e051cd HEAD@{7 days ago}: clone: from https://gitlab.com/philbooth/unicode-bom

Branch 'feature/CRQ-016-nixify' exists in .
Current branch is 'feature/CRQ-016-nixify'.
Current HEAD is at the same commit as 'feature/CRQ-016-nixify'.

Entering 'submodules/unicode-ident'
----------------------------------------------------
Processing submodule:  (current directory: /mnt/data1/nix/vendor/rust/cargo2nix/submodules/unicode-ident)
Reflog for :
a3cf640 HEAD@{3 days ago}: checkout: moving from master to feature/CRQ-016-nixify
10d5e53 HEAD@{3 days ago}: reset: moving to HEAD
10d5e53 HEAD@{7 days ago}: clone: from https://github.com/meta-introspector/unicode-ident.git

Branch 'feature/CRQ-016-nixify' exists in .
Current branch is 'feature/CRQ-016-nixify'.
Current HEAD is at the same commit as 'feature/CRQ-016-nixify'.

Entering 'submodules/unicode-normalization'
----------------------------------------------------
Processing submodule:  (current directory: /mnt/data1/nix/vendor/rust/cargo2nix/submodules/unicode-normalization)
Reflog for :
067e2f9 HEAD@{3 days ago}: checkout: moving from master to feature/CRQ-016-nixify
576ae0b HEAD@{3 days ago}: reset: moving to HEAD
576ae0b HEAD@{7 days ago}: clone: from https://github.com/meta-introspector/unicode-normalization

Branch 'feature/CRQ-016-nixify' exists in .
Current branch is 'feature/CRQ-016-nixify'.
Current HEAD is at the same commit as 'feature/CRQ-016-nixify'.

Entering 'submodules/unicode-segmentation'
----------------------------------------------------
Processing submodule:  (current directory: /mnt/data1/nix/vendor/rust/cargo2nix/submodules/unicode-segmentation)
Reflog for :
549c012 HEAD@{3 days ago}: checkout: moving from master to feature/CRQ-016-nixify
af87c8d HEAD@{3 days ago}: reset: moving to HEAD
af87c8d HEAD@{7 days ago}: clone: from https://github.com/meta-introspector/unicode-segmentation

Branch 'feature/CRQ-016-nixify' exists in .
Current branch is 'feature/CRQ-016-nixify'.
Current HEAD is at the same commit as 'feature/CRQ-016-nixify'.

Entering 'submodules/unicode-truncate'
----------------------------------------------------
Processing submodule:  (current directory: /mnt/data1/nix/vendor/rust/cargo2nix/submodules/unicode-truncate)
Reflog for :
a42cce3 HEAD@{3 days ago}: checkout: moving from master to feature/CRQ-016-nixify
95b4d26 HEAD@{3 days ago}: reset: moving to HEAD
95b4d26 HEAD@{7 days ago}: clone: from https://github.com/meta-introspector/unicode-truncate.git

Branch 'feature/CRQ-016-nixify' exists in .
Current branch is 'feature/CRQ-016-nixify'.
Current HEAD is at the same commit as 'feature/CRQ-016-nixify'.

Entering 'submodules/unicode-width'
----------------------------------------------------
Processing submodule:  (current directory: /mnt/data1/nix/vendor/rust/cargo2nix/submodules/unicode-width)
Reflog for :
768d93e HEAD@{3 days ago}: checkout: moving from master to feature/CRQ-016-nixify
9d98411 HEAD@{3 days ago}: reset: moving to HEAD
9d98411 HEAD@{7 days ago}: clone: from https://github.com/meta-introspector/unicode-width

Branch 'feature/CRQ-016-nixify' exists in .
Current branch is 'feature/CRQ-016-nixify'.
Current HEAD is at the same commit as 'feature/CRQ-016-nixify'.

Entering 'submodules/unicode-xid'
----------------------------------------------------
Processing submodule:  (current directory: /mnt/data1/nix/vendor/rust/cargo2nix/submodules/unicode-xid)
Reflog for :
785f57b HEAD@{3 days ago}: checkout: moving from master to feature/CRQ-016-nixify
0aeadac HEAD@{3 days ago}: reset: moving to HEAD
0aeadac HEAD@{7 days ago}: clone: from https://github.com/meta-introspector/unicode-xid

Branch 'feature/CRQ-016-nixify' exists in .
Current branch is 'feature/CRQ-016-nixify'.
Current HEAD is at the same commit as 'feature/CRQ-016-nixify'.

Entering 'submodules/untrusted'
----------------------------------------------------
Processing submodule:  (current directory: /mnt/data1/nix/vendor/rust/cargo2nix/submodules/untrusted)
Reflog for :
5ce29ec HEAD@{3 days ago}: checkout: moving from main to feature/CRQ-016-nixify
b7c4aea HEAD@{3 days ago}: reset: moving to HEAD
b7c4aea HEAD@{7 days ago}: clone: from https://github.com/meta-introspector/untrusted.git

Branch 'feature/CRQ-016-nixify' exists in .
Current branch is 'feature/CRQ-016-nixify'.
Current HEAD is at the same commit as 'feature/CRQ-016-nixify'.

Entering 'submodules/utf16_iter'
----------------------------------------------------
Processing submodule:  (current directory: /mnt/data1/nix/vendor/rust/cargo2nix/submodules/utf16_iter)
Reflog for :
581d590 HEAD@{3 days ago}: checkout: moving from main to feature/CRQ-016-nixify
4028560 HEAD@{3 days ago}: reset: moving to HEAD
4028560 HEAD@{7 days ago}: clone: from https://github.com/meta-introspector/utf16_iter.git

Branch 'feature/CRQ-016-nixify' exists in .
Current branch is 'feature/CRQ-016-nixify'.
Current HEAD is at the same commit as 'feature/CRQ-016-nixify'.

Entering 'submodules/utf8-width'
----------------------------------------------------
Processing submodule:  (current directory: /mnt/data1/nix/vendor/rust/cargo2nix/submodules/utf8-width)
Reflog for :
ffb1661 HEAD@{3 days ago}: checkout: moving from master to feature/CRQ-016-nixify
39ad661 HEAD@{3 days ago}: reset: moving to HEAD
39ad661 HEAD@{7 days ago}: clone: from https://github.com/meta-introspector/utf8-width.git

Branch 'feature/CRQ-016-nixify' exists in .
Current branch is 'feature/CRQ-016-nixify'.
Current HEAD is at the same commit as 'feature/CRQ-016-nixify'.

Entering 'submodules/utf8_iter'
----------------------------------------------------
Processing submodule:  (current directory: /mnt/data1/nix/vendor/rust/cargo2nix/submodules/utf8_iter)
Reflog for :
7648083 HEAD@{3 days ago}: checkout: moving from main to feature/CRQ-016-nixify
6b604ea HEAD@{3 days ago}: reset: moving to HEAD
6b604ea HEAD@{7 days ago}: clone: from https://github.com/meta-introspector/utf8_iter.git

Branch 'feature/CRQ-016-nixify' exists in .
Current branch is 'feature/CRQ-016-nixify'.
Current HEAD is at the same commit as 'feature/CRQ-016-nixify'.

Entering 'submodules/utils'
----------------------------------------------------
Processing submodule:  (current directory: /mnt/data1/nix/vendor/rust/cargo2nix/submodules/utils)
Reflog for :
c56480f HEAD@{3 days ago}: checkout: moving from master to feature/CRQ-016-nixify
bef1d6d HEAD@{3 days ago}: reset: moving to HEAD
bef1d6d HEAD@{7 days ago}: clone: from https://github.com/meta-introspector/utils

Branch 'feature/CRQ-016-nixify' exists in .
Current branch is 'feature/CRQ-016-nixify'.
Current HEAD is at the same commit as 'feature/CRQ-016-nixify'.

Entering 'submodules/valuable'
----------------------------------------------------
Processing submodule:  (current directory: /mnt/data1/nix/vendor/rust/cargo2nix/submodules/valuable)
Reflog for :
520922b HEAD@{3 days ago}: checkout: moving from master to feature/CRQ-016-nixify
e5135da HEAD@{3 days ago}: reset: moving to HEAD
e5135da HEAD@{7 days ago}: clone: from https://github.com/meta-introspector/valuable

Branch 'feature/CRQ-016-nixify' exists in .
Current branch is 'feature/CRQ-016-nixify'.
Current HEAD is at the same commit as 'feature/CRQ-016-nixify'.

Entering 'submodules/value-bag'
----------------------------------------------------
Processing submodule:  (current directory: /mnt/data1/nix/vendor/rust/cargo2nix/submodules/value-bag)
Reflog for :
5a40789 HEAD@{3 days ago}: checkout: moving from main to feature/CRQ-016-nixify
2568bbd HEAD@{3 days ago}: reset: moving to HEAD
2568bbd HEAD@{7 days ago}: clone: from https://github.com/meta-introspector/value-bag

Branch 'feature/CRQ-016-nixify' exists in .
Current branch is 'feature/CRQ-016-nixify'.
Current HEAD is at the same commit as 'feature/CRQ-016-nixify'.

Entering 'submodules/varisat'
----------------------------------------------------
Processing submodule:  (current directory: /mnt/data1/nix/vendor/rust/cargo2nix/submodules/varisat)
Reflog for :
138a3b2 HEAD@{3 days ago}: checkout: moving from master to feature/CRQ-016-nixify
33e8769 HEAD@{3 days ago}: reset: moving to HEAD
33e8769 HEAD@{7 days ago}: clone: from https://github.com/meta-introspector/varisat.git

Branch 'feature/CRQ-016-nixify' exists in .
Current branch is 'feature/CRQ-016-nixify'.
Current HEAD is at the same commit as 'feature/CRQ-016-nixify'.

Entering 'submodules/vcpkg-rs'
----------------------------------------------------
Processing submodule:  (current directory: /mnt/data1/nix/vendor/rust/cargo2nix/submodules/vcpkg-rs)
Reflog for :
d48c7ad HEAD@{3 days ago}: checkout: moving from master to feature/CRQ-016-nixify
fa42994 HEAD@{3 days ago}: reset: moving to HEAD
fa42994 HEAD@{7 days ago}: clone: from https://github.com/meta-introspector/vcpkg-rs.git

Branch 'feature/CRQ-016-nixify' exists in .
Current branch is 'feature/CRQ-016-nixify'.
Current HEAD is at the same commit as 'feature/CRQ-016-nixify'.

Entering 'submodules/vec_mut_scan'
----------------------------------------------------
Processing submodule:  (current directory: /mnt/data1/nix/vendor/rust/cargo2nix/submodules/vec_mut_scan)
Reflog for :
67ec697 HEAD@{3 days ago}: checkout: moving from main to feature/CRQ-016-nixify
c6e8ba4 HEAD@{3 days ago}: reset: moving to HEAD
c6e8ba4 HEAD@{7 days ago}: clone: from https://github.com/meta-introspector/vec_mut_scan.git

Branch 'feature/CRQ-016-nixify' exists in .
Current branch is 'feature/CRQ-016-nixify'.
Current HEAD is at the same commit as 'feature/CRQ-016-nixify'.

Entering 'submodules/version_check'
----------------------------------------------------
Processing submodule:  (current directory: /mnt/data1/nix/vendor/rust/cargo2nix/submodules/version_check)
Reflog for :
2f97583 HEAD@{3 days ago}: checkout: moving from master to feature/CRQ-016-nixify
d77ef9f HEAD@{3 days ago}: reset: moving to HEAD
d77ef9f HEAD@{7 days ago}: clone: from https://github.com/meta-introspector/version_check

Branch 'feature/CRQ-016-nixify' exists in .
Current branch is 'feature/CRQ-016-nixify'.
Current HEAD is at the same commit as 'feature/CRQ-016-nixify'.

Entering 'submodules/vte'
----------------------------------------------------
Processing submodule:  (current directory: /mnt/data1/nix/vendor/rust/cargo2nix/submodules/vte)
Reflog for :
ee86e0b HEAD@{3 days ago}: checkout: moving from master to feature/CRQ-016-nixify
56c708f HEAD@{3 days ago}: reset: moving to HEAD
56c708f HEAD@{7 days ago}: clone: from https://github.com/meta-introspector/vte.git

Branch 'feature/CRQ-016-nixify' exists in .
Current branch is 'feature/CRQ-016-nixify'.
Current HEAD is at the same commit as 'feature/CRQ-016-nixify'.

Entering 'submodules/wait-timeout'
----------------------------------------------------
Processing submodule:  (current directory: /mnt/data1/nix/vendor/rust/cargo2nix/submodules/wait-timeout)
Reflog for :
f4362f5 HEAD@{3 days ago}: checkout: moving from main to feature/CRQ-016-nixify
cce4ab9 HEAD@{3 days ago}: reset: moving to HEAD
cce4ab9 HEAD@{7 days ago}: clone: from https://github.com/meta-introspector/wait-timeout.git

Branch 'feature/CRQ-016-nixify' exists in .
Current branch is 'feature/CRQ-016-nixify'.
Current HEAD is at the same commit as 'feature/CRQ-016-nixify'.

Entering 'submodules/walkdir'
----------------------------------------------------
Processing submodule:  (current directory: /mnt/data1/nix/vendor/rust/cargo2nix/submodules/walkdir)
Reflog for :
ed15ca5 HEAD@{3 days ago}: checkout: moving from master to feature/CRQ-016-nixify
6fd031c HEAD@{3 days ago}: reset: moving to HEAD
6fd031c HEAD@{7 days ago}: clone: from https://github.com/meta-introspector/walkdir.git

Branch 'feature/CRQ-016-nixify' exists in .
Current branch is 'feature/CRQ-016-nixify'.
Current HEAD is at the same commit as 'feature/CRQ-016-nixify'.

Entering 'submodules/want'
----------------------------------------------------
Processing submodule:  (current directory: /mnt/data1/nix/vendor/rust/cargo2nix/submodules/want)
Reflog for :
e59e616 HEAD@{3 days ago}: checkout: moving from master to feature/CRQ-016-nixify
6e65401 HEAD@{3 days ago}: reset: moving to HEAD
6e65401 HEAD@{7 days ago}: clone: from https://github.com/meta-introspector/want

Branch 'feature/CRQ-016-nixify' exists in .
Current branch is 'feature/CRQ-016-nixify'.
Current HEAD is at the same commit as 'feature/CRQ-016-nixify'.

Entering 'submodules/warp'
----------------------------------------------------
Processing submodule:  (current directory: /mnt/data1/nix/vendor/rust/cargo2nix/submodules/warp)
Reflog for :
76c19fd HEAD@{3 days ago}: checkout: moving from master to feature/CRQ-016-nixify
3449d3d HEAD@{3 days ago}: reset: moving to HEAD
3449d3d HEAD@{7 days ago}: clone: from https://github.com/meta-introspector/warp

Branch 'feature/CRQ-016-nixify' exists in .
Current branch is 'feature/CRQ-016-nixify'.
Current HEAD is at the same commit as 'feature/CRQ-016-nixify'.

Entering 'submodules/wasi'
----------------------------------------------------
Processing submodule:  (current directory: /mnt/data1/nix/vendor/rust/cargo2nix/submodules/wasi)
Reflog for :
a5ddbc7 HEAD@{3 days ago}: checkout: moving from main to feature/CRQ-016-nixify
59f5c2c HEAD@{3 days ago}: reset: moving to HEAD
59f5c2c HEAD@{7 days ago}: clone: from https://github.com/meta-introspector/wasi.git

Branch 'feature/CRQ-016-nixify' exists in .
Current branch is 'feature/CRQ-016-nixify'.
Current HEAD is at the same commit as 'feature/CRQ-016-nixify'.

Entering 'submodules/wasi-rs'
----------------------------------------------------
Processing submodule:  (current directory: /mnt/data1/nix/vendor/rust/cargo2nix/submodules/wasi-rs)
Reflog for :
493c9ba HEAD@{3 days ago}: checkout: moving from main to feature/CRQ-016-nixify
59f5c2c HEAD@{3 days ago}: reset: moving to HEAD
59f5c2c HEAD@{7 days ago}: clone: from https://github.com/meta-introspector/wasi-rs.git

Branch 'feature/CRQ-016-nixify' exists in .
Current branch is 'feature/CRQ-016-nixify'.
Current HEAD is at the same commit as 'feature/CRQ-016-nixify'.

Entering 'submodules/wasm-bindgen'
----------------------------------------------------
Processing submodule:  (current directory: /mnt/data1/nix/vendor/rust/cargo2nix/submodules/wasm-bindgen)
Reflog for :
cf501e1e2 HEAD@{3 days ago}: checkout: moving from main to feature/CRQ-016-nixify
018641b4d HEAD@{3 days ago}: reset: moving to HEAD
018641b4d HEAD@{7 days ago}: clone: from https://github.com/meta-introspector/wasm-bindgen

Branch 'feature/CRQ-016-nixify' exists in .
Current branch is 'feature/CRQ-016-nixify'.
Current HEAD is at the same commit as 'feature/CRQ-016-nixify'.

Entering 'submodules/wasm-worker'
----------------------------------------------------
Processing submodule:  (current directory: /mnt/data1/nix/vendor/rust/cargo2nix/submodules/wasm-worker)
Reflog for :
ce376d9 HEAD@{3 days ago}: checkout: moving from ce376d95dbdd9e7b59ac7de9c6f14090076f7865 to feature/CRQ-016-nixify
ce376d9 HEAD@{3 days ago}: checkout: moving from main to HEAD
ce376d9 HEAD@{3 days ago}: reset: moving to HEAD
ce376d9 HEAD@{7 days ago}: clone: from https://github.com/daxpedda/wasm-worker

Branch 'feature/CRQ-016-nixify' exists in .
Current branch is 'feature/CRQ-016-nixify'.
Current HEAD is at the same commit as 'feature/CRQ-016-nixify'.

Entering 'submodules/wasm_sync'
----------------------------------------------------
Processing submodule:  (current directory: /mnt/data1/nix/vendor/rust/cargo2nix/submodules/wasm_sync)
Reflog for :
ab22ac5 HEAD@{3 days ago}: checkout: moving from master to feature/CRQ-016-nixify
cc027b3 HEAD@{3 days ago}: reset: moving to HEAD
cc027b3 HEAD@{7 days ago}: clone: from https://github.com/meta-introspector/wasm_sync

Branch 'feature/CRQ-016-nixify' exists in .
Current branch is 'feature/CRQ-016-nixify'.
Current HEAD is at the same commit as 'feature/CRQ-016-nixify'.

Entering 'submodules/web-time'
----------------------------------------------------
Processing submodule:  (current directory: /mnt/data1/nix/vendor/rust/cargo2nix/submodules/web-time)
Reflog for :
7a19975 HEAD@{3 days ago}: checkout: moving from main to feature/CRQ-016-nixify
b5e411b HEAD@{3 days ago}: reset: moving to HEAD
b5e411b HEAD@{7 days ago}: clone: from https://github.com/meta-introspector/web-time.git

Branch 'feature/CRQ-016-nixify' exists in .
Current branch is 'feature/CRQ-016-nixify'.
Current HEAD is at the same commit as 'feature/CRQ-016-nixify'.

Entering 'submodules/webpki'
----------------------------------------------------
Processing submodule:  (current directory: /mnt/data1/nix/vendor/rust/cargo2nix/submodules/webpki)
Reflog for :
03f30d8 HEAD@{3 days ago}: checkout: moving from main to feature/CRQ-016-nixify
fb6d2f8 HEAD@{3 days ago}: reset: moving to HEAD
fb6d2f8 HEAD@{7 days ago}: clone: from https://github.com/meta-introspector/webpki

Branch 'feature/CRQ-016-nixify' exists in .
Current branch is 'feature/CRQ-016-nixify'.
Current HEAD is at the same commit as 'feature/CRQ-016-nixify'.

Entering 'submodules/webpki-roots'
----------------------------------------------------
Processing submodule:  (current directory: /mnt/data1/nix/vendor/rust/cargo2nix/submodules/webpki-roots)
Reflog for :
c7ce27d HEAD@{3 days ago}: checkout: moving from main to feature/CRQ-016-nixify
28ead9c HEAD@{3 days ago}: reset: moving to HEAD
28ead9c HEAD@{7 days ago}: clone: from https://github.com/meta-introspector/webpki-roots

Branch 'feature/CRQ-016-nixify' exists in .
Current branch is 'feature/CRQ-016-nixify'.
Current HEAD is at the same commit as 'feature/CRQ-016-nixify'.

Entering 'submodules/winapi-rs'
----------------------------------------------------
Processing submodule:  (current directory: /mnt/data1/nix/vendor/rust/cargo2nix/submodules/winapi-rs)
Reflog for :
41ddfd56 HEAD@{3 days ago}: checkout: moving from 0.3 to feature/CRQ-016-nixify
5b182995 HEAD@{3 days ago}: reset: moving to HEAD
5b182995 HEAD@{7 days ago}: clone: from https://github.com/meta-introspector/winapi-rs

Branch 'feature/CRQ-016-nixify' exists in .
Current branch is 'feature/CRQ-016-nixify'.
Current HEAD is at the same commit as 'feature/CRQ-016-nixify'.

Entering 'submodules/winapi-util'
----------------------------------------------------
Processing submodule:  (current directory: /mnt/data1/nix/vendor/rust/cargo2nix/submodules/winapi-util)
Reflog for :
cf714ed HEAD@{3 days ago}: checkout: moving from master to feature/CRQ-016-nixify
803874c HEAD@{3 days ago}: reset: moving to HEAD
803874c HEAD@{7 days ago}: clone: from https://github.com/meta-introspector/winapi-util.git

Branch 'feature/CRQ-016-nixify' exists in .
Current branch is 'feature/CRQ-016-nixify'.
Current HEAD is at the same commit as 'feature/CRQ-016-nixify'.

Entering 'submodules/windows-rs'
----------------------------------------------------
Processing submodule:  (current directory: /mnt/data1/nix/vendor/rust/cargo2nix/submodules/windows-rs)
Reflog for :
5e63e1c10 HEAD@{3 days ago}: checkout: moving from master to feature/CRQ-016-nixify
3a454d71b HEAD@{3 days ago}: reset: moving to HEAD
3a454d71b HEAD@{7 days ago}: clone: from https://github.com/meta-introspector/windows-rs.git

Branch 'feature/CRQ-016-nixify' exists in .
Current branch is 'feature/CRQ-016-nixify'.
Current HEAD is at the same commit as 'feature/CRQ-016-nixify'.

Entering 'submodules/winnow'
----------------------------------------------------
Processing submodule:  (current directory: /mnt/data1/nix/vendor/rust/cargo2nix/submodules/winnow)
Reflog for :
8aa8c854 HEAD@{3 days ago}: checkout: moving from main to feature/CRQ-016-nixify
c56d4fb6 HEAD@{3 days ago}: reset: moving to HEAD
c56d4fb6 HEAD@{7 days ago}: clone: from https://github.com/meta-introspector/winnow

Branch 'feature/CRQ-016-nixify' exists in .
Current branch is 'feature/CRQ-016-nixify'.
Current HEAD is at the same commit as 'feature/CRQ-016-nixify'.

Entering 'submodules/winreg-rs'
----------------------------------------------------
Processing submodule:  (current directory: /mnt/data1/nix/vendor/rust/cargo2nix/submodules/winreg-rs)
Reflog for :
ea1c96d HEAD@{3 days ago}: checkout: moving from master to feature/CRQ-016-nixify
850d852 HEAD@{3 days ago}: reset: moving to HEAD
850d852 HEAD@{7 days ago}: clone: from https://github.com/meta-introspector/winreg-rs.git

Branch 'feature/CRQ-016-nixify' exists in .
Current branch is 'feature/CRQ-016-nixify'.
Current HEAD is at the same commit as 'feature/CRQ-016-nixify'.

Entering 'submodules/wit-bindgen'
----------------------------------------------------
Processing submodule:  (current directory: /mnt/data1/nix/vendor/rust/cargo2nix/submodules/wit-bindgen)
Reflog for :
3542341e HEAD@{3 days ago}: checkout: moving from main to feature/CRQ-016-nixify
37f2b1d1 HEAD@{3 days ago}: reset: moving to HEAD
37f2b1d1 HEAD@{7 days ago}: clone: from https://github.com/meta-introspector/wit-bindgen.git

Branch 'feature/CRQ-016-nixify' exists in .
Current branch is 'feature/CRQ-016-nixify'.
Current HEAD is at the same commit as 'feature/CRQ-016-nixify'.

Entering 'submodules/wit-bindgen/tests/codegen/wasi-cli'
----------------------------------------------------
Processing submodule:  (current directory: /mnt/data1/nix/vendor/rust/cargo2nix/submodules/wit-bindgen/tests/codegen/wasi-cli)
Reflog for :
6ae8261 HEAD@{2 hours ago}: checkout: moving from main to 6ae82617096e83e6606047736e84ac397b788631
e922fd7 HEAD@{2 hours ago}: clone: from https://github.com/WebAssembly/wasi-cli

Branch 'feature/CRQ-016-nixify' not found in .

Entering 'submodules/wit-bindgen/tests/codegen/wasi-clocks'
----------------------------------------------------
Processing submodule:  (current directory: /mnt/data1/nix/vendor/rust/cargo2nix/submodules/wit-bindgen/tests/codegen/wasi-clocks)
Reflog for :
8d875df HEAD@{2 hours ago}: checkout: moving from main to 8d875dfb5fbdcc28f450d9003ea87591ee372f4e
71e486b HEAD@{2 hours ago}: clone: from https://github.com/WebAssembly/wasi-clocks

Branch 'feature/CRQ-016-nixify' not found in .

Entering 'submodules/wit-bindgen/tests/codegen/wasi-filesystem'
----------------------------------------------------
Processing submodule:  (current directory: /mnt/data1/nix/vendor/rust/cargo2nix/submodules/wit-bindgen/tests/codegen/wasi-filesystem)
Reflog for :
e79b058 HEAD@{2 hours ago}: checkout: moving from main to e79b05803e9ffd3b0cfdc0a8af20ac743abbe36a
943f04e HEAD@{2 hours ago}: clone: from https://github.com/WebAssembly/wasi-filesystem

Branch 'feature/CRQ-016-nixify' not found in .

Entering 'submodules/wit-bindgen/tests/codegen/wasi-http'
----------------------------------------------------
Processing submodule:  (current directory: /mnt/data1/nix/vendor/rust/cargo2nix/submodules/wit-bindgen/tests/codegen/wasi-http)
Reflog for :
a81c61f HEAD@{2 hours ago}: checkout: moving from main to a81c61fc584278f801393b22289840a439e51f50
7c678c4 HEAD@{2 hours ago}: clone: from https://github.com/WebAssembly/wasi-http

Branch 'feature/CRQ-016-nixify' not found in .

Entering 'submodules/wit-bindgen/tests/codegen/wasi-io'
----------------------------------------------------
Processing submodule:  (current directory: /mnt/data1/nix/vendor/rust/cargo2nix/submodules/wit-bindgen/tests/codegen/wasi-io)
Reflog for :
324be89 HEAD@{2 hours ago}: checkout: moving from main to 324be895965666805cb1c622ed4f071b9e3cbd65
3983fe1 HEAD@{2 hours ago}: clone: from https://github.com/WebAssembly/wasi-io

Branch 'feature/CRQ-016-nixify' not found in .

Entering 'submodules/write16'
----------------------------------------------------
Processing submodule:  (current directory: /mnt/data1/nix/vendor/rust/cargo2nix/submodules/write16)
Reflog for :
b598bac HEAD@{3 days ago}: checkout: moving from main to feature/CRQ-016-nixify
e8ee154 HEAD@{3 days ago}: reset: moving to HEAD
e8ee154 HEAD@{7 days ago}: clone: from https://github.com/meta-introspector/write16.git

Branch 'feature/CRQ-016-nixify' exists in .
Current branch is 'feature/CRQ-016-nixify'.
Current HEAD is at the same commit as 'feature/CRQ-016-nixify'.

Entering 'submodules/xattr'
----------------------------------------------------
Processing submodule:  (current directory: /mnt/data1/nix/vendor/rust/cargo2nix/submodules/xattr)
Reflog for :
039f0800 HEAD@{3 days ago}: checkout: moving from master to feature/CRQ-016-nixify
3e1914f5 HEAD@{3 days ago}: reset: moving to HEAD
3e1914f5 HEAD@{7 days ago}: clone: from https://github.com/meta-introspector/xattr

Branch 'feature/CRQ-016-nixify' exists in .
Current branch is 'feature/CRQ-016-nixify'.
Current HEAD is at the same commit as 'feature/CRQ-016-nixify'.

Entering 'submodules/xshell'
----------------------------------------------------
Processing submodule:  (current directory: /mnt/data1/nix/vendor/rust/cargo2nix/submodules/xshell)
Reflog for :
52f71ba HEAD@{19 hours ago}: clone: from https://github.com/matklad/xshell

Branch 'feature/CRQ-016-nixify' not found in .

Entering 'submodules/xz2-rs'
----------------------------------------------------
Processing submodule:  (current directory: /mnt/data1/nix/vendor/rust/cargo2nix/submodules/xz2-rs)
Reflog for :
6aa670d HEAD@{3 days ago}: checkout: moving from main to feature/CRQ-016-nixify
1a82c40 HEAD@{3 days ago}: reset: moving to HEAD
1a82c40 HEAD@{7 days ago}: clone: from https://github.com/meta-introspector/xz2-rs.git

Branch 'feature/CRQ-016-nixify' exists in .
Current branch is 'feature/CRQ-016-nixify'.
Current HEAD is at the same commit as 'feature/CRQ-016-nixify'.

Entering 'submodules/xz2-rs/lzma-sys/xz-5.2'
----------------------------------------------------
Processing submodule:  (current directory: /mnt/data1/nix/vendor/rust/cargo2nix/submodules/xz2-rs/lzma-sys/xz-5.2)
Reflog for :
2327a46 HEAD@{2 hours ago}: checkout: moving from master to 2327a461e1afce862c22269b80d3517801103c1b
74c3449 HEAD@{2 hours ago}: clone: from https://github.com/xz-mirror/xz

Branch 'feature/CRQ-016-nixify' not found in .

Entering 'submodules/yaml-rust2'
----------------------------------------------------
Processing submodule:  (current directory: /mnt/data1/nix/vendor/rust/cargo2nix/submodules/yaml-rust2)
Reflog for :
f063516 HEAD@{3 days ago}: checkout: moving from master to feature/CRQ-016-nixify
f7a45c6 HEAD@{3 days ago}: reset: moving to HEAD
f7a45c6 HEAD@{7 days ago}: clone: from https://github.com/meta-introspector/yaml-rust2.git

Branch 'feature/CRQ-016-nixify' exists in .
Current branch is 'feature/CRQ-016-nixify'.
Current HEAD is at the same commit as 'feature/CRQ-016-nixify'.

Entering 'submodules/yaml-rust2/tests/yaml-test-suite'
----------------------------------------------------
Processing submodule:  (current directory: /mnt/data1/nix/vendor/rust/cargo2nix/submodules/yaml-rust2/tests/yaml-test-suite)
Reflog for :
45db50ae HEAD@{2 hours ago}: checkout: moving from main to 45db50aecf9b1520f8258938c88f396e96f30831
ccfa74e5 HEAD@{2 hours ago}: clone: from https://github.com/yaml/yaml-test-suite/

Branch 'feature/CRQ-016-nixify' not found in .

Entering 'submodules/yansi'
----------------------------------------------------
Processing submodule:  (current directory: /mnt/data1/nix/vendor/rust/cargo2nix/submodules/yansi)
Reflog for :
7047131 HEAD@{3 days ago}: checkout: moving from master to feature/CRQ-016-nixify
3e35184 HEAD@{3 days ago}: reset: moving to HEAD
3e35184 HEAD@{7 days ago}: clone: from https://github.com/meta-introspector/yansi

Branch 'feature/CRQ-016-nixify' exists in .
Current branch is 'feature/CRQ-016-nixify'.
Current HEAD is at the same commit as 'feature/CRQ-016-nixify'.

Entering 'submodules/zerocopy'
----------------------------------------------------
Processing submodule:  (current directory: /mnt/data1/nix/vendor/rust/cargo2nix/submodules/zerocopy)
Reflog for :
aaff18e HEAD@{3 days ago}: checkout: moving from main to feature/CRQ-016-nixify
53fb821 HEAD@{3 days ago}: reset: moving to HEAD
53fb821 HEAD@{7 days ago}: clone: from https://github.com/meta-introspector/zerocopy.git

Branch 'feature/CRQ-016-nixify' exists in .
Current branch is 'feature/CRQ-016-nixify'.
Current HEAD is at the same commit as 'feature/CRQ-016-nixify'.

Entering 'submodules/zip2'
----------------------------------------------------
Processing submodule:  (current directory: /mnt/data1/nix/vendor/rust/cargo2nix/submodules/zip2)
Reflog for :
6155ca55 HEAD@{3 days ago}: checkout: moving from master to feature/CRQ-016-nixify
ec634aab HEAD@{3 days ago}: reset: moving to HEAD
ec634aab HEAD@{7 days ago}: clone: from https://github.com/meta-introspector/zip2

Branch 'feature/CRQ-016-nixify' exists in .
Current branch is 'feature/CRQ-016-nixify'.
Current HEAD is at the same commit as 'feature/CRQ-016-nixify'.

Entering 'submodules/zlib-rs'
----------------------------------------------------
Processing submodule:  (current directory: /mnt/data1/nix/vendor/rust/cargo2nix/submodules/zlib-rs)
Reflog for :
e10e812 HEAD@{3 days ago}: checkout: moving from main to feature/CRQ-016-nixify
d1f50ae HEAD@{3 days ago}: reset: moving to HEAD
d1f50ae HEAD@{7 days ago}: clone: from https://github.com/meta-introspector/zlib-rs

Branch 'feature/CRQ-016-nixify' exists in .
Current branch is 'feature/CRQ-016-nixify'.
Current HEAD is at the same commit as 'feature/CRQ-016-nixify'.

Entering 'submodules/zstd-rs'
----------------------------------------------------
Processing submodule:  (current directory: /mnt/data1/nix/vendor/rust/cargo2nix/submodules/zstd-rs)
Reflog for :
92eea2f HEAD@{3 days ago}: checkout: moving from master to feature/CRQ-016-nixify
20a5fb9 HEAD@{3 days ago}: reset: moving to HEAD
20a5fb9 HEAD@{7 days ago}: clone: from https://github.com/meta-introspector/zstd-rs

Branch 'feature/CRQ-016-nixify' exists in .
Current branch is 'feature/CRQ-016-nixify'.
Current HEAD is at the same commit as 'feature/CRQ-016-nixify'.

Entering 'tools/eigenvalues'
----------------------------------------------------
Processing submodule:  (current directory: /mnt/data1/nix/vendor/rust/cargo2nix/tools/eigenvalues)
Reflog for :
9adc760 HEAD@{3 days ago}: checkout: moving from 9adc7603da14c5205a418574e31cdd21d926afa2 to feature/CRQ-016-nixify
9adc760 HEAD@{7 days ago}: checkout: moving from master to 9adc7603da14c5205a418574e31cdd21d926afa2
9adc760 HEAD@{7 days ago}: clone: from https://github.com/meta-introspector/eigenvalues.git

Branch 'feature/CRQ-016-nixify' exists in .
Current branch is 'feature/CRQ-016-nixify'.
Current HEAD is at the same commit as 'feature/CRQ-016-nixify'.

Entering 'tools/rust-bootstrap-nix'
----------------------------------------------------
Processing submodule:  (current directory: /mnt/data1/nix/vendor/rust/cargo2nix/tools/rust-bootstrap-nix)
Reflog for :
3e3cb7f9 HEAD@{34 hours ago}: commit: Fix: Apply cargo fix changes in prelude-generator submodule
79cb33d7 HEAD@{2 days ago}: checkout: moving from feature/CRQ-016-nixify to feature/smaller
00fd3ed5 HEAD@{3 days ago}: checkout: moving from feature/smaller to feature/CRQ-016-nixify
79cb33d7 HEAD@{3 days ago}: reset: moving to HEAD
79cb33d7 HEAD@{7 days ago}: checkout: moving from main to feature/smaller
0a3fd727 HEAD@{7 days ago}: clone: from https://github.com/meta-introspector/rust-bootstrap-nix/

Branch 'feature/CRQ-016-nixify' exists in .
Current branch is 'feature/smaller', NOT 'feature/CRQ-016-nixify'.
Current HEAD (3e3cb7f93426ec7de2404bd9b62d0a3e5e561e5d) has moved away from 'feature/CRQ-016-nixify' (00fd3ed5cc36f008a073c95e073417c9828f539a).
Current HEAD is a descendant of 'feature/CRQ-016-nixify'.

Entering 'tools/rust-bootstrap-nix/rust-bootstrap-core'
----------------------------------------------------
Processing submodule:  (current directory: /mnt/data1/nix/vendor/rust/cargo2nix/tools/rust-bootstrap-nix/rust-bootstrap-core)
Reflog for :
c71e273 HEAD@{2 hours ago}: clone: from https://github.com/meta-introspector/rust-bootstrap-core

Branch 'feature/CRQ-016-nixify' not found in .

Entering 'tools/rust-bootstrap-nix/vendors/neo4j-labs/graph'
----------------------------------------------------
Processing submodule:  (current directory: /mnt/data1/nix/vendor/rust/cargo2nix/tools/rust-bootstrap-nix/vendors/neo4j-labs/graph)
Reflog for :
bccda98 HEAD@{2 hours ago}: clone: from https://github.com/neo4j-labs/graph.git

Branch 'feature/CRQ-016-nixify' not found in .

Entering 'tor-arti'
----------------------------------------------------
Processing submodule:  (current directory: /mnt/data1/nix/vendor/rust/cargo2nix/tor-arti)
Reflog for :
06fd812e7 HEAD@{8 hours ago}: pull --rebase origin main: Fast-forward
6674bf4db HEAD@{3 days ago}: checkout: moving from 6674bf4db8404c6c4ff178789fcfdf75b1b78447 to feature/CRQ-016-nixify
6674bf4db HEAD@{3 days ago}: checkout: moving from main to HEAD
6674bf4db HEAD@{3 days ago}: reset: moving to HEAD
6674bf4db HEAD@{6 days ago}: clone: from https://gitlab.torproject.org/tpo/core/arti.git

Branch 'feature/CRQ-016-nixify' exists in .
Current branch is 'feature/CRQ-016-nixify'.
Current HEAD is at the same commit as 'feature/CRQ-016-nixify'.

Entering 'tor-arti/arti-corpora'
----------------------------------------------------
Processing submodule:  (current directory: /mnt/data1/nix/vendor/rust/cargo2nix/tor-arti/arti-corpora)
Reflog for :
fc8b0825 HEAD@{2 hours ago}: checkout: moving from main to fc8b0825779af322f353e5226e1936e2abe33163
fc8b0825 HEAD@{2 hours ago}: clone: from https://gitlab.torproject.org/tpo/core/arti-corpora.git

Branch 'feature/CRQ-016-nixify' not found in .

