warning: Git tree '/mnt/data1/nix/vendor/rust/cargo2nix' is dirty
Nix development shell with Rust, libgit2, curl, and OpenSSL 1.1.1w ready.
warning: profiles for the non root package will be ignored, specify profiles at the workspace root:
package:   /mnt/data1/nix/vendor/rust/cargo2nix/submodules/addr2line/Cargo.toml
workspace: /mnt/data1/nix/vendor/rust/cargo2nix/Cargo.toml
warning: profiles for the non root package will be ignored, specify profiles at the workspace root:
package:   /mnt/data1/nix/vendor/rust/cargo2nix/submodules/clap/Cargo.toml
workspace: /mnt/data1/nix/vendor/rust/cargo2nix/Cargo.toml
warning: profiles for the non root package will be ignored, specify profiles at the workspace root:
package:   /mnt/data1/nix/vendor/rust/cargo2nix/submodules/arrayvec/Cargo.toml
workspace: /mnt/data1/nix/vendor/rust/cargo2nix/Cargo.toml
warning: profiles for the non root package will be ignored, specify profiles at the workspace root:
package:   /mnt/data1/nix/vendor/rust/cargo2nix/submodules/ahash/Cargo.toml
workspace: /mnt/data1/nix/vendor/rust/cargo2nix/Cargo.toml
warning: resolver for the non root package will be ignored, specify resolver at the workspace root:
package:   /mnt/data1/nix/vendor/rust/cargo2nix/submodules/tracing-tree/Cargo.toml
workspace: /mnt/data1/nix/vendor/rust/cargo2nix/Cargo.toml
warning: profiles for the non root package will be ignored, specify profiles at the workspace root:
package:   /mnt/data1/nix/vendor/rust/cargo2nix/submodules/aho-corasick/Cargo.toml
workspace: /mnt/data1/nix/vendor/rust/cargo2nix/Cargo.toml
warning: profiles for the non root package will be ignored, specify profiles at the workspace root:
package:   /mnt/data1/nix/vendor/rust/cargo2nix/submodules/annotate-snippets-rs/Cargo.toml
workspace: /mnt/data1/nix/vendor/rust/cargo2nix/Cargo.toml
warning: resolver for the non root package will be ignored, specify resolver at the workspace root:
package:   /mnt/data1/nix/vendor/rust/cargo2nix/submodules/http-auth/Cargo.toml
workspace: /mnt/data1/nix/vendor/rust/cargo2nix/Cargo.toml
warning: profiles for the non root package will be ignored, specify profiles at the workspace root:
package:   /mnt/data1/nix/vendor/rust/cargo2nix/submodules/generic-array/Cargo.toml
workspace: /mnt/data1/nix/vendor/rust/cargo2nix/Cargo.toml
warning: patch for the non root package will be ignored, specify patch at the workspace root:
package:   /mnt/data1/nix/vendor/rust/cargo2nix/tools/cargo-repo-sync/Cargo.toml
workspace: /mnt/data1/nix/vendor/rust/cargo2nix/Cargo.toml
warning: /mnt/data1/nix/vendor/rust/cargo2nix/submodules/regex/Cargo.toml: unused manifest key: package.members
warning: /mnt/data1/nix/vendor/rust/cargo2nix/submodules/backtrace-rs/Cargo.toml: unused manifest key: dependencies.cpp_demangle.version
warning: /mnt/data1/nix/vendor/rust/cargo2nix/submodules/backtrace-rs/Cargo.toml: unused manifest key: dependencies.serde.version
warning: /mnt/data1/nix/vendor/rust/cargo2nix/submodules/backtrace-rs/Cargo.toml: unused manifest key: target.cfg(not(all(windows, target_env = "msvc", not(target_vendor = "uwp")))).dependencies.addr2line.version
warning: /mnt/data1/nix/vendor/rust/cargo2nix/submodules/backtrace-rs/Cargo.toml: unused manifest key: target.cfg(not(all(windows, target_env = "msvc", not(target_vendor = "uwp")))).dependencies.libc.version
warning: /mnt/data1/nix/vendor/rust/cargo2nix/submodules/backtrace-rs/Cargo.toml: unused manifest key: target.cfg(not(all(windows, target_env = "msvc", not(target_vendor = "uwp")))).dependencies.miniz_oxide.version
warning: /mnt/data1/nix/vendor/rust/cargo2nix/submodules/backtrace-rs/Cargo.toml: unused manifest key: target.cfg(not(all(windows, target_env = "msvc", not(target_vendor = "uwp")))).dependencies.ruzstd.version
warning: /mnt/data1/nix/vendor/rust/cargo2nix/submodules/defmac/Cargo.toml: no edition set: defaulting to the 2015 edition while the latest is 2024
warning: /mnt/data1/nix/vendor/rust/cargo2nix/submodules/curl-rust/Cargo.toml: `default-features` is ignored for curl-sys, since `default-features` was not specified for `workspace.dependencies.curl-sys`, this could become a hard error in the future
warning: /mnt/data1/nix/vendor/rust/cargo2nix/submodules/glob/Cargo.toml: no edition set: defaulting to the 2015 edition while the latest is 2024
warning: /mnt/data1/nix/vendor/rust/cargo2nix/submodules/scoped-tls/Cargo.toml: no edition set: defaulting to the 2015 edition while the latest is 2024
warning: /mnt/data1/nix/vendor/rust/cargo2nix/submodules/im-rs/rc/Cargo.toml: unused manifest key: package.metadata.docs.rs
warning: /mnt/data1/nix/vendor/rust/cargo2nix/submodules/static-assertions-rs/proc/Cargo.toml: no edition set: defaulting to the 2015 edition while the latest is 2024
warning: /mnt/data1/nix/vendor/rust/cargo2nix/submodules/static-assertions-rs/Cargo.toml: no edition set: defaulting to the 2015 edition while the latest is 2024
warning: /mnt/data1/nix/vendor/rust/cargo2nix/submodules/arbitrary/Cargo.toml: unused manifest key: test.0.members
warning: /mnt/data1/nix/vendor/rust/cargo2nix/submodules/ahash/Cargo.toml: file `/mnt/data1/nix/vendor/rust/cargo2nix/submodules/ahash/tests/bench.rs` found to be present in multiple build targets:
  * `integration-test` target `bench`
  * `bench` target `ahash`
warning: /mnt/data1/nix/vendor/rust/cargo2nix/submodules/ahash/Cargo.toml: file `/mnt/data1/nix/vendor/rust/cargo2nix/submodules/ahash/tests/map_tests.rs` found to be present in multiple build targets:
  * `integration-test` target `map_tests`
  * `bench` target `map`
warning: /mnt/data1/nix/vendor/rust/cargo2nix/submodules/colorify/Cargo.toml: no edition set: defaulting to the 2015 edition while the latest is 2024
warning: /mnt/data1/nix/vendor/rust/cargo2nix/submodules/signal-hook/signal-hook-registry/Cargo.toml: no edition set: defaulting to the 2015 edition while the latest is 2024
warning: /mnt/data1/nix/vendor/rust/cargo2nix/submodules/crossbeam/crossbeam-utils/Cargo.toml: unused manifest key: dependencies.atomic-maybe-uninit.version
warning: /mnt/data1/nix/vendor/rust/cargo2nix/submodules/pin-project-lite/Cargo.toml: unused manifest key: dev-dependencies.macrotest.branch
warning: /mnt/data1/nix/vendor/rust/cargo2nix/submodules/pin-project-lite/Cargo.toml: unused manifest key: dev-dependencies.trybuild.branch
warning: /mnt/data1/nix/vendor/rust/cargo2nix/submodules/clap/clap_builder/Cargo.toml: unused manifest key: dependencies.anstream.version
warning: /mnt/data1/nix/vendor/rust/cargo2nix/submodules/clap/clap_builder/Cargo.toml: unused manifest key: dependencies.anstyle.version
warning: /mnt/data1/nix/vendor/rust/cargo2nix/submodules/clap/clap_builder/Cargo.toml: unused manifest key: dependencies.backtrace.version
warning: /mnt/data1/nix/vendor/rust/cargo2nix/submodules/clap/clap_builder/Cargo.toml: unused manifest key: dependencies.strsim.version
warning: /mnt/data1/nix/vendor/rust/cargo2nix/submodules/clap/clap_builder/Cargo.toml: unused manifest key: dependencies.terminal_size.version
warning: /mnt/data1/nix/vendor/rust/cargo2nix/submodules/clap/clap_builder/Cargo.toml: unused manifest key: dependencies.unicase.version
warning: /mnt/data1/nix/vendor/rust/cargo2nix/submodules/clap/clap_builder/Cargo.toml: unused manifest key: dependencies.unicode-width.version
warning: /mnt/data1/nix/vendor/rust/cargo2nix/submodules/clap/clap_builder/Cargo.toml: unused manifest key: dev-dependencies.snapbox.version
warning: /mnt/data1/nix/vendor/rust/cargo2nix/submodules/tokio/tokio/Cargo.toml: `default-features` is ignored for mio, since `default-features` was not specified for `workspace.dependencies.mio`, this could become a hard error in the future
warning: /mnt/data1/nix/vendor/rust/cargo2nix/submodules/tokio/tokio/Cargo.toml: `default-features` is ignored for io-uring, since `default-features` was not specified for `workspace.dependencies.io-uring`, this could become a hard error in the future
warning: /mnt/data1/nix/vendor/rust/cargo2nix/submodules/tokio/tokio/Cargo.toml: `default-features` is ignored for mio, since `default-features` was not specified for `workspace.dependencies.mio`, this could become a hard error in the future
warning: /mnt/data1/nix/vendor/rust/cargo2nix/submodules/tokio/tokio/Cargo.toml: `default-features` is ignored for tracing, since `default-features` was not specified for `workspace.dependencies.tracing`, this could become a hard error in the future
warning: /mnt/data1/nix/vendor/rust/cargo2nix/submodules/tokio/tokio/Cargo.toml: `default-features` is ignored for nix, since `default-features` was not specified for `workspace.dependencies.nix`, this could become a hard error in the future
warning: /mnt/data1/nix/vendor/rust/cargo2nix/submodules/tokio/tokio/Cargo.toml: unused manifest key: dependencies.bytes.version
warning: /mnt/data1/nix/vendor/rust/cargo2nix/submodules/tokio/tokio/Cargo.toml: unused manifest key: dependencies.mio.version
warning: /mnt/data1/nix/vendor/rust/cargo2nix/submodules/tokio/tokio/Cargo.toml: unused manifest key: dev-dependencies.futures.version
warning: /mnt/data1/nix/vendor/rust/cargo2nix/submodules/tokio/tokio/Cargo.toml: unused manifest key: dev-dependencies.tokio-stream.path
warning: /mnt/data1/nix/vendor/rust/cargo2nix/submodules/tokio/tokio/Cargo.toml: unused manifest key: dev-dependencies.tokio-stream.version
warning: /mnt/data1/nix/vendor/rust/cargo2nix/submodules/tokio/tokio/Cargo.toml: unused manifest key: dev-dependencies.tokio-test.path
warning: /mnt/data1/nix/vendor/rust/cargo2nix/submodules/tokio/tokio/Cargo.toml: unused manifest key: dev-dependencies.tokio-test.version
warning: /mnt/data1/nix/vendor/rust/cargo2nix/submodules/tokio/tokio/Cargo.toml: unused manifest key: dev-dependencies.tokio-util.path
warning: /mnt/data1/nix/vendor/rust/cargo2nix/submodules/tokio/tokio/Cargo.toml: unused manifest key: dev-dependencies.tokio-util.version
warning: /mnt/data1/nix/vendor/rust/cargo2nix/submodules/tokio/tokio/Cargo.toml: unused manifest key: target.cfg(all(tokio_unstable, target_os = "linux")).dependencies.io-uring.version
warning: /mnt/data1/nix/vendor/rust/cargo2nix/submodules/tokio/tokio/Cargo.toml: unused manifest key: target.cfg(all(tokio_unstable, target_os = "linux")).dependencies.libc.version
warning: /mnt/data1/nix/vendor/rust/cargo2nix/submodules/tokio/tokio/Cargo.toml: unused manifest key: target.cfg(all(tokio_unstable, target_os = "linux")).dependencies.mio.version
warning: /mnt/data1/nix/vendor/rust/cargo2nix/submodules/tokio/tokio/Cargo.toml: unused manifest key: target.cfg(all(tokio_unstable, target_os = "linux")).dependencies.slab.version
warning: /mnt/data1/nix/vendor/rust/cargo2nix/submodules/tokio/tokio/Cargo.toml: unused manifest key: target.cfg(not(target_family = "wasm")).dependencies.socket2.version
warning: /mnt/data1/nix/vendor/rust/cargo2nix/submodules/tokio/tokio/Cargo.toml: unused manifest key: target.cfg(tokio_unstable).dependencies.tracing.version
warning: /mnt/data1/nix/vendor/rust/cargo2nix/submodules/tokio/tokio/Cargo.toml: unused manifest key: target.cfg(unix).dependencies.libc.version
warning: /mnt/data1/nix/vendor/rust/cargo2nix/submodules/tokio/tokio/Cargo.toml: unused manifest key: target.cfg(unix).dependencies.signal-hook-registry.version
warning: /mnt/data1/nix/vendor/rust/cargo2nix/submodules/tokio/tokio/Cargo.toml: unused manifest key: target.cfg(unix).dev-dependencies.libc.version
warning: /mnt/data1/nix/vendor/rust/cargo2nix/submodules/tokio/tokio/Cargo.toml: unused manifest key: target.cfg(unix).dev-dependencies.nix.version
warning: /mnt/data1/nix/vendor/rust/cargo2nix/submodules/tokio/tokio/Cargo.toml: unused manifest key: target.cfg(windows).dependencies.windows-sys.version
warning: /mnt/data1/nix/vendor/rust/cargo2nix/submodules/tokio/tokio/Cargo.toml: unused manifest key: target.cfg(windows).dev-dependencies.windows-sys.version
warning: /mnt/data1/nix/vendor/rust/cargo2nix/submodules/io-uring/Cargo.toml: unused manifest key: package.members
warning: /mnt/data1/nix/vendor/rust/cargo2nix/submodules/assert-impl/Cargo.toml: no edition set: defaulting to the 2015 edition while the latest is 2024
warning: /mnt/data1/nix/vendor/rust/cargo2nix/submodules/unicode-ident/Cargo.toml: unused manifest key: bench.0.members
warning: /mnt/data1/nix/vendor/rust/cargo2nix/submodules/equivalent/Cargo.toml: no edition set: defaulting to the 2015 edition while the latest is 2024
warning: /mnt/data1/nix/vendor/rust/cargo2nix/submodules/tracing-tree/Cargo.toml: `default-features` is ignored for tracing-log, since `default-features` was not specified for `workspace.dependencies.tracing-log`, this could become a hard error in the future
warning: /mnt/data1/nix/vendor/rust/cargo2nix/submodules/tracing-tree/Cargo.toml: `default-features` is ignored for tracing-subscriber, since `default-features` was not specified for `workspace.dependencies.tracing-subscriber`, this could become a hard error in the future
warning: /mnt/data1/nix/vendor/rust/cargo2nix/submodules/rust-url/url/Cargo.toml: `default-features` is ignored for serde_derive, since `default-features` was not specified for `workspace.dependencies.serde_derive`, this could become a hard error in the future
warning: /mnt/data1/nix/vendor/rust/cargo2nix/submodules/zstd-rs/ruzstd/Cargo.toml: `default-features` is ignored for twox-hash, since `default-features` was not specified for `workspace.dependencies.twox-hash`, this could become a hard error in the future
warning: /mnt/data1/nix/vendor/rust/cargo2nix/submodules/zstd-rs/ruzstd/Cargo.toml: unused manifest key: dependencies.fastrand.version
warning: /mnt/data1/nix/vendor/rust/cargo2nix/submodules/zstd-rs/ruzstd/Cargo.toml: unused manifest key: dependencies.twox-hash.version
warning: /mnt/data1/nix/vendor/rust/cargo2nix/submodules/zstd-rs/ruzstd/Cargo.toml: unused manifest key: dev-dependencies.rand.version
warning: /mnt/data1/nix/vendor/rust/cargo2nix/submodules/camino/Cargo.toml: unused manifest key: members
warning: /mnt/data1/nix/vendor/rust/cargo2nix/submodules/text-size/Cargo.toml: `default_features` is deprecated in favor of `default-features` and will not work in the 2024 edition
(in the `serde` dependency)
warning: /mnt/data1/nix/vendor/rust/cargo2nix/submodules/fxhash/Cargo.toml: no edition set: defaulting to the 2015 edition while the latest is 2024
warning: /mnt/data1/nix/vendor/rust/cargo2nix/submodules/quickcheck/Cargo.toml: unused manifest key: package.members
warning: /mnt/data1/nix/vendor/rust/cargo2nix/submodules/nix/Cargo.toml: unused manifest key: dependencies.memoffset.version
warning: /mnt/data1/nix/vendor/rust/cargo2nix/submodules/nix/Cargo.toml: unused manifest key: dependencies.pin-utils.version
warning: /mnt/data1/nix/vendor/rust/cargo2nix/submodules/lazy-static/Cargo.toml: no edition set: defaulting to the 2015 edition while the latest is 2024
warning: /mnt/data1/nix/vendor/rust/cargo2nix/submodules/rustc-demangle/Cargo.toml: no edition set: defaulting to the 2015 edition while the latest is 2024
warning: /mnt/data1/nix/vendor/rust/cargo2nix/submodules/rustc-demangle/Cargo.toml: unused manifest key: package.members
warning: /mnt/data1/nix/vendor/rust/cargo2nix/crates/rust-mcp-server/Cargo.toml: file `/mnt/data1/nix/vendor/rust/cargo2nix/crates/rust-mcp-server/src/main.rs` found to be present in multiple build targets:
  * `lib` target `rust_mcp_server`
  * `bin` target `rust-mcp-server`
warning: /mnt/data1/nix/vendor/rust/cargo2nix/submodules/chrono/Cargo.toml: `default-features` is ignored for serde_derive, since `default-features` was not specified for `workspace.dependencies.serde_derive`, this could become a hard error in the future
warning: /mnt/data1/nix/vendor/rust/cargo2nix/submodules/odds/Cargo.toml: no edition set: defaulting to the 2015 edition while the latest is 2024
warning: /mnt/data1/nix/vendor/rust/cargo2nix/submodules/memoffset/Cargo.toml: no edition set: defaulting to the 2015 edition while the latest is 2024
warning: /mnt/data1/nix/vendor/rust/cargo2nix/submodules/version_check/Cargo.toml: no edition set: defaulting to the 2015 edition while the latest is 2024
warning: /mnt/data1/nix/vendor/rust/cargo2nix/submodules/indexmap/Cargo.toml: unused manifest key: dependencies.serde.version
warning: /mnt/data1/nix/vendor/rust/cargo2nix/submodules/indexmap/Cargo.toml: unused manifest key: dependencies.serde_core.version
warning: /mnt/data1/nix/vendor/rust/cargo2nix/submodules/git2-rs/Cargo.toml: unused manifest key: examples
warning: /mnt/data1/nix/vendor/rust/cargo2nix/submodules/petgraph/Cargo.toml: unused manifest key: dependencies.dot-parser.version
warning: /mnt/data1/nix/vendor/rust/cargo2nix/submodules/petgraph/Cargo.toml: unused manifest key: dependencies.dot-parser-macros.version
warning: /mnt/data1/nix/vendor/rust/cargo2nix/submodules/petgraph/Cargo.toml: unused manifest key: dependencies.fixedbitset.version
warning: /mnt/data1/nix/vendor/rust/cargo2nix/submodules/petgraph/Cargo.toml: unused manifest key: dependencies.hashbrown.version
warning: /mnt/data1/nix/vendor/rust/cargo2nix/submodules/petgraph/Cargo.toml: unused manifest key: dependencies.indexmap.version
warning: /mnt/data1/nix/vendor/rust/cargo2nix/submodules/petgraph/Cargo.toml: unused manifest key: dependencies.quickcheck.version
warning: /mnt/data1/nix/vendor/rust/cargo2nix/submodules/petgraph/Cargo.toml: unused manifest key: dependencies.rayon.version
warning: /mnt/data1/nix/vendor/rust/cargo2nix/submodules/petgraph/Cargo.toml: unused manifest key: dependencies.serde.version
warning: /mnt/data1/nix/vendor/rust/cargo2nix/submodules/petgraph/Cargo.toml: unused manifest key: dependencies.serde_derive.version
warning: /mnt/data1/nix/vendor/rust/cargo2nix/submodules/petgraph/Cargo.toml: unused manifest key: dev-dependencies.itertools.version
warning: /mnt/data1/nix/vendor/rust/cargo2nix/submodules/petgraph/Cargo.toml: unused manifest key: dev-dependencies.odds.version
warning: patch for `curl` uses the features mechanism. default-features and features will not take effect because the patch dependency does not support this mechanism
warning: patch for `libc` uses the features mechanism. default-features and features will not take effect because the patch dependency does not support this mechanism
warning: patch for `rusqlite` uses the features mechanism. default-features and features will not take effect because the patch dependency does not support this mechanism
warning: Patch `measureme v0.1.0 (/mnt/data1/nix/vendor/rust/cargo2nix/submodules/measureme/measureme)` was not used in the crate graph.
Patch `tokio-core v0.1.18 (/mnt/data1/nix/vendor/rust/cargo2nix/submodules/tokio-core)` was not used in the crate graph.
Check that the patched package version and available features are compatible
with the dependency requirements. If the patch has a different version from
what is locked in the Cargo.lock file, run `cargo update` to use the new
version. This may also occur with an optional dependency that is not enabled.
{"reason":"compiler-artifact","package_id":"registry+https://github.com/rust-lang/crates.io-index#libc@0.2.178","manifest_path":"/home/mdupont/.cargo/registry/src/index.crates.io-1949cf8c6b5b557f/libc-0.2.178/Cargo.toml","target":{"kind":["custom-build"],"crate_types":["bin"],"name":"build-script-build","src_path":"/home/mdupont/.cargo/registry/src/index.crates.io-1949cf8c6b5b557f/libc-0.2.178/build.rs","edition":"2021","doc":false,"doctest":false,"test":false},"profile":{"opt_level":"0","debuginfo":0,"debug_assertions":true,"overflow_checks":true,"test":false},"features":["default","extra_traits","std"],"filenames":["/mnt/data1/nix/vendor/rust/cargo2nix/target/debug/build/libc-9f68d9ab094ac122/build-script-build"],"executable":null,"fresh":true}
{"reason":"build-script-executed","package_id":"registry+https://github.com/rust-lang/crates.io-index#libc@0.2.178","linked_libs":[],"linked_paths":[],"cfgs":["freebsd12"],"env":[],"out_dir":"/mnt/data1/nix/vendor/rust/cargo2nix/target/debug/build/libc-1a5127717d750107/out"}
{"reason":"compiler-artifact","package_id":"registry+https://github.com/rust-lang/crates.io-index#cfg-if@1.0.4","manifest_path":"/home/mdupont/.cargo/registry/src/index.crates.io-1949cf8c6b5b557f/cfg-if-1.0.4/Cargo.toml","target":{"kind":["lib"],"crate_types":["lib"],"name":"cfg_if","src_path":"/home/mdupont/.cargo/registry/src/index.crates.io-1949cf8c6b5b557f/cfg-if-1.0.4/src/lib.rs","edition":"2018","doc":true,"doctest":true,"test":true},"profile":{"opt_level":"0","debuginfo":2,"debug_assertions":true,"overflow_checks":true,"test":false},"features":[],"filenames":["/mnt/data1/nix/vendor/rust/cargo2nix/target/debug/deps/libcfg_if-2262c59ed30cbfdf.rlib","/mnt/data1/nix/vendor/rust/cargo2nix/target/debug/deps/libcfg_if-2262c59ed30cbfdf.rmeta"],"executable":null,"fresh":true}
{"reason":"compiler-artifact","package_id":"registry+https://github.com/rust-lang/crates.io-index#memchr@2.7.6","manifest_path":"/home/mdupont/.cargo/registry/src/index.crates.io-1949cf8c6b5b557f/memchr-2.7.6/Cargo.toml","target":{"kind":["lib"],"crate_types":["lib"],"name":"memchr","src_path":"/home/mdupont/.cargo/registry/src/index.crates.io-1949cf8c6b5b557f/memchr-2.7.6/src/lib.rs","edition":"2021","doc":true,"doctest":true,"test":true},"profile":{"opt_level":"0","debuginfo":2,"debug_assertions":true,"overflow_checks":true,"test":false},"features":["alloc","default","std"],"filenames":["/mnt/data1/nix/vendor/rust/cargo2nix/target/debug/deps/libmemchr-5860c3e5f17fe065.rlib","/mnt/data1/nix/vendor/rust/cargo2nix/target/debug/deps/libmemchr-5860c3e5f17fe065.rmeta"],"executable":null,"fresh":true}
{"reason":"compiler-artifact","package_id":"path+file:///mnt/data1/nix/vendor/rust/cargo2nix/submodules/proc-macro2#1.0.103","manifest_path":"/mnt/data1/nix/vendor/rust/cargo2nix/submodules/proc-macro2/Cargo.toml","target":{"kind":["custom-build"],"crate_types":["bin"],"name":"build-script-build","src_path":"/mnt/data1/nix/vendor/rust/cargo2nix/submodules/proc-macro2/build.rs","edition":"2021","doc":false,"doctest":false,"test":false},"profile":{"opt_level":"0","debuginfo":0,"debug_assertions":true,"overflow_checks":true,"test":false},"features":["default","proc-macro"],"filenames":["/mnt/data1/nix/vendor/rust/cargo2nix/target/debug/build/proc-macro2-538acd604755aa46/build-script-build"],"executable":null,"fresh":true}
{"reason":"compiler-artifact","package_id":"registry+https://github.com/rust-lang/crates.io-index#unicode-ident@1.0.22","manifest_path":"/home/mdupont/.cargo/registry/src/index.crates.io-1949cf8c6b5b557f/unicode-ident-1.0.22/Cargo.toml","target":{"kind":["lib"],"crate_types":["lib"],"name":"unicode_ident","src_path":"/home/mdupont/.cargo/registry/src/index.crates.io-1949cf8c6b5b557f/unicode-ident-1.0.22/src/lib.rs","edition":"2018","doc":true,"doctest":true,"test":true},"profile":{"opt_level":"0","debuginfo":0,"debug_assertions":true,"overflow_checks":true,"test":false},"features":[],"filenames":["/mnt/data1/nix/vendor/rust/cargo2nix/target/debug/deps/libunicode_ident-12c495887fb81e30.rlib","/mnt/data1/nix/vendor/rust/cargo2nix/target/debug/deps/libunicode_ident-12c495887fb81e30.rmeta"],"executable":null,"fresh":true}
{"reason":"compiler-artifact","package_id":"path+file:///mnt/data1/nix/vendor/rust/cargo2nix/submodules/quote#1.0.42","manifest_path":"/mnt/data1/nix/vendor/rust/cargo2nix/submodules/quote/Cargo.toml","target":{"kind":["custom-build"],"crate_types":["bin"],"name":"build-script-build","src_path":"/mnt/data1/nix/vendor/rust/cargo2nix/submodules/quote/build.rs","edition":"2018","doc":false,"doctest":false,"test":false},"profile":{"opt_level":"0","debuginfo":0,"debug_assertions":true,"overflow_checks":true,"test":false},"features":["default","proc-macro"],"filenames":["/mnt/data1/nix/vendor/rust/cargo2nix/target/debug/build/quote-3eed3cfd68603584/build-script-build"],"executable":null,"fresh":true}
{"reason":"compiler-artifact","package_id":"path+file:///mnt/data1/nix/vendor/rust/cargo2nix/submodules/syn#2.0.110","manifest_path":"/mnt/data1/nix/vendor/rust/cargo2nix/submodules/syn/Cargo.toml","target":{"kind":["custom-build"],"crate_types":["bin"],"name":"build-script-build","src_path":"/mnt/data1/nix/vendor/rust/cargo2nix/submodules/syn/build.rs","edition":"2021","doc":false,"doctest":false,"test":false},"profile":{"opt_level":"0","debuginfo":0,"debug_assertions":true,"overflow_checks":true,"test":false},"features":["clone-impls","default","derive","extra-traits","full","parsing","printing","proc-macro","visit-mut"],"filenames":["/mnt/data1/nix/vendor/rust/cargo2nix/target/debug/build/syn-49be8bae1e2de55f/build-script-build"],"executable":null,"fresh":true}
{"reason":"compiler-artifact","package_id":"registry+https://github.com/rust-lang/crates.io-index#regex-syntax@0.8.8","manifest_path":"/home/mdupont/.cargo/registry/src/index.crates.io-1949cf8c6b5b557f/regex-syntax-0.8.8/Cargo.toml","target":{"kind":["lib"],"crate_types":["lib"],"name":"regex_syntax","src_path":"/home/mdupont/.cargo/registry/src/index.crates.io-1949cf8c6b5b557f/regex-syntax-0.8.8/src/lib.rs","edition":"2021","doc":true,"doctest":true,"test":true},"profile":{"opt_level":"0","debuginfo":2,"debug_assertions":true,"overflow_checks":true,"test":false},"features":["default","std","unicode","unicode-age","unicode-bool","unicode-case","unicode-gencat","unicode-perl","unicode-script","unicode-segment"],"filenames":["/mnt/data1/nix/vendor/rust/cargo2nix/target/debug/deps/libregex_syntax-bc020d83057bca35.rlib","/mnt/data1/nix/vendor/rust/cargo2nix/target/debug/deps/libregex_syntax-bc020d83057bca35.rmeta"],"executable":null,"fresh":true}
{"reason":"compiler-artifact","package_id":"registry+https://github.com/rust-lang/crates.io-index#typenum@1.19.0","manifest_path":"/home/mdupont/.cargo/registry/src/index.crates.io-1949cf8c6b5b557f/typenum-1.19.0/Cargo.toml","target":{"kind":["custom-build"],"crate_types":["bin"],"name":"build-script-build","src_path":"/home/mdupont/.cargo/registry/src/index.crates.io-1949cf8c6b5b557f/typenum-1.19.0/build.rs","edition":"2018","doc":false,"doctest":false,"test":false},"profile":{"opt_level":"0","debuginfo":0,"debug_assertions":true,"overflow_checks":true,"test":false},"features":["const-generics"],"filenames":["/mnt/data1/nix/vendor/rust/cargo2nix/target/debug/build/typenum-7f34722617e7984c/build-script-build"],"executable":null,"fresh":true}
{"reason":"compiler-artifact","package_id":"path+file:///mnt/data1/nix/vendor/rust/cargo2nix/submodules/serde/serde_core#1.0.228","manifest_path":"/mnt/data1/nix/vendor/rust/cargo2nix/submodules/serde/serde_core/Cargo.toml","target":{"kind":["custom-build"],"crate_types":["bin"],"name":"build-script-build","src_path":"/mnt/data1/nix/vendor/rust/cargo2nix/submodules/serde/serde_core/build.rs","edition":"2021","doc":false,"doctest":false,"test":false},"profile":{"opt_level":"0","debuginfo":0,"debug_assertions":true,"overflow_checks":true,"test":false},"features":["alloc","default","result","std"],"filenames":["/mnt/data1/nix/vendor/rust/cargo2nix/target/debug/build/serde_core-0a318d01f02e01ca/build-script-build"],"executable":null,"fresh":true}
{"reason":"compiler-artifact","package_id":"registry+https://github.com/rust-lang/crates.io-index#thiserror@2.0.17","manifest_path":"/home/mdupont/.cargo/registry/src/index.crates.io-1949cf8c6b5b557f/thiserror-2.0.17/Cargo.toml","target":{"kind":["custom-build"],"crate_types":["bin"],"name":"build-script-build","src_path":"/home/mdupont/.cargo/registry/src/index.crates.io-1949cf8c6b5b557f/thiserror-2.0.17/build.rs","edition":"2021","doc":false,"doctest":false,"test":false},"profile":{"opt_level":"0","debuginfo":0,"debug_assertions":true,"overflow_checks":true,"test":false},"features":["default","std"],"filenames":["/mnt/data1/nix/vendor/rust/cargo2nix/target/debug/build/thiserror-c73a6dcbf85ebb6c/build-script-build"],"executable":null,"fresh":true}
{"reason":"compiler-artifact","package_id":"path+file:///mnt/data1/nix/vendor/rust/cargo2nix/submodules/rust-smallvec#smallvec@2.0.0-alpha.12","manifest_path":"/mnt/data1/nix/vendor/rust/cargo2nix/submodules/rust-smallvec/Cargo.toml","target":{"kind":["lib"],"crate_types":["lib"],"name":"smallvec","src_path":"/mnt/data1/nix/vendor/rust/cargo2nix/submodules/rust-smallvec/src/lib.rs","edition":"2021","doc":true,"doctest":true,"test":true},"profile":{"opt_level":"0","debuginfo":2,"debug_assertions":true,"overflow_checks":true,"test":false},"features":[],"filenames":["/mnt/data1/nix/vendor/rust/cargo2nix/target/debug/deps/libsmallvec-39da6c6240a07e62.rlib","/mnt/data1/nix/vendor/rust/cargo2nix/target/debug/deps/libsmallvec-39da6c6240a07e62.rmeta"],"executable":null,"fresh":true}
{"reason":"compiler-artifact","package_id":"registry+https://github.com/rust-lang/crates.io-index#bitflags@2.9.1","manifest_path":"/home/mdupont/.cargo/registry/src/index.crates.io-1949cf8c6b5b557f/bitflags-2.9.1/Cargo.toml","target":{"kind":["lib"],"crate_types":["lib"],"name":"bitflags","src_path":"/home/mdupont/.cargo/registry/src/index.crates.io-1949cf8c6b5b557f/bitflags-2.9.1/src/lib.rs","edition":"2021","doc":true,"doctest":true,"test":true},"profile":{"opt_level":"0","debuginfo":2,"debug_assertions":true,"overflow_checks":true,"test":false},"features":["std"],"filenames":["/mnt/data1/nix/vendor/rust/cargo2nix/target/debug/deps/libbitflags-70d45624af9c1b08.rlib","/mnt/data1/nix/vendor/rust/cargo2nix/target/debug/deps/libbitflags-70d45624af9c1b08.rmeta"],"executable":null,"fresh":true}
{"reason":"compiler-artifact","package_id":"registry+https://github.com/rust-lang/crates.io-index#once_cell@1.21.3","manifest_path":"/home/mdupont/.cargo/registry/src/index.crates.io-1949cf8c6b5b557f/once_cell-1.21.3/Cargo.toml","target":{"kind":["lib"],"crate_types":["lib"],"name":"once_cell","src_path":"/home/mdupont/.cargo/registry/src/index.crates.io-1949cf8c6b5b557f/once_cell-1.21.3/src/lib.rs","edition":"2021","doc":true,"doctest":true,"test":true},"profile":{"opt_level":"0","debuginfo":2,"debug_assertions":true,"overflow_checks":true,"test":false},"features":["alloc","default","race","std"],"filenames":["/mnt/data1/nix/vendor/rust/cargo2nix/target/debug/deps/libonce_cell-6c5ecd365f058077.rlib","/mnt/data1/nix/vendor/rust/cargo2nix/target/debug/deps/libonce_cell-6c5ecd365f058077.rmeta"],"executable":null,"fresh":true}
{"reason":"compiler-artifact","package_id":"registry+https://github.com/rust-lang/crates.io-index#tinyvec_macros@0.1.1","manifest_path":"/home/mdupont/.cargo/registry/src/index.crates.io-1949cf8c6b5b557f/tinyvec_macros-0.1.1/Cargo.toml","target":{"kind":["lib"],"crate_types":["lib"],"name":"tinyvec_macros","src_path":"/home/mdupont/.cargo/registry/src/index.crates.io-1949cf8c6b5b557f/tinyvec_macros-0.1.1/src/lib.rs","edition":"2018","doc":true,"doctest":true,"test":true},"profile":{"opt_level":"0","debuginfo":2,"debug_assertions":true,"overflow_checks":true,"test":false},"features":[],"filenames":["/mnt/data1/nix/vendor/rust/cargo2nix/target/debug/deps/libtinyvec_macros-dae4282b78017f08.rlib","/mnt/data1/nix/vendor/rust/cargo2nix/target/debug/deps/libtinyvec_macros-dae4282b78017f08.rmeta"],"executable":null,"fresh":true}
{"reason":"compiler-artifact","package_id":"registry+https://github.com/rust-lang/crates.io-index#version_check@0.9.5","manifest_path":"/home/mdupont/.cargo/registry/src/index.crates.io-1949cf8c6b5b557f/version_check-0.9.5/Cargo.toml","target":{"kind":["lib"],"crate_types":["lib"],"name":"version_check","src_path":"/home/mdupont/.cargo/registry/src/index.crates.io-1949cf8c6b5b557f/version_check-0.9.5/src/lib.rs","edition":"2015","doc":true,"doctest":true,"test":true},"profile":{"opt_level":"0","debuginfo":0,"debug_assertions":true,"overflow_checks":true,"test":false},"features":[],"filenames":["/mnt/data1/nix/vendor/rust/cargo2nix/target/debug/deps/libversion_check-2571cf324060ec01.rlib","/mnt/data1/nix/vendor/rust/cargo2nix/target/debug/deps/libversion_check-2571cf324060ec01.rmeta"],"executable":null,"fresh":true}
{"reason":"compiler-artifact","package_id":"registry+https://github.com/rust-lang/crates.io-index#subtle@2.6.1","manifest_path":"/home/mdupont/.cargo/registry/src/index.crates.io-1949cf8c6b5b557f/subtle-2.6.1/Cargo.toml","target":{"kind":["lib"],"crate_types":["lib"],"name":"subtle","src_path":"/home/mdupont/.cargo/registry/src/index.crates.io-1949cf8c6b5b557f/subtle-2.6.1/src/lib.rs","edition":"2018","doc":true,"doctest":true,"test":true},"profile":{"opt_level":"0","debuginfo":2,"debug_assertions":true,"overflow_checks":true,"test":false},"features":["i128"],"filenames":["/mnt/data1/nix/vendor/rust/cargo2nix/target/debug/deps/libsubtle-470e7fa4f09071a9.rlib","/mnt/data1/nix/vendor/rust/cargo2nix/target/debug/deps/libsubtle-470e7fa4f09071a9.rmeta"],"executable":null,"fresh":true}
{"reason":"compiler-artifact","package_id":"registry+https://github.com/rust-lang/crates.io-index#zeroize@1.8.2","manifest_path":"/home/mdupont/.cargo/registry/src/index.crates.io-1949cf8c6b5b557f/zeroize-1.8.2/Cargo.toml","target":{"kind":["lib"],"crate_types":["lib"],"name":"zeroize","src_path":"/home/mdupont/.cargo/registry/src/index.crates.io-1949cf8c6b5b557f/zeroize-1.8.2/src/lib.rs","edition":"2021","doc":true,"doctest":true,"test":true},"profile":{"opt_level":"0","debuginfo":2,"debug_assertions":true,"overflow_checks":true,"test":false},"features":["alloc"],"filenames":["/mnt/data1/nix/vendor/rust/cargo2nix/target/debug/deps/libzeroize-b09a97511c22550a.rlib","/mnt/data1/nix/vendor/rust/cargo2nix/target/debug/deps/libzeroize-b09a97511c22550a.rmeta"],"executable":null,"fresh":true}
{"reason":"compiler-artifact","package_id":"registry+https://github.com/rust-lang/crates.io-index#scopeguard@1.2.0","manifest_path":"/home/mdupont/.cargo/registry/src/index.crates.io-1949cf8c6b5b557f/scopeguard-1.2.0/Cargo.toml","target":{"kind":["lib"],"crate_types":["lib"],"name":"scopeguard","src_path":"/home/mdupont/.cargo/registry/src/index.crates.io-1949cf8c6b5b557f/scopeguard-1.2.0/src/lib.rs","edition":"2015","doc":true,"doctest":true,"test":true},"profile":{"opt_level":"0","debuginfo":2,"debug_assertions":true,"overflow_checks":true,"test":false},"features":[],"filenames":["/mnt/data1/nix/vendor/rust/cargo2nix/target/debug/deps/libscopeguard-cfa69166bd4da734.rlib","/mnt/data1/nix/vendor/rust/cargo2nix/target/debug/deps/libscopeguard-cfa69166bd4da734.rmeta"],"executable":null,"fresh":true}
{"reason":"compiler-artifact","package_id":"registry+https://github.com/rust-lang/crates.io-index#crossbeam-utils@0.8.21","manifest_path":"/home/mdupont/.cargo/registry/src/index.crates.io-1949cf8c6b5b557f/crossbeam-utils-0.8.21/Cargo.toml","target":{"kind":["custom-build"],"crate_types":["bin"],"name":"build-script-build","src_path":"/home/mdupont/.cargo/registry/src/index.crates.io-1949cf8c6b5b557f/crossbeam-utils-0.8.21/build.rs","edition":"2021","doc":false,"doctest":false,"test":false},"profile":{"opt_level":"0","debuginfo":0,"debug_assertions":true,"overflow_checks":true,"test":false},"features":["default","std"],"filenames":["/mnt/data1/nix/vendor/rust/cargo2nix/target/debug/build/crossbeam-utils-5887ca59ff28d947/build-script-build"],"executable":null,"fresh":true}
{"reason":"compiler-artifact","package_id":"registry+https://github.com/rust-lang/crates.io-index#fastrand@2.3.0","manifest_path":"/home/mdupont/.cargo/registry/src/index.crates.io-1949cf8c6b5b557f/fastrand-2.3.0/Cargo.toml","target":{"kind":["lib"],"crate_types":["lib"],"name":"fastrand","src_path":"/home/mdupont/.cargo/registry/src/index.crates.io-1949cf8c6b5b557f/fastrand-2.3.0/src/lib.rs","edition":"2018","doc":true,"doctest":true,"test":true},"profile":{"opt_level":"0","debuginfo":2,"debug_assertions":true,"overflow_checks":true,"test":false},"features":["alloc","default","std"],"filenames":["/mnt/data1/nix/vendor/rust/cargo2nix/target/debug/deps/libfastrand-ecdbacb34276294a.rlib","/mnt/data1/nix/vendor/rust/cargo2nix/target/debug/deps/libfastrand-ecdbacb34276294a.rmeta"],"executable":null,"fresh":true}
{"reason":"compiler-artifact","package_id":"path+file:///mnt/data1/nix/vendor/rust/cargo2nix/submodules/parking_lot/core#parking_lot_core@0.9.13","manifest_path":"/mnt/data1/nix/vendor/rust/cargo2nix/submodules/parking_lot/core/Cargo.toml","target":{"kind":["custom-build"],"crate_types":["bin"],"name":"build-script-build","src_path":"/mnt/data1/nix/vendor/rust/cargo2nix/submodules/parking_lot/core/build.rs","edition":"2021","doc":false,"doctest":false,"test":false},"profile":{"opt_level":"0","debuginfo":0,"debug_assertions":true,"overflow_checks":true,"test":false},"features":[],"filenames":["/mnt/data1/nix/vendor/rust/cargo2nix/target/debug/build/parking_lot_core-7635933883eff3ca/build-script-build"],"executable":null,"fresh":true}
{"reason":"compiler-artifact","package_id":"registry+https://github.com/rust-lang/crates.io-index#const-oid@0.9.6","manifest_path":"/home/mdupont/.cargo/registry/src/index.crates.io-1949cf8c6b5b557f/const-oid-0.9.6/Cargo.toml","target":{"kind":["lib"],"crate_types":["lib"],"name":"const_oid","src_path":"/home/mdupont/.cargo/registry/src/index.crates.io-1949cf8c6b5b557f/const-oid-0.9.6/src/lib.rs","edition":"2021","doc":true,"doctest":true,"test":true},"profile":{"opt_level":"0","debuginfo":2,"debug_assertions":true,"overflow_checks":true,"test":false},"features":[],"filenames":["/mnt/data1/nix/vendor/rust/cargo2nix/target/debug/deps/libconst_oid-a054b1acfb7a9345.rlib","/mnt/data1/nix/vendor/rust/cargo2nix/target/debug/deps/libconst_oid-a054b1acfb7a9345.rmeta"],"executable":null,"fresh":true}
{"reason":"compiler-artifact","package_id":"path+file:///mnt/data1/nix/vendor/rust/cargo2nix/submodules/cfg-if#1.0.4","manifest_path":"/mnt/data1/nix/vendor/rust/cargo2nix/submodules/cfg-if/Cargo.toml","target":{"kind":["lib"],"crate_types":["lib"],"name":"cfg_if","src_path":"/mnt/data1/nix/vendor/rust/cargo2nix/submodules/cfg-if/src/lib.rs","edition":"2018","doc":true,"doctest":true,"test":true},"profile":{"opt_level":"0","debuginfo":2,"debug_assertions":true,"overflow_checks":true,"test":false},"features":[],"filenames":["/mnt/data1/nix/vendor/rust/cargo2nix/target/debug/deps/libcfg_if-abcd325605cd1772.rlib","/mnt/data1/nix/vendor/rust/cargo2nix/target/debug/deps/libcfg_if-abcd325605cd1772.rmeta"],"executable":null,"fresh":true}
{"reason":"compiler-artifact","package_id":"registry+https://github.com/rust-lang/crates.io-index#libc@0.2.178","manifest_path":"/home/mdupont/.cargo/registry/src/index.crates.io-1949cf8c6b5b557f/libc-0.2.178/Cargo.toml","target":{"kind":["lib"],"crate_types":["lib"],"name":"libc","src_path":"/home/mdupont/.cargo/registry/src/index.crates.io-1949cf8c6b5b557f/libc-0.2.178/src/lib.rs","edition":"2021","doc":true,"doctest":true,"test":true},"profile":{"opt_level":"0","debuginfo":2,"debug_assertions":true,"overflow_checks":true,"test":false},"features":["default","extra_traits","std"],"filenames":["/mnt/data1/nix/vendor/rust/cargo2nix/target/debug/deps/liblibc-9af77698d281ff39.rlib","/mnt/data1/nix/vendor/rust/cargo2nix/target/debug/deps/liblibc-9af77698d281ff39.rmeta"],"executable":null,"fresh":true}
{"reason":"build-script-executed","package_id":"path+file:///mnt/data1/nix/vendor/rust/cargo2nix/submodules/proc-macro2#1.0.103","linked_libs":[],"linked_paths":[],"cfgs":["wrap_proc_macro","proc_macro_span","proc_macro_span_location","proc_macro_span_file"],"env":[],"out_dir":"/mnt/data1/nix/vendor/rust/cargo2nix/target/debug/build/proc-macro2-1bc4d54aae72c556/out"}
{"reason":"build-script-executed","package_id":"path+file:///mnt/data1/nix/vendor/rust/cargo2nix/submodules/quote#1.0.42","linked_libs":[],"linked_paths":[],"cfgs":[],"env":[],"out_dir":"/mnt/data1/nix/vendor/rust/cargo2nix/target/debug/build/quote-d0c0c55ba3cc1b00/out"}
{"reason":"build-script-executed","package_id":"path+file:///mnt/data1/nix/vendor/rust/cargo2nix/submodules/syn#2.0.110","linked_libs":[],"linked_paths":[],"cfgs":["check_cfg"],"env":[],"out_dir":"/mnt/data1/nix/vendor/rust/cargo2nix/target/debug/build/syn-9ad39db76133e10b/out"}
{"reason":"compiler-artifact","package_id":"registry+https://github.com/rust-lang/crates.io-index#aho-corasick@1.1.4","manifest_path":"/home/mdupont/.cargo/registry/src/index.crates.io-1949cf8c6b5b557f/aho-corasick-1.1.4/Cargo.toml","target":{"kind":["lib"],"crate_types":["lib"],"name":"aho_corasick","src_path":"/home/mdupont/.cargo/registry/src/index.crates.io-1949cf8c6b5b557f/aho-corasick-1.1.4/src/lib.rs","edition":"2021","doc":true,"doctest":true,"test":true},"profile":{"opt_level":"0","debuginfo":2,"debug_assertions":true,"overflow_checks":true,"test":false},"features":["default","perf-literal","std"],"filenames":["/mnt/data1/nix/vendor/rust/cargo2nix/target/debug/deps/libaho_corasick-4bffa703183dc54c.rlib","/mnt/data1/nix/vendor/rust/cargo2nix/target/debug/deps/libaho_corasick-4bffa703183dc54c.rmeta"],"executable":null,"fresh":true}
{"reason":"build-script-executed","package_id":"registry+https://github.com/rust-lang/crates.io-index#typenum@1.19.0","linked_libs":[],"linked_paths":[],"cfgs":[],"env":[],"out_dir":"/mnt/data1/nix/vendor/rust/cargo2nix/target/debug/build/typenum-64dd778a380ac2c1/out"}
{"reason":"build-script-executed","package_id":"path+file:///mnt/data1/nix/vendor/rust/cargo2nix/submodules/serde/serde_core#1.0.228","linked_libs":[],"linked_paths":[],"cfgs":[],"env":[],"out_dir":"/mnt/data1/nix/vendor/rust/cargo2nix/target/debug/build/serde_core-666f34d160617803/out"}
{"reason":"build-script-executed","package_id":"registry+https://github.com/rust-lang/crates.io-index#thiserror@2.0.17","linked_libs":[],"linked_paths":[],"cfgs":["error_generic_member_access"],"env":[],"out_dir":"/mnt/data1/nix/vendor/rust/cargo2nix/target/debug/build/thiserror-431281c637257f87/out"}
{"reason":"compiler-artifact","package_id":"registry+https://github.com/rust-lang/crates.io-index#tinyvec@1.10.0","manifest_path":"/home/mdupont/.cargo/registry/src/index.crates.io-1949cf8c6b5b557f/tinyvec-1.10.0/Cargo.toml","target":{"kind":["lib"],"crate_types":["lib"],"name":"tinyvec","src_path":"/home/mdupont/.cargo/registry/src/index.crates.io-1949cf8c6b5b557f/tinyvec-1.10.0/src/lib.rs","edition":"2018","doc":true,"doctest":true,"test":true},"profile":{"opt_level":"0","debuginfo":2,"debug_assertions":true,"overflow_checks":true,"test":false},"features":["alloc","default","tinyvec_macros"],"filenames":["/mnt/data1/nix/vendor/rust/cargo2nix/target/debug/deps/libtinyvec-4c9cb921b4119d38.rlib","/mnt/data1/nix/vendor/rust/cargo2nix/target/debug/deps/libtinyvec-4c9cb921b4119d38.rmeta"],"executable":null,"fresh":true}
{"reason":"compiler-artifact","package_id":"registry+https://github.com/rust-lang/crates.io-index#generic-array@0.14.7","manifest_path":"/home/mdupont/.cargo/registry/src/index.crates.io-1949cf8c6b5b557f/generic-array-0.14.7/Cargo.toml","target":{"kind":["custom-build"],"crate_types":["bin"],"name":"build-script-build","src_path":"/home/mdupont/.cargo/registry/src/index.crates.io-1949cf8c6b5b557f/generic-array-0.14.7/build.rs","edition":"2015","doc":false,"doctest":false,"test":false},"profile":{"opt_level":"0","debuginfo":0,"debug_assertions":true,"overflow_checks":true,"test":false},"features":["more_lengths","zeroize"],"filenames":["/mnt/data1/nix/vendor/rust/cargo2nix/target/debug/build/generic-array-a57c54402707307c/build-script-build"],"executable":null,"fresh":true}
{"reason":"build-script-executed","package_id":"registry+https://github.com/rust-lang/crates.io-index#crossbeam-utils@0.8.21","linked_libs":[],"linked_paths":[],"cfgs":[],"env":[],"out_dir":"/mnt/data1/nix/vendor/rust/cargo2nix/target/debug/build/crossbeam-utils-124310733090f593/out"}
{"reason":"build-script-executed","package_id":"path+file:///mnt/data1/nix/vendor/rust/cargo2nix/submodules/parking_lot/core#parking_lot_core@0.9.13","linked_libs":[],"linked_paths":[],"cfgs":[],"env":[],"out_dir":"/mnt/data1/nix/vendor/rust/cargo2nix/target/debug/build/parking_lot_core-fe234f826ed00202/out"}
{"reason":"compiler-artifact","package_id":"registry+https://github.com/rust-lang/crates.io-index#zlib-rs@0.5.3","manifest_path":"/home/mdupont/.cargo/registry/src/index.crates.io-1949cf8c6b5b557f/zlib-rs-0.5.3/Cargo.toml","target":{"kind":["lib"],"crate_types":["lib"],"name":"zlib_rs","src_path":"/home/mdupont/.cargo/registry/src/index.crates.io-1949cf8c6b5b557f/zlib-rs-0.5.3/src/lib.rs","edition":"2021","doc":true,"doctest":true,"test":true},"profile":{"opt_level":"0","debuginfo":2,"debug_assertions":true,"overflow_checks":true,"test":false},"features":["rust-allocator","std"],"filenames":["/mnt/data1/nix/vendor/rust/cargo2nix/target/debug/deps/libzlib_rs-ea00ad3e569bc2e7.rlib","/mnt/data1/nix/vendor/rust/cargo2nix/target/debug/deps/libzlib_rs-ea00ad3e569bc2e7.rmeta"],"executable":null,"fresh":true}
{"reason":"compiler-artifact","package_id":"registry+https://github.com/rust-lang/crates.io-index#same-file@1.0.6","manifest_path":"/home/mdupont/.cargo/registry/src/index.crates.io-1949cf8c6b5b557f/same-file-1.0.6/Cargo.toml","target":{"kind":["lib"],"crate_types":["lib"],"name":"same_file","src_path":"/home/mdupont/.cargo/registry/src/index.crates.io-1949cf8c6b5b557f/same-file-1.0.6/src/lib.rs","edition":"2018","doc":true,"doctest":true,"test":true},"profile":{"opt_level":"0","debuginfo":2,"debug_assertions":true,"overflow_checks":true,"test":false},"features":[],"filenames":["/mnt/data1/nix/vendor/rust/cargo2nix/target/debug/deps/libsame_file-123f710482a8b53b.rlib","/mnt/data1/nix/vendor/rust/cargo2nix/target/debug/deps/libsame_file-123f710482a8b53b.rmeta"],"executable":null,"fresh":true}
{"reason":"compiler-artifact","package_id":"registry+https://github.com/rust-lang/crates.io-index#crc32fast@1.5.0","manifest_path":"/home/mdupont/.cargo/registry/src/index.crates.io-1949cf8c6b5b557f/crc32fast-1.5.0/Cargo.toml","target":{"kind":["custom-build"],"crate_types":["bin"],"name":"build-script-build","src_path":"/home/mdupont/.cargo/registry/src/index.crates.io-1949cf8c6b5b557f/crc32fast-1.5.0/build.rs","edition":"2021","doc":false,"doctest":false,"test":false},"profile":{"opt_level":"0","debuginfo":0,"debug_assertions":true,"overflow_checks":true,"test":false},"features":["default","std"],"filenames":["/mnt/data1/nix/vendor/rust/cargo2nix/target/debug/build/crc32fast-70312237c9b6715d/build-script-build"],"executable":null,"fresh":true}
{"reason":"compiler-artifact","package_id":"path+file:///mnt/data1/nix/vendor/rust/cargo2nix/submodules/gitoxide/gix-trace#0.1.15","manifest_path":"/mnt/data1/nix/vendor/rust/cargo2nix/submodules/gitoxide/gix-trace/Cargo.toml","target":{"kind":["lib"],"crate_types":["lib"],"name":"gix_trace","src_path":"/mnt/data1/nix/vendor/rust/cargo2nix/submodules/gitoxide/gix-trace/src/lib.rs","edition":"2021","doc":true,"doctest":false,"test":false},"profile":{"opt_level":"0","debuginfo":2,"debug_assertions":true,"overflow_checks":true,"test":false},"features":["default"],"filenames":["/mnt/data1/nix/vendor/rust/cargo2nix/target/debug/deps/libgix_trace-7e8c25f23bb961b5.rlib","/mnt/data1/nix/vendor/rust/cargo2nix/target/debug/deps/libgix_trace-7e8c25f23bb961b5.rmeta"],"executable":null,"fresh":true}
{"reason":"compiler-artifact","package_id":"path+file:///mnt/data1/nix/vendor/rust/cargo2nix/submodules/parking_lot/lock_api#0.4.14","manifest_path":"/mnt/data1/nix/vendor/rust/cargo2nix/submodules/parking_lot/lock_api/Cargo.toml","target":{"kind":["lib"],"crate_types":["lib"],"name":"lock_api","src_path":"/mnt/data1/nix/vendor/rust/cargo2nix/submodules/parking_lot/lock_api/src/lib.rs","edition":"2021","doc":true,"doctest":true,"test":true},"profile":{"opt_level":"0","debuginfo":2,"debug_assertions":true,"overflow_checks":true,"test":false},"features":["atomic_usize","default"],"filenames":["/mnt/data1/nix/vendor/rust/cargo2nix/target/debug/deps/liblock_api-8a591569431bd593.rlib","/mnt/data1/nix/vendor/rust/cargo2nix/target/debug/deps/liblock_api-8a591569431bd593.rmeta"],"executable":null,"fresh":true}
{"reason":"compiler-artifact","package_id":"registry+https://github.com/rust-lang/crates.io-index#autocfg@1.5.0","manifest_path":"/home/mdupont/.cargo/registry/src/index.crates.io-1949cf8c6b5b557f/autocfg-1.5.0/Cargo.toml","target":{"kind":["lib"],"crate_types":["lib"],"name":"autocfg","src_path":"/home/mdupont/.cargo/registry/src/index.crates.io-1949cf8c6b5b557f/autocfg-1.5.0/src/lib.rs","edition":"2015","doc":true,"doctest":true,"test":true},"profile":{"opt_level":"0","debuginfo":0,"debug_assertions":true,"overflow_checks":true,"test":false},"features":[],"filenames":["/mnt/data1/nix/vendor/rust/cargo2nix/target/debug/deps/libautocfg-3b49e0afa777d415.rlib","/mnt/data1/nix/vendor/rust/cargo2nix/target/debug/deps/libautocfg-3b49e0afa777d415.rmeta"],"executable":null,"fresh":true}
{"reason":"compiler-artifact","package_id":"registry+https://github.com/rust-lang/crates.io-index#cpufeatures@0.2.17","manifest_path":"/home/mdupont/.cargo/registry/src/index.crates.io-1949cf8c6b5b557f/cpufeatures-0.2.17/Cargo.toml","target":{"kind":["lib"],"crate_types":["lib"],"name":"cpufeatures","src_path":"/home/mdupont/.cargo/registry/src/index.crates.io-1949cf8c6b5b557f/cpufeatures-0.2.17/src/lib.rs","edition":"2018","doc":true,"doctest":true,"test":true},"profile":{"opt_level":"0","debuginfo":2,"debug_assertions":true,"overflow_checks":true,"test":false},"features":[],"filenames":["/mnt/data1/nix/vendor/rust/cargo2nix/target/debug/deps/libcpufeatures-241f523369765f8e.rlib","/mnt/data1/nix/vendor/rust/cargo2nix/target/debug/deps/libcpufeatures-241f523369765f8e.rmeta"],"executable":null,"fresh":true}
{"reason":"compiler-artifact","package_id":"registry+https://github.com/rust-lang/crates.io-index#human_format@1.1.0","manifest_path":"/home/mdupont/.cargo/registry/src/index.crates.io-1949cf8c6b5b557f/human_format-1.1.0/Cargo.toml","target":{"kind":["lib"],"crate_types":["lib"],"name":"human_format","src_path":"/home/mdupont/.cargo/registry/src/index.crates.io-1949cf8c6b5b557f/human_format-1.1.0/src/lib.rs","edition":"2015","doc":true,"doctest":true,"test":true},"profile":{"opt_level":"0","debuginfo":2,"debug_assertions":true,"overflow_checks":true,"test":false},"features":[],"filenames":["/mnt/data1/nix/vendor/rust/cargo2nix/target/debug/deps/libhuman_format-e38730051bc19f53.rlib","/mnt/data1/nix/vendor/rust/cargo2nix/target/debug/deps/libhuman_format-e38730051bc19f53.rmeta"],"executable":null,"fresh":true}
{"reason":"compiler-artifact","package_id":"registry+https://github.com/rust-lang/crates.io-index#bytesize@2.3.1","manifest_path":"/home/mdupont/.cargo/registry/src/index.crates.io-1949cf8c6b5b557f/bytesize-2.3.1/Cargo.toml","target":{"kind":["lib"],"crate_types":["lib"],"name":"bytesize","src_path":"/home/mdupont/.cargo/registry/src/index.crates.io-1949cf8c6b5b557f/bytesize-2.3.1/src/lib.rs","edition":"2021","doc":true,"doctest":true,"test":true},"profile":{"opt_level":"0","debuginfo":2,"debug_assertions":true,"overflow_checks":true,"test":false},"features":["default","std"],"filenames":["/mnt/data1/nix/vendor/rust/cargo2nix/target/debug/deps/libbytesize-488cc07f1668fc5b.rlib","/mnt/data1/nix/vendor/rust/cargo2nix/target/debug/deps/libbytesize-488cc07f1668fc5b.rmeta"],"executable":null,"fresh":true}
{"reason":"compiler-artifact","package_id":"registry+https://github.com/rust-lang/crates.io-index#itoa@1.0.15","manifest_path":"/home/mdupont/.cargo/registry/src/index.crates.io-1949cf8c6b5b557f/itoa-1.0.15/Cargo.toml","target":{"kind":["lib"],"crate_types":["lib"],"name":"itoa","src_path":"/home/mdupont/.cargo/registry/src/index.crates.io-1949cf8c6b5b557f/itoa-1.0.15/src/lib.rs","edition":"2018","doc":true,"doctest":true,"test":true},"profile":{"opt_level":"0","debuginfo":2,"debug_assertions":true,"overflow_checks":true,"test":false},"features":[],"filenames":["/mnt/data1/nix/vendor/rust/cargo2nix/target/debug/deps/libitoa-a586594d020aa48a.rlib","/mnt/data1/nix/vendor/rust/cargo2nix/target/debug/deps/libitoa-a586594d020aa48a.rmeta"],"executable":null,"fresh":true}
{"reason":"compiler-artifact","package_id":"registry+https://github.com/rust-lang/crates.io-index#bytes@1.11.0","manifest_path":"/home/mdupont/.cargo/registry/src/index.crates.io-1949cf8c6b5b557f/bytes-1.11.0/Cargo.toml","target":{"kind":["lib"],"crate_types":["lib"],"name":"bytes","src_path":"/home/mdupont/.cargo/registry/src/index.crates.io-1949cf8c6b5b557f/bytes-1.11.0/src/lib.rs","edition":"2021","doc":true,"doctest":true,"test":true},"profile":{"opt_level":"0","debuginfo":2,"debug_assertions":true,"overflow_checks":true,"test":false},"features":["default","std"],"filenames":["/mnt/data1/nix/vendor/rust/cargo2nix/target/debug/deps/libbytes-bed3f7f1f917de81.rlib","/mnt/data1/nix/vendor/rust/cargo2nix/target/debug/deps/libbytes-bed3f7f1f917de81.rmeta"],"executable":null,"fresh":true}
{"reason":"compiler-artifact","package_id":"registry+https://github.com/rust-lang/crates.io-index#linux-raw-sys@0.11.0","manifest_path":"/home/mdupont/.cargo/registry/src/index.crates.io-1949cf8c6b5b557f/linux-raw-sys-0.11.0/Cargo.toml","target":{"kind":["lib"],"crate_types":["lib"],"name":"linux_raw_sys","src_path":"/home/mdupont/.cargo/registry/src/index.crates.io-1949cf8c6b5b557f/linux-raw-sys-0.11.0/src/lib.rs","edition":"2021","doc":true,"doctest":true,"test":true},"profile":{"opt_level":"0","debuginfo":2,"debug_assertions":true,"overflow_checks":true,"test":false},"features":["auxvec","elf","errno","general","ioctl","no_std"],"filenames":["/mnt/data1/nix/vendor/rust/cargo2nix/target/debug/deps/liblinux_raw_sys-12d95df1e9fb328b.rlib","/mnt/data1/nix/vendor/rust/cargo2nix/target/debug/deps/liblinux_raw_sys-12d95df1e9fb328b.rmeta"],"executable":null,"fresh":true}
{"reason":"compiler-artifact","package_id":"path+file:///mnt/data1/nix/vendor/rust/cargo2nix/submodules/proc-macro2#1.0.103","manifest_path":"/mnt/data1/nix/vendor/rust/cargo2nix/submodules/proc-macro2/Cargo.toml","target":{"kind":["lib"],"crate_types":["lib"],"name":"proc_macro2","src_path":"/mnt/data1/nix/vendor/rust/cargo2nix/submodules/proc-macro2/src/lib.rs","edition":"2021","doc":true,"doctest":true,"test":true},"profile":{"opt_level":"0","debuginfo":0,"debug_assertions":true,"overflow_checks":true,"test":false},"features":["default","proc-macro"],"filenames":["/mnt/data1/nix/vendor/rust/cargo2nix/target/debug/deps/libproc_macro2-b8a34a4ac2217d44.rlib","/mnt/data1/nix/vendor/rust/cargo2nix/target/debug/deps/libproc_macro2-b8a34a4ac2217d44.rmeta"],"executable":null,"fresh":true}
{"reason":"compiler-artifact","package_id":"registry+https://github.com/rust-lang/crates.io-index#regex-automata@0.4.13","manifest_path":"/home/mdupont/.cargo/registry/src/index.crates.io-1949cf8c6b5b557f/regex-automata-0.4.13/Cargo.toml","target":{"kind":["lib"],"crate_types":["lib"],"name":"regex_automata","src_path":"/home/mdupont/.cargo/registry/src/index.crates.io-1949cf8c6b5b557f/regex-automata-0.4.13/src/lib.rs","edition":"2021","doc":true,"doctest":true,"test":true},"profile":{"opt_level":"0","debuginfo":2,"debug_assertions":true,"overflow_checks":true,"test":false},"features":["alloc","default","dfa","dfa-build","dfa-onepass","dfa-search","hybrid","meta","nfa","nfa-backtrack","nfa-pikevm","nfa-thompson","perf","perf-inline","perf-literal","perf-literal-multisubstring","perf-literal-substring","std","syntax","unicode","unicode-age","unicode-bool","unicode-case","unicode-gencat","unicode-perl","unicode-script","unicode-segment","unicode-word-boundary"],"filenames":["/mnt/data1/nix/vendor/rust/cargo2nix/target/debug/deps/libregex_automata-799ebac87f0aa797.rlib","/mnt/data1/nix/vendor/rust/cargo2nix/target/debug/deps/libregex_automata-799ebac87f0aa797.rmeta"],"executable":null,"fresh":true}
{"reason":"compiler-artifact","package_id":"registry+https://github.com/rust-lang/crates.io-index#typenum@1.19.0","manifest_path":"/home/mdupont/.cargo/registry/src/index.crates.io-1949cf8c6b5b557f/typenum-1.19.0/Cargo.toml","target":{"kind":["lib"],"crate_types":["lib"],"name":"typenum","src_path":"/home/mdupont/.cargo/registry/src/index.crates.io-1949cf8c6b5b557f/typenum-1.19.0/src/lib.rs","edition":"2018","doc":true,"doctest":true,"test":true},"profile":{"opt_level":"0","debuginfo":2,"debug_assertions":true,"overflow_checks":true,"test":false},"features":["const-generics"],"filenames":["/mnt/data1/nix/vendor/rust/cargo2nix/target/debug/deps/libtypenum-20c610e90a3dd435.rlib","/mnt/data1/nix/vendor/rust/cargo2nix/target/debug/deps/libtypenum-20c610e90a3dd435.rmeta"],"executable":null,"fresh":true}
{"reason":"compiler-artifact","package_id":"path+file:///mnt/data1/nix/vendor/rust/cargo2nix/submodules/serde/serde_core#1.0.228","manifest_path":"/mnt/data1/nix/vendor/rust/cargo2nix/submodules/serde/serde_core/Cargo.toml","target":{"kind":["lib"],"crate_types":["lib"],"name":"serde_core","src_path":"/mnt/data1/nix/vendor/rust/cargo2nix/submodules/serde/serde_core/src/lib.rs","edition":"2021","doc":true,"doctest":true,"test":true},"profile":{"opt_level":"0","debuginfo":2,"debug_assertions":true,"overflow_checks":true,"test":false},"features":["alloc","default","result","std"],"filenames":["/mnt/data1/nix/vendor/rust/cargo2nix/target/debug/deps/libserde_core-64293d6c18d738b8.rlib","/mnt/data1/nix/vendor/rust/cargo2nix/target/debug/deps/libserde_core-64293d6c18d738b8.rmeta"],"executable":null,"fresh":true}
{"reason":"compiler-artifact","package_id":"registry+https://github.com/rust-lang/crates.io-index#unicode-normalization@0.1.25","manifest_path":"/home/mdupont/.cargo/registry/src/index.crates.io-1949cf8c6b5b557f/unicode-normalization-0.1.25/Cargo.toml","target":{"kind":["lib"],"crate_types":["lib"],"name":"unicode_normalization","src_path":"/home/mdupont/.cargo/registry/src/index.crates.io-1949cf8c6b5b557f/unicode-normalization-0.1.25/src/lib.rs","edition":"2018","doc":true,"doctest":true,"test":true},"profile":{"opt_level":"0","debuginfo":2,"debug_assertions":true,"overflow_checks":true,"test":false},"features":[],"filenames":["/mnt/data1/nix/vendor/rust/cargo2nix/target/debug/deps/libunicode_normalization-f3d12951827734b0.rlib","/mnt/data1/nix/vendor/rust/cargo2nix/target/debug/deps/libunicode_normalization-f3d12951827734b0.rmeta"],"executable":null,"fresh":true}
{"reason":"build-script-executed","package_id":"registry+https://github.com/rust-lang/crates.io-index#generic-array@0.14.7","linked_libs":[],"linked_paths":[],"cfgs":["relaxed_coherence"],"env":[],"out_dir":"/mnt/data1/nix/vendor/rust/cargo2nix/target/debug/build/generic-array-fc76b8ca1737b417/out"}
{"reason":"compiler-artifact","package_id":"registry+https://github.com/rust-lang/crates.io-index#crossbeam-utils@0.8.21","manifest_path":"/home/mdupont/.cargo/registry/src/index.crates.io-1949cf8c6b5b557f/crossbeam-utils-0.8.21/Cargo.toml","target":{"kind":["lib"],"crate_types":["lib"],"name":"crossbeam_utils","src_path":"/home/mdupont/.cargo/registry/src/index.crates.io-1949cf8c6b5b557f/crossbeam-utils-0.8.21/src/lib.rs","edition":"2021","doc":true,"doctest":true,"test":true},"profile":{"opt_level":"0","debuginfo":2,"debug_assertions":true,"overflow_checks":true,"test":false},"features":["default","std"],"filenames":["/mnt/data1/nix/vendor/rust/cargo2nix/target/debug/deps/libcrossbeam_utils-8b1c467854ef33b2.rlib","/mnt/data1/nix/vendor/rust/cargo2nix/target/debug/deps/libcrossbeam_utils-8b1c467854ef33b2.rmeta"],"executable":null,"fresh":true}
{"reason":"compiler-message","package_id":"path+file:///mnt/data1/nix/vendor/rust/cargo2nix/submodules/parking_lot/core#parking_lot_core@0.9.13","manifest_path":"/mnt/data1/nix/vendor/rust/cargo2nix/submodules/parking_lot/core/Cargo.toml","target":{"kind":["lib"],"crate_types":["lib"],"name":"parking_lot_core","src_path":"/mnt/data1/nix/vendor/rust/cargo2nix/submodules/parking_lot/core/src/lib.rs","edition":"2021","doc":true,"doctest":true,"test":true},"message":{"rendered":"warning: type `word_lock::ThreadData` is more private than the item `word_lock::with_thread_data`\n  --> submodules/parking_lot/core/src/word_lock.rs:51:1\n   |\n51 | pub fn with_thread_data<T>(f: impl FnOnce(&ThreadData) -> T) -> T {\n   | ^^^^^^^^^^^^^^^^^^^^^^^^^^^^^^^^^^^^^^^^^^^^^^^^^^^^^^^^^^^^^^^^^ function `word_lock::with_thread_data` is reachable at visibility `pub(crate)`\n   |\nnote: but type `word_lock::ThreadData` is only usable at visibility `pub(self)`\n  --> submodules/parking_lot/core/src/word_lock.rs:16:1\n   |\n16 | struct ThreadData {\n   | ^^^^^^^^^^^^^^^^^\n   = note: `#[warn(private_bounds)]` on by default\n\n","$message_type":"diagnostic","children":[{"children":[],"code":null,"level":"note","message":"but type `word_lock::ThreadData` is only usable at visibility `pub(self)`","rendered":null,"spans":[{"byte_end":549,"byte_start":532,"column_end":18,"column_start":1,"expansion":null,"file_name":"submodules/parking_lot/core/src/word_lock.rs","is_primary":true,"label":null,"line_end":16,"line_start":16,"suggested_replacement":null,"suggestion_applicability":null,"text":[{"highlight_end":18,"highlight_start":1,"text":"struct ThreadData {"}]}]},{"children":[],"code":null,"level":"note","message":"`#[warn(private_bounds)]` on by default","rendered":null,"spans":[]}],"code":{"code":"private_bounds","explanation":null},"level":"warning","message":"type `word_lock::ThreadData` is more private than the item `word_lock::with_thread_data`","spans":[{"byte_end":1934,"byte_start":1869,"column_end":66,"column_start":1,"expansion":null,"file_name":"submodules/parking_lot/core/src/word_lock.rs","is_primary":true,"label":"function `word_lock::with_thread_data` is reachable at visibility `pub(crate)`","line_end":51,"line_start":51,"suggested_replacement":null,"suggestion_applicability":null,"text":[{"highlight_end":66,"highlight_start":1,"text":"pub fn with_thread_data<T>(f: impl FnOnce(&ThreadData) -> T) -> T {"}]}]}}
{"reason":"compiler-artifact","package_id":"path+file:///mnt/data1/nix/vendor/rust/cargo2nix/submodules/parking_lot/core#parking_lot_core@0.9.13","manifest_path":"/mnt/data1/nix/vendor/rust/cargo2nix/submodules/parking_lot/core/Cargo.toml","target":{"kind":["lib"],"crate_types":["lib"],"name":"parking_lot_core","src_path":"/mnt/data1/nix/vendor/rust/cargo2nix/submodules/parking_lot/core/src/lib.rs","edition":"2021","doc":true,"doctest":true,"test":true},"profile":{"opt_level":"0","debuginfo":2,"debug_assertions":true,"overflow_checks":true,"test":false},"features":[],"filenames":["/mnt/data1/nix/vendor/rust/cargo2nix/target/debug/deps/libparking_lot_core-7d8f0e80e132691c.rlib","/mnt/data1/nix/vendor/rust/cargo2nix/target/debug/deps/libparking_lot_core-7d8f0e80e132691c.rmeta"],"executable":null,"fresh":true}
{"reason":"build-script-executed","package_id":"registry+https://github.com/rust-lang/crates.io-index#crc32fast@1.5.0","linked_libs":[],"linked_paths":[],"cfgs":["stable_arm_crc32_intrinsics"],"env":[],"out_dir":"/mnt/data1/nix/vendor/rust/cargo2nix/target/debug/build/crc32fast-aeb4298b41ce9e55/out"}
{"reason":"compiler-artifact","package_id":"registry+https://github.com/rust-lang/crates.io-index#walkdir@2.5.0","manifest_path":"/home/mdupont/.cargo/registry/src/index.crates.io-1949cf8c6b5b557f/walkdir-2.5.0/Cargo.toml","target":{"kind":["lib"],"crate_types":["lib"],"name":"walkdir","src_path":"/home/mdupont/.cargo/registry/src/index.crates.io-1949cf8c6b5b557f/walkdir-2.5.0/src/lib.rs","edition":"2018","doc":true,"doctest":true,"test":true},"profile":{"opt_level":"0","debuginfo":2,"debug_assertions":true,"overflow_checks":true,"test":false},"features":[],"filenames":["/mnt/data1/nix/vendor/rust/cargo2nix/target/debug/deps/libwalkdir-e532fdad97697c03.rlib","/mnt/data1/nix/vendor/rust/cargo2nix/target/debug/deps/libwalkdir-e532fdad97697c03.rmeta"],"executable":null,"fresh":true}
{"reason":"compiler-artifact","package_id":"registry+https://github.com/rust-lang/crates.io-index#libz-rs-sys@0.5.3","manifest_path":"/home/mdupont/.cargo/registry/src/index.crates.io-1949cf8c6b5b557f/libz-rs-sys-0.5.3/Cargo.toml","target":{"kind":["lib"],"crate_types":["lib"],"name":"libz_rs_sys","src_path":"/home/mdupont/.cargo/registry/src/index.crates.io-1949cf8c6b5b557f/libz-rs-sys-0.5.3/src/lib.rs","edition":"2021","doc":true,"doctest":true,"test":true},"profile":{"opt_level":"0","debuginfo":2,"debug_assertions":true,"overflow_checks":true,"test":false},"features":["default","rust-allocator","std"],"filenames":["/mnt/data1/nix/vendor/rust/cargo2nix/target/debug/deps/liblibz_rs_sys-c19086d63599fc14.rlib","/mnt/data1/nix/vendor/rust/cargo2nix/target/debug/deps/liblibz_rs_sys-c19086d63599fc14.rmeta"],"executable":null,"fresh":true}
{"reason":"compiler-artifact","package_id":"registry+https://github.com/rust-lang/crates.io-index#foldhash@0.2.0","manifest_path":"/home/mdupont/.cargo/registry/src/index.crates.io-1949cf8c6b5b557f/foldhash-0.2.0/Cargo.toml","target":{"kind":["lib"],"crate_types":["lib"],"name":"foldhash","src_path":"/home/mdupont/.cargo/registry/src/index.crates.io-1949cf8c6b5b557f/foldhash-0.2.0/src/lib.rs","edition":"2021","doc":true,"doctest":true,"test":true},"profile":{"opt_level":"0","debuginfo":2,"debug_assertions":true,"overflow_checks":true,"test":false},"features":[],"filenames":["/mnt/data1/nix/vendor/rust/cargo2nix/target/debug/deps/libfoldhash-6299ea0c0019980d.rlib","/mnt/data1/nix/vendor/rust/cargo2nix/target/debug/deps/libfoldhash-6299ea0c0019980d.rmeta"],"executable":null,"fresh":true}
{"reason":"compiler-artifact","package_id":"registry+https://github.com/rust-lang/crates.io-index#libc@0.2.178","manifest_path":"/home/mdupont/.cargo/registry/src/index.crates.io-1949cf8c6b5b557f/libc-0.2.178/Cargo.toml","target":{"kind":["custom-build"],"crate_types":["bin"],"name":"build-script-build","src_path":"/home/mdupont/.cargo/registry/src/index.crates.io-1949cf8c6b5b557f/libc-0.2.178/build.rs","edition":"2021","doc":false,"doctest":false,"test":false},"profile":{"opt_level":"0","debuginfo":0,"debug_assertions":true,"overflow_checks":true,"test":false},"features":["default","std"],"filenames":["/mnt/data1/nix/vendor/rust/cargo2nix/target/debug/build/libc-437ff09f19b669dd/build-script-build"],"executable":null,"fresh":true}
{"reason":"compiler-artifact","package_id":"registry+https://github.com/rust-lang/crates.io-index#allocator-api2@0.2.18","manifest_path":"/home/mdupont/.cargo/registry/src/index.crates.io-1949cf8c6b5b557f/allocator-api2-0.2.18/Cargo.toml","target":{"kind":["lib"],"crate_types":["lib"],"name":"allocator_api2","src_path":"/home/mdupont/.cargo/registry/src/index.crates.io-1949cf8c6b5b557f/allocator-api2-0.2.18/src/lib.rs","edition":"2018","doc":true,"doctest":true,"test":true},"profile":{"opt_level":"0","debuginfo":2,"debug_assertions":true,"overflow_checks":true,"test":false},"features":["alloc"],"filenames":["/mnt/data1/nix/vendor/rust/cargo2nix/target/debug/deps/liballocator_api2-b3ea77bec5fe8fe9.rlib","/mnt/data1/nix/vendor/rust/cargo2nix/target/debug/deps/liballocator_api2-b3ea77bec5fe8fe9.rmeta"],"executable":null,"fresh":true}
{"reason":"compiler-artifact","package_id":"registry+https://github.com/rust-lang/crates.io-index#equivalent@1.0.2","manifest_path":"/home/mdupont/.cargo/registry/src/index.crates.io-1949cf8c6b5b557f/equivalent-1.0.2/Cargo.toml","target":{"kind":["lib"],"crate_types":["lib"],"name":"equivalent","src_path":"/home/mdupont/.cargo/registry/src/index.crates.io-1949cf8c6b5b557f/equivalent-1.0.2/src/lib.rs","edition":"2015","doc":true,"doctest":true,"test":true},"profile":{"opt_level":"0","debuginfo":2,"debug_assertions":true,"overflow_checks":true,"test":false},"features":[],"filenames":["/mnt/data1/nix/vendor/rust/cargo2nix/target/debug/deps/libequivalent-3ff77df1ac69f53a.rlib","/mnt/data1/nix/vendor/rust/cargo2nix/target/debug/deps/libequivalent-3ff77df1ac69f53a.rmeta"],"executable":null,"fresh":true}
{"reason":"compiler-artifact","package_id":"registry+https://github.com/rust-lang/crates.io-index#heapless@0.8.0","manifest_path":"/home/mdupont/.cargo/registry/src/index.crates.io-1949cf8c6b5b557f/heapless-0.8.0/Cargo.toml","target":{"kind":["custom-build"],"crate_types":["bin"],"name":"build-script-build","src_path":"/home/mdupont/.cargo/registry/src/index.crates.io-1949cf8c6b5b557f/heapless-0.8.0/build.rs","edition":"2021","doc":false,"doctest":false,"test":false},"profile":{"opt_level":"0","debuginfo":0,"debug_assertions":true,"overflow_checks":true,"test":false},"features":[],"filenames":["/mnt/data1/nix/vendor/rust/cargo2nix/target/debug/build/heapless-2dd6b63654a8788c/build-script-build"],"executable":null,"fresh":true}
{"reason":"compiler-artifact","package_id":"registry+https://github.com/rust-lang/crates.io-index#byteorder@1.5.0","manifest_path":"/home/mdupont/.cargo/registry/src/index.crates.io-1949cf8c6b5b557f/byteorder-1.5.0/Cargo.toml","target":{"kind":["lib"],"crate_types":["lib"],"name":"byteorder","src_path":"/home/mdupont/.cargo/registry/src/index.crates.io-1949cf8c6b5b557f/byteorder-1.5.0/src/lib.rs","edition":"2021","doc":true,"doctest":true,"test":true},"profile":{"opt_level":"0","debuginfo":2,"debug_assertions":true,"overflow_checks":true,"test":false},"features":[],"filenames":["/mnt/data1/nix/vendor/rust/cargo2nix/target/debug/deps/libbyteorder-7b2246451a749927.rlib","/mnt/data1/nix/vendor/rust/cargo2nix/target/debug/deps/libbyteorder-7b2246451a749927.rmeta"],"executable":null,"fresh":true}
{"reason":"compiler-artifact","package_id":"registry+https://github.com/rust-lang/crates.io-index#rustix@1.1.2","manifest_path":"/home/mdupont/.cargo/registry/src/index.crates.io-1949cf8c6b5b557f/rustix-1.1.2/Cargo.toml","target":{"kind":["custom-build"],"crate_types":["bin"],"name":"build-script-build","src_path":"/home/mdupont/.cargo/registry/src/index.crates.io-1949cf8c6b5b557f/rustix-1.1.2/build.rs","edition":"2021","doc":false,"doctest":false,"test":false},"profile":{"opt_level":"0","debuginfo":0,"debug_assertions":true,"overflow_checks":true,"test":false},"features":["alloc","default","fs","std","termios"],"filenames":["/mnt/data1/nix/vendor/rust/cargo2nix/target/debug/build/rustix-1cedad581f54f309/build-script-build"],"executable":null,"fresh":true}
{"reason":"compiler-artifact","package_id":"registry+https://github.com/rust-lang/crates.io-index#stable_deref_trait@1.2.1","manifest_path":"/home/mdupont/.cargo/registry/src/index.crates.io-1949cf8c6b5b557f/stable_deref_trait-1.2.1/Cargo.toml","target":{"kind":["lib"],"crate_types":["lib"],"name":"stable_deref_trait","src_path":"/home/mdupont/.cargo/registry/src/index.crates.io-1949cf8c6b5b557f/stable_deref_trait-1.2.1/src/lib.rs","edition":"2015","doc":true,"doctest":true,"test":true},"profile":{"opt_level":"0","debuginfo":2,"debug_assertions":true,"overflow_checks":true,"test":false},"features":[],"filenames":["/mnt/data1/nix/vendor/rust/cargo2nix/target/debug/deps/libstable_deref_trait-d13fd163da2fc199.rlib","/mnt/data1/nix/vendor/rust/cargo2nix/target/debug/deps/libstable_deref_trait-d13fd163da2fc199.rmeta"],"executable":null,"fresh":true}
{"reason":"compiler-artifact","package_id":"registry+https://github.com/rust-lang/crates.io-index#getrandom@0.3.4","manifest_path":"/home/mdupont/.cargo/registry/src/index.crates.io-1949cf8c6b5b557f/getrandom-0.3.4/Cargo.toml","target":{"kind":["custom-build"],"crate_types":["bin"],"name":"build-script-build","src_path":"/home/mdupont/.cargo/registry/src/index.crates.io-1949cf8c6b5b557f/getrandom-0.3.4/build.rs","edition":"2021","doc":false,"doctest":false,"test":false},"profile":{"opt_level":"0","debuginfo":0,"debug_assertions":true,"overflow_checks":true,"test":false},"features":["std","wasm_js"],"filenames":["/mnt/data1/nix/vendor/rust/cargo2nix/target/debug/build/getrandom-32f9e521b143d93b/build-script-build"],"executable":null,"fresh":true}
{"reason":"compiler-artifact","package_id":"registry+https://github.com/rust-lang/crates.io-index#smallvec@1.15.1","manifest_path":"/home/mdupont/.cargo/registry/src/index.crates.io-1949cf8c6b5b557f/smallvec-1.15.1/Cargo.toml","target":{"kind":["lib"],"crate_types":["lib"],"name":"smallvec","src_path":"/home/mdupont/.cargo/registry/src/index.crates.io-1949cf8c6b5b557f/smallvec-1.15.1/src/lib.rs","edition":"2018","doc":true,"doctest":true,"test":true},"profile":{"opt_level":"0","debuginfo":2,"debug_assertions":true,"overflow_checks":true,"test":false},"features":["write"],"filenames":["/mnt/data1/nix/vendor/rust/cargo2nix/target/debug/deps/libsmallvec-9d112eedee0e16da.rlib","/mnt/data1/nix/vendor/rust/cargo2nix/target/debug/deps/libsmallvec-9d112eedee0e16da.rmeta"],"executable":null,"fresh":true}
{"reason":"compiler-artifact","package_id":"registry+https://github.com/rust-lang/crates.io-index#winnow@0.7.14","manifest_path":"/home/mdupont/.cargo/registry/src/index.crates.io-1949cf8c6b5b557f/winnow-0.7.14/Cargo.toml","target":{"kind":["lib"],"crate_types":["lib"],"name":"winnow","src_path":"/home/mdupont/.cargo/registry/src/index.crates.io-1949cf8c6b5b557f/winnow-0.7.14/src/lib.rs","edition":"2021","doc":true,"doctest":true,"test":true},"profile":{"opt_level":"0","debuginfo":2,"debug_assertions":true,"overflow_checks":true,"test":false},"features":["alloc","default","simd","std"],"filenames":["/mnt/data1/nix/vendor/rust/cargo2nix/target/debug/deps/libwinnow-7db001e48e612267.rlib","/mnt/data1/nix/vendor/rust/cargo2nix/target/debug/deps/libwinnow-7db001e48e612267.rmeta"],"executable":null,"fresh":true}
{"reason":"compiler-artifact","package_id":"registry+https://github.com/rust-lang/crates.io-index#shlex@1.3.0","manifest_path":"/home/mdupont/.cargo/registry/src/index.crates.io-1949cf8c6b5b557f/shlex-1.3.0/Cargo.toml","target":{"kind":["lib"],"crate_types":["lib"],"name":"shlex","src_path":"/home/mdupont/.cargo/registry/src/index.crates.io-1949cf8c6b5b557f/shlex-1.3.0/src/lib.rs","edition":"2015","doc":true,"doctest":true,"test":true},"profile":{"opt_level":"0","debuginfo":0,"debug_assertions":true,"overflow_checks":true,"test":false},"features":["default","std"],"filenames":["/mnt/data1/nix/vendor/rust/cargo2nix/target/debug/deps/libshlex-e8c7a80568050100.rlib","/mnt/data1/nix/vendor/rust/cargo2nix/target/debug/deps/libshlex-e8c7a80568050100.rmeta"],"executable":null,"fresh":true}
{"reason":"compiler-artifact","package_id":"registry+https://github.com/rust-lang/crates.io-index#pkg-config@0.3.32","manifest_path":"/home/mdupont/.cargo/registry/src/index.crates.io-1949cf8c6b5b557f/pkg-config-0.3.32/Cargo.toml","target":{"kind":["lib"],"crate_types":["lib"],"name":"pkg_config","src_path":"/home/mdupont/.cargo/registry/src/index.crates.io-1949cf8c6b5b557f/pkg-config-0.3.32/src/lib.rs","edition":"2018","doc":true,"doctest":true,"test":true},"profile":{"opt_level":"0","debuginfo":0,"debug_assertions":true,"overflow_checks":true,"test":false},"features":[],"filenames":["/mnt/data1/nix/vendor/rust/cargo2nix/target/debug/deps/libpkg_config-27318cb7412d9ab4.rlib","/mnt/data1/nix/vendor/rust/cargo2nix/target/debug/deps/libpkg_config-27318cb7412d9ab4.rmeta"],"executable":null,"fresh":true}
{"reason":"compiler-artifact","package_id":"path+file:///mnt/data1/nix/vendor/rust/cargo2nix/submodules/quote#1.0.42","manifest_path":"/mnt/data1/nix/vendor/rust/cargo2nix/submodules/quote/Cargo.toml","target":{"kind":["lib"],"crate_types":["lib"],"name":"quote","src_path":"/mnt/data1/nix/vendor/rust/cargo2nix/submodules/quote/src/lib.rs","edition":"2018","doc":true,"doctest":true,"test":true},"profile":{"opt_level":"0","debuginfo":0,"debug_assertions":true,"overflow_checks":true,"test":false},"features":["default","proc-macro"],"filenames":["/mnt/data1/nix/vendor/rust/cargo2nix/target/debug/deps/libquote-b130b5a8a957718a.rlib","/mnt/data1/nix/vendor/rust/cargo2nix/target/debug/deps/libquote-b130b5a8a957718a.rmeta"],"executable":null,"fresh":true}
{"reason":"compiler-artifact","package_id":"path+file:///mnt/data1/nix/vendor/rust/cargo2nix/submodules/bstr#1.12.1","manifest_path":"/mnt/data1/nix/vendor/rust/cargo2nix/submodules/bstr/Cargo.toml","target":{"kind":["lib"],"crate_types":["lib"],"name":"bstr","src_path":"/mnt/data1/nix/vendor/rust/cargo2nix/submodules/bstr/src/lib.rs","edition":"2021","doc":true,"doctest":true,"test":true},"profile":{"opt_level":"0","debuginfo":2,"debug_assertions":true,"overflow_checks":true,"test":false},"features":["alloc","default","std","unicode"],"filenames":["/mnt/data1/nix/vendor/rust/cargo2nix/target/debug/deps/libbstr-962eb3333f5bb59c.rlib","/mnt/data1/nix/vendor/rust/cargo2nix/target/debug/deps/libbstr-962eb3333f5bb59c.rmeta"],"executable":null,"fresh":true}
{"reason":"compiler-artifact","package_id":"registry+https://github.com/rust-lang/crates.io-index#generic-array@0.14.7","manifest_path":"/home/mdupont/.cargo/registry/src/index.crates.io-1949cf8c6b5b557f/generic-array-0.14.7/Cargo.toml","target":{"kind":["lib"],"crate_types":["lib"],"name":"generic_array","src_path":"/home/mdupont/.cargo/registry/src/index.crates.io-1949cf8c6b5b557f/generic-array-0.14.7/src/lib.rs","edition":"2015","doc":true,"doctest":true,"test":true},"profile":{"opt_level":"0","debuginfo":2,"debug_assertions":true,"overflow_checks":true,"test":false},"features":["more_lengths","zeroize"],"filenames":["/mnt/data1/nix/vendor/rust/cargo2nix/target/debug/deps/libgeneric_array-1a1db145c4a3f47a.rlib","/mnt/data1/nix/vendor/rust/cargo2nix/target/debug/deps/libgeneric_array-1a1db145c4a3f47a.rmeta"],"executable":null,"fresh":true}
{"reason":"compiler-artifact","package_id":"registry+https://github.com/rust-lang/crates.io-index#crc32fast@1.5.0","manifest_path":"/home/mdupont/.cargo/registry/src/index.crates.io-1949cf8c6b5b557f/crc32fast-1.5.0/Cargo.toml","target":{"kind":["lib"],"crate_types":["lib"],"name":"crc32fast","src_path":"/home/mdupont/.cargo/registry/src/index.crates.io-1949cf8c6b5b557f/crc32fast-1.5.0/src/lib.rs","edition":"2021","doc":true,"doctest":true,"test":true},"profile":{"opt_level":"0","debuginfo":2,"debug_assertions":true,"overflow_checks":true,"test":false},"features":["default","std"],"filenames":["/mnt/data1/nix/vendor/rust/cargo2nix/target/debug/deps/libcrc32fast-dd5de0b36b1fc590.rlib","/mnt/data1/nix/vendor/rust/cargo2nix/target/debug/deps/libcrc32fast-dd5de0b36b1fc590.rmeta"],"executable":null,"fresh":true}
{"reason":"compiler-message","package_id":"path+file:///mnt/data1/nix/vendor/rust/cargo2nix/submodules/parking_lot#0.12.6","manifest_path":"/mnt/data1/nix/vendor/rust/cargo2nix/submodules/parking_lot/Cargo.toml","target":{"kind":["lib"],"crate_types":["lib"],"name":"parking_lot","src_path":"/mnt/data1/nix/vendor/rust/cargo2nix/submodules/parking_lot/src/lib.rs","edition":"2021","doc":true,"doctest":true,"test":true},"message":{"rendered":"warning: unused import: `deadlock`\n  --> submodules/parking_lot/src/condvar.rs:10:13\n   |\n10 | use crate::{deadlock, util};\n   |             ^^^^^^^^\n   |\n   = note: `#[warn(unused_imports)]` (part of `#[warn(unused)]`) on by default\n\n","$message_type":"diagnostic","children":[{"children":[],"code":null,"level":"note","message":"`#[warn(unused_imports)]` (part of `#[warn(unused)]`) on by default","rendered":null,"spans":[]},{"children":[],"code":null,"level":"help","message":"remove the unused import","rendered":null,"spans":[{"byte_end":448,"byte_start":438,"column_end":23,"column_start":13,"expansion":null,"file_name":"submodules/parking_lot/src/condvar.rs","is_primary":true,"label":null,"line_end":10,"line_start":10,"suggested_replacement":"","suggestion_applicability":"MachineApplicable","text":[{"highlight_end":23,"highlight_start":13,"text":"use crate::{deadlock, util};"}]},{"byte_end":438,"byte_start":437,"column_end":13,"column_start":12,"expansion":null,"file_name":"submodules/parking_lot/src/condvar.rs","is_primary":true,"label":null,"line_end":10,"line_start":10,"suggested_replacement":"","suggestion_applicability":"MachineApplicable","text":[{"highlight_end":13,"highlight_start":12,"text":"use crate::{deadlock, util};"}]},{"byte_end":453,"byte_start":452,"column_end":28,"column_start":27,"expansion":null,"file_name":"submodules/parking_lot/src/condvar.rs","is_primary":true,"label":null,"line_end":10,"line_start":10,"suggested_replacement":"","suggestion_applicability":"MachineApplicable","text":[{"highlight_end":28,"highlight_start":27,"text":"use crate::{deadlock, util};"}]}]}],"code":{"code":"unused_imports","explanation":null},"level":"warning","message":"unused import: `deadlock`","spans":[{"byte_end":446,"byte_start":438,"column_end":21,"column_start":13,"expansion":null,"file_name":"submodules/parking_lot/src/condvar.rs","is_primary":true,"label":null,"line_end":10,"line_start":10,"suggested_replacement":null,"suggestion_applicability":null,"text":[{"highlight_end":21,"highlight_start":13,"text":"use crate::{deadlock, util};"}]}]}}
{"reason":"compiler-message","package_id":"path+file:///mnt/data1/nix/vendor/rust/cargo2nix/submodules/parking_lot#0.12.6","manifest_path":"/mnt/data1/nix/vendor/rust/cargo2nix/submodules/parking_lot/Cargo.toml","target":{"kind":["lib"],"crate_types":["lib"],"name":"parking_lot","src_path":"/mnt/data1/nix/vendor/rust/cargo2nix/submodules/parking_lot/src/lib.rs","edition":"2021","doc":true,"doctest":true,"test":true},"message":{"rendered":"warning: unused import: `crate::deadlock`\n  --> submodules/parking_lot/src/raw_mutex.rs:11:5\n   |\n11 | use crate::deadlock;\n   |     ^^^^^^^^^^^^^^^\n\n","$message_type":"diagnostic","children":[{"children":[],"code":null,"level":"help","message":"remove the whole `use` item","rendered":null,"spans":[{"byte_end":496,"byte_start":431,"column_end":1,"column_start":1,"expansion":null,"file_name":"submodules/parking_lot/src/raw_mutex.rs","is_primary":true,"label":null,"line_end":12,"line_start":10,"suggested_replacement":"","suggestion_applicability":"MachineApplicable","text":[{"highlight_end":44,"highlight_start":1,"text":"#[cfg(not(feature = \"deadlock_detection\"))]"},{"highlight_end":21,"highlight_start":1,"text":"use crate::deadlock;"},{"highlight_end":1,"highlight_start":1,"text":"use crate::util;"}]}]}],"code":{"code":"unused_imports","explanation":null},"level":"warning","message":"unused import: `crate::deadlock`","spans":[{"byte_end":494,"byte_start":479,"column_end":20,"column_start":5,"expansion":null,"file_name":"submodules/parking_lot/src/raw_mutex.rs","is_primary":true,"label":null,"line_end":11,"line_start":11,"suggested_replacement":null,"suggestion_applicability":null,"text":[{"highlight_end":20,"highlight_start":5,"text":"use crate::deadlock;"}]}]}}
{"reason":"compiler-message","package_id":"path+file:///mnt/data1/nix/vendor/rust/cargo2nix/submodules/parking_lot#0.12.6","manifest_path":"/mnt/data1/nix/vendor/rust/cargo2nix/submodules/parking_lot/Cargo.toml","target":{"kind":["lib"],"crate_types":["lib"],"name":"parking_lot","src_path":"/mnt/data1/nix/vendor/rust/cargo2nix/submodules/parking_lot/src/lib.rs","edition":"2021","doc":true,"doctest":true,"test":true},"message":{"rendered":"warning: unused import: `parking_lot_core::deadlock`\n  --> submodules/parking_lot/src/deadlock.rs:38:16\n   |\n38 | pub(crate) use parking_lot_core::deadlock;\n   |                ^^^^^^^^^^^^^^^^^^^^^^^^^^\n\n","$message_type":"diagnostic","children":[{"children":[],"code":null,"level":"help","message":"remove the whole `use` item","rendered":null,"spans":[{"byte_end":1165,"byte_start":1122,"column_end":1,"column_start":1,"expansion":null,"file_name":"submodules/parking_lot/src/deadlock.rs","is_primary":true,"label":null,"line_end":39,"line_start":38,"suggested_replacement":"","suggestion_applicability":"MachineApplicable","text":[{"highlight_end":43,"highlight_start":1,"text":"pub(crate) use parking_lot_core::deadlock;"},{"highlight_end":1,"highlight_start":1,"text":""}]}]}],"code":{"code":"unused_imports","explanation":null},"level":"warning","message":"unused import: `parking_lot_core::deadlock`","spans":[{"byte_end":1163,"byte_start":1137,"column_end":42,"column_start":16,"expansion":null,"file_name":"submodules/parking_lot/src/deadlock.rs","is_primary":true,"label":null,"line_end":38,"line_start":38,"suggested_replacement":null,"suggestion_applicability":null,"text":[{"highlight_end":42,"highlight_start":16,"text":"pub(crate) use parking_lot_core::deadlock;"}]}]}}
{"reason":"compiler-artifact","package_id":"path+file:///mnt/data1/nix/vendor/rust/cargo2nix/submodules/parking_lot#0.12.6","manifest_path":"/mnt/data1/nix/vendor/rust/cargo2nix/submodules/parking_lot/Cargo.toml","target":{"kind":["lib"],"crate_types":["lib"],"name":"parking_lot","src_path":"/mnt/data1/nix/vendor/rust/cargo2nix/submodules/parking_lot/src/lib.rs","edition":"2021","doc":true,"doctest":true,"test":true},"profile":{"opt_level":"0","debuginfo":2,"debug_assertions":true,"overflow_checks":true,"test":false},"features":["default"],"filenames":["/mnt/data1/nix/vendor/rust/cargo2nix/target/debug/deps/libparking_lot-17fedce511220db6.rlib","/mnt/data1/nix/vendor/rust/cargo2nix/target/debug/deps/libparking_lot-17fedce511220db6.rmeta"],"executable":null,"fresh":true}
{"reason":"compiler-artifact","package_id":"registry+https://github.com/rust-lang/crates.io-index#crossbeam-channel@0.5.15","manifest_path":"/home/mdupont/.cargo/registry/src/index.crates.io-1949cf8c6b5b557f/crossbeam-channel-0.5.15/Cargo.toml","target":{"kind":["lib"],"crate_types":["lib"],"name":"crossbeam_channel","src_path":"/home/mdupont/.cargo/registry/src/index.crates.io-1949cf8c6b5b557f/crossbeam-channel-0.5.15/src/lib.rs","edition":"2021","doc":true,"doctest":true,"test":true},"profile":{"opt_level":"0","debuginfo":2,"debug_assertions":true,"overflow_checks":true,"test":false},"features":["default","std"],"filenames":["/mnt/data1/nix/vendor/rust/cargo2nix/target/debug/deps/libcrossbeam_channel-78b8ebc2558cfd29.rlib","/mnt/data1/nix/vendor/rust/cargo2nix/target/debug/deps/libcrossbeam_channel-78b8ebc2558cfd29.rmeta"],"executable":null,"fresh":true}
{"reason":"build-script-executed","package_id":"registry+https://github.com/rust-lang/crates.io-index#libc@0.2.178","linked_libs":[],"linked_paths":[],"cfgs":["freebsd12"],"env":[],"out_dir":"/mnt/data1/nix/vendor/rust/cargo2nix/target/debug/build/libc-d9a5075e975b995d/out"}
{"reason":"build-script-executed","package_id":"registry+https://github.com/rust-lang/crates.io-index#heapless@0.8.0","linked_libs":[],"linked_paths":[],"cfgs":[],"env":[],"out_dir":"/mnt/data1/nix/vendor/rust/cargo2nix/target/debug/build/heapless-e3047553a6dd2fc9/out"}
{"reason":"compiler-artifact","package_id":"registry+https://github.com/rust-lang/crates.io-index#hash32@0.3.1","manifest_path":"/home/mdupont/.cargo/registry/src/index.crates.io-1949cf8c6b5b557f/hash32-0.3.1/Cargo.toml","target":{"kind":["lib"],"crate_types":["lib"],"name":"hash32","src_path":"/home/mdupont/.cargo/registry/src/index.crates.io-1949cf8c6b5b557f/hash32-0.3.1/src/lib.rs","edition":"2015","doc":true,"doctest":true,"test":true},"profile":{"opt_level":"0","debuginfo":2,"debug_assertions":true,"overflow_checks":true,"test":false},"features":[],"filenames":["/mnt/data1/nix/vendor/rust/cargo2nix/target/debug/deps/libhash32-78642d69c51c1f01.rlib","/mnt/data1/nix/vendor/rust/cargo2nix/target/debug/deps/libhash32-78642d69c51c1f01.rmeta"],"executable":null,"fresh":true}
{"reason":"build-script-executed","package_id":"registry+https://github.com/rust-lang/crates.io-index#rustix@1.1.2","linked_libs":[],"linked_paths":[],"cfgs":["static_assertions","lower_upper_exp_for_non_zero","rustc_diagnostics","linux_raw_dep","linux_raw","linux_like","linux_kernel"],"env":[],"out_dir":"/mnt/data1/nix/vendor/rust/cargo2nix/target/debug/build/rustix-41e361d7e7a4acaf/out"}
{"reason":"build-script-executed","package_id":"registry+https://github.com/rust-lang/crates.io-index#getrandom@0.3.4","linked_libs":[],"linked_paths":[],"cfgs":[],"env":[],"out_dir":"/mnt/data1/nix/vendor/rust/cargo2nix/target/debug/build/getrandom-940dd3b08b2c6169/out"}
{"reason":"compiler-artifact","package_id":"registry+https://github.com/rust-lang/crates.io-index#hashbrown@0.16.1","manifest_path":"/home/mdupont/.cargo/registry/src/index.crates.io-1949cf8c6b5b557f/hashbrown-0.16.1/Cargo.toml","target":{"kind":["lib"],"crate_types":["lib"],"name":"hashbrown","src_path":"/home/mdupont/.cargo/registry/src/index.crates.io-1949cf8c6b5b557f/hashbrown-0.16.1/src/lib.rs","edition":"2021","doc":true,"doctest":true,"test":true},"profile":{"opt_level":"0","debuginfo":2,"debug_assertions":true,"overflow_checks":true,"test":false},"features":["allocator-api2","default","default-hasher","equivalent","inline-more","raw-entry"],"filenames":["/mnt/data1/nix/vendor/rust/cargo2nix/target/debug/deps/libhashbrown-0023d22c4a36a055.rlib","/mnt/data1/nix/vendor/rust/cargo2nix/target/debug/deps/libhashbrown-0023d22c4a36a055.rmeta"],"executable":null,"fresh":true}
{"reason":"compiler-artifact","package_id":"registry+https://github.com/rust-lang/crates.io-index#jiff@0.2.16","manifest_path":"/home/mdupont/.cargo/registry/src/index.crates.io-1949cf8c6b5b557f/jiff-0.2.16/Cargo.toml","target":{"kind":["lib"],"crate_types":["lib"],"name":"jiff","src_path":"/home/mdupont/.cargo/registry/src/index.crates.io-1949cf8c6b5b557f/jiff-0.2.16/src/lib.rs","edition":"2021","doc":true,"doctest":true,"test":true},"profile":{"opt_level":"0","debuginfo":2,"debug_assertions":true,"overflow_checks":true,"test":false},"features":["alloc","default","perf-inline","serde","std","tz-fat","tz-system","tzdb-bundle-platform","tzdb-concatenated","tzdb-zoneinfo"],"filenames":["/mnt/data1/nix/vendor/rust/cargo2nix/target/debug/deps/libjiff-a8a80ffba9b44ea3.rlib","/mnt/data1/nix/vendor/rust/cargo2nix/target/debug/deps/libjiff-a8a80ffba9b44ea3.rmeta"],"executable":null,"fresh":true}
{"reason":"compiler-artifact","package_id":"registry+https://github.com/rust-lang/crates.io-index#memmap2@0.9.9","manifest_path":"/home/mdupont/.cargo/registry/src/index.crates.io-1949cf8c6b5b557f/memmap2-0.9.9/Cargo.toml","target":{"kind":["lib"],"crate_types":["lib"],"name":"memmap2","src_path":"/home/mdupont/.cargo/registry/src/index.crates.io-1949cf8c6b5b557f/memmap2-0.9.9/src/lib.rs","edition":"2021","doc":true,"doctest":true,"test":true},"profile":{"opt_level":"0","debuginfo":2,"debug_assertions":true,"overflow_checks":true,"test":false},"features":[],"filenames":["/mnt/data1/nix/vendor/rust/cargo2nix/target/debug/deps/libmemmap2-c6d201bbae31ec23.rlib","/mnt/data1/nix/vendor/rust/cargo2nix/target/debug/deps/libmemmap2-c6d201bbae31ec23.rmeta"],"executable":null,"fresh":true}
{"reason":"compiler-artifact","package_id":"registry+https://github.com/rust-lang/crates.io-index#vcpkg@0.2.15","manifest_path":"/home/mdupont/.cargo/registry/src/index.crates.io-1949cf8c6b5b557f/vcpkg-0.2.15/Cargo.toml","target":{"kind":["lib"],"crate_types":["lib"],"name":"vcpkg","src_path":"/home/mdupont/.cargo/registry/src/index.crates.io-1949cf8c6b5b557f/vcpkg-0.2.15/src/lib.rs","edition":"2015","doc":true,"doctest":true,"test":true},"profile":{"opt_level":"0","debuginfo":0,"debug_assertions":true,"overflow_checks":true,"test":false},"features":[],"filenames":["/mnt/data1/nix/vendor/rust/cargo2nix/target/debug/deps/libvcpkg-394aa79480fa29ca.rlib","/mnt/data1/nix/vendor/rust/cargo2nix/target/debug/deps/libvcpkg-394aa79480fa29ca.rmeta"],"executable":null,"fresh":true}
{"reason":"compiler-artifact","package_id":"registry+https://github.com/rust-lang/crates.io-index#lock_api@0.4.12","manifest_path":"/home/mdupont/.cargo/registry/src/index.crates.io-1949cf8c6b5b557f/lock_api-0.4.12/Cargo.toml","target":{"kind":["custom-build"],"crate_types":["bin"],"name":"build-script-build","src_path":"/home/mdupont/.cargo/registry/src/index.crates.io-1949cf8c6b5b557f/lock_api-0.4.12/build.rs","edition":"2021","doc":false,"doctest":false,"test":false},"profile":{"opt_level":"0","debuginfo":0,"debug_assertions":true,"overflow_checks":true,"test":false},"features":["atomic_usize","default"],"filenames":["/mnt/data1/nix/vendor/rust/cargo2nix/target/debug/build/lock_api-14f9ea37e4f9d71c/build-script-build"],"executable":null,"fresh":true}
{"reason":"compiler-artifact","package_id":"registry+https://github.com/rust-lang/crates.io-index#signal-hook@0.3.18","manifest_path":"/home/mdupont/.cargo/registry/src/index.crates.io-1949cf8c6b5b557f/signal-hook-0.3.18/Cargo.toml","target":{"kind":["custom-build"],"crate_types":["bin"],"name":"build-script-build","src_path":"/home/mdupont/.cargo/registry/src/index.crates.io-1949cf8c6b5b557f/signal-hook-0.3.18/build.rs","edition":"2018","doc":false,"doctest":false,"test":false},"profile":{"opt_level":"0","debuginfo":0,"debug_assertions":true,"overflow_checks":true,"test":false},"features":[],"filenames":["/mnt/data1/nix/vendor/rust/cargo2nix/target/debug/build/signal-hook-3406ded59d7f190d/build-script-build"],"executable":null,"fresh":true}
{"reason":"compiler-artifact","package_id":"registry+https://github.com/rust-lang/crates.io-index#signal-hook-registry@1.4.7","manifest_path":"/home/mdupont/.cargo/registry/src/index.crates.io-1949cf8c6b5b557f/signal-hook-registry-1.4.7/Cargo.toml","target":{"kind":["lib"],"crate_types":["lib"],"name":"signal_hook_registry","src_path":"/home/mdupont/.cargo/registry/src/index.crates.io-1949cf8c6b5b557f/signal-hook-registry-1.4.7/src/lib.rs","edition":"2015","doc":true,"doctest":true,"test":true},"profile":{"opt_level":"0","debuginfo":2,"debug_assertions":true,"overflow_checks":true,"test":false},"features":[],"filenames":["/mnt/data1/nix/vendor/rust/cargo2nix/target/debug/deps/libsignal_hook_registry-2c729a49b4bde3d3.rlib","/mnt/data1/nix/vendor/rust/cargo2nix/target/debug/deps/libsignal_hook_registry-2c729a49b4bde3d3.rmeta"],"executable":null,"fresh":true}
{"reason":"compiler-artifact","package_id":"registry+https://github.com/rust-lang/crates.io-index#hashbrown@0.14.5","manifest_path":"/home/mdupont/.cargo/registry/src/index.crates.io-1949cf8c6b5b557f/hashbrown-0.14.5/Cargo.toml","target":{"kind":["lib"],"crate_types":["lib"],"name":"hashbrown","src_path":"/home/mdupont/.cargo/registry/src/index.crates.io-1949cf8c6b5b557f/hashbrown-0.14.5/src/lib.rs","edition":"2021","doc":true,"doctest":true,"test":true},"profile":{"opt_level":"0","debuginfo":2,"debug_assertions":true,"overflow_checks":true,"test":false},"features":["raw"],"filenames":["/mnt/data1/nix/vendor/rust/cargo2nix/target/debug/deps/libhashbrown-971e1001ea238461.rlib","/mnt/data1/nix/vendor/rust/cargo2nix/target/debug/deps/libhashbrown-971e1001ea238461.rmeta"],"executable":null,"fresh":true}
{"reason":"compiler-artifact","package_id":"registry+https://github.com/rust-lang/crates.io-index#getrandom@0.2.16","manifest_path":"/home/mdupont/.cargo/registry/src/index.crates.io-1949cf8c6b5b557f/getrandom-0.2.16/Cargo.toml","target":{"kind":["lib"],"crate_types":["lib"],"name":"getrandom","src_path":"/home/mdupont/.cargo/registry/src/index.crates.io-1949cf8c6b5b557f/getrandom-0.2.16/src/lib.rs","edition":"2018","doc":true,"doctest":true,"test":true},"profile":{"opt_level":"0","debuginfo":2,"debug_assertions":true,"overflow_checks":true,"test":false},"features":["std"],"filenames":["/mnt/data1/nix/vendor/rust/cargo2nix/target/debug/deps/libgetrandom-e89e2ffcacf04188.rlib","/mnt/data1/nix/vendor/rust/cargo2nix/target/debug/deps/libgetrandom-e89e2ffcacf04188.rmeta"],"executable":null,"fresh":true}
{"reason":"compiler-artifact","package_id":"registry+https://github.com/rust-lang/crates.io-index#log@0.4.27","manifest_path":"/home/mdupont/.cargo/registry/src/index.crates.io-1949cf8c6b5b557f/log-0.4.27/Cargo.toml","target":{"kind":["lib"],"crate_types":["lib"],"name":"log","src_path":"/home/mdupont/.cargo/registry/src/index.crates.io-1949cf8c6b5b557f/log-0.4.27/src/lib.rs","edition":"2021","doc":true,"doctest":true,"test":true},"profile":{"opt_level":"0","debuginfo":2,"debug_assertions":true,"overflow_checks":true,"test":false},"features":["std"],"filenames":["/mnt/data1/nix/vendor/rust/cargo2nix/target/debug/deps/liblog-e4c872c580f67c43.rlib","/mnt/data1/nix/vendor/rust/cargo2nix/target/debug/deps/liblog-e4c872c580f67c43.rmeta"],"executable":null,"fresh":true}
{"reason":"compiler-artifact","package_id":"registry+https://github.com/rust-lang/crates.io-index#unicode-bom@2.0.3","manifest_path":"/home/mdupont/.cargo/registry/src/index.crates.io-1949cf8c6b5b557f/unicode-bom-2.0.3/Cargo.toml","target":{"kind":["lib"],"crate_types":["lib"],"name":"unicode_bom","src_path":"/home/mdupont/.cargo/registry/src/index.crates.io-1949cf8c6b5b557f/unicode-bom-2.0.3/src/lib.rs","edition":"2018","doc":true,"doctest":true,"test":true},"profile":{"opt_level":"0","debuginfo":2,"debug_assertions":true,"overflow_checks":true,"test":false},"features":[],"filenames":["/mnt/data1/nix/vendor/rust/cargo2nix/target/debug/deps/libunicode_bom-624cad395bebc465.rlib","/mnt/data1/nix/vendor/rust/cargo2nix/target/debug/deps/libunicode_bom-624cad395bebc465.rmeta"],"executable":null,"fresh":true}
{"reason":"compiler-artifact","package_id":"path+file:///mnt/data1/nix/vendor/rust/cargo2nix/submodules/serde/serde_derive#1.0.228","manifest_path":"/mnt/data1/nix/vendor/rust/cargo2nix/submodules/serde/serde_derive/Cargo.toml","target":{"kind":["custom-build"],"crate_types":["bin"],"name":"build-script-build","src_path":"/mnt/data1/nix/vendor/rust/cargo2nix/submodules/serde/serde_derive/build.rs","edition":"2021","doc":false,"doctest":false,"test":false},"profile":{"opt_level":"0","debuginfo":0,"debug_assertions":true,"overflow_checks":true,"test":false},"features":["default"],"filenames":["/mnt/data1/nix/vendor/rust/cargo2nix/target/debug/build/serde_derive-506d997c95177add/build-script-build"],"executable":null,"fresh":true}
{"reason":"compiler-artifact","package_id":"registry+https://github.com/rust-lang/crates.io-index#static_assertions@1.1.0","manifest_path":"/home/mdupont/.cargo/registry/src/index.crates.io-1949cf8c6b5b557f/static_assertions-1.1.0/Cargo.toml","target":{"kind":["lib"],"crate_types":["lib"],"name":"static_assertions","src_path":"/home/mdupont/.cargo/registry/src/index.crates.io-1949cf8c6b5b557f/static_assertions-1.1.0/src/lib.rs","edition":"2015","doc":true,"doctest":true,"test":true},"profile":{"opt_level":"0","debuginfo":2,"debug_assertions":true,"overflow_checks":true,"test":false},"features":[],"filenames":["/mnt/data1/nix/vendor/rust/cargo2nix/target/debug/deps/libstatic_assertions-b23f9456d08c2faf.rlib","/mnt/data1/nix/vendor/rust/cargo2nix/target/debug/deps/libstatic_assertions-b23f9456d08c2faf.rmeta"],"executable":null,"fresh":true}
{"reason":"compiler-artifact","package_id":"path+file:///mnt/data1/nix/vendor/rust/cargo2nix/submodules/syn#2.0.110","manifest_path":"/mnt/data1/nix/vendor/rust/cargo2nix/submodules/syn/Cargo.toml","target":{"kind":["lib"],"crate_types":["lib"],"name":"syn","src_path":"/mnt/data1/nix/vendor/rust/cargo2nix/submodules/syn/src/lib.rs","edition":"2021","doc":true,"doctest":true,"test":true},"profile":{"opt_level":"0","debuginfo":0,"debug_assertions":true,"overflow_checks":true,"test":false},"features":["clone-impls","default","derive","extra-traits","full","parsing","printing","proc-macro","visit-mut"],"filenames":["/mnt/data1/nix/vendor/rust/cargo2nix/target/debug/deps/libsyn-b843e9c290b845f3.rlib","/mnt/data1/nix/vendor/rust/cargo2nix/target/debug/deps/libsyn-b843e9c290b845f3.rmeta"],"executable":null,"fresh":true}
{"reason":"compiler-artifact","package_id":"path+file:///mnt/data1/nix/vendor/rust/cargo2nix/submodules/gitoxide/gix-utils#0.3.1","manifest_path":"/mnt/data1/nix/vendor/rust/cargo2nix/submodules/gitoxide/gix-utils/Cargo.toml","target":{"kind":["lib"],"crate_types":["lib"],"name":"gix_utils","src_path":"/mnt/data1/nix/vendor/rust/cargo2nix/submodules/gitoxide/gix-utils/src/lib.rs","edition":"2021","doc":true,"doctest":true,"test":true},"profile":{"opt_level":"0","debuginfo":2,"debug_assertions":true,"overflow_checks":true,"test":false},"features":["bstr"],"filenames":["/mnt/data1/nix/vendor/rust/cargo2nix/target/debug/deps/libgix_utils-2525c167196f98ab.rlib","/mnt/data1/nix/vendor/rust/cargo2nix/target/debug/deps/libgix_utils-2525c167196f98ab.rmeta"],"executable":null,"fresh":true}
{"reason":"compiler-artifact","package_id":"registry+https://github.com/rust-lang/crates.io-index#block-buffer@0.10.4","manifest_path":"/home/mdupont/.cargo/registry/src/index.crates.io-1949cf8c6b5b557f/block-buffer-0.10.4/Cargo.toml","target":{"kind":["lib"],"crate_types":["lib"],"name":"block_buffer","src_path":"/home/mdupont/.cargo/registry/src/index.crates.io-1949cf8c6b5b557f/block-buffer-0.10.4/src/lib.rs","edition":"2018","doc":true,"doctest":true,"test":true},"profile":{"opt_level":"0","debuginfo":2,"debug_assertions":true,"overflow_checks":true,"test":false},"features":[],"filenames":["/mnt/data1/nix/vendor/rust/cargo2nix/target/debug/deps/libblock_buffer-a9f0049eb7736240.rlib","/mnt/data1/nix/vendor/rust/cargo2nix/target/debug/deps/libblock_buffer-a9f0049eb7736240.rmeta"],"executable":null,"fresh":true}
{"reason":"compiler-artifact","package_id":"registry+https://github.com/rust-lang/crates.io-index#crypto-common@0.1.7","manifest_path":"/home/mdupont/.cargo/registry/src/index.crates.io-1949cf8c6b5b557f/crypto-common-0.1.7/Cargo.toml","target":{"kind":["lib"],"crate_types":["lib"],"name":"crypto_common","src_path":"/home/mdupont/.cargo/registry/src/index.crates.io-1949cf8c6b5b557f/crypto-common-0.1.7/src/lib.rs","edition":"2018","doc":true,"doctest":true,"test":true},"profile":{"opt_level":"0","debuginfo":2,"debug_assertions":true,"overflow_checks":true,"test":false},"features":["std"],"filenames":["/mnt/data1/nix/vendor/rust/cargo2nix/target/debug/deps/libcrypto_common-7064a5dbf92fd30f.rlib","/mnt/data1/nix/vendor/rust/cargo2nix/target/debug/deps/libcrypto_common-7064a5dbf92fd30f.rmeta"],"executable":null,"fresh":true}
{"reason":"compiler-artifact","package_id":"registry+https://github.com/rust-lang/crates.io-index#prodash@30.0.1","manifest_path":"/home/mdupont/.cargo/registry/src/index.crates.io-1949cf8c6b5b557f/prodash-30.0.1/Cargo.toml","target":{"kind":["lib"],"crate_types":["lib"],"name":"prodash","src_path":"/home/mdupont/.cargo/registry/src/index.crates.io-1949cf8c6b5b557f/prodash-30.0.1/src/lib.rs","edition":"2021","doc":true,"doctest":true,"test":true},"profile":{"opt_level":"0","debuginfo":2,"debug_assertions":true,"overflow_checks":true,"test":false},"features":["bytesize","default","human_format","parking_lot","progress-tree","unit-bytes","unit-human"],"filenames":["/mnt/data1/nix/vendor/rust/cargo2nix/target/debug/deps/libprodash-d9c19669a7e8608b.rlib","/mnt/data1/nix/vendor/rust/cargo2nix/target/debug/deps/libprodash-d9c19669a7e8608b.rmeta"],"executable":null,"fresh":true}
{"reason":"compiler-artifact","package_id":"registry+https://github.com/rust-lang/crates.io-index#libc@0.2.178","manifest_path":"/home/mdupont/.cargo/registry/src/index.crates.io-1949cf8c6b5b557f/libc-0.2.178/Cargo.toml","target":{"kind":["lib"],"crate_types":["lib"],"name":"libc","src_path":"/home/mdupont/.cargo/registry/src/index.crates.io-1949cf8c6b5b557f/libc-0.2.178/src/lib.rs","edition":"2021","doc":true,"doctest":true,"test":true},"profile":{"opt_level":"0","debuginfo":0,"debug_assertions":true,"overflow_checks":true,"test":false},"features":["default","std"],"filenames":["/mnt/data1/nix/vendor/rust/cargo2nix/target/debug/deps/liblibc-8c0fe29a50dd06c2.rlib","/mnt/data1/nix/vendor/rust/cargo2nix/target/debug/deps/liblibc-8c0fe29a50dd06c2.rmeta"],"executable":null,"fresh":true}
{"reason":"compiler-artifact","package_id":"registry+https://github.com/rust-lang/crates.io-index#heapless@0.8.0","manifest_path":"/home/mdupont/.cargo/registry/src/index.crates.io-1949cf8c6b5b557f/heapless-0.8.0/Cargo.toml","target":{"kind":["lib"],"crate_types":["lib"],"name":"heapless","src_path":"/home/mdupont/.cargo/registry/src/index.crates.io-1949cf8c6b5b557f/heapless-0.8.0/src/lib.rs","edition":"2021","doc":true,"doctest":true,"test":true},"profile":{"opt_level":"0","debuginfo":2,"debug_assertions":true,"overflow_checks":true,"test":false},"features":[],"filenames":["/mnt/data1/nix/vendor/rust/cargo2nix/target/debug/deps/libheapless-3dd0d03b1893ab35.rlib","/mnt/data1/nix/vendor/rust/cargo2nix/target/debug/deps/libheapless-3dd0d03b1893ab35.rmeta"],"executable":null,"fresh":true}
{"reason":"compiler-artifact","package_id":"registry+https://github.com/rust-lang/crates.io-index#rustix@1.1.2","manifest_path":"/home/mdupont/.cargo/registry/src/index.crates.io-1949cf8c6b5b557f/rustix-1.1.2/Cargo.toml","target":{"kind":["lib"],"crate_types":["lib"],"name":"rustix","src_path":"/home/mdupont/.cargo/registry/src/index.crates.io-1949cf8c6b5b557f/rustix-1.1.2/src/lib.rs","edition":"2021","doc":true,"doctest":true,"test":true},"profile":{"opt_level":"0","debuginfo":2,"debug_assertions":true,"overflow_checks":true,"test":false},"features":["alloc","default","fs","std","termios"],"filenames":["/mnt/data1/nix/vendor/rust/cargo2nix/target/debug/deps/librustix-42f423eafb68dec0.rlib","/mnt/data1/nix/vendor/rust/cargo2nix/target/debug/deps/librustix-42f423eafb68dec0.rmeta"],"executable":null,"fresh":true}
{"reason":"compiler-artifact","package_id":"registry+https://github.com/rust-lang/crates.io-index#getrandom@0.3.4","manifest_path":"/home/mdupont/.cargo/registry/src/index.crates.io-1949cf8c6b5b557f/getrandom-0.3.4/Cargo.toml","target":{"kind":["lib"],"crate_types":["lib"],"name":"getrandom","src_path":"/home/mdupont/.cargo/registry/src/index.crates.io-1949cf8c6b5b557f/getrandom-0.3.4/src/lib.rs","edition":"2021","doc":true,"doctest":true,"test":true},"profile":{"opt_level":"0","debuginfo":2,"debug_assertions":true,"overflow_checks":true,"test":false},"features":["std","wasm_js"],"filenames":["/mnt/data1/nix/vendor/rust/cargo2nix/target/debug/deps/libgetrandom-557967b41c70d2e5.rlib","/mnt/data1/nix/vendor/rust/cargo2nix/target/debug/deps/libgetrandom-557967b41c70d2e5.rmeta"],"executable":null,"fresh":true}
{"reason":"build-script-executed","package_id":"registry+https://github.com/rust-lang/crates.io-index#lock_api@0.4.12","linked_libs":[],"linked_paths":[],"cfgs":["has_const_fn_trait_bound"],"env":[],"out_dir":"/mnt/data1/nix/vendor/rust/cargo2nix/target/debug/build/lock_api-8543ec8bb724d7bd/out"}
{"reason":"build-script-executed","package_id":"registry+https://github.com/rust-lang/crates.io-index#signal-hook@0.3.18","linked_libs":[],"linked_paths":[],"cfgs":[],"env":[],"out_dir":"/mnt/data1/nix/vendor/rust/cargo2nix/target/debug/build/signal-hook-297be8f49aada727/out"}
{"reason":"compiler-artifact","package_id":"registry+https://github.com/rust-lang/crates.io-index#rand_core@0.6.4","manifest_path":"/home/mdupont/.cargo/registry/src/index.crates.io-1949cf8c6b5b557f/rand_core-0.6.4/Cargo.toml","target":{"kind":["lib"],"crate_types":["lib"],"name":"rand_core","src_path":"/home/mdupont/.cargo/registry/src/index.crates.io-1949cf8c6b5b557f/rand_core-0.6.4/src/lib.rs","edition":"2018","doc":true,"doctest":true,"test":true},"profile":{"opt_level":"0","debuginfo":2,"debug_assertions":true,"overflow_checks":true,"test":false},"features":["alloc","getrandom","std"],"filenames":["/mnt/data1/nix/vendor/rust/cargo2nix/target/debug/deps/librand_core-80a275c305b65e7e.rlib","/mnt/data1/nix/vendor/rust/cargo2nix/target/debug/deps/librand_core-80a275c305b65e7e.rmeta"],"executable":null,"fresh":true}
{"reason":"build-script-executed","package_id":"path+file:///mnt/data1/nix/vendor/rust/cargo2nix/submodules/serde/serde_derive#1.0.228","linked_libs":[],"linked_paths":[],"cfgs":["check_cfg"],"env":[],"out_dir":"/mnt/data1/nix/vendor/rust/cargo2nix/target/debug/build/serde_derive-083a43c072f62b59/out"}
{"reason":"compiler-artifact","package_id":"path+file:///mnt/data1/nix/vendor/rust/cargo2nix/submodules/serde/serde#1.0.228","manifest_path":"/mnt/data1/nix/vendor/rust/cargo2nix/submodules/serde/serde/Cargo.toml","target":{"kind":["custom-build"],"crate_types":["bin"],"name":"build-script-build","src_path":"/mnt/data1/nix/vendor/rust/cargo2nix/submodules/serde/serde/build.rs","edition":"2021","doc":false,"doctest":false,"test":false},"profile":{"opt_level":"0","debuginfo":0,"debug_assertions":true,"overflow_checks":true,"test":false},"features":["alloc","default","derive","serde_derive","std"],"filenames":["/mnt/data1/nix/vendor/rust/cargo2nix/target/debug/build/serde-2bd99d0822c7edea/build-script-build"],"executable":null,"fresh":true}
{"reason":"compiler-artifact","package_id":"registry+https://github.com/rust-lang/crates.io-index#kstring@2.0.0","manifest_path":"/home/mdupont/.cargo/registry/src/index.crates.io-1949cf8c6b5b557f/kstring-2.0.0/Cargo.toml","target":{"kind":["lib"],"crate_types":["lib"],"name":"kstring","src_path":"/home/mdupont/.cargo/registry/src/index.crates.io-1949cf8c6b5b557f/kstring-2.0.0/src/lib.rs","edition":"2018","doc":true,"doctest":true,"test":true},"profile":{"opt_level":"0","debuginfo":2,"debug_assertions":true,"overflow_checks":true,"test":false},"features":["default","std","unsafe"],"filenames":["/mnt/data1/nix/vendor/rust/cargo2nix/target/debug/deps/libkstring-9664518f777ccb8a.rlib","/mnt/data1/nix/vendor/rust/cargo2nix/target/debug/deps/libkstring-9664518f777ccb8a.rmeta"],"executable":null,"fresh":true}
{"reason":"compiler-artifact","package_id":"registry+https://github.com/rust-lang/crates.io-index#shell-words@1.1.0","manifest_path":"/home/mdupont/.cargo/registry/src/index.crates.io-1949cf8c6b5b557f/shell-words-1.1.0/Cargo.toml","target":{"kind":["lib"],"crate_types":["lib"],"name":"shell_words","src_path":"/home/mdupont/.cargo/registry/src/index.crates.io-1949cf8c6b5b557f/shell-words-1.1.0/src/lib.rs","edition":"2015","doc":true,"doctest":true,"test":true},"profile":{"opt_level":"0","debuginfo":2,"debug_assertions":true,"overflow_checks":true,"test":false},"features":["default","std"],"filenames":["/mnt/data1/nix/vendor/rust/cargo2nix/target/debug/deps/libshell_words-08f6d23d75b14f63.rlib","/mnt/data1/nix/vendor/rust/cargo2nix/target/debug/deps/libshell_words-08f6d23d75b14f63.rmeta"],"executable":null,"fresh":true}
{"reason":"compiler-artifact","package_id":"registry+https://github.com/rust-lang/crates.io-index#percent-encoding@2.3.2","manifest_path":"/home/mdupont/.cargo/registry/src/index.crates.io-1949cf8c6b5b557f/percent-encoding-2.3.2/Cargo.toml","target":{"kind":["lib"],"crate_types":["lib"],"name":"percent_encoding","src_path":"/home/mdupont/.cargo/registry/src/index.crates.io-1949cf8c6b5b557f/percent-encoding-2.3.2/src/lib.rs","edition":"2018","doc":true,"doctest":true,"test":true},"profile":{"opt_level":"0","debuginfo":2,"debug_assertions":true,"overflow_checks":true,"test":false},"features":["alloc","default","std"],"filenames":["/mnt/data1/nix/vendor/rust/cargo2nix/target/debug/deps/libpercent_encoding-fdb8b4bcafcb590c.rlib","/mnt/data1/nix/vendor/rust/cargo2nix/target/debug/deps/libpercent_encoding-fdb8b4bcafcb590c.rmeta"],"executable":null,"fresh":true}
{"reason":"compiler-artifact","package_id":"registry+https://github.com/rust-lang/crates.io-index#filetime@0.2.26","manifest_path":"/home/mdupont/.cargo/registry/src/index.crates.io-1949cf8c6b5b557f/filetime-0.2.26/Cargo.toml","target":{"kind":["lib"],"crate_types":["lib"],"name":"filetime","src_path":"/home/mdupont/.cargo/registry/src/index.crates.io-1949cf8c6b5b557f/filetime-0.2.26/src/lib.rs","edition":"2018","doc":true,"doctest":true,"test":true},"profile":{"opt_level":"0","debuginfo":2,"debug_assertions":true,"overflow_checks":true,"test":false},"features":[],"filenames":["/mnt/data1/nix/vendor/rust/cargo2nix/target/debug/deps/libfiletime-bf46aff1b401a2cc.rlib","/mnt/data1/nix/vendor/rust/cargo2nix/target/debug/deps/libfiletime-bf46aff1b401a2cc.rmeta"],"executable":null,"fresh":true}
{"reason":"compiler-artifact","package_id":"registry+https://github.com/rust-lang/crates.io-index#siphasher@0.3.11","manifest_path":"/home/mdupont/.cargo/registry/src/index.crates.io-1949cf8c6b5b557f/siphasher-0.3.11/Cargo.toml","target":{"kind":["lib"],"crate_types":["lib"],"name":"siphasher","src_path":"/home/mdupont/.cargo/registry/src/index.crates.io-1949cf8c6b5b557f/siphasher-0.3.11/src/lib.rs","edition":"2018","doc":true,"doctest":true,"test":true},"profile":{"opt_level":"0","debuginfo":2,"debug_assertions":true,"overflow_checks":true,"test":false},"features":["default","std"],"filenames":["/mnt/data1/nix/vendor/rust/cargo2nix/target/debug/deps/libsiphasher-32830ce5181a6184.rlib","/mnt/data1/nix/vendor/rust/cargo2nix/target/debug/deps/libsiphasher-32830ce5181a6184.rmeta"],"executable":null,"fresh":true}
{"reason":"compiler-artifact","package_id":"registry+https://github.com/rust-lang/crates.io-index#unicode-joining-type@1.0.0","manifest_path":"/home/mdupont/.cargo/registry/src/index.crates.io-1949cf8c6b5b557f/unicode-joining-type-1.0.0/Cargo.toml","target":{"kind":["custom-build"],"crate_types":["bin"],"name":"build-script-build","src_path":"/home/mdupont/.cargo/registry/src/index.crates.io-1949cf8c6b5b557f/unicode-joining-type-1.0.0/build.rs","edition":"2018","doc":false,"doctest":false,"test":false},"profile":{"opt_level":"0","debuginfo":0,"debug_assertions":true,"overflow_checks":true,"test":false},"features":[],"filenames":["/mnt/data1/nix/vendor/rust/cargo2nix/target/debug/build/unicode-joining-type-611b671cb9e55766/build-script-build"],"executable":null,"fresh":true}
{"reason":"compiler-artifact","package_id":"registry+https://github.com/rust-lang/crates.io-index#base64ct@1.6.0","manifest_path":"/home/mdupont/.cargo/registry/src/index.crates.io-1949cf8c6b5b557f/base64ct-1.6.0/Cargo.toml","target":{"kind":["lib"],"crate_types":["lib"],"name":"base64ct","src_path":"/home/mdupont/.cargo/registry/src/index.crates.io-1949cf8c6b5b557f/base64ct-1.6.0/src/lib.rs","edition":"2021","doc":true,"doctest":true,"test":true},"profile":{"opt_level":"0","debuginfo":2,"debug_assertions":true,"overflow_checks":true,"test":false},"features":["alloc"],"filenames":["/mnt/data1/nix/vendor/rust/cargo2nix/target/debug/deps/libbase64ct-cf4d1b2a137c45ee.rlib","/mnt/data1/nix/vendor/rust/cargo2nix/target/debug/deps/libbase64ct-cf4d1b2a137c45ee.rmeta"],"executable":null,"fresh":true}
{"reason":"compiler-artifact","package_id":"path+file:///mnt/data1/nix/vendor/rust/cargo2nix/submodules/gitoxide/gix-sec#0.12.2","manifest_path":"/mnt/data1/nix/vendor/rust/cargo2nix/submodules/gitoxide/gix-sec/Cargo.toml","target":{"kind":["lib"],"crate_types":["lib"],"name":"gix_sec","src_path":"/mnt/data1/nix/vendor/rust/cargo2nix/submodules/gitoxide/gix-sec/src/lib.rs","edition":"2021","doc":true,"doctest":false,"test":true},"profile":{"opt_level":"0","debuginfo":2,"debug_assertions":true,"overflow_checks":true,"test":false},"features":[],"filenames":["/mnt/data1/nix/vendor/rust/cargo2nix/target/debug/deps/libgix_sec-300ee6157fd8ac43.rlib","/mnt/data1/nix/vendor/rust/cargo2nix/target/debug/deps/libgix_sec-300ee6157fd8ac43.rmeta"],"executable":null,"fresh":true}
{"reason":"compiler-artifact","package_id":"registry+https://github.com/rust-lang/crates.io-index#ryu@1.0.20","manifest_path":"/home/mdupont/.cargo/registry/src/index.crates.io-1949cf8c6b5b557f/ryu-1.0.20/Cargo.toml","target":{"kind":["lib"],"crate_types":["lib"],"name":"ryu","src_path":"/home/mdupont/.cargo/registry/src/index.crates.io-1949cf8c6b5b557f/ryu-1.0.20/src/lib.rs","edition":"2018","doc":true,"doctest":true,"test":true},"profile":{"opt_level":"0","debuginfo":2,"debug_assertions":true,"overflow_checks":true,"test":false},"features":[],"filenames":["/mnt/data1/nix/vendor/rust/cargo2nix/target/debug/deps/libryu-675674a647ff1eb1.rlib","/mnt/data1/nix/vendor/rust/cargo2nix/target/debug/deps/libryu-675674a647ff1eb1.rmeta"],"executable":null,"fresh":true}
{"reason":"compiler-artifact","package_id":"path+file:///mnt/data1/nix/vendor/rust/cargo2nix/submodules/atomic-maybe-uninit#0.3.12","manifest_path":"/mnt/data1/nix/vendor/rust/cargo2nix/submodules/atomic-maybe-uninit/Cargo.toml","target":{"kind":["custom-build"],"crate_types":["bin"],"name":"build-script-build","src_path":"/mnt/data1/nix/vendor/rust/cargo2nix/submodules/atomic-maybe-uninit/build.rs","edition":"2021","doc":false,"doctest":false,"test":false},"profile":{"opt_level":"0","debuginfo":0,"debug_assertions":true,"overflow_checks":true,"test":false},"features":[],"filenames":["/mnt/data1/nix/vendor/rust/cargo2nix/target/debug/build/atomic-maybe-uninit-11fb5bc119d1e6f0/build-script-build"],"executable":null,"fresh":true}
{"reason":"compiler-artifact","package_id":"registry+https://github.com/rust-lang/crates.io-index#thiserror-impl@2.0.17","manifest_path":"/home/mdupont/.cargo/registry/src/index.crates.io-1949cf8c6b5b557f/thiserror-impl-2.0.17/Cargo.toml","target":{"kind":["proc-macro"],"crate_types":["proc-macro"],"name":"thiserror_impl","src_path":"/home/mdupont/.cargo/registry/src/index.crates.io-1949cf8c6b5b557f/thiserror-impl-2.0.17/src/lib.rs","edition":"2021","doc":true,"doctest":true,"test":true},"profile":{"opt_level":"0","debuginfo":0,"debug_assertions":true,"overflow_checks":true,"test":false},"features":[],"filenames":["/mnt/data1/nix/vendor/rust/cargo2nix/target/debug/deps/libthiserror_impl-12bc168e3e2dd67f.so"],"executable":null,"fresh":true}
{"reason":"compiler-artifact","package_id":"registry+https://github.com/rust-lang/crates.io-index#digest@0.10.7","manifest_path":"/home/mdupont/.cargo/registry/src/index.crates.io-1949cf8c6b5b557f/digest-0.10.7/Cargo.toml","target":{"kind":["lib"],"crate_types":["lib"],"name":"digest","src_path":"/home/mdupont/.cargo/registry/src/index.crates.io-1949cf8c6b5b557f/digest-0.10.7/src/lib.rs","edition":"2018","doc":true,"doctest":true,"test":true},"profile":{"opt_level":"0","debuginfo":2,"debug_assertions":true,"overflow_checks":true,"test":false},"features":["alloc","block-buffer","const-oid","core-api","default","mac","oid","std","subtle"],"filenames":["/mnt/data1/nix/vendor/rust/cargo2nix/target/debug/deps/libdigest-3eb8d2928d136262.rlib","/mnt/data1/nix/vendor/rust/cargo2nix/target/debug/deps/libdigest-3eb8d2928d136262.rmeta"],"executable":null,"fresh":true}
{"reason":"compiler-artifact","package_id":"registry+https://github.com/rust-lang/crates.io-index#faster-hex@0.10.0","manifest_path":"/home/mdupont/.cargo/registry/src/index.crates.io-1949cf8c6b5b557f/faster-hex-0.10.0/Cargo.toml","target":{"kind":["lib"],"crate_types":["lib"],"name":"faster_hex","src_path":"/home/mdupont/.cargo/registry/src/index.crates.io-1949cf8c6b5b557f/faster-hex-0.10.0/src/lib.rs","edition":"2018","doc":true,"doctest":true,"test":true},"profile":{"opt_level":"0","debuginfo":2,"debug_assertions":true,"overflow_checks":true,"test":false},"features":["alloc","std"],"filenames":["/mnt/data1/nix/vendor/rust/cargo2nix/target/debug/deps/libfaster_hex-a51b206648020e68.rlib","/mnt/data1/nix/vendor/rust/cargo2nix/target/debug/deps/libfaster_hex-a51b206648020e68.rmeta"],"executable":null,"fresh":true}
{"reason":"compiler-artifact","package_id":"registry+https://github.com/rust-lang/crates.io-index#jobserver@0.1.34","manifest_path":"/home/mdupont/.cargo/registry/src/index.crates.io-1949cf8c6b5b557f/jobserver-0.1.34/Cargo.toml","target":{"kind":["lib"],"crate_types":["lib"],"name":"jobserver","src_path":"/home/mdupont/.cargo/registry/src/index.crates.io-1949cf8c6b5b557f/jobserver-0.1.34/src/lib.rs","edition":"2021","doc":true,"doctest":true,"test":true},"profile":{"opt_level":"0","debuginfo":2,"debug_assertions":true,"overflow_checks":true,"test":false},"features":[],"filenames":["/mnt/data1/nix/vendor/rust/cargo2nix/target/debug/deps/libjobserver-28c9df69b0a22f6d.rlib","/mnt/data1/nix/vendor/rust/cargo2nix/target/debug/deps/libjobserver-28c9df69b0a22f6d.rmeta"],"executable":null,"fresh":true}
{"reason":"compiler-artifact","package_id":"registry+https://github.com/rust-lang/crates.io-index#lock_api@0.4.12","manifest_path":"/home/mdupont/.cargo/registry/src/index.crates.io-1949cf8c6b5b557f/lock_api-0.4.12/Cargo.toml","target":{"kind":["lib"],"crate_types":["lib"],"name":"lock_api","src_path":"/home/mdupont/.cargo/registry/src/index.crates.io-1949cf8c6b5b557f/lock_api-0.4.12/src/lib.rs","edition":"2021","doc":true,"doctest":true,"test":true},"profile":{"opt_level":"0","debuginfo":2,"debug_assertions":true,"overflow_checks":true,"test":false},"features":["atomic_usize","default"],"filenames":["/mnt/data1/nix/vendor/rust/cargo2nix/target/debug/deps/liblock_api-dc691c4a0a988f53.rlib","/mnt/data1/nix/vendor/rust/cargo2nix/target/debug/deps/liblock_api-dc691c4a0a988f53.rmeta"],"executable":null,"fresh":true}
{"reason":"compiler-artifact","package_id":"registry+https://github.com/rust-lang/crates.io-index#tempfile@3.23.0","manifest_path":"/home/mdupont/.cargo/registry/src/index.crates.io-1949cf8c6b5b557f/tempfile-3.23.0/Cargo.toml","target":{"kind":["lib"],"crate_types":["lib"],"name":"tempfile","src_path":"/home/mdupont/.cargo/registry/src/index.crates.io-1949cf8c6b5b557f/tempfile-3.23.0/src/lib.rs","edition":"2021","doc":true,"doctest":true,"test":true},"profile":{"opt_level":"0","debuginfo":2,"debug_assertions":true,"overflow_checks":true,"test":false},"features":["default","getrandom"],"filenames":["/mnt/data1/nix/vendor/rust/cargo2nix/target/debug/deps/libtempfile-9cec741a611c31a1.rlib","/mnt/data1/nix/vendor/rust/cargo2nix/target/debug/deps/libtempfile-9cec741a611c31a1.rmeta"],"executable":null,"fresh":true}
{"reason":"compiler-artifact","package_id":"registry+https://github.com/rust-lang/crates.io-index#signal-hook@0.3.18","manifest_path":"/home/mdupont/.cargo/registry/src/index.crates.io-1949cf8c6b5b557f/signal-hook-0.3.18/Cargo.toml","target":{"kind":["lib"],"crate_types":["lib"],"name":"signal_hook","src_path":"/home/mdupont/.cargo/registry/src/index.crates.io-1949cf8c6b5b557f/signal-hook-0.3.18/src/lib.rs","edition":"2018","doc":true,"doctest":true,"test":true},"profile":{"opt_level":"0","debuginfo":2,"debug_assertions":true,"overflow_checks":true,"test":false},"features":[],"filenames":["/mnt/data1/nix/vendor/rust/cargo2nix/target/debug/deps/libsignal_hook-1f9a753dee59b42f.rlib","/mnt/data1/nix/vendor/rust/cargo2nix/target/debug/deps/libsignal_hook-1f9a753dee59b42f.rmeta"],"executable":null,"fresh":true}
{"reason":"compiler-artifact","package_id":"path+file:///mnt/data1/nix/vendor/rust/cargo2nix/submodules/serde/serde_derive#1.0.228","manifest_path":"/mnt/data1/nix/vendor/rust/cargo2nix/submodules/serde/serde_derive/Cargo.toml","target":{"kind":["proc-macro"],"crate_types":["proc-macro"],"name":"serde_derive","src_path":"/mnt/data1/nix/vendor/rust/cargo2nix/submodules/serde/serde_derive/src/lib.rs","edition":"2021","doc":true,"doctest":true,"test":true},"profile":{"opt_level":"0","debuginfo":0,"debug_assertions":true,"overflow_checks":true,"test":false},"features":["default"],"filenames":["/mnt/data1/nix/vendor/rust/cargo2nix/target/debug/deps/libserde_derive-4cca5e0826b4432c.so"],"executable":null,"fresh":true}
{"reason":"build-script-executed","package_id":"path+file:///mnt/data1/nix/vendor/rust/cargo2nix/submodules/serde/serde#1.0.228","linked_libs":[],"linked_paths":[],"cfgs":["if_docsrs_then_no_serde_core"],"env":[],"out_dir":"/mnt/data1/nix/vendor/rust/cargo2nix/target/debug/build/serde-b7af91d584004b40/out"}
{"reason":"compiler-artifact","package_id":"registry+https://github.com/rust-lang/crates.io-index#pem-rfc7468@0.7.0","manifest_path":"/home/mdupont/.cargo/registry/src/index.crates.io-1949cf8c6b5b557f/pem-rfc7468-0.7.0/Cargo.toml","target":{"kind":["lib"],"crate_types":["lib"],"name":"pem_rfc7468","src_path":"/home/mdupont/.cargo/registry/src/index.crates.io-1949cf8c6b5b557f/pem-rfc7468-0.7.0/src/lib.rs","edition":"2021","doc":true,"doctest":true,"test":true},"profile":{"opt_level":"0","debuginfo":2,"debug_assertions":true,"overflow_checks":true,"test":false},"features":["alloc"],"filenames":["/mnt/data1/nix/vendor/rust/cargo2nix/target/debug/deps/libpem_rfc7468-81d9f45a842a6561.rlib","/mnt/data1/nix/vendor/rust/cargo2nix/target/debug/deps/libpem_rfc7468-81d9f45a842a6561.rmeta"],"executable":null,"fresh":true}
{"reason":"build-script-executed","package_id":"registry+https://github.com/rust-lang/crates.io-index#unicode-joining-type@1.0.0","linked_libs":[],"linked_paths":[],"cfgs":[],"env":[],"out_dir":"/mnt/data1/nix/vendor/rust/cargo2nix/target/debug/build/unicode-joining-type-7d5db2a77d801d01/out"}
{"reason":"build-script-executed","package_id":"path+file:///mnt/data1/nix/vendor/rust/cargo2nix/submodules/atomic-maybe-uninit#0.3.12","linked_libs":[],"linked_paths":[],"cfgs":[],"env":[],"out_dir":"/mnt/data1/nix/vendor/rust/cargo2nix/target/debug/build/atomic-maybe-uninit-0cf1e9a97dcaf06f/out"}
{"reason":"compiler-artifact","package_id":"registry+https://github.com/rust-lang/crates.io-index#regex@1.12.2","manifest_path":"/home/mdupont/.cargo/registry/src/index.crates.io-1949cf8c6b5b557f/regex-1.12.2/Cargo.toml","target":{"kind":["lib"],"crate_types":["lib"],"name":"regex","src_path":"/home/mdupont/.cargo/registry/src/index.crates.io-1949cf8c6b5b557f/regex-1.12.2/src/lib.rs","edition":"2021","doc":true,"doctest":true,"test":true},"profile":{"opt_level":"0","debuginfo":2,"debug_assertions":true,"overflow_checks":true,"test":false},"features":["default","perf","perf-backtrack","perf-cache","perf-dfa","perf-inline","perf-literal","perf-onepass","std","unicode","unicode-age","unicode-bool","unicode-case","unicode-gencat","unicode-perl","unicode-script","unicode-segment"],"filenames":["/mnt/data1/nix/vendor/rust/cargo2nix/target/debug/deps/libregex-5c1b621b4e8c3c91.rlib","/mnt/data1/nix/vendor/rust/cargo2nix/target/debug/deps/libregex-5c1b621b4e8c3c91.rmeta"],"executable":null,"fresh":true}
{"reason":"compiler-artifact","package_id":"registry+https://github.com/rust-lang/crates.io-index#memoffset@0.9.1","manifest_path":"/home/mdupont/.cargo/registry/src/index.crates.io-1949cf8c6b5b557f/memoffset-0.9.1/Cargo.toml","target":{"kind":["custom-build"],"crate_types":["bin"],"name":"build-script-build","src_path":"/home/mdupont/.cargo/registry/src/index.crates.io-1949cf8c6b5b557f/memoffset-0.9.1/build.rs","edition":"2015","doc":false,"doctest":false,"test":false},"profile":{"opt_level":"0","debuginfo":0,"debug_assertions":true,"overflow_checks":true,"test":false},"features":["default"],"filenames":["/mnt/data1/nix/vendor/rust/cargo2nix/target/debug/build/memoffset-517b06b5452d2ce1/build-script-build"],"executable":null,"fresh":true}
{"reason":"compiler-artifact","package_id":"registry+https://github.com/rust-lang/crates.io-index#num-traits@0.2.19","manifest_path":"/home/mdupont/.cargo/registry/src/index.crates.io-1949cf8c6b5b557f/num-traits-0.2.19/Cargo.toml","target":{"kind":["custom-build"],"crate_types":["bin"],"name":"build-script-build","src_path":"/home/mdupont/.cargo/registry/src/index.crates.io-1949cf8c6b5b557f/num-traits-0.2.19/build.rs","edition":"2021","doc":false,"doctest":false,"test":false},"profile":{"opt_level":"0","debuginfo":0,"debug_assertions":true,"overflow_checks":true,"test":false},"features":["std"],"filenames":["/mnt/data1/nix/vendor/rust/cargo2nix/target/debug/build/num-traits-3cd7fa078631c21b/build-script-build"],"executable":null,"fresh":true}
{"reason":"compiler-artifact","package_id":"registry+https://github.com/rust-lang/crates.io-index#encoding_rs@0.8.35","manifest_path":"/home/mdupont/.cargo/registry/src/index.crates.io-1949cf8c6b5b557f/encoding_rs-0.8.35/Cargo.toml","target":{"kind":["lib"],"crate_types":["lib"],"name":"encoding_rs","src_path":"/home/mdupont/.cargo/registry/src/index.crates.io-1949cf8c6b5b557f/encoding_rs-0.8.35/src/lib.rs","edition":"2018","doc":true,"doctest":true,"test":true},"profile":{"opt_level":"0","debuginfo":2,"debug_assertions":true,"overflow_checks":true,"test":false},"features":["alloc","default"],"filenames":["/mnt/data1/nix/vendor/rust/cargo2nix/target/debug/deps/libencoding_rs-9ae005407055c38f.rlib","/mnt/data1/nix/vendor/rust/cargo2nix/target/debug/deps/libencoding_rs-9ae005407055c38f.rmeta"],"executable":null,"fresh":true}
{"reason":"compiler-artifact","package_id":"path+file:///mnt/data1/nix/vendor/rust/cargo2nix/submodules/crossbeam/crossbeam-utils#0.8.21","manifest_path":"/mnt/data1/nix/vendor/rust/cargo2nix/submodules/crossbeam/crossbeam-utils/Cargo.toml","target":{"kind":["custom-build"],"crate_types":["bin"],"name":"build-script-build","src_path":"/mnt/data1/nix/vendor/rust/cargo2nix/submodules/crossbeam/crossbeam-utils/build.rs","edition":"2021","doc":false,"doctest":false,"test":false},"profile":{"opt_level":"0","debuginfo":0,"debug_assertions":true,"overflow_checks":true,"test":false},"features":["atomic","atomic-maybe-uninit","default","std"],"filenames":["/mnt/data1/nix/vendor/rust/cargo2nix/target/debug/build/crossbeam-utils-fe3b9da2a21873d5/build-script-build"],"executable":null,"fresh":true}
{"reason":"compiler-artifact","package_id":"registry+https://github.com/rust-lang/crates.io-index#fnv@1.0.7","manifest_path":"/home/mdupont/.cargo/registry/src/index.crates.io-1949cf8c6b5b557f/fnv-1.0.7/Cargo.toml","target":{"kind":["lib"],"crate_types":["lib"],"name":"fnv","src_path":"/home/mdupont/.cargo/registry/src/index.crates.io-1949cf8c6b5b557f/fnv-1.0.7/lib.rs","edition":"2015","doc":true,"doctest":true,"test":true},"profile":{"opt_level":"0","debuginfo":2,"debug_assertions":true,"overflow_checks":true,"test":false},"features":["default","std"],"filenames":["/mnt/data1/nix/vendor/rust/cargo2nix/target/debug/deps/libfnv-b4193684a965a7e4.rlib","/mnt/data1/nix/vendor/rust/cargo2nix/target/debug/deps/libfnv-b4193684a965a7e4.rmeta"],"executable":null,"fresh":true}
{"reason":"compiler-artifact","package_id":"registry+https://github.com/rust-lang/crates.io-index#phf_shared@0.11.2","manifest_path":"/home/mdupont/.cargo/registry/src/index.crates.io-1949cf8c6b5b557f/phf_shared-0.11.2/Cargo.toml","target":{"kind":["lib"],"crate_types":["lib"],"name":"phf_shared","src_path":"/home/mdupont/.cargo/registry/src/index.crates.io-1949cf8c6b5b557f/phf_shared-0.11.2/src/lib.rs","edition":"2021","doc":true,"doctest":true,"test":false},"profile":{"opt_level":"0","debuginfo":0,"debug_assertions":true,"overflow_checks":true,"test":false},"features":["default","std"],"filenames":["/mnt/data1/nix/vendor/rust/cargo2nix/target/debug/deps/libphf_shared-447b76089b2558c7.rlib","/mnt/data1/nix/vendor/rust/cargo2nix/target/debug/deps/libphf_shared-447b76089b2558c7.rmeta"],"executable":null,"fresh":true}
{"reason":"compiler-artifact","package_id":"registry+https://github.com/rust-lang/crates.io-index#hybrid-array@0.4.5","manifest_path":"/home/mdupont/.cargo/registry/src/index.crates.io-1949cf8c6b5b557f/hybrid-array-0.4.5/Cargo.toml","target":{"kind":["lib"],"crate_types":["lib"],"name":"hybrid_array","src_path":"/home/mdupont/.cargo/registry/src/index.crates.io-1949cf8c6b5b557f/hybrid-array-0.4.5/src/lib.rs","edition":"2024","doc":true,"doctest":true,"test":true},"profile":{"opt_level":"0","debuginfo":2,"debug_assertions":true,"overflow_checks":true,"test":false},"features":[],"filenames":["/mnt/data1/nix/vendor/rust/cargo2nix/target/debug/deps/libhybrid_array-6f84f41853499980.rlib","/mnt/data1/nix/vendor/rust/cargo2nix/target/debug/deps/libhybrid_array-6f84f41853499980.rmeta"],"executable":null,"fresh":true}
{"reason":"compiler-artifact","package_id":"registry+https://github.com/rust-lang/crates.io-index#crossbeam-epoch@0.9.15","manifest_path":"/home/mdupont/.cargo/registry/src/index.crates.io-1949cf8c6b5b557f/crossbeam-epoch-0.9.15/Cargo.toml","target":{"kind":["custom-build"],"crate_types":["bin"],"name":"build-script-build","src_path":"/home/mdupont/.cargo/registry/src/index.crates.io-1949cf8c6b5b557f/crossbeam-epoch-0.9.15/build.rs","edition":"2018","doc":false,"doctest":false,"test":false},"profile":{"opt_level":"0","debuginfo":0,"debug_assertions":true,"overflow_checks":true,"test":false},"features":["alloc","std"],"filenames":["/mnt/data1/nix/vendor/rust/cargo2nix/target/debug/build/crossbeam-epoch-d9758b4868331235/build-script-build"],"executable":null,"fresh":true}
{"reason":"compiler-artifact","package_id":"registry+https://github.com/rust-lang/crates.io-index#regex-syntax@0.8.8","manifest_path":"/home/mdupont/.cargo/registry/src/index.crates.io-1949cf8c6b5b557f/regex-syntax-0.8.8/Cargo.toml","target":{"kind":["lib"],"crate_types":["lib"],"name":"regex_syntax","src_path":"/home/mdupont/.cargo/registry/src/index.crates.io-1949cf8c6b5b557f/regex-syntax-0.8.8/src/lib.rs","edition":"2021","doc":true,"doctest":true,"test":true},"profile":{"opt_level":"0","debuginfo":0,"debug_assertions":true,"overflow_checks":true,"test":false},"features":["std","unicode-perl"],"filenames":["/mnt/data1/nix/vendor/rust/cargo2nix/target/debug/deps/libregex_syntax-9364e9a03e3b9011.rlib","/mnt/data1/nix/vendor/rust/cargo2nix/target/debug/deps/libregex_syntax-9364e9a03e3b9011.rmeta"],"executable":null,"fresh":true}
{"reason":"compiler-artifact","package_id":"registry+https://github.com/rust-lang/crates.io-index#unicode-bidi@0.3.18","manifest_path":"/home/mdupont/.cargo/registry/src/index.crates.io-1949cf8c6b5b557f/unicode-bidi-0.3.18/Cargo.toml","target":{"kind":["lib"],"crate_types":["lib"],"name":"unicode_bidi","src_path":"/home/mdupont/.cargo/registry/src/index.crates.io-1949cf8c6b5b557f/unicode-bidi-0.3.18/src/lib.rs","edition":"2018","doc":true,"doctest":true,"test":true},"profile":{"opt_level":"0","debuginfo":2,"debug_assertions":true,"overflow_checks":true,"test":false},"features":["hardcoded-data"],"filenames":["/mnt/data1/nix/vendor/rust/cargo2nix/target/debug/deps/libunicode_bidi-3586e8a4da00006a.rlib","/mnt/data1/nix/vendor/rust/cargo2nix/target/debug/deps/libunicode_bidi-3586e8a4da00006a.rmeta"],"executable":null,"fresh":true}
{"reason":"compiler-artifact","package_id":"path+file:///mnt/data1/nix/vendor/rust/cargo2nix/submodules/curl-rust#curl@0.4.49","manifest_path":"/mnt/data1/nix/vendor/rust/cargo2nix/submodules/curl-rust/Cargo.toml","target":{"kind":["custom-build"],"crate_types":["bin"],"name":"build-script-build","src_path":"/mnt/data1/nix/vendor/rust/cargo2nix/submodules/curl-rust/build.rs","edition":"2018","doc":false,"doctest":false,"test":false},"profile":{"opt_level":"0","debuginfo":0,"debug_assertions":true,"overflow_checks":true,"test":false},"features":["default","http2","openssl-probe","openssl-sys","ssl"],"filenames":["/mnt/data1/nix/vendor/rust/cargo2nix/target/debug/build/curl-9f137a7e368d58f9/build-script-build"],"executable":null,"fresh":true}
{"reason":"compiler-artifact","package_id":"registry+https://github.com/rust-lang/crates.io-index#thiserror@2.0.17","manifest_path":"/home/mdupont/.cargo/registry/src/index.crates.io-1949cf8c6b5b557f/thiserror-2.0.17/Cargo.toml","target":{"kind":["lib"],"crate_types":["lib"],"name":"thiserror","src_path":"/home/mdupont/.cargo/registry/src/index.crates.io-1949cf8c6b5b557f/thiserror-2.0.17/src/lib.rs","edition":"2021","doc":true,"doctest":true,"test":true},"profile":{"opt_level":"0","debuginfo":2,"debug_assertions":true,"overflow_checks":true,"test":false},"features":["default","std"],"filenames":["/mnt/data1/nix/vendor/rust/cargo2nix/target/debug/deps/libthiserror-ed4da895ca32c6a9.rlib","/mnt/data1/nix/vendor/rust/cargo2nix/target/debug/deps/libthiserror-ed4da895ca32c6a9.rmeta"],"executable":null,"fresh":true}
{"reason":"compiler-artifact","package_id":"registry+https://github.com/rust-lang/crates.io-index#sha1@0.10.6","manifest_path":"/home/mdupont/.cargo/registry/src/index.crates.io-1949cf8c6b5b557f/sha1-0.10.6/Cargo.toml","target":{"kind":["lib"],"crate_types":["lib"],"name":"sha1","src_path":"/home/mdupont/.cargo/registry/src/index.crates.io-1949cf8c6b5b557f/sha1-0.10.6/src/lib.rs","edition":"2018","doc":true,"doctest":true,"test":true},"profile":{"opt_level":"0","debuginfo":2,"debug_assertions":true,"overflow_checks":true,"test":false},"features":["compress"],"filenames":["/mnt/data1/nix/vendor/rust/cargo2nix/target/debug/deps/libsha1-34bfede67eec9fb2.rlib","/mnt/data1/nix/vendor/rust/cargo2nix/target/debug/deps/libsha1-34bfede67eec9fb2.rmeta"],"executable":null,"fresh":true}
{"reason":"compiler-artifact","package_id":"registry+https://github.com/rust-lang/crates.io-index#cc@1.2.16","manifest_path":"/home/mdupont/.cargo/registry/src/index.crates.io-1949cf8c6b5b557f/cc-1.2.16/Cargo.toml","target":{"kind":["lib"],"crate_types":["lib"],"name":"cc","src_path":"/home/mdupont/.cargo/registry/src/index.crates.io-1949cf8c6b5b557f/cc-1.2.16/src/lib.rs","edition":"2018","doc":true,"doctest":true,"test":true},"profile":{"opt_level":"0","debuginfo":0,"debug_assertions":true,"overflow_checks":true,"test":false},"features":["parallel"],"filenames":["/mnt/data1/nix/vendor/rust/cargo2nix/target/debug/deps/libcc-917cb3d9d73240d0.rlib","/mnt/data1/nix/vendor/rust/cargo2nix/target/debug/deps/libcc-917cb3d9d73240d0.rmeta"],"executable":null,"fresh":true}
{"reason":"compiler-artifact","package_id":"registry+https://github.com/rust-lang/crates.io-index#dashmap@6.1.0","manifest_path":"/home/mdupont/.cargo/registry/src/index.crates.io-1949cf8c6b5b557f/dashmap-6.1.0/Cargo.toml","target":{"kind":["lib"],"crate_types":["lib"],"name":"dashmap","src_path":"/home/mdupont/.cargo/registry/src/index.crates.io-1949cf8c6b5b557f/dashmap-6.1.0/src/lib.rs","edition":"2018","doc":true,"doctest":true,"test":true},"profile":{"opt_level":"0","debuginfo":2,"debug_assertions":true,"overflow_checks":true,"test":false},"features":[],"filenames":["/mnt/data1/nix/vendor/rust/cargo2nix/target/debug/deps/libdashmap-1278beff90b87ceb.rlib","/mnt/data1/nix/vendor/rust/cargo2nix/target/debug/deps/libdashmap-1278beff90b87ceb.rmeta"],"executable":null,"fresh":true}
{"reason":"compiler-artifact","package_id":"path+file:///mnt/data1/nix/vendor/rust/cargo2nix/submodules/serde/serde#1.0.228","manifest_path":"/mnt/data1/nix/vendor/rust/cargo2nix/submodules/serde/serde/Cargo.toml","target":{"kind":["lib"],"crate_types":["lib"],"name":"serde","src_path":"/mnt/data1/nix/vendor/rust/cargo2nix/submodules/serde/serde/src/lib.rs","edition":"2021","doc":true,"doctest":true,"test":true},"profile":{"opt_level":"0","debuginfo":2,"debug_assertions":true,"overflow_checks":true,"test":false},"features":["alloc","default","derive","serde_derive","std"],"filenames":["/mnt/data1/nix/vendor/rust/cargo2nix/target/debug/deps/libserde-e9bab059649c0c3c.rlib","/mnt/data1/nix/vendor/rust/cargo2nix/target/debug/deps/libserde-e9bab059649c0c3c.rmeta"],"executable":null,"fresh":true}
{"reason":"compiler-artifact","package_id":"registry+https://github.com/rust-lang/crates.io-index#der@0.7.10","manifest_path":"/home/mdupont/.cargo/registry/src/index.crates.io-1949cf8c6b5b557f/der-0.7.10/Cargo.toml","target":{"kind":["lib"],"crate_types":["lib"],"name":"der","src_path":"/home/mdupont/.cargo/registry/src/index.crates.io-1949cf8c6b5b557f/der-0.7.10/src/lib.rs","edition":"2021","doc":true,"doctest":true,"test":true},"profile":{"opt_level":"0","debuginfo":2,"debug_assertions":true,"overflow_checks":true,"test":false},"features":["alloc","oid","pem","std","zeroize"],"filenames":["/mnt/data1/nix/vendor/rust/cargo2nix/target/debug/deps/libder-f8b88b11848bccd5.rlib","/mnt/data1/nix/vendor/rust/cargo2nix/target/debug/deps/libder-f8b88b11848bccd5.rmeta"],"executable":null,"fresh":true}
{"reason":"compiler-artifact","package_id":"registry+https://github.com/rust-lang/crates.io-index#unicode-joining-type@1.0.0","manifest_path":"/home/mdupont/.cargo/registry/src/index.crates.io-1949cf8c6b5b557f/unicode-joining-type-1.0.0/Cargo.toml","target":{"kind":["lib"],"crate_types":["lib"],"name":"unicode_joining_type","src_path":"/home/mdupont/.cargo/registry/src/index.crates.io-1949cf8c6b5b557f/unicode-joining-type-1.0.0/src/lib.rs","edition":"2018","doc":true,"doctest":true,"test":true},"profile":{"opt_level":"0","debuginfo":2,"debug_assertions":true,"overflow_checks":true,"test":false},"features":[],"filenames":["/mnt/data1/nix/vendor/rust/cargo2nix/target/debug/deps/libunicode_joining_type-9202722ea8f7421d.rlib","/mnt/data1/nix/vendor/rust/cargo2nix/target/debug/deps/libunicode_joining_type-9202722ea8f7421d.rmeta"],"executable":null,"fresh":true}
{"reason":"compiler-artifact","package_id":"registry+https://github.com/rust-lang/crates.io-index#hmac@0.12.1","manifest_path":"/home/mdupont/.cargo/registry/src/index.crates.io-1949cf8c6b5b557f/hmac-0.12.1/Cargo.toml","target":{"kind":["lib"],"crate_types":["lib"],"name":"hmac","src_path":"/home/mdupont/.cargo/registry/src/index.crates.io-1949cf8c6b5b557f/hmac-0.12.1/src/lib.rs","edition":"2018","doc":true,"doctest":true,"test":true},"profile":{"opt_level":"0","debuginfo":2,"debug_assertions":true,"overflow_checks":true,"test":false},"features":["reset"],"filenames":["/mnt/data1/nix/vendor/rust/cargo2nix/target/debug/deps/libhmac-afdaeb9149522399.rlib","/mnt/data1/nix/vendor/rust/cargo2nix/target/debug/deps/libhmac-afdaeb9149522399.rmeta"],"executable":null,"fresh":true}
{"reason":"build-script-executed","package_id":"registry+https://github.com/rust-lang/crates.io-index#num-traits@0.2.19","linked_libs":[],"linked_paths":[],"cfgs":["has_total_cmp"],"env":[],"out_dir":"/mnt/data1/nix/vendor/rust/cargo2nix/target/debug/build/num-traits-0bc12f8e5dcc8ec6/out"}
{"reason":"compiler-message","package_id":"path+file:///mnt/data1/nix/vendor/rust/cargo2nix/submodules/atomic-maybe-uninit#0.3.12","manifest_path":"/mnt/data1/nix/vendor/rust/cargo2nix/submodules/atomic-maybe-uninit/Cargo.toml","target":{"kind":["lib"],"crate_types":["lib"],"name":"atomic_maybe_uninit","src_path":"/mnt/data1/nix/vendor/rust/cargo2nix/submodules/atomic-maybe-uninit/src/lib.rs","edition":"2021","doc":true,"doctest":true,"test":true},"message":{"rendered":"warning: unexpected `cfg` condition value: `128`\n   --> submodules/atomic-maybe-uninit/src/lib.rs:806:7\n    |\n806 | #[cfg(target_pointer_width = \"128\")]\n    |       ^^^^^^^^^^^^^^^^^^^^^^^^^^^^\n    |\n    = note: expected values for `target_pointer_width` are: `16`, `32`, and `64`\n    = help: consider using a Cargo feature instead\n    = help: or consider adding in `Cargo.toml` the `check-cfg` lint config for the lint:\n             [lints.rust]\n             unexpected_cfgs = { level = \"warn\", check-cfg = ['cfg(target_pointer_width, values(\"128\"))'] }\n    = help: or consider adding `println!(\"cargo::rustc-check-cfg=cfg(target_pointer_width, values(\\\"128\\\"))\");` to the top of the `build.rs`\n    = note: see <https://doc.rust-lang.org/nightly/rustc/check-cfg/cargo-specifics.html> for more information about checking conditional configuration\n    = note: `#[warn(unexpected_cfgs)]` on by default\n\n","$message_type":"diagnostic","children":[{"children":[],"code":null,"level":"note","message":"expected values for `target_pointer_width` are: `16`, `32`, and `64`","rendered":null,"spans":[]},{"children":[],"code":null,"level":"help","message":"consider using a Cargo feature instead","rendered":null,"spans":[]},{"children":[],"code":null,"level":"help","message":"or consider adding in `Cargo.toml` the `check-cfg` lint config for the lint:\n [lints.rust]\n unexpected_cfgs = { level = \"warn\", check-cfg = ['cfg(target_pointer_width, values(\"128\"))'] }","rendered":null,"spans":[]},{"children":[],"code":null,"level":"help","message":"or consider adding `println!(\"cargo::rustc-check-cfg=cfg(target_pointer_width, values(\\\"128\\\"))\");` to the top of the `build.rs`","rendered":null,"spans":[]},{"children":[],"code":null,"level":"note","message":"see <https://doc.rust-lang.org/nightly/rustc/check-cfg/cargo-specifics.html> for more information about checking conditional configuration","rendered":null,"spans":[]},{"children":[],"code":null,"level":"note","message":"`#[warn(unexpected_cfgs)]` on by default","rendered":null,"spans":[]}],"code":{"code":"unexpected_cfgs","explanation":null},"level":"warning","message":"unexpected `cfg` condition value: `128`","spans":[{"byte_end":34801,"byte_start":34773,"column_end":35,"column_start":7,"expansion":null,"file_name":"submodules/atomic-maybe-uninit/src/lib.rs","is_primary":true,"label":null,"line_end":806,"line_start":806,"suggested_replacement":null,"suggestion_applicability":null,"text":[{"highlight_end":35,"highlight_start":7,"text":"#[cfg(target_pointer_width = \"128\")]"}]}]}}
{"reason":"compiler-message","package_id":"path+file:///mnt/data1/nix/vendor/rust/cargo2nix/submodules/atomic-maybe-uninit#0.3.12","manifest_path":"/mnt/data1/nix/vendor/rust/cargo2nix/submodules/atomic-maybe-uninit/Cargo.toml","target":{"kind":["lib"],"crate_types":["lib"],"name":"atomic_maybe_uninit","src_path":"/mnt/data1/nix/vendor/rust/cargo2nix/submodules/atomic-maybe-uninit/src/lib.rs","edition":"2021","doc":true,"doctest":true,"test":true},"message":{"rendered":"warning: unexpected `cfg` condition name: `atomic_maybe_uninit_test_prefer_kuser_cmpxchg`\n   --> submodules/atomic-maybe-uninit/src/lib.rs:825:13\n    |\n825 |             atomic_maybe_uninit_test_prefer_kuser_cmpxchg,\n    |             ^^^^^^^^^^^^^^^^^^^^^^^^^^^^^^^^^^^^^^^^^^^^^\n    |\n    = help: expected names are: `atomic_maybe_uninit_no_asm`, `atomic_maybe_uninit_no_cmpxchg`, `atomic_maybe_uninit_no_cmpxchg8b`, `atomic_maybe_uninit_no_const_mut_refs`, `atomic_maybe_uninit_no_diagnostic_namespace`, `atomic_maybe_uninit_no_ldex_stex`, `atomic_maybe_uninit_no_strict_provenance`, `atomic_maybe_uninit_no_sync`, `atomic_maybe_uninit_pre_llvm_20`, `atomic_maybe_uninit_target_feature`, `atomic_maybe_uninit_unstable_asm_experimental_arch`, `docsrs`, `feature`, and `test` and 31 more\n    = help: consider using a Cargo feature instead\n    = help: or consider adding in `Cargo.toml` the `check-cfg` lint config for the lint:\n             [lints.rust]\n             unexpected_cfgs = { level = \"warn\", check-cfg = ['cfg(atomic_maybe_uninit_test_prefer_kuser_cmpxchg)'] }\n    = help: or consider adding `println!(\"cargo::rustc-check-cfg=cfg(atomic_maybe_uninit_test_prefer_kuser_cmpxchg)\");` to the top of the `build.rs`\n    = note: see <https://doc.rust-lang.org/nightly/rustc/check-cfg/cargo-specifics.html> for more information about checking conditional configuration\n\n","$message_type":"diagnostic","children":[{"children":[],"code":null,"level":"help","message":"expected names are: `atomic_maybe_uninit_no_asm`, `atomic_maybe_uninit_no_cmpxchg`, `atomic_maybe_uninit_no_cmpxchg8b`, `atomic_maybe_uninit_no_const_mut_refs`, `atomic_maybe_uninit_no_diagnostic_namespace`, `atomic_maybe_uninit_no_ldex_stex`, `atomic_maybe_uninit_no_strict_provenance`, `atomic_maybe_uninit_no_sync`, `atomic_maybe_uninit_pre_llvm_20`, `atomic_maybe_uninit_target_feature`, `atomic_maybe_uninit_unstable_asm_experimental_arch`, `docsrs`, `feature`, and `test` and 31 more","rendered":null,"spans":[]},{"children":[],"code":null,"level":"help","message":"consider using a Cargo feature instead","rendered":null,"spans":[]},{"children":[],"code":null,"level":"help","message":"or consider adding in `Cargo.toml` the `check-cfg` lint config for the lint:\n [lints.rust]\n unexpected_cfgs = { level = \"warn\", check-cfg = ['cfg(atomic_maybe_uninit_test_prefer_kuser_cmpxchg)'] }","rendered":null,"spans":[]},{"children":[],"code":null,"level":"help","message":"or consider adding `println!(\"cargo::rustc-check-cfg=cfg(atomic_maybe_uninit_test_prefer_kuser_cmpxchg)\");` to the top of the `build.rs`","rendered":null,"spans":[]},{"children":[],"code":null,"level":"note","message":"see <https://doc.rust-lang.org/nightly/rustc/check-cfg/cargo-specifics.html> for more information about checking conditional configuration","rendered":null,"spans":[]}],"code":{"code":"unexpected_cfgs","explanation":null},"level":"warning","message":"unexpected `cfg` condition name: `atomic_maybe_uninit_test_prefer_kuser_cmpxchg`","spans":[{"byte_end":35518,"byte_start":35473,"column_end":58,"column_start":13,"expansion":null,"file_name":"submodules/atomic-maybe-uninit/src/lib.rs","is_primary":true,"label":null,"line_end":825,"line_start":825,"suggested_replacement":null,"suggestion_applicability":null,"text":[{"highlight_end":58,"highlight_start":13,"text":"            atomic_maybe_uninit_test_prefer_kuser_cmpxchg,"}]}]}}
{"reason":"compiler-message","package_id":"path+file:///mnt/data1/nix/vendor/rust/cargo2nix/submodules/atomic-maybe-uninit#0.3.12","manifest_path":"/mnt/data1/nix/vendor/rust/cargo2nix/submodules/atomic-maybe-uninit/Cargo.toml","target":{"kind":["lib"],"crate_types":["lib"],"name":"atomic_maybe_uninit","src_path":"/mnt/data1/nix/vendor/rust/cargo2nix/submodules/atomic-maybe-uninit/src/lib.rs","edition":"2021","doc":true,"doctest":true,"test":true},"message":{"rendered":"warning: unexpected `cfg` condition name: `atomic_maybe_uninit_test_prefer_kuser_cmpxchg`\n   --> submodules/atomic-maybe-uninit/src/lib.rs:836:13\n    |\n836 |             atomic_maybe_uninit_test_prefer_kuser_cmpxchg,\n    |             ^^^^^^^^^^^^^^^^^^^^^^^^^^^^^^^^^^^^^^^^^^^^^\n    |\n    = help: consider using a Cargo feature instead\n    = help: or consider adding in `Cargo.toml` the `check-cfg` lint config for the lint:\n             [lints.rust]\n             unexpected_cfgs = { level = \"warn\", check-cfg = ['cfg(atomic_maybe_uninit_test_prefer_kuser_cmpxchg)'] }\n    = help: or consider adding `println!(\"cargo::rustc-check-cfg=cfg(atomic_maybe_uninit_test_prefer_kuser_cmpxchg)\");` to the top of the `build.rs`\n    = note: see <https://doc.rust-lang.org/nightly/rustc/check-cfg/cargo-specifics.html> for more information about checking conditional configuration\n\n","$message_type":"diagnostic","children":[{"children":[],"code":null,"level":"help","message":"consider using a Cargo feature instead","rendered":null,"spans":[]},{"children":[],"code":null,"level":"help","message":"or consider adding in `Cargo.toml` the `check-cfg` lint config for the lint:\n [lints.rust]\n unexpected_cfgs = { level = \"warn\", check-cfg = ['cfg(atomic_maybe_uninit_test_prefer_kuser_cmpxchg)'] }","rendered":null,"spans":[]},{"children":[],"code":null,"level":"help","message":"or consider adding `println!(\"cargo::rustc-check-cfg=cfg(atomic_maybe_uninit_test_prefer_kuser_cmpxchg)\");` to the top of the `build.rs`","rendered":null,"spans":[]},{"children":[],"code":null,"level":"note","message":"see <https://doc.rust-lang.org/nightly/rustc/check-cfg/cargo-specifics.html> for more information about checking conditional configuration","rendered":null,"spans":[]}],"code":{"code":"unexpected_cfgs","explanation":null},"level":"warning","message":"unexpected `cfg` condition name: `atomic_maybe_uninit_test_prefer_kuser_cmpxchg`","spans":[{"byte_end":35832,"byte_start":35787,"column_end":58,"column_start":13,"expansion":null,"file_name":"submodules/atomic-maybe-uninit/src/lib.rs","is_primary":true,"label":null,"line_end":836,"line_start":836,"suggested_replacement":null,"suggestion_applicability":null,"text":[{"highlight_end":58,"highlight_start":13,"text":"            atomic_maybe_uninit_test_prefer_kuser_cmpxchg,"}]}]}}
{"reason":"compiler-message","package_id":"path+file:///mnt/data1/nix/vendor/rust/cargo2nix/submodules/atomic-maybe-uninit#0.3.12","manifest_path":"/mnt/data1/nix/vendor/rust/cargo2nix/submodules/atomic-maybe-uninit/Cargo.toml","target":{"kind":["lib"],"crate_types":["lib"],"name":"atomic_maybe_uninit","src_path":"/mnt/data1/nix/vendor/rust/cargo2nix/submodules/atomic-maybe-uninit/src/lib.rs","edition":"2021","doc":true,"doctest":true,"test":true},"message":{"rendered":"warning: unexpected `cfg` condition value: `128`\n  --> submodules/atomic-maybe-uninit/src/gen/utils.rs:96:11\n   |\n96 |     #[cfg(target_pointer_width = \"128\")]\n   |           ^^^^^^^^^^^^^^^^^^^^^^^^^^^^\n   |\n   = note: expected values for `target_pointer_width` are: `16`, `32`, and `64`\n   = help: consider using a Cargo feature instead\n   = help: or consider adding in `Cargo.toml` the `check-cfg` lint config for the lint:\n            [lints.rust]\n            unexpected_cfgs = { level = \"warn\", check-cfg = ['cfg(target_pointer_width, values(\"128\"))'] }\n   = help: or consider adding `println!(\"cargo::rustc-check-cfg=cfg(target_pointer_width, values(\\\"128\\\"))\");` to the top of the `build.rs`\n   = note: see <https://doc.rust-lang.org/nightly/rustc/check-cfg/cargo-specifics.html> for more information about checking conditional configuration\n\n","$message_type":"diagnostic","children":[{"children":[],"code":null,"level":"note","message":"expected values for `target_pointer_width` are: `16`, `32`, and `64`","rendered":null,"spans":[]},{"children":[],"code":null,"level":"help","message":"consider using a Cargo feature instead","rendered":null,"spans":[]},{"children":[],"code":null,"level":"help","message":"or consider adding in `Cargo.toml` the `check-cfg` lint config for the lint:\n [lints.rust]\n unexpected_cfgs = { level = \"warn\", check-cfg = ['cfg(target_pointer_width, values(\"128\"))'] }","rendered":null,"spans":[]},{"children":[],"code":null,"level":"help","message":"or consider adding `println!(\"cargo::rustc-check-cfg=cfg(target_pointer_width, values(\\\"128\\\"))\");` to the top of the `build.rs`","rendered":null,"spans":[]},{"children":[],"code":null,"level":"note","message":"see <https://doc.rust-lang.org/nightly/rustc/check-cfg/cargo-specifics.html> for more information about checking conditional configuration","rendered":null,"spans":[]}],"code":{"code":"unexpected_cfgs","explanation":null},"level":"warning","message":"unexpected `cfg` condition value: `128`","spans":[{"byte_end":3683,"byte_start":3655,"column_end":39,"column_start":11,"expansion":null,"file_name":"submodules/atomic-maybe-uninit/src/gen/utils.rs","is_primary":true,"label":null,"line_end":96,"line_start":96,"suggested_replacement":null,"suggestion_applicability":null,"text":[{"highlight_end":39,"highlight_start":11,"text":"    #[cfg(target_pointer_width = \"128\")]"}]}]}}
{"reason":"compiler-message","package_id":"path+file:///mnt/data1/nix/vendor/rust/cargo2nix/submodules/atomic-maybe-uninit#0.3.12","manifest_path":"/mnt/data1/nix/vendor/rust/cargo2nix/submodules/atomic-maybe-uninit/Cargo.toml","target":{"kind":["lib"],"crate_types":["lib"],"name":"atomic_maybe_uninit","src_path":"/mnt/data1/nix/vendor/rust/cargo2nix/submodules/atomic-maybe-uninit/src/lib.rs","edition":"2021","doc":true,"doctest":true,"test":true},"message":{"rendered":"warning: unexpected `cfg` condition value: `128`\n   --> submodules/atomic-maybe-uninit/src/utils.rs:353:15\n    |\n353 |         #[cfg(target_pointer_width = \"128\")]\n    |               ^^^^^^^^^^^^^^^^^^^^^^^^^^^^\n    |\n   ::: submodules/atomic-maybe-uninit/src/arch/x86.rs:24:1\n    |\n 24 | delegate_size!(delegate_load_store);\n    | ----------------------------------- in this macro invocation\n    |\n    = note: expected values for `target_pointer_width` are: `16`, `32`, and `64`\n    = help: consider using a Cargo feature instead\n    = help: or consider adding in `Cargo.toml` the `check-cfg` lint config for the lint:\n             [lints.rust]\n             unexpected_cfgs = { level = \"warn\", check-cfg = ['cfg(target_pointer_width, values(\"128\"))'] }\n    = help: or consider adding `println!(\"cargo::rustc-check-cfg=cfg(target_pointer_width, values(\\\"128\\\"))\");` to the top of the `build.rs`\n    = note: see <https://doc.rust-lang.org/nightly/rustc/check-cfg/cargo-specifics.html> for more information about checking conditional configuration\n    = note: this warning originates in the macro `delegate_size` (in Nightly builds, run with -Z macro-backtrace for more info)\n\n","$message_type":"diagnostic","children":[{"children":[],"code":null,"level":"note","message":"expected values for `target_pointer_width` are: `16`, `32`, and `64`","rendered":null,"spans":[]},{"children":[],"code":null,"level":"help","message":"consider using a Cargo feature instead","rendered":null,"spans":[]},{"children":[],"code":null,"level":"help","message":"or consider adding in `Cargo.toml` the `check-cfg` lint config for the lint:\n [lints.rust]\n unexpected_cfgs = { level = \"warn\", check-cfg = ['cfg(target_pointer_width, values(\"128\"))'] }","rendered":null,"spans":[]},{"children":[],"code":null,"level":"help","message":"or consider adding `println!(\"cargo::rustc-check-cfg=cfg(target_pointer_width, values(\\\"128\\\"))\");` to the top of the `build.rs`","rendered":null,"spans":[]},{"children":[],"code":null,"level":"note","message":"see <https://doc.rust-lang.org/nightly/rustc/check-cfg/cargo-specifics.html> for more information about checking conditional configuration","rendered":null,"spans":[]}],"code":{"code":"unexpected_cfgs","explanation":null},"level":"warning","message":"unexpected `cfg` condition value: `128`","spans":[{"byte_end":13651,"byte_start":13623,"column_end":43,"column_start":15,"expansion":{"def_site_span":{"byte_end":13123,"byte_start":13097,"column_end":27,"column_start":1,"expansion":null,"file_name":"submodules/atomic-maybe-uninit/src/utils.rs","is_primary":false,"label":null,"line_end":339,"line_start":339,"suggested_replacement":null,"suggestion_applicability":null,"text":[{"highlight_end":27,"highlight_start":1,"text":"macro_rules! delegate_size {"}]},"macro_decl_name":"delegate_size!","span":{"byte_end":761,"byte_start":726,"column_end":36,"column_start":1,"expansion":null,"file_name":"submodules/atomic-maybe-uninit/src/arch/x86.rs","is_primary":false,"label":null,"line_end":24,"line_start":24,"suggested_replacement":null,"suggestion_applicability":null,"text":[{"highlight_end":36,"highlight_start":1,"text":"delegate_size!(delegate_load_store);"}]}},"file_name":"submodules/atomic-maybe-uninit/src/utils.rs","is_primary":true,"label":null,"line_end":353,"line_start":353,"suggested_replacement":null,"suggestion_applicability":null,"text":[{"highlight_end":43,"highlight_start":15,"text":"        #[cfg(target_pointer_width = \"128\")]"}]}]}}
{"reason":"compiler-message","package_id":"path+file:///mnt/data1/nix/vendor/rust/cargo2nix/submodules/atomic-maybe-uninit#0.3.12","manifest_path":"/mnt/data1/nix/vendor/rust/cargo2nix/submodules/atomic-maybe-uninit/Cargo.toml","target":{"kind":["lib"],"crate_types":["lib"],"name":"atomic_maybe_uninit","src_path":"/mnt/data1/nix/vendor/rust/cargo2nix/submodules/atomic-maybe-uninit/src/lib.rs","edition":"2021","doc":true,"doctest":true,"test":true},"message":{"rendered":"warning: unexpected `cfg` condition value: `128`\n   --> submodules/atomic-maybe-uninit/src/utils.rs:355:15\n    |\n355 |         #[cfg(target_pointer_width = \"128\")]\n    |               ^^^^^^^^^^^^^^^^^^^^^^^^^^^^\n    |\n   ::: submodules/atomic-maybe-uninit/src/arch/x86.rs:24:1\n    |\n 24 | delegate_size!(delegate_load_store);\n    | ----------------------------------- in this macro invocation\n    |\n    = note: expected values for `target_pointer_width` are: `16`, `32`, and `64`\n    = help: consider using a Cargo feature instead\n    = help: or consider adding in `Cargo.toml` the `check-cfg` lint config for the lint:\n             [lints.rust]\n             unexpected_cfgs = { level = \"warn\", check-cfg = ['cfg(target_pointer_width, values(\"128\"))'] }\n    = help: or consider adding `println!(\"cargo::rustc-check-cfg=cfg(target_pointer_width, values(\\\"128\\\"))\");` to the top of the `build.rs`\n    = note: see <https://doc.rust-lang.org/nightly/rustc/check-cfg/cargo-specifics.html> for more information about checking conditional configuration\n    = note: this warning originates in the macro `delegate_size` (in Nightly builds, run with -Z macro-backtrace for more info)\n\n","$message_type":"diagnostic","children":[{"children":[],"code":null,"level":"note","message":"expected values for `target_pointer_width` are: `16`, `32`, and `64`","rendered":null,"spans":[]},{"children":[],"code":null,"level":"help","message":"consider using a Cargo feature instead","rendered":null,"spans":[]},{"children":[],"code":null,"level":"help","message":"or consider adding in `Cargo.toml` the `check-cfg` lint config for the lint:\n [lints.rust]\n unexpected_cfgs = { level = \"warn\", check-cfg = ['cfg(target_pointer_width, values(\"128\"))'] }","rendered":null,"spans":[]},{"children":[],"code":null,"level":"help","message":"or consider adding `println!(\"cargo::rustc-check-cfg=cfg(target_pointer_width, values(\\\"128\\\"))\");` to the top of the `build.rs`","rendered":null,"spans":[]},{"children":[],"code":null,"level":"note","message":"see <https://doc.rust-lang.org/nightly/rustc/check-cfg/cargo-specifics.html> for more information about checking conditional configuration","rendered":null,"spans":[]}],"code":{"code":"unexpected_cfgs","explanation":null},"level":"warning","message":"unexpected `cfg` condition value: `128`","spans":[{"byte_end":13729,"byte_start":13701,"column_end":43,"column_start":15,"expansion":{"def_site_span":{"byte_end":13123,"byte_start":13097,"column_end":27,"column_start":1,"expansion":null,"file_name":"submodules/atomic-maybe-uninit/src/utils.rs","is_primary":false,"label":null,"line_end":339,"line_start":339,"suggested_replacement":null,"suggestion_applicability":null,"text":[{"highlight_end":27,"highlight_start":1,"text":"macro_rules! delegate_size {"}]},"macro_decl_name":"delegate_size!","span":{"byte_end":761,"byte_start":726,"column_end":36,"column_start":1,"expansion":null,"file_name":"submodules/atomic-maybe-uninit/src/arch/x86.rs","is_primary":false,"label":null,"line_end":24,"line_start":24,"suggested_replacement":null,"suggestion_applicability":null,"text":[{"highlight_end":36,"highlight_start":1,"text":"delegate_size!(delegate_load_store);"}]}},"file_name":"submodules/atomic-maybe-uninit/src/utils.rs","is_primary":true,"label":null,"line_end":355,"line_start":355,"suggested_replacement":null,"suggestion_applicability":null,"text":[{"highlight_end":43,"highlight_start":15,"text":"        #[cfg(target_pointer_width = \"128\")]"}]}]}}
{"reason":"compiler-message","package_id":"path+file:///mnt/data1/nix/vendor/rust/cargo2nix/submodules/atomic-maybe-uninit#0.3.12","manifest_path":"/mnt/data1/nix/vendor/rust/cargo2nix/submodules/atomic-maybe-uninit/Cargo.toml","target":{"kind":["lib"],"crate_types":["lib"],"name":"atomic_maybe_uninit","src_path":"/mnt/data1/nix/vendor/rust/cargo2nix/submodules/atomic-maybe-uninit/src/lib.rs","edition":"2021","doc":true,"doctest":true,"test":true},"message":{"rendered":"warning: unexpected `cfg` condition value: `128`\n   --> submodules/atomic-maybe-uninit/src/utils.rs:353:15\n    |\n353 |         #[cfg(target_pointer_width = \"128\")]\n    |               ^^^^^^^^^^^^^^^^^^^^^^^^^^^^\n    |\n   ::: submodules/atomic-maybe-uninit/src/arch/x86.rs:25:1\n    |\n 25 | delegate_size!(delegate_swap);\n    | ----------------------------- in this macro invocation\n    |\n    = note: expected values for `target_pointer_width` are: `16`, `32`, and `64`\n    = help: consider using a Cargo feature instead\n    = help: or consider adding in `Cargo.toml` the `check-cfg` lint config for the lint:\n             [lints.rust]\n             unexpected_cfgs = { level = \"warn\", check-cfg = ['cfg(target_pointer_width, values(\"128\"))'] }\n    = help: or consider adding `println!(\"cargo::rustc-check-cfg=cfg(target_pointer_width, values(\\\"128\\\"))\");` to the top of the `build.rs`\n    = note: see <https://doc.rust-lang.org/nightly/rustc/check-cfg/cargo-specifics.html> for more information about checking conditional configuration\n    = note: this warning originates in the macro `delegate_size` (in Nightly builds, run with -Z macro-backtrace for more info)\n\n","$message_type":"diagnostic","children":[{"children":[],"code":null,"level":"note","message":"expected values for `target_pointer_width` are: `16`, `32`, and `64`","rendered":null,"spans":[]},{"children":[],"code":null,"level":"help","message":"consider using a Cargo feature instead","rendered":null,"spans":[]},{"children":[],"code":null,"level":"help","message":"or consider adding in `Cargo.toml` the `check-cfg` lint config for the lint:\n [lints.rust]\n unexpected_cfgs = { level = \"warn\", check-cfg = ['cfg(target_pointer_width, values(\"128\"))'] }","rendered":null,"spans":[]},{"children":[],"code":null,"level":"help","message":"or consider adding `println!(\"cargo::rustc-check-cfg=cfg(target_pointer_width, values(\\\"128\\\"))\");` to the top of the `build.rs`","rendered":null,"spans":[]},{"children":[],"code":null,"level":"note","message":"see <https://doc.rust-lang.org/nightly/rustc/check-cfg/cargo-specifics.html> for more information about checking conditional configuration","rendered":null,"spans":[]}],"code":{"code":"unexpected_cfgs","explanation":null},"level":"warning","message":"unexpected `cfg` condition value: `128`","spans":[{"byte_end":13651,"byte_start":13623,"column_end":43,"column_start":15,"expansion":{"def_site_span":{"byte_end":13123,"byte_start":13097,"column_end":27,"column_start":1,"expansion":null,"file_name":"submodules/atomic-maybe-uninit/src/utils.rs","is_primary":false,"label":null,"line_end":339,"line_start":339,"suggested_replacement":null,"suggestion_applicability":null,"text":[{"highlight_end":27,"highlight_start":1,"text":"macro_rules! delegate_size {"}]},"macro_decl_name":"delegate_size!","span":{"byte_end":792,"byte_start":763,"column_end":30,"column_start":1,"expansion":null,"file_name":"submodules/atomic-maybe-uninit/src/arch/x86.rs","is_primary":false,"label":null,"line_end":25,"line_start":25,"suggested_replacement":null,"suggestion_applicability":null,"text":[{"highlight_end":30,"highlight_start":1,"text":"delegate_size!(delegate_swap);"}]}},"file_name":"submodules/atomic-maybe-uninit/src/utils.rs","is_primary":true,"label":null,"line_end":353,"line_start":353,"suggested_replacement":null,"suggestion_applicability":null,"text":[{"highlight_end":43,"highlight_start":15,"text":"        #[cfg(target_pointer_width = \"128\")]"}]}]}}
{"reason":"compiler-message","package_id":"path+file:///mnt/data1/nix/vendor/rust/cargo2nix/submodules/atomic-maybe-uninit#0.3.12","manifest_path":"/mnt/data1/nix/vendor/rust/cargo2nix/submodules/atomic-maybe-uninit/Cargo.toml","target":{"kind":["lib"],"crate_types":["lib"],"name":"atomic_maybe_uninit","src_path":"/mnt/data1/nix/vendor/rust/cargo2nix/submodules/atomic-maybe-uninit/src/lib.rs","edition":"2021","doc":true,"doctest":true,"test":true},"message":{"rendered":"warning: unexpected `cfg` condition value: `128`\n   --> submodules/atomic-maybe-uninit/src/utils.rs:355:15\n    |\n355 |         #[cfg(target_pointer_width = \"128\")]\n    |               ^^^^^^^^^^^^^^^^^^^^^^^^^^^^\n    |\n   ::: submodules/atomic-maybe-uninit/src/arch/x86.rs:25:1\n    |\n 25 | delegate_size!(delegate_swap);\n    | ----------------------------- in this macro invocation\n    |\n    = note: expected values for `target_pointer_width` are: `16`, `32`, and `64`\n    = help: consider using a Cargo feature instead\n    = help: or consider adding in `Cargo.toml` the `check-cfg` lint config for the lint:\n             [lints.rust]\n             unexpected_cfgs = { level = \"warn\", check-cfg = ['cfg(target_pointer_width, values(\"128\"))'] }\n    = help: or consider adding `println!(\"cargo::rustc-check-cfg=cfg(target_pointer_width, values(\\\"128\\\"))\");` to the top of the `build.rs`\n    = note: see <https://doc.rust-lang.org/nightly/rustc/check-cfg/cargo-specifics.html> for more information about checking conditional configuration\n    = note: this warning originates in the macro `delegate_size` (in Nightly builds, run with -Z macro-backtrace for more info)\n\n","$message_type":"diagnostic","children":[{"children":[],"code":null,"level":"note","message":"expected values for `target_pointer_width` are: `16`, `32`, and `64`","rendered":null,"spans":[]},{"children":[],"code":null,"level":"help","message":"consider using a Cargo feature instead","rendered":null,"spans":[]},{"children":[],"code":null,"level":"help","message":"or consider adding in `Cargo.toml` the `check-cfg` lint config for the lint:\n [lints.rust]\n unexpected_cfgs = { level = \"warn\", check-cfg = ['cfg(target_pointer_width, values(\"128\"))'] }","rendered":null,"spans":[]},{"children":[],"code":null,"level":"help","message":"or consider adding `println!(\"cargo::rustc-check-cfg=cfg(target_pointer_width, values(\\\"128\\\"))\");` to the top of the `build.rs`","rendered":null,"spans":[]},{"children":[],"code":null,"level":"note","message":"see <https://doc.rust-lang.org/nightly/rustc/check-cfg/cargo-specifics.html> for more information about checking conditional configuration","rendered":null,"spans":[]}],"code":{"code":"unexpected_cfgs","explanation":null},"level":"warning","message":"unexpected `cfg` condition value: `128`","spans":[{"byte_end":13729,"byte_start":13701,"column_end":43,"column_start":15,"expansion":{"def_site_span":{"byte_end":13123,"byte_start":13097,"column_end":27,"column_start":1,"expansion":null,"file_name":"submodules/atomic-maybe-uninit/src/utils.rs","is_primary":false,"label":null,"line_end":339,"line_start":339,"suggested_replacement":null,"suggestion_applicability":null,"text":[{"highlight_end":27,"highlight_start":1,"text":"macro_rules! delegate_size {"}]},"macro_decl_name":"delegate_size!","span":{"byte_end":792,"byte_start":763,"column_end":30,"column_start":1,"expansion":null,"file_name":"submodules/atomic-maybe-uninit/src/arch/x86.rs","is_primary":false,"label":null,"line_end":25,"line_start":25,"suggested_replacement":null,"suggestion_applicability":null,"text":[{"highlight_end":30,"highlight_start":1,"text":"delegate_size!(delegate_swap);"}]}},"file_name":"submodules/atomic-maybe-uninit/src/utils.rs","is_primary":true,"label":null,"line_end":355,"line_start":355,"suggested_replacement":null,"suggestion_applicability":null,"text":[{"highlight_end":43,"highlight_start":15,"text":"        #[cfg(target_pointer_width = \"128\")]"}]}]}}
{"reason":"compiler-message","package_id":"path+file:///mnt/data1/nix/vendor/rust/cargo2nix/submodules/atomic-maybe-uninit#0.3.12","manifest_path":"/mnt/data1/nix/vendor/rust/cargo2nix/submodules/atomic-maybe-uninit/Cargo.toml","target":{"kind":["lib"],"crate_types":["lib"],"name":"atomic_maybe_uninit","src_path":"/mnt/data1/nix/vendor/rust/cargo2nix/submodules/atomic-maybe-uninit/src/lib.rs","edition":"2021","doc":true,"doctest":true,"test":true},"message":{"rendered":"warning: unexpected `cfg` condition value: `128`\n   --> submodules/atomic-maybe-uninit/src/utils.rs:353:15\n    |\n353 |         #[cfg(target_pointer_width = \"128\")]\n    |               ^^^^^^^^^^^^^^^^^^^^^^^^^^^^\n    |\n   ::: submodules/atomic-maybe-uninit/src/arch/x86.rs:27:1\n    |\n 27 | delegate_size!(delegate_cas);\n    | ---------------------------- in this macro invocation\n    |\n    = note: expected values for `target_pointer_width` are: `16`, `32`, and `64`\n    = help: consider using a Cargo feature instead\n    = help: or consider adding in `Cargo.toml` the `check-cfg` lint config for the lint:\n             [lints.rust]\n             unexpected_cfgs = { level = \"warn\", check-cfg = ['cfg(target_pointer_width, values(\"128\"))'] }\n    = help: or consider adding `println!(\"cargo::rustc-check-cfg=cfg(target_pointer_width, values(\\\"128\\\"))\");` to the top of the `build.rs`\n    = note: see <https://doc.rust-lang.org/nightly/rustc/check-cfg/cargo-specifics.html> for more information about checking conditional configuration\n    = note: this warning originates in the macro `delegate_size` (in Nightly builds, run with -Z macro-backtrace for more info)\n\n","$message_type":"diagnostic","children":[{"children":[],"code":null,"level":"note","message":"expected values for `target_pointer_width` are: `16`, `32`, and `64`","rendered":null,"spans":[]},{"children":[],"code":null,"level":"help","message":"consider using a Cargo feature instead","rendered":null,"spans":[]},{"children":[],"code":null,"level":"help","message":"or consider adding in `Cargo.toml` the `check-cfg` lint config for the lint:\n [lints.rust]\n unexpected_cfgs = { level = \"warn\", check-cfg = ['cfg(target_pointer_width, values(\"128\"))'] }","rendered":null,"spans":[]},{"children":[],"code":null,"level":"help","message":"or consider adding `println!(\"cargo::rustc-check-cfg=cfg(target_pointer_width, values(\\\"128\\\"))\");` to the top of the `build.rs`","rendered":null,"spans":[]},{"children":[],"code":null,"level":"note","message":"see <https://doc.rust-lang.org/nightly/rustc/check-cfg/cargo-specifics.html> for more information about checking conditional configuration","rendered":null,"spans":[]}],"code":{"code":"unexpected_cfgs","explanation":null},"level":"warning","message":"unexpected `cfg` condition value: `128`","spans":[{"byte_end":13651,"byte_start":13623,"column_end":43,"column_start":15,"expansion":{"def_site_span":{"byte_end":13123,"byte_start":13097,"column_end":27,"column_start":1,"expansion":null,"file_name":"submodules/atomic-maybe-uninit/src/utils.rs","is_primary":false,"label":null,"line_end":339,"line_start":339,"suggested_replacement":null,"suggestion_applicability":null,"text":[{"highlight_end":27,"highlight_start":1,"text":"macro_rules! delegate_size {"}]},"macro_decl_name":"delegate_size!","span":{"byte_end":892,"byte_start":864,"column_end":29,"column_start":1,"expansion":null,"file_name":"submodules/atomic-maybe-uninit/src/arch/x86.rs","is_primary":false,"label":null,"line_end":27,"line_start":27,"suggested_replacement":null,"suggestion_applicability":null,"text":[{"highlight_end":29,"highlight_start":1,"text":"delegate_size!(delegate_cas);"}]}},"file_name":"submodules/atomic-maybe-uninit/src/utils.rs","is_primary":true,"label":null,"line_end":353,"line_start":353,"suggested_replacement":null,"suggestion_applicability":null,"text":[{"highlight_end":43,"highlight_start":15,"text":"        #[cfg(target_pointer_width = \"128\")]"}]}]}}
{"reason":"compiler-message","package_id":"path+file:///mnt/data1/nix/vendor/rust/cargo2nix/submodules/atomic-maybe-uninit#0.3.12","manifest_path":"/mnt/data1/nix/vendor/rust/cargo2nix/submodules/atomic-maybe-uninit/Cargo.toml","target":{"kind":["lib"],"crate_types":["lib"],"name":"atomic_maybe_uninit","src_path":"/mnt/data1/nix/vendor/rust/cargo2nix/submodules/atomic-maybe-uninit/src/lib.rs","edition":"2021","doc":true,"doctest":true,"test":true},"message":{"rendered":"warning: unexpected `cfg` condition value: `128`\n   --> submodules/atomic-maybe-uninit/src/utils.rs:355:15\n    |\n355 |         #[cfg(target_pointer_width = \"128\")]\n    |               ^^^^^^^^^^^^^^^^^^^^^^^^^^^^\n    |\n   ::: submodules/atomic-maybe-uninit/src/arch/x86.rs:27:1\n    |\n 27 | delegate_size!(delegate_cas);\n    | ---------------------------- in this macro invocation\n    |\n    = note: expected values for `target_pointer_width` are: `16`, `32`, and `64`\n    = help: consider using a Cargo feature instead\n    = help: or consider adding in `Cargo.toml` the `check-cfg` lint config for the lint:\n             [lints.rust]\n             unexpected_cfgs = { level = \"warn\", check-cfg = ['cfg(target_pointer_width, values(\"128\"))'] }\n    = help: or consider adding `println!(\"cargo::rustc-check-cfg=cfg(target_pointer_width, values(\\\"128\\\"))\");` to the top of the `build.rs`\n    = note: see <https://doc.rust-lang.org/nightly/rustc/check-cfg/cargo-specifics.html> for more information about checking conditional configuration\n    = note: this warning originates in the macro `delegate_size` (in Nightly builds, run with -Z macro-backtrace for more info)\n\n","$message_type":"diagnostic","children":[{"children":[],"code":null,"level":"note","message":"expected values for `target_pointer_width` are: `16`, `32`, and `64`","rendered":null,"spans":[]},{"children":[],"code":null,"level":"help","message":"consider using a Cargo feature instead","rendered":null,"spans":[]},{"children":[],"code":null,"level":"help","message":"or consider adding in `Cargo.toml` the `check-cfg` lint config for the lint:\n [lints.rust]\n unexpected_cfgs = { level = \"warn\", check-cfg = ['cfg(target_pointer_width, values(\"128\"))'] }","rendered":null,"spans":[]},{"children":[],"code":null,"level":"help","message":"or consider adding `println!(\"cargo::rustc-check-cfg=cfg(target_pointer_width, values(\\\"128\\\"))\");` to the top of the `build.rs`","rendered":null,"spans":[]},{"children":[],"code":null,"level":"note","message":"see <https://doc.rust-lang.org/nightly/rustc/check-cfg/cargo-specifics.html> for more information about checking conditional configuration","rendered":null,"spans":[]}],"code":{"code":"unexpected_cfgs","explanation":null},"level":"warning","message":"unexpected `cfg` condition value: `128`","spans":[{"byte_end":13729,"byte_start":13701,"column_end":43,"column_start":15,"expansion":{"def_site_span":{"byte_end":13123,"byte_start":13097,"column_end":27,"column_start":1,"expansion":null,"file_name":"submodules/atomic-maybe-uninit/src/utils.rs","is_primary":false,"label":null,"line_end":339,"line_start":339,"suggested_replacement":null,"suggestion_applicability":null,"text":[{"highlight_end":27,"highlight_start":1,"text":"macro_rules! delegate_size {"}]},"macro_decl_name":"delegate_size!","span":{"byte_end":892,"byte_start":864,"column_end":29,"column_start":1,"expansion":null,"file_name":"submodules/atomic-maybe-uninit/src/arch/x86.rs","is_primary":false,"label":null,"line_end":27,"line_start":27,"suggested_replacement":null,"suggestion_applicability":null,"text":[{"highlight_end":29,"highlight_start":1,"text":"delegate_size!(delegate_cas);"}]}},"file_name":"submodules/atomic-maybe-uninit/src/utils.rs","is_primary":true,"label":null,"line_end":355,"line_start":355,"suggested_replacement":null,"suggestion_applicability":null,"text":[{"highlight_end":43,"highlight_start":15,"text":"        #[cfg(target_pointer_width = \"128\")]"}]}]}}
{"reason":"compiler-message","package_id":"path+file:///mnt/data1/nix/vendor/rust/cargo2nix/submodules/atomic-maybe-uninit#0.3.12","manifest_path":"/mnt/data1/nix/vendor/rust/cargo2nix/submodules/atomic-maybe-uninit/Cargo.toml","target":{"kind":["lib"],"crate_types":["lib"],"name":"atomic_maybe_uninit","src_path":"/mnt/data1/nix/vendor/rust/cargo2nix/submodules/atomic-maybe-uninit/src/lib.rs","edition":"2021","doc":true,"doctest":true,"test":true},"message":{"rendered":"warning: unexpected `cfg` condition value: `128`\n   --> submodules/atomic-maybe-uninit/src/lib.rs:973:11\n    |\n973 |     #[cfg(target_pointer_width = \"128\")]\n    |           ^^^^^^^^^^^^^^^^^^^^^^^^^^^^\n    |\n    = note: expected values for `target_pointer_width` are: `16`, `32`, and `64`\n    = help: consider using a Cargo feature instead\n    = help: or consider adding in `Cargo.toml` the `check-cfg` lint config for the lint:\n             [lints.rust]\n             unexpected_cfgs = { level = \"warn\", check-cfg = ['cfg(target_pointer_width, values(\"128\"))'] }\n    = help: or consider adding `println!(\"cargo::rustc-check-cfg=cfg(target_pointer_width, values(\\\"128\\\"))\");` to the top of the `build.rs`\n    = note: see <https://doc.rust-lang.org/nightly/rustc/check-cfg/cargo-specifics.html> for more information about checking conditional configuration\n\n","$message_type":"diagnostic","children":[{"children":[],"code":null,"level":"note","message":"expected values for `target_pointer_width` are: `16`, `32`, and `64`","rendered":null,"spans":[]},{"children":[],"code":null,"level":"help","message":"consider using a Cargo feature instead","rendered":null,"spans":[]},{"children":[],"code":null,"level":"help","message":"or consider adding in `Cargo.toml` the `check-cfg` lint config for the lint:\n [lints.rust]\n unexpected_cfgs = { level = \"warn\", check-cfg = ['cfg(target_pointer_width, values(\"128\"))'] }","rendered":null,"spans":[]},{"children":[],"code":null,"level":"help","message":"or consider adding `println!(\"cargo::rustc-check-cfg=cfg(target_pointer_width, values(\\\"128\\\"))\");` to the top of the `build.rs`","rendered":null,"spans":[]},{"children":[],"code":null,"level":"note","message":"see <https://doc.rust-lang.org/nightly/rustc/check-cfg/cargo-specifics.html> for more information about checking conditional configuration","rendered":null,"spans":[]}],"code":{"code":"unexpected_cfgs","explanation":null},"level":"warning","message":"unexpected `cfg` condition value: `128`","spans":[{"byte_end":40570,"byte_start":40542,"column_end":39,"column_start":11,"expansion":null,"file_name":"submodules/atomic-maybe-uninit/src/lib.rs","is_primary":true,"label":null,"line_end":973,"line_start":973,"suggested_replacement":null,"suggestion_applicability":null,"text":[{"highlight_end":39,"highlight_start":11,"text":"    #[cfg(target_pointer_width = \"128\")]"}]}]}}
{"reason":"compiler-artifact","package_id":"path+file:///mnt/data1/nix/vendor/rust/cargo2nix/submodules/atomic-maybe-uninit#0.3.12","manifest_path":"/mnt/data1/nix/vendor/rust/cargo2nix/submodules/atomic-maybe-uninit/Cargo.toml","target":{"kind":["lib"],"crate_types":["lib"],"name":"atomic_maybe_uninit","src_path":"/mnt/data1/nix/vendor/rust/cargo2nix/submodules/atomic-maybe-uninit/src/lib.rs","edition":"2021","doc":true,"doctest":true,"test":true},"profile":{"opt_level":"0","debuginfo":2,"debug_assertions":true,"overflow_checks":true,"test":false},"features":[],"filenames":["/mnt/data1/nix/vendor/rust/cargo2nix/target/debug/deps/libatomic_maybe_uninit-b6ea3b788b0244fc.rlib","/mnt/data1/nix/vendor/rust/cargo2nix/target/debug/deps/libatomic_maybe_uninit-b6ea3b788b0244fc.rmeta"],"executable":null,"fresh":true}
{"reason":"build-script-executed","package_id":"path+file:///mnt/data1/nix/vendor/rust/cargo2nix/submodules/crossbeam/crossbeam-utils#0.8.21","linked_libs":[],"linked_paths":[],"cfgs":[],"env":[],"out_dir":"/mnt/data1/nix/vendor/rust/cargo2nix/target/debug/build/crossbeam-utils-16ea47878fb9757b/out"}
{"reason":"build-script-executed","package_id":"registry+https://github.com/rust-lang/crates.io-index#memoffset@0.9.1","linked_libs":[],"linked_paths":[],"cfgs":["tuple_ty","allow_clippy","maybe_uninit","doctests","raw_ref_macros","stable_const","stable_offset_of"],"env":[],"out_dir":"/mnt/data1/nix/vendor/rust/cargo2nix/target/debug/build/memoffset-b312f9d8753d991d/out"}
{"reason":"compiler-artifact","package_id":"path+file:///mnt/data1/nix/vendor/rust/cargo2nix/submodules/thiserror#2.0.17","manifest_path":"/mnt/data1/nix/vendor/rust/cargo2nix/submodules/thiserror/Cargo.toml","target":{"kind":["custom-build"],"crate_types":["bin"],"name":"build-script-build","src_path":"/mnt/data1/nix/vendor/rust/cargo2nix/submodules/thiserror/build.rs","edition":"2021","doc":false,"doctest":false,"test":false},"profile":{"opt_level":"0","debuginfo":0,"debug_assertions":true,"overflow_checks":true,"test":false},"features":["default","std"],"filenames":["/mnt/data1/nix/vendor/rust/cargo2nix/target/debug/build/thiserror-223799931cee3e22/build-script-build"],"executable":null,"fresh":true}
{"reason":"compiler-artifact","package_id":"registry+https://github.com/rust-lang/crates.io-index#rand_core@0.6.4","manifest_path":"/home/mdupont/.cargo/registry/src/index.crates.io-1949cf8c6b5b557f/rand_core-0.6.4/Cargo.toml","target":{"kind":["lib"],"crate_types":["lib"],"name":"rand_core","src_path":"/home/mdupont/.cargo/registry/src/index.crates.io-1949cf8c6b5b557f/rand_core-0.6.4/src/lib.rs","edition":"2018","doc":true,"doctest":true,"test":true},"profile":{"opt_level":"0","debuginfo":0,"debug_assertions":true,"overflow_checks":true,"test":false},"features":[],"filenames":["/mnt/data1/nix/vendor/rust/cargo2nix/target/debug/deps/librand_core-a39c47f35ca5ea4b.rlib","/mnt/data1/nix/vendor/rust/cargo2nix/target/debug/deps/librand_core-a39c47f35ca5ea4b.rmeta"],"executable":null,"fresh":true}
{"reason":"compiler-artifact","package_id":"registry+https://github.com/rust-lang/crates.io-index#regex-automata@0.4.13","manifest_path":"/home/mdupont/.cargo/registry/src/index.crates.io-1949cf8c6b5b557f/regex-automata-0.4.13/Cargo.toml","target":{"kind":["lib"],"crate_types":["lib"],"name":"regex_automata","src_path":"/home/mdupont/.cargo/registry/src/index.crates.io-1949cf8c6b5b557f/regex-automata-0.4.13/src/lib.rs","edition":"2021","doc":true,"doctest":true,"test":true},"profile":{"opt_level":"0","debuginfo":0,"debug_assertions":true,"overflow_checks":true,"test":false},"features":["alloc","meta","nfa-pikevm","nfa-thompson","std","syntax","unicode-perl","unicode-word-boundary"],"filenames":["/mnt/data1/nix/vendor/rust/cargo2nix/target/debug/deps/libregex_automata-187a43aa890a0f56.rlib","/mnt/data1/nix/vendor/rust/cargo2nix/target/debug/deps/libregex_automata-187a43aa890a0f56.rmeta"],"executable":null,"fresh":true}
{"reason":"build-script-executed","package_id":"registry+https://github.com/rust-lang/crates.io-index#crossbeam-epoch@0.9.15","linked_libs":[],"linked_paths":[],"cfgs":[],"env":[],"out_dir":"/mnt/data1/nix/vendor/rust/cargo2nix/target/debug/build/crossbeam-epoch-6e1020901dab190c/out"}
{"reason":"compiler-artifact","package_id":"registry+https://github.com/rust-lang/crates.io-index#ff@0.13.1","manifest_path":"/home/mdupont/.cargo/registry/src/index.crates.io-1949cf8c6b5b557f/ff-0.13.1/Cargo.toml","target":{"kind":["lib"],"crate_types":["lib"],"name":"ff","src_path":"/home/mdupont/.cargo/registry/src/index.crates.io-1949cf8c6b5b557f/ff-0.13.1/src/lib.rs","edition":"2021","doc":true,"doctest":true,"test":true},"profile":{"opt_level":"0","debuginfo":2,"debug_assertions":true,"overflow_checks":true,"test":false},"features":["alloc"],"filenames":["/mnt/data1/nix/vendor/rust/cargo2nix/target/debug/deps/libff-2ca05bce68258372.rlib","/mnt/data1/nix/vendor/rust/cargo2nix/target/debug/deps/libff-2ca05bce68258372.rmeta"],"executable":null,"fresh":true}
{"reason":"compiler-artifact","package_id":"path+file:///mnt/data1/nix/vendor/rust/cargo2nix/submodules/thiserror/impl#thiserror-impl@2.0.17","manifest_path":"/mnt/data1/nix/vendor/rust/cargo2nix/submodules/thiserror/impl/Cargo.toml","target":{"kind":["proc-macro"],"crate_types":["proc-macro"],"name":"thiserror_impl","src_path":"/mnt/data1/nix/vendor/rust/cargo2nix/submodules/thiserror/impl/src/lib.rs","edition":"2021","doc":true,"doctest":true,"test":true},"profile":{"opt_level":"0","debuginfo":0,"debug_assertions":true,"overflow_checks":true,"test":false},"features":[],"filenames":["/mnt/data1/nix/vendor/rust/cargo2nix/target/debug/deps/libthiserror_impl-b0b9e6f990ff32f7.so"],"executable":null,"fresh":true}
{"reason":"compiler-artifact","package_id":"registry+https://github.com/rust-lang/crates.io-index#socket2@0.6.1","manifest_path":"/home/mdupont/.cargo/registry/src/index.crates.io-1949cf8c6b5b557f/socket2-0.6.1/Cargo.toml","target":{"kind":["lib"],"crate_types":["lib"],"name":"socket2","src_path":"/home/mdupont/.cargo/registry/src/index.crates.io-1949cf8c6b5b557f/socket2-0.6.1/src/lib.rs","edition":"2021","doc":true,"doctest":true,"test":true},"profile":{"opt_level":"0","debuginfo":2,"debug_assertions":true,"overflow_checks":true,"test":false},"features":[],"filenames":["/mnt/data1/nix/vendor/rust/cargo2nix/target/debug/deps/libsocket2-3373d3ae4bebe7a9.rlib","/mnt/data1/nix/vendor/rust/cargo2nix/target/debug/deps/libsocket2-3373d3ae4bebe7a9.rmeta"],"executable":null,"fresh":true}
{"reason":"compiler-artifact","package_id":"path+file:///mnt/data1/nix/vendor/rust/cargo2nix/submodules/tracing/tracing-core#0.1.34","manifest_path":"/mnt/data1/nix/vendor/rust/cargo2nix/submodules/tracing/tracing-core/Cargo.toml","target":{"kind":["lib"],"crate_types":["lib"],"name":"tracing_core","src_path":"/mnt/data1/nix/vendor/rust/cargo2nix/submodules/tracing/tracing-core/src/lib.rs","edition":"2018","doc":true,"doctest":true,"test":true},"profile":{"opt_level":"0","debuginfo":2,"debug_assertions":true,"overflow_checks":true,"test":false},"features":["default","once_cell","std"],"filenames":["/mnt/data1/nix/vendor/rust/cargo2nix/target/debug/deps/libtracing_core-00e127986a9e5855.rlib","/mnt/data1/nix/vendor/rust/cargo2nix/target/debug/deps/libtracing_core-00e127986a9e5855.rmeta"],"executable":null,"fresh":true}
{"reason":"compiler-artifact","package_id":"registry+https://github.com/rust-lang/crates.io-index#utf8_iter@1.0.4","manifest_path":"/home/mdupont/.cargo/registry/src/index.crates.io-1949cf8c6b5b557f/utf8_iter-1.0.4/Cargo.toml","target":{"kind":["lib"],"crate_types":["lib"],"name":"utf8_iter","src_path":"/home/mdupont/.cargo/registry/src/index.crates.io-1949cf8c6b5b557f/utf8_iter-1.0.4/src/lib.rs","edition":"2021","doc":true,"doctest":true,"test":true},"profile":{"opt_level":"0","debuginfo":2,"debug_assertions":true,"overflow_checks":true,"test":false},"features":[],"filenames":["/mnt/data1/nix/vendor/rust/cargo2nix/target/debug/deps/libutf8_iter-f95c390134f4cbfc.rlib","/mnt/data1/nix/vendor/rust/cargo2nix/target/debug/deps/libutf8_iter-f95c390134f4cbfc.rmeta"],"executable":null,"fresh":true}
{"reason":"compiler-artifact","package_id":"registry+https://github.com/rust-lang/crates.io-index#base16ct@0.2.0","manifest_path":"/home/mdupont/.cargo/registry/src/index.crates.io-1949cf8c6b5b557f/base16ct-0.2.0/Cargo.toml","target":{"kind":["lib"],"crate_types":["lib"],"name":"base16ct","src_path":"/home/mdupont/.cargo/registry/src/index.crates.io-1949cf8c6b5b557f/base16ct-0.2.0/src/lib.rs","edition":"2021","doc":true,"doctest":true,"test":true},"profile":{"opt_level":"0","debuginfo":2,"debug_assertions":true,"overflow_checks":true,"test":false},"features":["alloc"],"filenames":["/mnt/data1/nix/vendor/rust/cargo2nix/target/debug/deps/libbase16ct-4adf579970370a9e.rlib","/mnt/data1/nix/vendor/rust/cargo2nix/target/debug/deps/libbase16ct-4adf579970370a9e.rmeta"],"executable":null,"fresh":true}
{"reason":"compiler-artifact","package_id":"registry+https://github.com/rust-lang/crates.io-index#openssl-probe@0.1.6","manifest_path":"/home/mdupont/.cargo/registry/src/index.crates.io-1949cf8c6b5b557f/openssl-probe-0.1.6/Cargo.toml","target":{"kind":["lib"],"crate_types":["lib"],"name":"openssl_probe","src_path":"/home/mdupont/.cargo/registry/src/index.crates.io-1949cf8c6b5b557f/openssl-probe-0.1.6/src/lib.rs","edition":"2021","doc":true,"doctest":true,"test":true},"profile":{"opt_level":"0","debuginfo":2,"debug_assertions":true,"overflow_checks":true,"test":false},"features":[],"filenames":["/mnt/data1/nix/vendor/rust/cargo2nix/target/debug/deps/libopenssl_probe-fe0cddbcac8a0eb1.rlib","/mnt/data1/nix/vendor/rust/cargo2nix/target/debug/deps/libopenssl_probe-fe0cddbcac8a0eb1.rmeta"],"executable":null,"fresh":true}
{"reason":"compiler-artifact","package_id":"path+file:///mnt/data1/nix/vendor/rust/cargo2nix/submodules/json#serde_json@1.0.145","manifest_path":"/mnt/data1/nix/vendor/rust/cargo2nix/submodules/json/Cargo.toml","target":{"kind":["custom-build"],"crate_types":["bin"],"name":"build-script-build","src_path":"/mnt/data1/nix/vendor/rust/cargo2nix/submodules/json/build.rs","edition":"2021","doc":false,"doctest":false,"test":false},"profile":{"opt_level":"0","debuginfo":0,"debug_assertions":true,"overflow_checks":true,"test":false},"features":["default","raw_value","std"],"filenames":["/mnt/data1/nix/vendor/rust/cargo2nix/target/debug/build/serde_json-333d69a687aec3e7/build-script-build"],"executable":null,"fresh":true}
{"reason":"compiler-artifact","package_id":"path+file:///mnt/data1/nix/vendor/rust/cargo2nix/submodules/gitoxide/gix-validate#0.10.1","manifest_path":"/mnt/data1/nix/vendor/rust/cargo2nix/submodules/gitoxide/gix-validate/Cargo.toml","target":{"kind":["lib"],"crate_types":["lib"],"name":"gix_validate","src_path":"/mnt/data1/nix/vendor/rust/cargo2nix/submodules/gitoxide/gix-validate/src/lib.rs","edition":"2021","doc":true,"doctest":false,"test":true},"profile":{"opt_level":"0","debuginfo":2,"debug_assertions":true,"overflow_checks":true,"test":false},"features":[],"filenames":["/mnt/data1/nix/vendor/rust/cargo2nix/target/debug/deps/libgix_validate-0c6ece7dbba425b3.rlib","/mnt/data1/nix/vendor/rust/cargo2nix/target/debug/deps/libgix_validate-0c6ece7dbba425b3.rmeta"],"executable":null,"fresh":true}
{"reason":"compiler-artifact","package_id":"path+file:///mnt/data1/nix/vendor/rust/cargo2nix/submodules/gitoxide/gix-date#0.11.0","manifest_path":"/mnt/data1/nix/vendor/rust/cargo2nix/submodules/gitoxide/gix-date/Cargo.toml","target":{"kind":["lib"],"crate_types":["lib"],"name":"gix_date","src_path":"/mnt/data1/nix/vendor/rust/cargo2nix/submodules/gitoxide/gix-date/src/lib.rs","edition":"2021","doc":true,"doctest":false,"test":true},"profile":{"opt_level":"0","debuginfo":2,"debug_assertions":true,"overflow_checks":true,"test":false},"features":[],"filenames":["/mnt/data1/nix/vendor/rust/cargo2nix/target/debug/deps/libgix_date-b76d9b862cb3c1db.rlib","/mnt/data1/nix/vendor/rust/cargo2nix/target/debug/deps/libgix_date-b76d9b862cb3c1db.rmeta"],"executable":null,"fresh":true}
{"reason":"compiler-artifact","package_id":"registry+https://github.com/rust-lang/crates.io-index#sha1-checked@0.10.0","manifest_path":"/home/mdupont/.cargo/registry/src/index.crates.io-1949cf8c6b5b557f/sha1-checked-0.10.0/Cargo.toml","target":{"kind":["lib"],"crate_types":["lib"],"name":"sha1_checked","src_path":"/home/mdupont/.cargo/registry/src/index.crates.io-1949cf8c6b5b557f/sha1-checked-0.10.0/src/lib.rs","edition":"2021","doc":true,"doctest":true,"test":true},"profile":{"opt_level":"0","debuginfo":2,"debug_assertions":true,"overflow_checks":true,"test":false},"features":[],"filenames":["/mnt/data1/nix/vendor/rust/cargo2nix/target/debug/deps/libsha1_checked-27b49a7b6b6c8fe4.rlib","/mnt/data1/nix/vendor/rust/cargo2nix/target/debug/deps/libsha1_checked-27b49a7b6b6c8fe4.rmeta"],"executable":null,"fresh":true}
{"reason":"compiler-artifact","package_id":"path+file:///mnt/data1/nix/vendor/rust/cargo2nix/submodules/gitoxide/gix-chunk#0.4.12","manifest_path":"/mnt/data1/nix/vendor/rust/cargo2nix/submodules/gitoxide/gix-chunk/Cargo.toml","target":{"kind":["lib"],"crate_types":["lib"],"name":"gix_chunk","src_path":"/mnt/data1/nix/vendor/rust/cargo2nix/submodules/gitoxide/gix-chunk/src/lib.rs","edition":"2021","doc":true,"doctest":false,"test":false},"profile":{"opt_level":"0","debuginfo":2,"debug_assertions":true,"overflow_checks":true,"test":false},"features":[],"filenames":["/mnt/data1/nix/vendor/rust/cargo2nix/target/debug/deps/libgix_chunk-5d812806297e83ba.rlib","/mnt/data1/nix/vendor/rust/cargo2nix/target/debug/deps/libgix_chunk-5d812806297e83ba.rmeta"],"executable":null,"fresh":true}
{"reason":"compiler-artifact","package_id":"path+file:///mnt/data1/nix/vendor/rust/cargo2nix/submodules/gitoxide/gix-quote#0.6.1","manifest_path":"/mnt/data1/nix/vendor/rust/cargo2nix/submodules/gitoxide/gix-quote/Cargo.toml","target":{"kind":["lib"],"crate_types":["lib"],"name":"gix_quote","src_path":"/mnt/data1/nix/vendor/rust/cargo2nix/submodules/gitoxide/gix-quote/src/lib.rs","edition":"2021","doc":true,"doctest":false,"test":true},"profile":{"opt_level":"0","debuginfo":2,"debug_assertions":true,"overflow_checks":true,"test":false},"features":[],"filenames":["/mnt/data1/nix/vendor/rust/cargo2nix/target/debug/deps/libgix_quote-bfadd6862e982933.rlib","/mnt/data1/nix/vendor/rust/cargo2nix/target/debug/deps/libgix_quote-bfadd6862e982933.rmeta"],"executable":null,"fresh":true}
{"reason":"compiler-artifact","package_id":"registry+https://github.com/rust-lang/crates.io-index#libz-sys@1.1.23","manifest_path":"/home/mdupont/.cargo/registry/src/index.crates.io-1949cf8c6b5b557f/libz-sys-1.1.23/Cargo.toml","target":{"kind":["custom-build"],"crate_types":["bin"],"name":"build-script-build","src_path":"/home/mdupont/.cargo/registry/src/index.crates.io-1949cf8c6b5b557f/libz-sys-1.1.23/build.rs","edition":"2018","doc":false,"doctest":false,"test":false},"profile":{"opt_level":"0","debuginfo":0,"debug_assertions":true,"overflow_checks":true,"test":false},"features":["libc"],"filenames":["/mnt/data1/nix/vendor/rust/cargo2nix/target/debug/build/libz-sys-5255e1b9b742f697/build-script-build"],"executable":null,"fresh":true}
{"reason":"compiler-artifact","package_id":"registry+https://github.com/rust-lang/crates.io-index#openssl-sys@0.9.111","manifest_path":"/home/mdupont/.cargo/registry/src/index.crates.io-1949cf8c6b5b557f/openssl-sys-0.9.111/Cargo.toml","target":{"kind":["custom-build"],"crate_types":["bin"],"name":"build-script-main","src_path":"/home/mdupont/.cargo/registry/src/index.crates.io-1949cf8c6b5b557f/openssl-sys-0.9.111/build/main.rs","edition":"2021","doc":false,"doctest":false,"test":false},"profile":{"opt_level":"0","debuginfo":0,"debug_assertions":true,"overflow_checks":true,"test":false},"features":[],"filenames":["/mnt/data1/nix/vendor/rust/cargo2nix/target/debug/build/openssl-sys-17e53872c8715a33/build-script-main"],"executable":null,"fresh":true}
{"reason":"compiler-artifact","package_id":"registry+https://github.com/rust-lang/crates.io-index#libnghttp2-sys@0.1.11+1.64.0","manifest_path":"/home/mdupont/.cargo/registry/src/index.crates.io-1949cf8c6b5b557f/libnghttp2-sys-0.1.11+1.64.0/Cargo.toml","target":{"kind":["custom-build"],"crate_types":["bin"],"name":"build-script-build","src_path":"/home/mdupont/.cargo/registry/src/index.crates.io-1949cf8c6b5b557f/libnghttp2-sys-0.1.11+1.64.0/build.rs","edition":"2015","doc":false,"doctest":false,"test":false},"profile":{"opt_level":"0","debuginfo":0,"debug_assertions":true,"overflow_checks":true,"test":false},"features":[],"filenames":["/mnt/data1/nix/vendor/rust/cargo2nix/target/debug/build/libnghttp2-sys-8cb297f42ce10fd8/build-script-build"],"executable":null,"fresh":true}
{"reason":"compiler-artifact","package_id":"path+file:///mnt/data1/nix/vendor/rust/cargo2nix/submodules/gitoxide/gix-packetline#0.20.0","manifest_path":"/mnt/data1/nix/vendor/rust/cargo2nix/submodules/gitoxide/gix-packetline/Cargo.toml","target":{"kind":["lib"],"crate_types":["lib"],"name":"gix_packetline","src_path":"/mnt/data1/nix/vendor/rust/cargo2nix/submodules/gitoxide/gix-packetline/src/lib.rs","edition":"2021","doc":true,"doctest":false,"test":true},"profile":{"opt_level":"0","debuginfo":2,"debug_assertions":true,"overflow_checks":true,"test":false},"features":["blocking-io","default"],"filenames":["/mnt/data1/nix/vendor/rust/cargo2nix/target/debug/deps/libgix_packetline-657e92870333b5e4.rlib","/mnt/data1/nix/vendor/rust/cargo2nix/target/debug/deps/libgix_packetline-657e92870333b5e4.rmeta"],"executable":null,"fresh":true}
{"reason":"compiler-artifact","package_id":"path+file:///mnt/data1/nix/vendor/rust/cargo2nix/submodules/curl-rust/curl-sys#0.4.84+curl-8.17.0","manifest_path":"/mnt/data1/nix/vendor/rust/cargo2nix/submodules/curl-rust/curl-sys/Cargo.toml","target":{"kind":["custom-build"],"crate_types":["bin"],"name":"build-script-build","src_path":"/mnt/data1/nix/vendor/rust/cargo2nix/submodules/curl-rust/curl-sys/build.rs","edition":"2018","doc":false,"doctest":false,"test":false},"profile":{"opt_level":"0","debuginfo":0,"debug_assertions":true,"overflow_checks":true,"test":false},"features":["default","http2","libnghttp2-sys","openssl-sys","ssl"],"filenames":["/mnt/data1/nix/vendor/rust/cargo2nix/target/debug/build/curl-sys-c247a3523b84b010/build-script-build"],"executable":null,"fresh":true}
{"reason":"compiler-artifact","package_id":"path+file:///mnt/data1/nix/vendor/rust/cargo2nix/submodules/gitoxide/gix-bitmap#0.2.15","manifest_path":"/mnt/data1/nix/vendor/rust/cargo2nix/submodules/gitoxide/gix-bitmap/Cargo.toml","target":{"kind":["lib"],"crate_types":["lib"],"name":"gix_bitmap","src_path":"/mnt/data1/nix/vendor/rust/cargo2nix/submodules/gitoxide/gix-bitmap/src/lib.rs","edition":"2021","doc":true,"doctest":false,"test":true},"profile":{"opt_level":"0","debuginfo":2,"debug_assertions":true,"overflow_checks":true,"test":false},"features":[],"filenames":["/mnt/data1/nix/vendor/rust/cargo2nix/target/debug/deps/libgix_bitmap-5b0c00d4ed9c195f.rlib","/mnt/data1/nix/vendor/rust/cargo2nix/target/debug/deps/libgix_bitmap-5b0c00d4ed9c195f.rmeta"],"executable":null,"fresh":true}
{"reason":"compiler-artifact","package_id":"registry+https://github.com/rust-lang/crates.io-index#spki@0.7.3","manifest_path":"/home/mdupont/.cargo/registry/src/index.crates.io-1949cf8c6b5b557f/spki-0.7.3/Cargo.toml","target":{"kind":["lib"],"crate_types":["lib"],"name":"spki","src_path":"/home/mdupont/.cargo/registry/src/index.crates.io-1949cf8c6b5b557f/spki-0.7.3/src/lib.rs","edition":"2021","doc":true,"doctest":true,"test":true},"profile":{"opt_level":"0","debuginfo":2,"debug_assertions":true,"overflow_checks":true,"test":false},"features":["alloc","pem","std"],"filenames":["/mnt/data1/nix/vendor/rust/cargo2nix/target/debug/deps/libspki-21d6f159e0723a06.rlib","/mnt/data1/nix/vendor/rust/cargo2nix/target/debug/deps/libspki-21d6f159e0723a06.rmeta"],"executable":null,"fresh":true}
{"reason":"compiler-artifact","package_id":"registry+https://github.com/rust-lang/crates.io-index#idna_mapping@1.1.0","manifest_path":"/home/mdupont/.cargo/registry/src/index.crates.io-1949cf8c6b5b557f/idna_mapping-1.1.0/Cargo.toml","target":{"kind":["lib"],"crate_types":["lib"],"name":"idna_mapping","src_path":"/home/mdupont/.cargo/registry/src/index.crates.io-1949cf8c6b5b557f/idna_mapping-1.1.0/src/lib.rs","edition":"2021","doc":true,"doctest":true,"test":true},"profile":{"opt_level":"0","debuginfo":2,"debug_assertions":true,"overflow_checks":true,"test":false},"features":[],"filenames":["/mnt/data1/nix/vendor/rust/cargo2nix/target/debug/deps/libidna_mapping-4fc94905e96606bb.rlib","/mnt/data1/nix/vendor/rust/cargo2nix/target/debug/deps/libidna_mapping-4fc94905e96606bb.rmeta"],"executable":null,"fresh":true}
{"reason":"build-script-executed","package_id":"path+file:///mnt/data1/nix/vendor/rust/cargo2nix/submodules/thiserror#2.0.17","linked_libs":[],"linked_paths":[],"cfgs":["error_generic_member_access"],"env":[],"out_dir":"/mnt/data1/nix/vendor/rust/cargo2nix/target/debug/build/thiserror-73e75c2d1c2ddfaa/out"}
{"reason":"compiler-artifact","package_id":"registry+https://github.com/rust-lang/crates.io-index#rand@0.8.5","manifest_path":"/home/mdupont/.cargo/registry/src/index.crates.io-1949cf8c6b5b557f/rand-0.8.5/Cargo.toml","target":{"kind":["lib"],"crate_types":["lib"],"name":"rand","src_path":"/home/mdupont/.cargo/registry/src/index.crates.io-1949cf8c6b5b557f/rand-0.8.5/src/lib.rs","edition":"2018","doc":true,"doctest":true,"test":true},"profile":{"opt_level":"0","debuginfo":0,"debug_assertions":true,"overflow_checks":true,"test":false},"features":["small_rng"],"filenames":["/mnt/data1/nix/vendor/rust/cargo2nix/target/debug/deps/librand-af658b0221d7803c.rlib","/mnt/data1/nix/vendor/rust/cargo2nix/target/debug/deps/librand-af658b0221d7803c.rmeta"],"executable":null,"fresh":true}
{"reason":"compiler-artifact","package_id":"registry+https://github.com/rust-lang/crates.io-index#memoffset@0.9.1","manifest_path":"/home/mdupont/.cargo/registry/src/index.crates.io-1949cf8c6b5b557f/memoffset-0.9.1/Cargo.toml","target":{"kind":["lib"],"crate_types":["lib"],"name":"memoffset","src_path":"/home/mdupont/.cargo/registry/src/index.crates.io-1949cf8c6b5b557f/memoffset-0.9.1/src/lib.rs","edition":"2015","doc":true,"doctest":true,"test":true},"profile":{"opt_level":"0","debuginfo":2,"debug_assertions":true,"overflow_checks":true,"test":false},"features":["default"],"filenames":["/mnt/data1/nix/vendor/rust/cargo2nix/target/debug/deps/libmemoffset-4e383f14ad0576a3.rlib","/mnt/data1/nix/vendor/rust/cargo2nix/target/debug/deps/libmemoffset-4e383f14ad0576a3.rmeta"],"executable":null,"fresh":true}
{"reason":"compiler-artifact","package_id":"registry+https://github.com/rust-lang/crates.io-index#num-traits@0.2.19","manifest_path":"/home/mdupont/.cargo/registry/src/index.crates.io-1949cf8c6b5b557f/num-traits-0.2.19/Cargo.toml","target":{"kind":["lib"],"crate_types":["lib"],"name":"num_traits","src_path":"/home/mdupont/.cargo/registry/src/index.crates.io-1949cf8c6b5b557f/num-traits-0.2.19/src/lib.rs","edition":"2021","doc":true,"doctest":true,"test":true},"profile":{"opt_level":"0","debuginfo":2,"debug_assertions":true,"overflow_checks":true,"test":false},"features":["std"],"filenames":["/mnt/data1/nix/vendor/rust/cargo2nix/target/debug/deps/libnum_traits-b4b42fad3d187aad.rlib","/mnt/data1/nix/vendor/rust/cargo2nix/target/debug/deps/libnum_traits-b4b42fad3d187aad.rmeta"],"executable":null,"fresh":true}
{"reason":"compiler-artifact","package_id":"path+file:///mnt/data1/nix/vendor/rust/cargo2nix/submodules/crossbeam/crossbeam-utils#0.8.21","manifest_path":"/mnt/data1/nix/vendor/rust/cargo2nix/submodules/crossbeam/crossbeam-utils/Cargo.toml","target":{"kind":["lib"],"crate_types":["lib"],"name":"crossbeam_utils","src_path":"/mnt/data1/nix/vendor/rust/cargo2nix/submodules/crossbeam/crossbeam-utils/src/lib.rs","edition":"2021","doc":true,"doctest":true,"test":true},"profile":{"opt_level":"0","debuginfo":2,"debug_assertions":true,"overflow_checks":true,"test":false},"features":["atomic","atomic-maybe-uninit","default","std"],"filenames":["/mnt/data1/nix/vendor/rust/cargo2nix/target/debug/deps/libcrossbeam_utils-e1f6d491ca2c15a7.rlib","/mnt/data1/nix/vendor/rust/cargo2nix/target/debug/deps/libcrossbeam_utils-e1f6d491ca2c15a7.rmeta"],"executable":null,"fresh":true}
{"reason":"compiler-artifact","package_id":"registry+https://github.com/rust-lang/crates.io-index#rustix@1.1.2","manifest_path":"/home/mdupont/.cargo/registry/src/index.crates.io-1949cf8c6b5b557f/rustix-1.1.2/Cargo.toml","target":{"kind":["custom-build"],"crate_types":["bin"],"name":"build-script-build","src_path":"/home/mdupont/.cargo/registry/src/index.crates.io-1949cf8c6b5b557f/rustix-1.1.2/build.rs","edition":"2021","doc":false,"doctest":false,"test":false},"profile":{"opt_level":"0","debuginfo":0,"debug_assertions":true,"overflow_checks":true,"test":false},"features":["alloc","fs","std"],"filenames":["/mnt/data1/nix/vendor/rust/cargo2nix/target/debug/build/rustix-366c7dd3e024aff0/build-script-build"],"executable":null,"fresh":true}
{"reason":"compiler-artifact","package_id":"registry+https://github.com/rust-lang/crates.io-index#foldhash@0.1.5","manifest_path":"/home/mdupont/.cargo/registry/src/index.crates.io-1949cf8c6b5b557f/foldhash-0.1.5/Cargo.toml","target":{"kind":["lib"],"crate_types":["lib"],"name":"foldhash","src_path":"/home/mdupont/.cargo/registry/src/index.crates.io-1949cf8c6b5b557f/foldhash-0.1.5/src/lib.rs","edition":"2021","doc":true,"doctest":true,"test":true},"profile":{"opt_level":"0","debuginfo":2,"debug_assertions":true,"overflow_checks":true,"test":false},"features":[],"filenames":["/mnt/data1/nix/vendor/rust/cargo2nix/target/debug/deps/libfoldhash-abf39bc0971f8ebd.rlib","/mnt/data1/nix/vendor/rust/cargo2nix/target/debug/deps/libfoldhash-abf39bc0971f8ebd.rmeta"],"executable":null,"fresh":true}
{"reason":"compiler-artifact","package_id":"path+file:///mnt/data1/nix/vendor/rust/cargo2nix/submodules/git2-rs/libgit2-sys#0.18.2+1.9.1","manifest_path":"/mnt/data1/nix/vendor/rust/cargo2nix/submodules/git2-rs/libgit2-sys/Cargo.toml","target":{"kind":["custom-build"],"crate_types":["bin"],"name":"build-script-build","src_path":"/mnt/data1/nix/vendor/rust/cargo2nix/submodules/git2-rs/libgit2-sys/build.rs","edition":"2021","doc":false,"doctest":false,"test":false},"profile":{"opt_level":"0","debuginfo":0,"debug_assertions":true,"overflow_checks":true,"test":false},"features":[],"filenames":["/mnt/data1/nix/vendor/rust/cargo2nix/target/debug/build/libgit2-sys-373eacf567b09b78/build-script-build"],"executable":null,"fresh":true}
{"reason":"compiler-artifact","package_id":"registry+https://github.com/rust-lang/crates.io-index#regex@1.12.2","manifest_path":"/home/mdupont/.cargo/registry/src/index.crates.io-1949cf8c6b5b557f/regex-1.12.2/Cargo.toml","target":{"kind":["lib"],"crate_types":["lib"],"name":"regex","src_path":"/home/mdupont/.cargo/registry/src/index.crates.io-1949cf8c6b5b557f/regex-1.12.2/src/lib.rs","edition":"2021","doc":true,"doctest":true,"test":true},"profile":{"opt_level":"0","debuginfo":0,"debug_assertions":true,"overflow_checks":true,"test":false},"features":["std","unicode-perl"],"filenames":["/mnt/data1/nix/vendor/rust/cargo2nix/target/debug/deps/libregex-86e0b6d9cf714397.rlib","/mnt/data1/nix/vendor/rust/cargo2nix/target/debug/deps/libregex-86e0b6d9cf714397.rmeta"],"executable":null,"fresh":true}
{"reason":"compiler-artifact","package_id":"registry+https://github.com/rust-lang/crates.io-index#hkdf@0.12.4","manifest_path":"/home/mdupont/.cargo/registry/src/index.crates.io-1949cf8c6b5b557f/hkdf-0.12.4/Cargo.toml","target":{"kind":["lib"],"crate_types":["lib"],"name":"hkdf","src_path":"/home/mdupont/.cargo/registry/src/index.crates.io-1949cf8c6b5b557f/hkdf-0.12.4/src/lib.rs","edition":"2018","doc":true,"doctest":true,"test":true},"profile":{"opt_level":"0","debuginfo":2,"debug_assertions":true,"overflow_checks":true,"test":false},"features":[],"filenames":["/mnt/data1/nix/vendor/rust/cargo2nix/target/debug/deps/libhkdf-3b9e6f3f196c0211.rlib","/mnt/data1/nix/vendor/rust/cargo2nix/target/debug/deps/libhkdf-3b9e6f3f196c0211.rmeta"],"executable":null,"fresh":true}
{"reason":"compiler-artifact","package_id":"registry+https://github.com/rust-lang/crates.io-index#group@0.13.0","manifest_path":"/home/mdupont/.cargo/registry/src/index.crates.io-1949cf8c6b5b557f/group-0.13.0/Cargo.toml","target":{"kind":["lib"],"crate_types":["lib"],"name":"group","src_path":"/home/mdupont/.cargo/registry/src/index.crates.io-1949cf8c6b5b557f/group-0.13.0/src/lib.rs","edition":"2021","doc":true,"doctest":true,"test":true},"profile":{"opt_level":"0","debuginfo":2,"debug_assertions":true,"overflow_checks":true,"test":false},"features":["alloc"],"filenames":["/mnt/data1/nix/vendor/rust/cargo2nix/target/debug/deps/libgroup-344a371454aac2d4.rlib","/mnt/data1/nix/vendor/rust/cargo2nix/target/debug/deps/libgroup-344a371454aac2d4.rmeta"],"executable":null,"fresh":true}
{"reason":"compiler-artifact","package_id":"path+file:///mnt/data1/nix/vendor/rust/cargo2nix/submodules/gitoxide/gix-path#0.10.22","manifest_path":"/mnt/data1/nix/vendor/rust/cargo2nix/submodules/gitoxide/gix-path/Cargo.toml","target":{"kind":["lib"],"crate_types":["lib"],"name":"gix_path","src_path":"/mnt/data1/nix/vendor/rust/cargo2nix/submodules/gitoxide/gix-path/src/lib.rs","edition":"2021","doc":true,"doctest":true,"test":true},"profile":{"opt_level":"0","debuginfo":2,"debug_assertions":true,"overflow_checks":true,"test":false},"features":[],"filenames":["/mnt/data1/nix/vendor/rust/cargo2nix/target/debug/deps/libgix_path-d0266211c4d4315e.rlib","/mnt/data1/nix/vendor/rust/cargo2nix/target/debug/deps/libgix_path-d0266211c4d4315e.rmeta"],"executable":null,"fresh":true}
{"reason":"compiler-artifact","package_id":"path+file:///mnt/data1/nix/vendor/rust/cargo2nix/submodules/gitoxide/gix-actor#0.36.0","manifest_path":"/mnt/data1/nix/vendor/rust/cargo2nix/submodules/gitoxide/gix-actor/Cargo.toml","target":{"kind":["lib"],"crate_types":["lib"],"name":"gix_actor","src_path":"/mnt/data1/nix/vendor/rust/cargo2nix/submodules/gitoxide/gix-actor/src/lib.rs","edition":"2021","doc":true,"doctest":false,"test":true},"profile":{"opt_level":"0","debuginfo":2,"debug_assertions":true,"overflow_checks":true,"test":false},"features":[],"filenames":["/mnt/data1/nix/vendor/rust/cargo2nix/target/debug/deps/libgix_actor-600856c91e5cd569.rlib","/mnt/data1/nix/vendor/rust/cargo2nix/target/debug/deps/libgix_actor-600856c91e5cd569.rmeta"],"executable":null,"fresh":true}
{"reason":"build-script-executed","package_id":"registry+https://github.com/rust-lang/crates.io-index#libz-sys@1.1.23","linked_libs":["z","z"],"linked_paths":["native=/nix/store/09sifcahf0j1xnw80k9l33jzcs1p2qbw-zlib-1.3.1/lib"],"cfgs":[],"env":[],"out_dir":"/mnt/data1/nix/vendor/rust/cargo2nix/target/debug/build/libz-sys-cd6174bb27c6d48d/out"}
{"reason":"build-script-executed","package_id":"registry+https://github.com/rust-lang/crates.io-index#libnghttp2-sys@0.1.11+1.64.0","linked_libs":["static=nghttp2"],"linked_paths":["native=/mnt/data1/nix/vendor/rust/cargo2nix/target/debug/build/libnghttp2-sys-5b89bc5f0b6d5331/out/i/lib"],"cfgs":[],"env":[],"out_dir":"/mnt/data1/nix/vendor/rust/cargo2nix/target/debug/build/libnghttp2-sys-5b89bc5f0b6d5331/out"}
{"reason":"build-script-executed","package_id":"registry+https://github.com/rust-lang/crates.io-index#openssl-sys@0.9.111","linked_libs":["ssl","crypto"],"linked_paths":["native=/nix/store/jr5j5lk24x265cp9p2fnw1zk17sf6vyf-openssl-1.1.1w/lib"],"cfgs":["osslconf=\"OPENSSL_NO_SSL3_METHOD\"","openssl","ossl101","ossl102","ossl102f","ossl102h","ossl110","ossl110f","ossl110g","ossl110h","ossl111","ossl111b","ossl111c","ossl111d","ossl300","ossl320","ossl330","ossl340","ossl350"],"env":[],"out_dir":"/mnt/data1/nix/vendor/rust/cargo2nix/target/debug/build/openssl-sys-7974ea28e3d9f1e6/out"}
{"reason":"compiler-artifact","package_id":"registry+https://github.com/rust-lang/crates.io-index#idna_adapter@1.1.0","manifest_path":"/home/mdupont/.cargo/registry/src/index.crates.io-1949cf8c6b5b557f/idna_adapter-1.1.0/Cargo.toml","target":{"kind":["lib"],"crate_types":["lib"],"name":"idna_adapter","src_path":"/home/mdupont/.cargo/registry/src/index.crates.io-1949cf8c6b5b557f/idna_adapter-1.1.0/src/lib.rs","edition":"2021","doc":true,"doctest":true,"test":true},"profile":{"opt_level":"0","debuginfo":2,"debug_assertions":true,"overflow_checks":true,"test":false},"features":["compiled_data"],"filenames":["/mnt/data1/nix/vendor/rust/cargo2nix/target/debug/deps/libidna_adapter-84f3e13d6fe7510d.rlib","/mnt/data1/nix/vendor/rust/cargo2nix/target/debug/deps/libidna_adapter-84f3e13d6fe7510d.rmeta"],"executable":null,"fresh":true}
{"reason":"compiler-artifact","package_id":"registry+https://github.com/rust-lang/crates.io-index#pkcs8@0.10.2","manifest_path":"/home/mdupont/.cargo/registry/src/index.crates.io-1949cf8c6b5b557f/pkcs8-0.10.2/Cargo.toml","target":{"kind":["lib"],"crate_types":["lib"],"name":"pkcs8","src_path":"/home/mdupont/.cargo/registry/src/index.crates.io-1949cf8c6b5b557f/pkcs8-0.10.2/src/lib.rs","edition":"2021","doc":true,"doctest":true,"test":true},"profile":{"opt_level":"0","debuginfo":2,"debug_assertions":true,"overflow_checks":true,"test":false},"features":["alloc","pem","std"],"filenames":["/mnt/data1/nix/vendor/rust/cargo2nix/target/debug/deps/libpkcs8-7b95a1e11e5a7270.rlib","/mnt/data1/nix/vendor/rust/cargo2nix/target/debug/deps/libpkcs8-7b95a1e11e5a7270.rmeta"],"executable":null,"fresh":true}
{"reason":"compiler-artifact","package_id":"registry+https://github.com/rust-lang/crates.io-index#phf_generator@0.11.2","manifest_path":"/home/mdupont/.cargo/registry/src/index.crates.io-1949cf8c6b5b557f/phf_generator-0.11.2/Cargo.toml","target":{"kind":["lib"],"crate_types":["lib"],"name":"phf_generator","src_path":"/home/mdupont/.cargo/registry/src/index.crates.io-1949cf8c6b5b557f/phf_generator-0.11.2/src/lib.rs","edition":"2021","doc":true,"doctest":true,"test":true},"profile":{"opt_level":"0","debuginfo":0,"debug_assertions":true,"overflow_checks":true,"test":false},"features":[],"filenames":["/mnt/data1/nix/vendor/rust/cargo2nix/target/debug/deps/libphf_generator-bb95112b96d3f938.rlib","/mnt/data1/nix/vendor/rust/cargo2nix/target/debug/deps/libphf_generator-bb95112b96d3f938.rmeta"],"executable":null,"fresh":true}
{"reason":"build-script-executed","package_id":"registry+https://github.com/rust-lang/crates.io-index#rustix@1.1.2","linked_libs":[],"linked_paths":[],"cfgs":["static_assertions","lower_upper_exp_for_non_zero","rustc_diagnostics","linux_raw_dep","linux_raw","linux_like","linux_kernel"],"env":[],"out_dir":"/mnt/data1/nix/vendor/rust/cargo2nix/target/debug/build/rustix-f6527e5d3e8fca73/out"}
{"reason":"compiler-artifact","package_id":"path+file:///mnt/data1/nix/vendor/rust/cargo2nix/submodules/thiserror#2.0.17","manifest_path":"/mnt/data1/nix/vendor/rust/cargo2nix/submodules/thiserror/Cargo.toml","target":{"kind":["lib"],"crate_types":["lib"],"name":"thiserror","src_path":"/mnt/data1/nix/vendor/rust/cargo2nix/submodules/thiserror/src/lib.rs","edition":"2021","doc":true,"doctest":true,"test":true},"profile":{"opt_level":"0","debuginfo":2,"debug_assertions":true,"overflow_checks":true,"test":false},"features":["default","std"],"filenames":["/mnt/data1/nix/vendor/rust/cargo2nix/target/debug/deps/libthiserror-bf04f3fb6889826b.rlib","/mnt/data1/nix/vendor/rust/cargo2nix/target/debug/deps/libthiserror-bf04f3fb6889826b.rmeta"],"executable":null,"fresh":true}
{"reason":"compiler-artifact","package_id":"registry+https://github.com/rust-lang/crates.io-index#hashbrown@0.15.5","manifest_path":"/home/mdupont/.cargo/registry/src/index.crates.io-1949cf8c6b5b557f/hashbrown-0.15.5/Cargo.toml","target":{"kind":["lib"],"crate_types":["lib"],"name":"hashbrown","src_path":"/home/mdupont/.cargo/registry/src/index.crates.io-1949cf8c6b5b557f/hashbrown-0.15.5/src/lib.rs","edition":"2021","doc":true,"doctest":true,"test":true},"profile":{"opt_level":"0","debuginfo":2,"debug_assertions":true,"overflow_checks":true,"test":false},"features":["default-hasher","inline-more"],"filenames":["/mnt/data1/nix/vendor/rust/cargo2nix/target/debug/deps/libhashbrown-520b28db63ae8a73.rlib","/mnt/data1/nix/vendor/rust/cargo2nix/target/debug/deps/libhashbrown-520b28db63ae8a73.rmeta"],"executable":null,"fresh":true}
{"reason":"compiler-artifact","package_id":"registry+https://github.com/rust-lang/crates.io-index#crossbeam-epoch@0.9.15","manifest_path":"/home/mdupont/.cargo/registry/src/index.crates.io-1949cf8c6b5b557f/crossbeam-epoch-0.9.15/Cargo.toml","target":{"kind":["lib"],"crate_types":["lib"],"name":"crossbeam_epoch","src_path":"/home/mdupont/.cargo/registry/src/index.crates.io-1949cf8c6b5b557f/crossbeam-epoch-0.9.15/src/lib.rs","edition":"2018","doc":true,"doctest":true,"test":true},"profile":{"opt_level":"0","debuginfo":2,"debug_assertions":true,"overflow_checks":true,"test":false},"features":["alloc","std"],"filenames":["/mnt/data1/nix/vendor/rust/cargo2nix/target/debug/deps/libcrossbeam_epoch-cebe9333505cdb30.rlib","/mnt/data1/nix/vendor/rust/cargo2nix/target/debug/deps/libcrossbeam_epoch-cebe9333505cdb30.rmeta"],"executable":null,"fresh":true}
{"reason":"compiler-artifact","package_id":"path+file:///mnt/data1/nix/vendor/rust/cargo2nix/submodules/crossbeam/crossbeam-epoch#0.9.18","manifest_path":"/mnt/data1/nix/vendor/rust/cargo2nix/submodules/crossbeam/crossbeam-epoch/Cargo.toml","target":{"kind":["lib"],"crate_types":["lib"],"name":"crossbeam_epoch","src_path":"/mnt/data1/nix/vendor/rust/cargo2nix/submodules/crossbeam/crossbeam-epoch/src/lib.rs","edition":"2021","doc":true,"doctest":true,"test":true},"profile":{"opt_level":"0","debuginfo":2,"debug_assertions":true,"overflow_checks":true,"test":false},"features":["alloc","std"],"filenames":["/mnt/data1/nix/vendor/rust/cargo2nix/target/debug/deps/libcrossbeam_epoch-af64a1b19457e5bb.rlib","/mnt/data1/nix/vendor/rust/cargo2nix/target/debug/deps/libcrossbeam_epoch-af64a1b19457e5bb.rmeta"],"executable":null,"fresh":true}
{"reason":"build-script-executed","package_id":"path+file:///mnt/data1/nix/vendor/rust/cargo2nix/submodules/json#serde_json@1.0.145","linked_libs":[],"linked_paths":[],"cfgs":["fast_arithmetic=\"64\""],"env":[],"out_dir":"/mnt/data1/nix/vendor/rust/cargo2nix/target/debug/build/serde_json-6c0c81e29ac7183a/out"}
{"reason":"compiler-artifact","package_id":"registry+https://github.com/rust-lang/crates.io-index#crypto-common@0.2.0-rc.5","manifest_path":"/home/mdupont/.cargo/registry/src/index.crates.io-1949cf8c6b5b557f/crypto-common-0.2.0-rc.5/Cargo.toml","target":{"kind":["lib"],"crate_types":["lib"],"name":"crypto_common","src_path":"/home/mdupont/.cargo/registry/src/index.crates.io-1949cf8c6b5b557f/crypto-common-0.2.0-rc.5/src/lib.rs","edition":"2024","doc":true,"doctest":true,"test":true},"profile":{"opt_level":"0","debuginfo":2,"debug_assertions":true,"overflow_checks":true,"test":false},"features":[],"filenames":["/mnt/data1/nix/vendor/rust/cargo2nix/target/debug/deps/libcrypto_common-ead674e9112451b2.rlib","/mnt/data1/nix/vendor/rust/cargo2nix/target/debug/deps/libcrypto_common-ead674e9112451b2.rmeta"],"executable":null,"fresh":true}
{"reason":"compiler-artifact","package_id":"registry+https://github.com/rust-lang/crates.io-index#block-buffer@0.11.0","manifest_path":"/home/mdupont/.cargo/registry/src/index.crates.io-1949cf8c6b5b557f/block-buffer-0.11.0/Cargo.toml","target":{"kind":["lib"],"crate_types":["lib"],"name":"block_buffer","src_path":"/home/mdupont/.cargo/registry/src/index.crates.io-1949cf8c6b5b557f/block-buffer-0.11.0/src/lib.rs","edition":"2024","doc":true,"doctest":true,"test":true},"profile":{"opt_level":"0","debuginfo":2,"debug_assertions":true,"overflow_checks":true,"test":false},"features":[],"filenames":["/mnt/data1/nix/vendor/rust/cargo2nix/target/debug/deps/libblock_buffer-4516300f20c847ec.rlib","/mnt/data1/nix/vendor/rust/cargo2nix/target/debug/deps/libblock_buffer-4516300f20c847ec.rmeta"],"executable":null,"fresh":true}
{"reason":"compiler-artifact","package_id":"path+file:///mnt/data1/nix/vendor/rust/cargo2nix/submodules/tracing/tracing-attributes#0.1.30","manifest_path":"/mnt/data1/nix/vendor/rust/cargo2nix/submodules/tracing/tracing-attributes/Cargo.toml","target":{"kind":["proc-macro"],"crate_types":["proc-macro"],"name":"tracing_attributes","src_path":"/mnt/data1/nix/vendor/rust/cargo2nix/submodules/tracing/tracing-attributes/src/lib.rs","edition":"2018","doc":true,"doctest":true,"test":true},"profile":{"opt_level":"0","debuginfo":0,"debug_assertions":true,"overflow_checks":true,"test":false},"features":[],"filenames":["/mnt/data1/nix/vendor/rust/cargo2nix/target/debug/deps/libtracing_attributes-df728ce8fcb6cbcd.so"],"executable":null,"fresh":true}
{"reason":"compiler-artifact","package_id":"registry+https://github.com/rust-lang/crates.io-index#crypto-bigint@0.5.5","manifest_path":"/home/mdupont/.cargo/registry/src/index.crates.io-1949cf8c6b5b557f/crypto-bigint-0.5.5/Cargo.toml","target":{"kind":["lib"],"crate_types":["lib"],"name":"crypto_bigint","src_path":"/home/mdupont/.cargo/registry/src/index.crates.io-1949cf8c6b5b557f/crypto-bigint-0.5.5/src/lib.rs","edition":"2021","doc":true,"doctest":true,"test":true},"profile":{"opt_level":"0","debuginfo":2,"debug_assertions":true,"overflow_checks":true,"test":false},"features":["generic-array","rand_core","zeroize"],"filenames":["/mnt/data1/nix/vendor/rust/cargo2nix/target/debug/deps/libcrypto_bigint-1a5ce469dffe232f.rlib","/mnt/data1/nix/vendor/rust/cargo2nix/target/debug/deps/libcrypto_bigint-1a5ce469dffe232f.rmeta"],"executable":null,"fresh":true}
{"reason":"compiler-artifact","package_id":"registry+https://github.com/rust-lang/crates.io-index#is-terminal@0.4.17","manifest_path":"/home/mdupont/.cargo/registry/src/index.crates.io-1949cf8c6b5b557f/is-terminal-0.4.17/Cargo.toml","target":{"kind":["lib"],"crate_types":["lib"],"name":"is_terminal","src_path":"/home/mdupont/.cargo/registry/src/index.crates.io-1949cf8c6b5b557f/is-terminal-0.4.17/src/lib.rs","edition":"2018","doc":true,"doctest":true,"test":true},"profile":{"opt_level":"0","debuginfo":2,"debug_assertions":true,"overflow_checks":true,"test":false},"features":[],"filenames":["/mnt/data1/nix/vendor/rust/cargo2nix/target/debug/deps/libis_terminal-54038a17d35b3465.rlib","/mnt/data1/nix/vendor/rust/cargo2nix/target/debug/deps/libis_terminal-54038a17d35b3465.rmeta"],"executable":null,"fresh":true}
{"reason":"compiler-artifact","package_id":"registry+https://github.com/rust-lang/crates.io-index#typeid@1.0.3","manifest_path":"/home/mdupont/.cargo/registry/src/index.crates.io-1949cf8c6b5b557f/typeid-1.0.3/Cargo.toml","target":{"kind":["custom-build"],"crate_types":["bin"],"name":"build-script-build","src_path":"/home/mdupont/.cargo/registry/src/index.crates.io-1949cf8c6b5b557f/typeid-1.0.3/build.rs","edition":"2018","doc":false,"doctest":false,"test":false},"profile":{"opt_level":"0","debuginfo":0,"debug_assertions":true,"overflow_checks":true,"test":false},"features":[],"filenames":["/mnt/data1/nix/vendor/rust/cargo2nix/target/debug/build/typeid-f6fed693391dc248/build-script-build"],"executable":null,"fresh":true}
{"reason":"compiler-artifact","package_id":"registry+https://github.com/rust-lang/crates.io-index#arrayvec@0.7.6","manifest_path":"/home/mdupont/.cargo/registry/src/index.crates.io-1949cf8c6b5b557f/arrayvec-0.7.6/Cargo.toml","target":{"kind":["lib"],"crate_types":["lib"],"name":"arrayvec","src_path":"/home/mdupont/.cargo/registry/src/index.crates.io-1949cf8c6b5b557f/arrayvec-0.7.6/src/lib.rs","edition":"2018","doc":true,"doctest":true,"test":true},"profile":{"opt_level":"0","debuginfo":2,"debug_assertions":true,"overflow_checks":true,"test":false},"features":[],"filenames":["/mnt/data1/nix/vendor/rust/cargo2nix/target/debug/deps/libarrayvec-a5e92737053faea4.rlib","/mnt/data1/nix/vendor/rust/cargo2nix/target/debug/deps/libarrayvec-a5e92737053faea4.rmeta"],"executable":null,"fresh":true}
{"reason":"compiler-artifact","package_id":"registry+https://github.com/rust-lang/crates.io-index#const-oid@0.10.1","manifest_path":"/home/mdupont/.cargo/registry/src/index.crates.io-1949cf8c6b5b557f/const-oid-0.10.1/Cargo.toml","target":{"kind":["lib"],"crate_types":["lib"],"name":"const_oid","src_path":"/home/mdupont/.cargo/registry/src/index.crates.io-1949cf8c6b5b557f/const-oid-0.10.1/src/lib.rs","edition":"2024","doc":true,"doctest":true,"test":true},"profile":{"opt_level":"0","debuginfo":2,"debug_assertions":true,"overflow_checks":true,"test":false},"features":[],"filenames":["/mnt/data1/nix/vendor/rust/cargo2nix/target/debug/deps/libconst_oid-852636d594e8fde8.rlib","/mnt/data1/nix/vendor/rust/cargo2nix/target/debug/deps/libconst_oid-852636d594e8fde8.rmeta"],"executable":null,"fresh":true}
{"reason":"compiler-artifact","package_id":"registry+https://github.com/rust-lang/crates.io-index#simd-adler32@0.3.7","manifest_path":"/home/mdupont/.cargo/registry/src/index.crates.io-1949cf8c6b5b557f/simd-adler32-0.3.7/Cargo.toml","target":{"kind":["lib"],"crate_types":["lib"],"name":"simd_adler32","src_path":"/home/mdupont/.cargo/registry/src/index.crates.io-1949cf8c6b5b557f/simd-adler32-0.3.7/src/lib.rs","edition":"2018","doc":true,"doctest":true,"test":true},"profile":{"opt_level":"0","debuginfo":2,"debug_assertions":true,"overflow_checks":true,"test":false},"features":[],"filenames":["/mnt/data1/nix/vendor/rust/cargo2nix/target/debug/deps/libsimd_adler32-7e86869667b7f5a3.rlib","/mnt/data1/nix/vendor/rust/cargo2nix/target/debug/deps/libsimd_adler32-7e86869667b7f5a3.rmeta"],"executable":null,"fresh":true}
{"reason":"compiler-artifact","package_id":"path+file:///mnt/data1/nix/vendor/rust/cargo2nix/submodules/anstyle/crates/anstyle#1.0.13","manifest_path":"/mnt/data1/nix/vendor/rust/cargo2nix/submodules/anstyle/crates/anstyle/Cargo.toml","target":{"kind":["lib"],"crate_types":["lib"],"name":"anstyle","src_path":"/mnt/data1/nix/vendor/rust/cargo2nix/submodules/anstyle/crates/anstyle/src/lib.rs","edition":"2024","doc":true,"doctest":true,"test":true},"profile":{"opt_level":"0","debuginfo":2,"debug_assertions":true,"overflow_checks":true,"test":false},"features":["default","std"],"filenames":["/mnt/data1/nix/vendor/rust/cargo2nix/target/debug/deps/libanstyle-569cd11e8e999ee3.rlib","/mnt/data1/nix/vendor/rust/cargo2nix/target/debug/deps/libanstyle-569cd11e8e999ee3.rmeta"],"executable":null,"fresh":true}
{"reason":"compiler-artifact","package_id":"path+file:///mnt/data1/nix/vendor/rust/cargo2nix/submodules/gitoxide/gix-features#0.44.1","manifest_path":"/mnt/data1/nix/vendor/rust/cargo2nix/submodules/gitoxide/gix-features/Cargo.toml","target":{"kind":["lib"],"crate_types":["lib"],"name":"gix_features","src_path":"/mnt/data1/nix/vendor/rust/cargo2nix/submodules/gitoxide/gix-features/src/lib.rs","edition":"2021","doc":true,"doctest":false,"test":false},"profile":{"opt_level":"0","debuginfo":2,"debug_assertions":true,"overflow_checks":true,"test":false},"features":["crc32","default","fs-read-dir","io-pipe","once_cell","parallel","prodash","progress","progress-unit-bytes","progress-unit-human-numbers","walkdir","zlib"],"filenames":["/mnt/data1/nix/vendor/rust/cargo2nix/target/debug/deps/libgix_features-52d7fcf566be8ca8.rlib","/mnt/data1/nix/vendor/rust/cargo2nix/target/debug/deps/libgix_features-52d7fcf566be8ca8.rmeta"],"executable":null,"fresh":true}
{"reason":"compiler-artifact","package_id":"path+file:///mnt/data1/nix/vendor/rust/cargo2nix/submodules/gitoxide/gix-config-value#0.15.3","manifest_path":"/mnt/data1/nix/vendor/rust/cargo2nix/submodules/gitoxide/gix-config-value/Cargo.toml","target":{"kind":["lib"],"crate_types":["lib"],"name":"gix_config_value","src_path":"/mnt/data1/nix/vendor/rust/cargo2nix/submodules/gitoxide/gix-config-value/src/lib.rs","edition":"2021","doc":true,"doctest":false,"test":true},"profile":{"opt_level":"0","debuginfo":2,"debug_assertions":true,"overflow_checks":true,"test":false},"features":[],"filenames":["/mnt/data1/nix/vendor/rust/cargo2nix/target/debug/deps/libgix_config_value-24930267aabd36cd.rlib","/mnt/data1/nix/vendor/rust/cargo2nix/target/debug/deps/libgix_config_value-24930267aabd36cd.rmeta"],"executable":null,"fresh":true}
{"reason":"compiler-artifact","package_id":"path+file:///mnt/data1/nix/vendor/rust/cargo2nix/submodules/gitoxide/gix-command#0.6.3","manifest_path":"/mnt/data1/nix/vendor/rust/cargo2nix/submodules/gitoxide/gix-command/Cargo.toml","target":{"kind":["lib"],"crate_types":["lib"],"name":"gix_command","src_path":"/mnt/data1/nix/vendor/rust/cargo2nix/submodules/gitoxide/gix-command/src/lib.rs","edition":"2021","doc":true,"doctest":false,"test":true},"profile":{"opt_level":"0","debuginfo":2,"debug_assertions":true,"overflow_checks":true,"test":false},"features":[],"filenames":["/mnt/data1/nix/vendor/rust/cargo2nix/target/debug/deps/libgix_command-d5a201bce1c1a8f0.rlib","/mnt/data1/nix/vendor/rust/cargo2nix/target/debug/deps/libgix_command-d5a201bce1c1a8f0.rmeta"],"executable":null,"fresh":true}
{"reason":"build-script-executed","package_id":"path+file:///mnt/data1/nix/vendor/rust/cargo2nix/submodules/curl-rust/curl-sys#0.4.84+curl-8.17.0","linked_libs":["curl"],"linked_paths":["native=/nix/store/g3vj4z918zal30klpdd9papkavis01sh-curl-8.14.1/lib"],"cfgs":[],"env":[],"out_dir":"/mnt/data1/nix/vendor/rust/cargo2nix/target/debug/build/curl-sys-eaa60d411e4e183a/out"}
{"reason":"compiler-artifact","package_id":"registry+https://github.com/rust-lang/crates.io-index#libz-sys@1.1.23","manifest_path":"/home/mdupont/.cargo/registry/src/index.crates.io-1949cf8c6b5b557f/libz-sys-1.1.23/Cargo.toml","target":{"kind":["lib"],"crate_types":["lib"],"name":"libz_sys","src_path":"/home/mdupont/.cargo/registry/src/index.crates.io-1949cf8c6b5b557f/libz-sys-1.1.23/src/lib.rs","edition":"2018","doc":true,"doctest":true,"test":true},"profile":{"opt_level":"0","debuginfo":2,"debug_assertions":true,"overflow_checks":true,"test":false},"features":["libc"],"filenames":["/mnt/data1/nix/vendor/rust/cargo2nix/target/debug/deps/liblibz_sys-f381509691c122f8.rlib","/mnt/data1/nix/vendor/rust/cargo2nix/target/debug/deps/liblibz_sys-f381509691c122f8.rmeta"],"executable":null,"fresh":true}
{"reason":"compiler-artifact","package_id":"registry+https://github.com/rust-lang/crates.io-index#libnghttp2-sys@0.1.11+1.64.0","manifest_path":"/home/mdupont/.cargo/registry/src/index.crates.io-1949cf8c6b5b557f/libnghttp2-sys-0.1.11+1.64.0/Cargo.toml","target":{"kind":["lib"],"crate_types":["lib"],"name":"libnghttp2_sys","src_path":"/home/mdupont/.cargo/registry/src/index.crates.io-1949cf8c6b5b557f/libnghttp2-sys-0.1.11+1.64.0/src/lib.rs","edition":"2015","doc":true,"doctest":false,"test":true},"profile":{"opt_level":"0","debuginfo":2,"debug_assertions":true,"overflow_checks":true,"test":false},"features":[],"filenames":["/mnt/data1/nix/vendor/rust/cargo2nix/target/debug/deps/liblibnghttp2_sys-7b8a078488240f2c.rlib","/mnt/data1/nix/vendor/rust/cargo2nix/target/debug/deps/liblibnghttp2_sys-7b8a078488240f2c.rmeta"],"executable":null,"fresh":true}
{"reason":"compiler-artifact","package_id":"registry+https://github.com/rust-lang/crates.io-index#openssl-sys@0.9.111","manifest_path":"/home/mdupont/.cargo/registry/src/index.crates.io-1949cf8c6b5b557f/openssl-sys-0.9.111/Cargo.toml","target":{"kind":["lib"],"crate_types":["lib"],"name":"openssl_sys","src_path":"/home/mdupont/.cargo/registry/src/index.crates.io-1949cf8c6b5b557f/openssl-sys-0.9.111/src/lib.rs","edition":"2021","doc":true,"doctest":true,"test":true},"profile":{"opt_level":"0","debuginfo":2,"debug_assertions":true,"overflow_checks":true,"test":false},"features":[],"filenames":["/mnt/data1/nix/vendor/rust/cargo2nix/target/debug/deps/libopenssl_sys-f83bac54cf8123bf.rlib","/mnt/data1/nix/vendor/rust/cargo2nix/target/debug/deps/libopenssl_sys-f83bac54cf8123bf.rmeta"],"executable":null,"fresh":true}
{"reason":"compiler-artifact","package_id":"path+file:///mnt/data1/nix/vendor/rust/cargo2nix/submodules/rust-url/idna#1.1.0","manifest_path":"/mnt/data1/nix/vendor/rust/cargo2nix/submodules/rust-url/idna/Cargo.toml","target":{"kind":["lib"],"crate_types":["lib"],"name":"idna","src_path":"/mnt/data1/nix/vendor/rust/cargo2nix/submodules/rust-url/idna/src/lib.rs","edition":"2018","doc":true,"doctest":false,"test":true},"profile":{"opt_level":"0","debuginfo":2,"debug_assertions":true,"overflow_checks":true,"test":false},"features":["alloc","compiled_data","std"],"filenames":["/mnt/data1/nix/vendor/rust/cargo2nix/target/debug/deps/libidna-0a0d9661136b4b11.rlib","/mnt/data1/nix/vendor/rust/cargo2nix/target/debug/deps/libidna-0a0d9661136b4b11.rmeta"],"executable":null,"fresh":true}
{"reason":"compiler-artifact","package_id":"registry+https://github.com/rust-lang/crates.io-index#sec1@0.7.3","manifest_path":"/home/mdupont/.cargo/registry/src/index.crates.io-1949cf8c6b5b557f/sec1-0.7.3/Cargo.toml","target":{"kind":["lib"],"crate_types":["lib"],"name":"sec1","src_path":"/home/mdupont/.cargo/registry/src/index.crates.io-1949cf8c6b5b557f/sec1-0.7.3/src/lib.rs","edition":"2021","doc":true,"doctest":true,"test":true},"profile":{"opt_level":"0","debuginfo":2,"debug_assertions":true,"overflow_checks":true,"test":false},"features":["alloc","default","der","pem","pkcs8","point","std","subtle","zeroize"],"filenames":["/mnt/data1/nix/vendor/rust/cargo2nix/target/debug/deps/libsec1-349fbb5b16ffdc4b.rlib","/mnt/data1/nix/vendor/rust/cargo2nix/target/debug/deps/libsec1-349fbb5b16ffdc4b.rmeta"],"executable":null,"fresh":true}
{"reason":"compiler-artifact","package_id":"path+file:///mnt/data1/nix/vendor/rust/cargo2nix/submodules/libc#0.2.175","manifest_path":"/mnt/data1/nix/vendor/rust/cargo2nix/submodules/libc/Cargo.toml","target":{"kind":["custom-build"],"crate_types":["bin"],"name":"build-script-build","src_path":"/mnt/data1/nix/vendor/rust/cargo2nix/submodules/libc/build.rs","edition":"2021","doc":false,"doctest":false,"test":false},"profile":{"opt_level":"0","debuginfo":0,"debug_assertions":true,"overflow_checks":true,"test":false},"features":["default","extra_traits","std"],"filenames":["/mnt/data1/nix/vendor/rust/cargo2nix/target/debug/build/libc-f172682e19dc9b35/build-script-build"],"executable":null,"fresh":true}
{"reason":"compiler-artifact","package_id":"registry+https://github.com/rust-lang/crates.io-index#powerfmt@0.2.0","manifest_path":"/home/mdupont/.cargo/registry/src/index.crates.io-1949cf8c6b5b557f/powerfmt-0.2.0/Cargo.toml","target":{"kind":["lib"],"crate_types":["lib"],"name":"powerfmt","src_path":"/home/mdupont/.cargo/registry/src/index.crates.io-1949cf8c6b5b557f/powerfmt-0.2.0/src/lib.rs","edition":"2021","doc":true,"doctest":true,"test":true},"profile":{"opt_level":"0","debuginfo":2,"debug_assertions":true,"overflow_checks":true,"test":false},"features":[],"filenames":["/mnt/data1/nix/vendor/rust/cargo2nix/target/debug/deps/libpowerfmt-72131029f4938bbd.rlib","/mnt/data1/nix/vendor/rust/cargo2nix/target/debug/deps/libpowerfmt-72131029f4938bbd.rmeta"],"executable":null,"fresh":true}
{"reason":"compiler-artifact","package_id":"registry+https://github.com/rust-lang/crates.io-index#utf8parse@0.2.2","manifest_path":"/home/mdupont/.cargo/registry/src/index.crates.io-1949cf8c6b5b557f/utf8parse-0.2.2/Cargo.toml","target":{"kind":["lib"],"crate_types":["lib"],"name":"utf8parse","src_path":"/home/mdupont/.cargo/registry/src/index.crates.io-1949cf8c6b5b557f/utf8parse-0.2.2/src/lib.rs","edition":"2018","doc":true,"doctest":true,"test":true},"profile":{"opt_level":"0","debuginfo":2,"debug_assertions":true,"overflow_checks":true,"test":false},"features":["default"],"filenames":["/mnt/data1/nix/vendor/rust/cargo2nix/target/debug/deps/libutf8parse-97e8d7c35760ee10.rlib","/mnt/data1/nix/vendor/rust/cargo2nix/target/debug/deps/libutf8parse-97e8d7c35760ee10.rmeta"],"executable":null,"fresh":true}
{"reason":"compiler-artifact","package_id":"registry+https://github.com/rust-lang/crates.io-index#pin-project-lite@0.2.16","manifest_path":"/home/mdupont/.cargo/registry/src/index.crates.io-1949cf8c6b5b557f/pin-project-lite-0.2.16/Cargo.toml","target":{"kind":["lib"],"crate_types":["lib"],"name":"pin_project_lite","src_path":"/home/mdupont/.cargo/registry/src/index.crates.io-1949cf8c6b5b557f/pin-project-lite-0.2.16/src/lib.rs","edition":"2018","doc":true,"doctest":true,"test":true},"profile":{"opt_level":"0","debuginfo":2,"debug_assertions":true,"overflow_checks":true,"test":false},"features":[],"filenames":["/mnt/data1/nix/vendor/rust/cargo2nix/target/debug/deps/libpin_project_lite-8ceaaa5d1655a324.rlib","/mnt/data1/nix/vendor/rust/cargo2nix/target/debug/deps/libpin_project_lite-8ceaaa5d1655a324.rmeta"],"executable":null,"fresh":true}
{"reason":"compiler-artifact","package_id":"path+file:///mnt/data1/nix/vendor/rust/cargo2nix/submodules/anyhow#1.0.100","manifest_path":"/mnt/data1/nix/vendor/rust/cargo2nix/submodules/anyhow/Cargo.toml","target":{"kind":["custom-build"],"crate_types":["bin"],"name":"build-script-build","src_path":"/mnt/data1/nix/vendor/rust/cargo2nix/submodules/anyhow/build.rs","edition":"2018","doc":false,"doctest":false,"test":false},"profile":{"opt_level":"0","debuginfo":0,"debug_assertions":true,"overflow_checks":true,"test":false},"features":["default","std"],"filenames":["/mnt/data1/nix/vendor/rust/cargo2nix/target/debug/build/anyhow-612abe70f0c1e212/build-script-build"],"executable":null,"fresh":true}
{"reason":"compiler-artifact","package_id":"registry+https://github.com/rust-lang/crates.io-index#adler2@2.0.1","manifest_path":"/home/mdupont/.cargo/registry/src/index.crates.io-1949cf8c6b5b557f/adler2-2.0.1/Cargo.toml","target":{"kind":["lib"],"crate_types":["lib"],"name":"adler2","src_path":"/home/mdupont/.cargo/registry/src/index.crates.io-1949cf8c6b5b557f/adler2-2.0.1/src/lib.rs","edition":"2021","doc":true,"doctest":true,"test":true},"profile":{"opt_level":"0","debuginfo":2,"debug_assertions":true,"overflow_checks":true,"test":false},"features":[],"filenames":["/mnt/data1/nix/vendor/rust/cargo2nix/target/debug/deps/libadler2-1564889e441177fd.rlib","/mnt/data1/nix/vendor/rust/cargo2nix/target/debug/deps/libadler2-1564889e441177fd.rmeta"],"executable":null,"fresh":true}
{"reason":"compiler-artifact","package_id":"path+file:///mnt/data1/nix/vendor/rust/cargo2nix/submodules/rayon/rayon-core#1.13.0","manifest_path":"/mnt/data1/nix/vendor/rust/cargo2nix/submodules/rayon/rayon-core/Cargo.toml","target":{"kind":["custom-build"],"crate_types":["bin"],"name":"build-script-build","src_path":"/mnt/data1/nix/vendor/rust/cargo2nix/submodules/rayon/rayon-core/build.rs","edition":"2024","doc":false,"doctest":false,"test":false},"profile":{"opt_level":"0","debuginfo":0,"debug_assertions":true,"overflow_checks":true,"test":false},"features":[],"filenames":["/mnt/data1/nix/vendor/rust/cargo2nix/target/debug/build/rayon-core-ee883b8bb5ce3266/build-script-build"],"executable":null,"fresh":true}
{"reason":"compiler-artifact","package_id":"registry+https://github.com/rust-lang/crates.io-index#serde_json@1.0.145","manifest_path":"/home/mdupont/.cargo/registry/src/index.crates.io-1949cf8c6b5b557f/serde_json-1.0.145/Cargo.toml","target":{"kind":["custom-build"],"crate_types":["bin"],"name":"build-script-build","src_path":"/home/mdupont/.cargo/registry/src/index.crates.io-1949cf8c6b5b557f/serde_json-1.0.145/build.rs","edition":"2021","doc":false,"doctest":false,"test":false},"profile":{"opt_level":"0","debuginfo":0,"debug_assertions":true,"overflow_checks":true,"test":false},"features":["default","std"],"filenames":["/mnt/data1/nix/vendor/rust/cargo2nix/target/debug/build/serde_json-a61f8fdb2e20bb60/build-script-build"],"executable":null,"fresh":true}
{"reason":"compiler-artifact","package_id":"path+file:///mnt/data1/nix/vendor/rust/cargo2nix/submodules/crossbeam/crossbeam-deque#0.8.6","manifest_path":"/mnt/data1/nix/vendor/rust/cargo2nix/submodules/crossbeam/crossbeam-deque/Cargo.toml","target":{"kind":["lib"],"crate_types":["lib"],"name":"crossbeam_deque","src_path":"/mnt/data1/nix/vendor/rust/cargo2nix/submodules/crossbeam/crossbeam-deque/src/lib.rs","edition":"2021","doc":true,"doctest":true,"test":true},"profile":{"opt_level":"0","debuginfo":2,"debug_assertions":true,"overflow_checks":true,"test":false},"features":["default","std"],"filenames":["/mnt/data1/nix/vendor/rust/cargo2nix/target/debug/deps/libcrossbeam_deque-2114605490f9e7ba.rlib","/mnt/data1/nix/vendor/rust/cargo2nix/target/debug/deps/libcrossbeam_deque-2114605490f9e7ba.rmeta"],"executable":null,"fresh":true}
{"reason":"compiler-artifact","package_id":"registry+https://github.com/rust-lang/crates.io-index#is_terminal_polyfill@1.48.2","manifest_path":"/home/mdupont/.cargo/registry/src/index.crates.io-1949cf8c6b5b557f/is_terminal_polyfill-1.48.2/Cargo.toml","target":{"kind":["lib"],"crate_types":["lib"],"name":"is_terminal_polyfill","src_path":"/home/mdupont/.cargo/registry/src/index.crates.io-1949cf8c6b5b557f/is_terminal_polyfill-1.48.2/src/lib.rs","edition":"2018","doc":true,"doctest":true,"test":true},"profile":{"opt_level":"0","debuginfo":2,"debug_assertions":true,"overflow_checks":true,"test":false},"features":["default"],"filenames":["/mnt/data1/nix/vendor/rust/cargo2nix/target/debug/deps/libis_terminal_polyfill-1a06c3037dba17e6.rlib","/mnt/data1/nix/vendor/rust/cargo2nix/target/debug/deps/libis_terminal_polyfill-1a06c3037dba17e6.rmeta"],"executable":null,"fresh":true}
{"reason":"compiler-artifact","package_id":"path+file:///mnt/data1/nix/vendor/rust/cargo2nix/submodules/json#serde_json@1.0.145","manifest_path":"/mnt/data1/nix/vendor/rust/cargo2nix/submodules/json/Cargo.toml","target":{"kind":["lib"],"crate_types":["lib"],"name":"serde_json","src_path":"/mnt/data1/nix/vendor/rust/cargo2nix/submodules/json/src/lib.rs","edition":"2021","doc":true,"doctest":true,"test":true},"profile":{"opt_level":"0","debuginfo":2,"debug_assertions":true,"overflow_checks":true,"test":false},"features":["default","raw_value","std"],"filenames":["/mnt/data1/nix/vendor/rust/cargo2nix/target/debug/deps/libserde_json-d6f77b688db9d798.rlib","/mnt/data1/nix/vendor/rust/cargo2nix/target/debug/deps/libserde_json-d6f77b688db9d798.rmeta"],"executable":null,"fresh":true}
{"reason":"build-script-executed","package_id":"registry+https://github.com/rust-lang/crates.io-index#typeid@1.0.3","linked_libs":[],"linked_paths":[],"cfgs":[],"env":[],"out_dir":"/mnt/data1/nix/vendor/rust/cargo2nix/target/debug/build/typeid-1abeee25eaf7e01b/out"}
{"reason":"compiler-artifact","package_id":"registry+https://github.com/rust-lang/crates.io-index#phf_codegen@0.11.2","manifest_path":"/home/mdupont/.cargo/registry/src/index.crates.io-1949cf8c6b5b557f/phf_codegen-0.11.2/Cargo.toml","target":{"kind":["lib"],"crate_types":["lib"],"name":"phf_codegen","src_path":"/home/mdupont/.cargo/registry/src/index.crates.io-1949cf8c6b5b557f/phf_codegen-0.11.2/src/lib.rs","edition":"2021","doc":true,"doctest":true,"test":true},"profile":{"opt_level":"0","debuginfo":0,"debug_assertions":true,"overflow_checks":true,"test":false},"features":[],"filenames":["/mnt/data1/nix/vendor/rust/cargo2nix/target/debug/deps/libphf_codegen-9172bde067592558.rlib","/mnt/data1/nix/vendor/rust/cargo2nix/target/debug/deps/libphf_codegen-9172bde067592558.rmeta"],"executable":null,"fresh":true}
{"reason":"compiler-artifact","package_id":"registry+https://github.com/rust-lang/crates.io-index#digest@0.11.0-rc.4","manifest_path":"/home/mdupont/.cargo/registry/src/index.crates.io-1949cf8c6b5b557f/digest-0.11.0-rc.4/Cargo.toml","target":{"kind":["lib"],"crate_types":["lib"],"name":"digest","src_path":"/home/mdupont/.cargo/registry/src/index.crates.io-1949cf8c6b5b557f/digest-0.11.0-rc.4/src/lib.rs","edition":"2024","doc":true,"doctest":true,"test":true},"profile":{"opt_level":"0","debuginfo":2,"debug_assertions":true,"overflow_checks":true,"test":false},"features":["alloc","block-api","block-buffer","const-oid","default","mac","oid","subtle"],"filenames":["/mnt/data1/nix/vendor/rust/cargo2nix/target/debug/deps/libdigest-1b340134d1b4f025.rlib","/mnt/data1/nix/vendor/rust/cargo2nix/target/debug/deps/libdigest-1b340134d1b4f025.rmeta"],"executable":null,"fresh":true}
{"reason":"compiler-artifact","package_id":"registry+https://github.com/rust-lang/crates.io-index#rustix@1.1.2","manifest_path":"/home/mdupont/.cargo/registry/src/index.crates.io-1949cf8c6b5b557f/rustix-1.1.2/Cargo.toml","target":{"kind":["lib"],"crate_types":["lib"],"name":"rustix","src_path":"/home/mdupont/.cargo/registry/src/index.crates.io-1949cf8c6b5b557f/rustix-1.1.2/src/lib.rs","edition":"2021","doc":true,"doctest":true,"test":true},"profile":{"opt_level":"0","debuginfo":0,"debug_assertions":true,"overflow_checks":true,"test":false},"features":["alloc","fs","std"],"filenames":["/mnt/data1/nix/vendor/rust/cargo2nix/target/debug/deps/librustix-3a337bd41066ec8d.rlib","/mnt/data1/nix/vendor/rust/cargo2nix/target/debug/deps/librustix-3a337bd41066ec8d.rmeta"],"executable":null,"fresh":true}
{"reason":"compiler-artifact","package_id":"path+file:///mnt/data1/nix/vendor/rust/cargo2nix/submodules/gitoxide/gix-hash#0.20.1","manifest_path":"/mnt/data1/nix/vendor/rust/cargo2nix/submodules/gitoxide/gix-hash/Cargo.toml","target":{"kind":["lib"],"crate_types":["lib"],"name":"gix_hash","src_path":"/mnt/data1/nix/vendor/rust/cargo2nix/submodules/gitoxide/gix-hash/src/lib.rs","edition":"2021","doc":true,"doctest":false,"test":false},"profile":{"opt_level":"0","debuginfo":2,"debug_assertions":true,"overflow_checks":true,"test":false},"features":["default","sha1"],"filenames":["/mnt/data1/nix/vendor/rust/cargo2nix/target/debug/deps/libgix_hash-c63c806f63360ad6.rlib","/mnt/data1/nix/vendor/rust/cargo2nix/target/debug/deps/libgix_hash-c63c806f63360ad6.rmeta"],"executable":null,"fresh":true}
{"reason":"compiler-artifact","package_id":"path+file:///mnt/data1/nix/vendor/rust/cargo2nix/submodules/gitoxide/gix-fs#0.17.0","manifest_path":"/mnt/data1/nix/vendor/rust/cargo2nix/submodules/gitoxide/gix-fs/Cargo.toml","target":{"kind":["lib"],"crate_types":["lib"],"name":"gix_fs","src_path":"/mnt/data1/nix/vendor/rust/cargo2nix/submodules/gitoxide/gix-fs/src/lib.rs","edition":"2021","doc":true,"doctest":false,"test":true},"profile":{"opt_level":"0","debuginfo":2,"debug_assertions":true,"overflow_checks":true,"test":false},"features":[],"filenames":["/mnt/data1/nix/vendor/rust/cargo2nix/target/debug/deps/libgix_fs-e6e1ed704eafe8a2.rlib","/mnt/data1/nix/vendor/rust/cargo2nix/target/debug/deps/libgix_fs-e6e1ed704eafe8a2.rmeta"],"executable":null,"fresh":true}
{"reason":"compiler-artifact","package_id":"path+file:///mnt/data1/nix/vendor/rust/cargo2nix/submodules/gitoxide/gix-glob#0.22.1","manifest_path":"/mnt/data1/nix/vendor/rust/cargo2nix/submodules/gitoxide/gix-glob/Cargo.toml","target":{"kind":["lib"],"crate_types":["lib"],"name":"gix_glob","src_path":"/mnt/data1/nix/vendor/rust/cargo2nix/submodules/gitoxide/gix-glob/src/lib.rs","edition":"2021","doc":true,"doctest":false,"test":true},"profile":{"opt_level":"0","debuginfo":2,"debug_assertions":true,"overflow_checks":true,"test":false},"features":[],"filenames":["/mnt/data1/nix/vendor/rust/cargo2nix/target/debug/deps/libgix_glob-b2b2c7746f180c0b.rlib","/mnt/data1/nix/vendor/rust/cargo2nix/target/debug/deps/libgix_glob-b2b2c7746f180c0b.rmeta"],"executable":null,"fresh":true}
{"reason":"build-script-executed","package_id":"path+file:///mnt/data1/nix/vendor/rust/cargo2nix/submodules/curl-rust#curl@0.4.49","linked_libs":[],"linked_paths":[],"cfgs":[],"env":[],"out_dir":"/mnt/data1/nix/vendor/rust/cargo2nix/target/debug/build/curl-bd9996d530b4e793/out"}
{"reason":"compiler-artifact","package_id":"path+file:///mnt/data1/nix/vendor/rust/cargo2nix/submodules/curl-rust/curl-sys#0.4.84+curl-8.17.0","manifest_path":"/mnt/data1/nix/vendor/rust/cargo2nix/submodules/curl-rust/curl-sys/Cargo.toml","target":{"kind":["lib"],"crate_types":["lib"],"name":"curl_sys","src_path":"/mnt/data1/nix/vendor/rust/cargo2nix/submodules/curl-rust/curl-sys/lib.rs","edition":"2018","doc":true,"doctest":true,"test":true},"profile":{"opt_level":"0","debuginfo":2,"debug_assertions":true,"overflow_checks":true,"test":false},"features":["default","http2","libnghttp2-sys","openssl-sys","ssl"],"filenames":["/mnt/data1/nix/vendor/rust/cargo2nix/target/debug/deps/libcurl_sys-d43ff4181c59182c.rlib","/mnt/data1/nix/vendor/rust/cargo2nix/target/debug/deps/libcurl_sys-d43ff4181c59182c.rmeta"],"executable":null,"fresh":true}
{"reason":"compiler-artifact","package_id":"path+file:///mnt/data1/nix/vendor/rust/cargo2nix/submodules/gitoxide/gix-url#0.33.2","manifest_path":"/mnt/data1/nix/vendor/rust/cargo2nix/submodules/gitoxide/gix-url/Cargo.toml","target":{"kind":["lib"],"crate_types":["lib"],"name":"gix_url","src_path":"/mnt/data1/nix/vendor/rust/cargo2nix/submodules/gitoxide/gix-url/src/lib.rs","edition":"2021","doc":true,"doctest":false,"test":true},"profile":{"opt_level":"0","debuginfo":2,"debug_assertions":true,"overflow_checks":true,"test":false},"features":[],"filenames":["/mnt/data1/nix/vendor/rust/cargo2nix/target/debug/deps/libgix_url-d79d9db7c69d6bf4.rlib","/mnt/data1/nix/vendor/rust/cargo2nix/target/debug/deps/libgix_url-d79d9db7c69d6bf4.rmeta"],"executable":null,"fresh":true}
{"reason":"compiler-artifact","package_id":"path+file:///mnt/data1/nix/vendor/rust/cargo2nix/submodules/anstyle/crates/anstyle-parse#0.2.7","manifest_path":"/mnt/data1/nix/vendor/rust/cargo2nix/submodules/anstyle/crates/anstyle-parse/Cargo.toml","target":{"kind":["lib"],"crate_types":["lib"],"name":"anstyle_parse","src_path":"/mnt/data1/nix/vendor/rust/cargo2nix/submodules/anstyle/crates/anstyle-parse/src/lib.rs","edition":"2024","doc":true,"doctest":true,"test":true},"profile":{"opt_level":"0","debuginfo":2,"debug_assertions":true,"overflow_checks":true,"test":false},"features":["default","utf8"],"filenames":["/mnt/data1/nix/vendor/rust/cargo2nix/target/debug/deps/libanstyle_parse-d9388cf7c28688b1.rlib","/mnt/data1/nix/vendor/rust/cargo2nix/target/debug/deps/libanstyle_parse-d9388cf7c28688b1.rmeta"],"executable":null,"fresh":true}
{"reason":"compiler-artifact","package_id":"registry+https://github.com/rust-lang/crates.io-index#miniz_oxide@0.8.9","manifest_path":"/home/mdupont/.cargo/registry/src/index.crates.io-1949cf8c6b5b557f/miniz_oxide-0.8.9/Cargo.toml","target":{"kind":["lib"],"crate_types":["lib"],"name":"miniz_oxide","src_path":"/home/mdupont/.cargo/registry/src/index.crates.io-1949cf8c6b5b557f/miniz_oxide-0.8.9/src/lib.rs","edition":"2021","doc":true,"doctest":true,"test":true},"profile":{"opt_level":"0","debuginfo":2,"debug_assertions":true,"overflow_checks":true,"test":false},"features":["simd","simd-adler32","with-alloc"],"filenames":["/mnt/data1/nix/vendor/rust/cargo2nix/target/debug/deps/libminiz_oxide-ee02082e0becbd9c.rlib","/mnt/data1/nix/vendor/rust/cargo2nix/target/debug/deps/libminiz_oxide-ee02082e0becbd9c.rmeta"],"executable":null,"fresh":true}
{"reason":"compiler-artifact","package_id":"path+file:///mnt/data1/nix/vendor/rust/cargo2nix/submodules/tracing/tracing#0.1.41","manifest_path":"/mnt/data1/nix/vendor/rust/cargo2nix/submodules/tracing/tracing/Cargo.toml","target":{"kind":["lib"],"crate_types":["lib"],"name":"tracing","src_path":"/mnt/data1/nix/vendor/rust/cargo2nix/submodules/tracing/tracing/src/lib.rs","edition":"2018","doc":true,"doctest":true,"test":true},"profile":{"opt_level":"0","debuginfo":2,"debug_assertions":true,"overflow_checks":true,"test":false},"features":["attributes","default","std","tracing-attributes"],"filenames":["/mnt/data1/nix/vendor/rust/cargo2nix/target/debug/deps/libtracing-fe007c4d761a1a5f.rlib","/mnt/data1/nix/vendor/rust/cargo2nix/target/debug/deps/libtracing-fe007c4d761a1a5f.rmeta"],"executable":null,"fresh":true}
{"reason":"compiler-artifact","package_id":"registry+https://github.com/rust-lang/crates.io-index#elliptic-curve@0.13.8","manifest_path":"/home/mdupont/.cargo/registry/src/index.crates.io-1949cf8c6b5b557f/elliptic-curve-0.13.8/Cargo.toml","target":{"kind":["lib"],"crate_types":["lib"],"name":"elliptic_curve","src_path":"/home/mdupont/.cargo/registry/src/index.crates.io-1949cf8c6b5b557f/elliptic-curve-0.13.8/src/lib.rs","edition":"2021","doc":true,"doctest":true,"test":true},"profile":{"opt_level":"0","debuginfo":2,"debug_assertions":true,"overflow_checks":true,"test":false},"features":["alloc","arithmetic","digest","ecdh","ff","group","hazmat","pem","pkcs8","sec1","std"],"filenames":["/mnt/data1/nix/vendor/rust/cargo2nix/target/debug/deps/libelliptic_curve-2884178392ba1a14.rlib","/mnt/data1/nix/vendor/rust/cargo2nix/target/debug/deps/libelliptic_curve-2884178392ba1a14.rmeta"],"executable":null,"fresh":true}
{"reason":"compiler-artifact","package_id":"path+file:///mnt/data1/nix/vendor/rust/cargo2nix/submodules/gitoxide/gix-prompt#0.11.2","manifest_path":"/mnt/data1/nix/vendor/rust/cargo2nix/submodules/gitoxide/gix-prompt/Cargo.toml","target":{"kind":["lib"],"crate_types":["lib"],"name":"gix_prompt","src_path":"/mnt/data1/nix/vendor/rust/cargo2nix/submodules/gitoxide/gix-prompt/src/lib.rs","edition":"2021","doc":true,"doctest":false,"test":true},"profile":{"opt_level":"0","debuginfo":2,"debug_assertions":true,"overflow_checks":true,"test":false},"features":[],"filenames":["/mnt/data1/nix/vendor/rust/cargo2nix/target/debug/deps/libgix_prompt-a5e3abcc9d30abed.rlib","/mnt/data1/nix/vendor/rust/cargo2nix/target/debug/deps/libgix_prompt-a5e3abcc9d30abed.rmeta"],"executable":null,"fresh":true}
{"reason":"compiler-artifact","package_id":"registry+https://github.com/rust-lang/crates.io-index#deranged@0.5.5","manifest_path":"/home/mdupont/.cargo/registry/src/index.crates.io-1949cf8c6b5b557f/deranged-0.5.5/Cargo.toml","target":{"kind":["lib"],"crate_types":["lib"],"name":"deranged","src_path":"/home/mdupont/.cargo/registry/src/index.crates.io-1949cf8c6b5b557f/deranged-0.5.5/src/lib.rs","edition":"2021","doc":true,"doctest":true,"test":true},"profile":{"opt_level":"0","debuginfo":2,"debug_assertions":true,"overflow_checks":true,"test":false},"features":["default","powerfmt","serde"],"filenames":["/mnt/data1/nix/vendor/rust/cargo2nix/target/debug/deps/libderanged-873c28ae063a305e.rlib","/mnt/data1/nix/vendor/rust/cargo2nix/target/debug/deps/libderanged-873c28ae063a305e.rmeta"],"executable":null,"fresh":true}
{"reason":"build-script-executed","package_id":"path+file:///mnt/data1/nix/vendor/rust/cargo2nix/submodules/libc#0.2.175","linked_libs":[],"linked_paths":[],"cfgs":["freebsd11","libc_const_extern_fn"],"env":[],"out_dir":"/mnt/data1/nix/vendor/rust/cargo2nix/target/debug/build/libc-13d7fa6760ecb9e6/out"}
{"reason":"build-script-executed","package_id":"path+file:///mnt/data1/nix/vendor/rust/cargo2nix/submodules/rayon/rayon-core#1.13.0","linked_libs":[],"linked_paths":[],"cfgs":[],"env":[],"out_dir":"/mnt/data1/nix/vendor/rust/cargo2nix/target/debug/build/rayon-core-be6a979d0505e223/out"}
{"reason":"build-script-executed","package_id":"path+file:///mnt/data1/nix/vendor/rust/cargo2nix/submodules/anyhow#1.0.100","linked_libs":[],"linked_paths":[],"cfgs":["std_backtrace","error_generic_member_access"],"env":[],"out_dir":"/mnt/data1/nix/vendor/rust/cargo2nix/target/debug/build/anyhow-48189358c1309d0b/out"}
{"reason":"build-script-executed","package_id":"registry+https://github.com/rust-lang/crates.io-index#serde_json@1.0.145","linked_libs":[],"linked_paths":[],"cfgs":["fast_arithmetic=\"64\""],"env":[],"out_dir":"/mnt/data1/nix/vendor/rust/cargo2nix/target/debug/build/serde_json-ff940e2769483fdc/out"}
{"reason":"build-script-executed","package_id":"path+file:///mnt/data1/nix/vendor/rust/cargo2nix/submodules/git2-rs/libgit2-sys#0.18.2+1.9.1","linked_libs":["git2"],"linked_paths":["native=/nix/store/j4qha11wg6bhdv4vfxvcvcb5x129k9yw-libgit2-1.9.1-lib/lib"],"cfgs":[],"env":[],"out_dir":"/mnt/data1/nix/vendor/rust/cargo2nix/target/debug/build/libgit2-sys-cc8b73029cf0f459/out"}
{"reason":"compiler-artifact","package_id":"registry+https://github.com/rust-lang/crates.io-index#imara-diff@0.1.8","manifest_path":"/home/mdupont/.cargo/registry/src/index.crates.io-1949cf8c6b5b557f/imara-diff-0.1.8/Cargo.toml","target":{"kind":["lib"],"crate_types":["lib"],"name":"imara_diff","src_path":"/home/mdupont/.cargo/registry/src/index.crates.io-1949cf8c6b5b557f/imara-diff-0.1.8/src/lib.rs","edition":"2021","doc":true,"doctest":true,"test":true},"profile":{"opt_level":"0","debuginfo":2,"debug_assertions":true,"overflow_checks":true,"test":false},"features":["default","unified_diff"],"filenames":["/mnt/data1/nix/vendor/rust/cargo2nix/target/debug/deps/libimara_diff-9b582b0ef042ad10.rlib","/mnt/data1/nix/vendor/rust/cargo2nix/target/debug/deps/libimara_diff-9b582b0ef042ad10.rmeta"],"executable":null,"fresh":true}
{"reason":"compiler-artifact","package_id":"registry+https://github.com/rust-lang/crates.io-index#crossbeam-deque@0.8.3","manifest_path":"/home/mdupont/.cargo/registry/src/index.crates.io-1949cf8c6b5b557f/crossbeam-deque-0.8.3/Cargo.toml","target":{"kind":["lib"],"crate_types":["lib"],"name":"crossbeam_deque","src_path":"/home/mdupont/.cargo/registry/src/index.crates.io-1949cf8c6b5b557f/crossbeam-deque-0.8.3/src/lib.rs","edition":"2018","doc":true,"doctest":true,"test":true},"profile":{"opt_level":"0","debuginfo":2,"debug_assertions":true,"overflow_checks":true,"test":false},"features":["crossbeam-epoch","crossbeam-utils","default","std"],"filenames":["/mnt/data1/nix/vendor/rust/cargo2nix/target/debug/deps/libcrossbeam_deque-79dd9051b4a7da3b.rlib","/mnt/data1/nix/vendor/rust/cargo2nix/target/debug/deps/libcrossbeam_deque-79dd9051b4a7da3b.rmeta"],"executable":null,"fresh":true}
{"reason":"compiler-artifact","package_id":"registry+https://github.com/rust-lang/crates.io-index#parse-zoneinfo@0.3.1","manifest_path":"/home/mdupont/.cargo/registry/src/index.crates.io-1949cf8c6b5b557f/parse-zoneinfo-0.3.1/Cargo.toml","target":{"kind":["lib"],"crate_types":["lib"],"name":"parse_zoneinfo","src_path":"/home/mdupont/.cargo/registry/src/index.crates.io-1949cf8c6b5b557f/parse-zoneinfo-0.3.1/src/lib.rs","edition":"2021","doc":true,"doctest":true,"test":true},"profile":{"opt_level":"0","debuginfo":0,"debug_assertions":true,"overflow_checks":true,"test":false},"features":[],"filenames":["/mnt/data1/nix/vendor/rust/cargo2nix/target/debug/deps/libparse_zoneinfo-5300ad54e5526d26.rlib","/mnt/data1/nix/vendor/rust/cargo2nix/target/debug/deps/libparse_zoneinfo-5300ad54e5526d26.rmeta"],"executable":null,"fresh":true}
{"reason":"compiler-artifact","package_id":"registry+https://github.com/rust-lang/crates.io-index#phf@0.11.2","manifest_path":"/home/mdupont/.cargo/registry/src/index.crates.io-1949cf8c6b5b557f/phf-0.11.2/Cargo.toml","target":{"kind":["lib"],"crate_types":["lib"],"name":"phf","src_path":"/home/mdupont/.cargo/registry/src/index.crates.io-1949cf8c6b5b557f/phf-0.11.2/src/lib.rs","edition":"2021","doc":true,"doctest":true,"test":false},"profile":{"opt_level":"0","debuginfo":2,"debug_assertions":true,"overflow_checks":true,"test":false},"features":[],"filenames":["/mnt/data1/nix/vendor/rust/cargo2nix/target/debug/deps/libphf-e55cee673ccbde42.rlib","/mnt/data1/nix/vendor/rust/cargo2nix/target/debug/deps/libphf-e55cee673ccbde42.rmeta"],"executable":null,"fresh":true}
{"reason":"compiler-artifact","package_id":"registry+https://github.com/rust-lang/crates.io-index#env_filter@0.1.4","manifest_path":"/home/mdupont/.cargo/registry/src/index.crates.io-1949cf8c6b5b557f/env_filter-0.1.4/Cargo.toml","target":{"kind":["lib"],"crate_types":["lib"],"name":"env_filter","src_path":"/home/mdupont/.cargo/registry/src/index.crates.io-1949cf8c6b5b557f/env_filter-0.1.4/src/lib.rs","edition":"2021","doc":true,"doctest":true,"test":true},"profile":{"opt_level":"0","debuginfo":2,"debug_assertions":true,"overflow_checks":true,"test":false},"features":["regex"],"filenames":["/mnt/data1/nix/vendor/rust/cargo2nix/target/debug/deps/libenv_filter-769b0a226a291c39.rlib","/mnt/data1/nix/vendor/rust/cargo2nix/target/debug/deps/libenv_filter-769b0a226a291c39.rmeta"],"executable":null,"fresh":true}
{"reason":"compiler-artifact","package_id":"registry+https://github.com/rust-lang/crates.io-index#rand_core@0.9.3","manifest_path":"/home/mdupont/.cargo/registry/src/index.crates.io-1949cf8c6b5b557f/rand_core-0.9.3/Cargo.toml","target":{"kind":["lib"],"crate_types":["lib"],"name":"rand_core","src_path":"/home/mdupont/.cargo/registry/src/index.crates.io-1949cf8c6b5b557f/rand_core-0.9.3/src/lib.rs","edition":"2021","doc":true,"doctest":true,"test":true},"profile":{"opt_level":"0","debuginfo":2,"debug_assertions":true,"overflow_checks":true,"test":false},"features":["os_rng"],"filenames":["/mnt/data1/nix/vendor/rust/cargo2nix/target/debug/deps/librand_core-652221735beaa550.rlib","/mnt/data1/nix/vendor/rust/cargo2nix/target/debug/deps/librand_core-652221735beaa550.rmeta"],"executable":null,"fresh":true}
{"reason":"compiler-artifact","package_id":"registry+https://github.com/rust-lang/crates.io-index#globset@0.4.18","manifest_path":"/home/mdupont/.cargo/registry/src/index.crates.io-1949cf8c6b5b557f/globset-0.4.18/Cargo.toml","target":{"kind":["lib"],"crate_types":["lib"],"name":"globset","src_path":"/home/mdupont/.cargo/registry/src/index.crates.io-1949cf8c6b5b557f/globset-0.4.18/src/lib.rs","edition":"2024","doc":true,"doctest":true,"test":true},"profile":{"opt_level":"0","debuginfo":2,"debug_assertions":true,"overflow_checks":true,"test":false},"features":["default","log"],"filenames":["/mnt/data1/nix/vendor/rust/cargo2nix/target/debug/deps/libglobset-0acd1136a3890312.rlib","/mnt/data1/nix/vendor/rust/cargo2nix/target/debug/deps/libglobset-0acd1136a3890312.rmeta"],"executable":null,"fresh":true}
{"reason":"compiler-artifact","package_id":"path+file:///mnt/data1/nix/vendor/rust/cargo2nix/submodules/gitoxide/gix-hashtable#0.10.0","manifest_path":"/mnt/data1/nix/vendor/rust/cargo2nix/submodules/gitoxide/gix-hashtable/Cargo.toml","target":{"kind":["lib"],"crate_types":["lib"],"name":"gix_hashtable","src_path":"/mnt/data1/nix/vendor/rust/cargo2nix/submodules/gitoxide/gix-hashtable/src/lib.rs","edition":"2021","doc":true,"doctest":false,"test":true},"profile":{"opt_level":"0","debuginfo":2,"debug_assertions":true,"overflow_checks":true,"test":false},"features":[],"filenames":["/mnt/data1/nix/vendor/rust/cargo2nix/target/debug/deps/libgix_hashtable-69cd53ee29e4dfe1.rlib","/mnt/data1/nix/vendor/rust/cargo2nix/target/debug/deps/libgix_hashtable-69cd53ee29e4dfe1.rmeta"],"executable":null,"fresh":true}
{"reason":"compiler-artifact","package_id":"path+file:///mnt/data1/nix/vendor/rust/cargo2nix/submodules/gitoxide/gix-commitgraph#0.30.1","manifest_path":"/mnt/data1/nix/vendor/rust/cargo2nix/submodules/gitoxide/gix-commitgraph/Cargo.toml","target":{"kind":["lib"],"crate_types":["lib"],"name":"gix_commitgraph","src_path":"/mnt/data1/nix/vendor/rust/cargo2nix/submodules/gitoxide/gix-commitgraph/src/lib.rs","edition":"2021","doc":true,"doctest":false,"test":true},"profile":{"opt_level":"0","debuginfo":2,"debug_assertions":true,"overflow_checks":true,"test":false},"features":[],"filenames":["/mnt/data1/nix/vendor/rust/cargo2nix/target/debug/deps/libgix_commitgraph-b80088dd01155d84.rlib","/mnt/data1/nix/vendor/rust/cargo2nix/target/debug/deps/libgix_commitgraph-b80088dd01155d84.rmeta"],"executable":null,"fresh":true}
{"reason":"compiler-artifact","package_id":"path+file:///mnt/data1/nix/vendor/rust/cargo2nix/submodules/gitoxide/gix-tempfile#19.0.1","manifest_path":"/mnt/data1/nix/vendor/rust/cargo2nix/submodules/gitoxide/gix-tempfile/Cargo.toml","target":{"kind":["lib"],"crate_types":["lib"],"name":"gix_tempfile","src_path":"/mnt/data1/nix/vendor/rust/cargo2nix/submodules/gitoxide/gix-tempfile/src/lib.rs","edition":"2021","doc":true,"doctest":false,"test":true},"profile":{"opt_level":"0","debuginfo":2,"debug_assertions":true,"overflow_checks":true,"test":false},"features":["default","hp-hashmap","signals"],"filenames":["/mnt/data1/nix/vendor/rust/cargo2nix/target/debug/deps/libgix_tempfile-9c060b47be082d88.rlib","/mnt/data1/nix/vendor/rust/cargo2nix/target/debug/deps/libgix_tempfile-9c060b47be082d88.rmeta"],"executable":null,"fresh":true}
{"reason":"compiler-artifact","package_id":"path+file:///mnt/data1/nix/vendor/rust/cargo2nix/submodules/gitoxide/gix-attributes#0.28.1","manifest_path":"/mnt/data1/nix/vendor/rust/cargo2nix/submodules/gitoxide/gix-attributes/Cargo.toml","target":{"kind":["lib"],"crate_types":["lib"],"name":"gix_attributes","src_path":"/mnt/data1/nix/vendor/rust/cargo2nix/submodules/gitoxide/gix-attributes/src/lib.rs","edition":"2021","doc":true,"doctest":false,"test":true},"profile":{"opt_level":"0","debuginfo":2,"debug_assertions":true,"overflow_checks":true,"test":false},"features":[],"filenames":["/mnt/data1/nix/vendor/rust/cargo2nix/target/debug/deps/libgix_attributes-9f2904d7fd8a3f89.rlib","/mnt/data1/nix/vendor/rust/cargo2nix/target/debug/deps/libgix_attributes-9f2904d7fd8a3f89.rmeta"],"executable":null,"fresh":true}
{"reason":"compiler-artifact","package_id":"path+file:///mnt/data1/nix/vendor/rust/cargo2nix/submodules/gitoxide/gix-ignore#0.17.1","manifest_path":"/mnt/data1/nix/vendor/rust/cargo2nix/submodules/gitoxide/gix-ignore/Cargo.toml","target":{"kind":["lib"],"crate_types":["lib"],"name":"gix_ignore","src_path":"/mnt/data1/nix/vendor/rust/cargo2nix/submodules/gitoxide/gix-ignore/src/lib.rs","edition":"2021","doc":true,"doctest":false,"test":true},"profile":{"opt_level":"0","debuginfo":2,"debug_assertions":true,"overflow_checks":true,"test":false},"features":[],"filenames":["/mnt/data1/nix/vendor/rust/cargo2nix/target/debug/deps/libgix_ignore-4c4978d3d7a7461e.rlib","/mnt/data1/nix/vendor/rust/cargo2nix/target/debug/deps/libgix_ignore-4c4978d3d7a7461e.rmeta"],"executable":null,"fresh":true}
{"reason":"compiler-artifact","package_id":"path+file:///mnt/data1/nix/vendor/rust/cargo2nix/submodules/curl-rust#curl@0.4.49","manifest_path":"/mnt/data1/nix/vendor/rust/cargo2nix/submodules/curl-rust/Cargo.toml","target":{"kind":["lib"],"crate_types":["lib"],"name":"curl","src_path":"/mnt/data1/nix/vendor/rust/cargo2nix/submodules/curl-rust/src/lib.rs","edition":"2018","doc":true,"doctest":true,"test":true},"profile":{"opt_level":"0","debuginfo":2,"debug_assertions":true,"overflow_checks":true,"test":false},"features":["default","http2","openssl-probe","openssl-sys","ssl"],"filenames":["/mnt/data1/nix/vendor/rust/cargo2nix/target/debug/deps/libcurl-c8f964095aa80b8c.rlib","/mnt/data1/nix/vendor/rust/cargo2nix/target/debug/deps/libcurl-c8f964095aa80b8c.rmeta"],"executable":null,"fresh":true}
{"reason":"compiler-artifact","package_id":"path+file:///mnt/data1/nix/vendor/rust/cargo2nix/submodules/anstyle/crates/colorchoice#1.0.4","manifest_path":"/mnt/data1/nix/vendor/rust/cargo2nix/submodules/anstyle/crates/colorchoice/Cargo.toml","target":{"kind":["lib"],"crate_types":["lib"],"name":"colorchoice","src_path":"/mnt/data1/nix/vendor/rust/cargo2nix/submodules/anstyle/crates/colorchoice/src/lib.rs","edition":"2024","doc":true,"doctest":true,"test":true},"profile":{"opt_level":"0","debuginfo":2,"debug_assertions":true,"overflow_checks":true,"test":false},"features":[],"filenames":["/mnt/data1/nix/vendor/rust/cargo2nix/target/debug/deps/libcolorchoice-d7563322b1b5d10b.rlib","/mnt/data1/nix/vendor/rust/cargo2nix/target/debug/deps/libcolorchoice-d7563322b1b5d10b.rmeta"],"executable":null,"fresh":true}
{"reason":"compiler-artifact","package_id":"registry+https://github.com/rust-lang/crates.io-index#ppv-lite86@0.2.17","manifest_path":"/home/mdupont/.cargo/registry/src/index.crates.io-1949cf8c6b5b557f/ppv-lite86-0.2.17/Cargo.toml","target":{"kind":["lib"],"crate_types":["lib"],"name":"ppv_lite86","src_path":"/home/mdupont/.cargo/registry/src/index.crates.io-1949cf8c6b5b557f/ppv-lite86-0.2.17/src/lib.rs","edition":"2018","doc":true,"doctest":true,"test":true},"profile":{"opt_level":"0","debuginfo":2,"debug_assertions":true,"overflow_checks":true,"test":false},"features":["simd","std"],"filenames":["/mnt/data1/nix/vendor/rust/cargo2nix/target/debug/deps/libppv_lite86-793f8cb0e94f90ec.rlib","/mnt/data1/nix/vendor/rust/cargo2nix/target/debug/deps/libppv_lite86-793f8cb0e94f90ec.rmeta"],"executable":null,"fresh":true}
{"reason":"compiler-artifact","package_id":"path+file:///mnt/data1/nix/vendor/rust/cargo2nix/submodules/anstyle/crates/anstyle-query#1.1.5","manifest_path":"/mnt/data1/nix/vendor/rust/cargo2nix/submodules/anstyle/crates/anstyle-query/Cargo.toml","target":{"kind":["lib"],"crate_types":["lib"],"name":"anstyle_query","src_path":"/mnt/data1/nix/vendor/rust/cargo2nix/submodules/anstyle/crates/anstyle-query/src/lib.rs","edition":"2024","doc":true,"doctest":true,"test":true},"profile":{"opt_level":"0","debuginfo":2,"debug_assertions":true,"overflow_checks":true,"test":false},"features":[],"filenames":["/mnt/data1/nix/vendor/rust/cargo2nix/target/debug/deps/libanstyle_query-5f675d8d0350e8a3.rlib","/mnt/data1/nix/vendor/rust/cargo2nix/target/debug/deps/libanstyle_query-5f675d8d0350e8a3.rmeta"],"executable":null,"fresh":true}
{"reason":"compiler-artifact","package_id":"registry+https://github.com/rust-lang/crates.io-index#erased-serde@0.4.8","manifest_path":"/home/mdupont/.cargo/registry/src/index.crates.io-1949cf8c6b5b557f/erased-serde-0.4.8/Cargo.toml","target":{"kind":["custom-build"],"crate_types":["bin"],"name":"build-script-build","src_path":"/home/mdupont/.cargo/registry/src/index.crates.io-1949cf8c6b5b557f/erased-serde-0.4.8/build.rs","edition":"2021","doc":false,"doctest":false,"test":false},"profile":{"opt_level":"0","debuginfo":0,"debug_assertions":true,"overflow_checks":true,"test":false},"features":["alloc"],"filenames":["/mnt/data1/nix/vendor/rust/cargo2nix/target/debug/build/erased-serde-157c8cca035836bf/build-script-build"],"executable":null,"fresh":true}
{"reason":"compiler-artifact","package_id":"registry+https://github.com/rust-lang/crates.io-index#cfg_aliases@0.2.1","manifest_path":"/home/mdupont/.cargo/registry/src/index.crates.io-1949cf8c6b5b557f/cfg_aliases-0.2.1/Cargo.toml","target":{"kind":["lib"],"crate_types":["lib"],"name":"cfg_aliases","src_path":"/home/mdupont/.cargo/registry/src/index.crates.io-1949cf8c6b5b557f/cfg_aliases-0.2.1/src/lib.rs","edition":"2018","doc":true,"doctest":true,"test":true},"profile":{"opt_level":"0","debuginfo":0,"debug_assertions":true,"overflow_checks":true,"test":false},"features":[],"filenames":["/mnt/data1/nix/vendor/rust/cargo2nix/target/debug/deps/libcfg_aliases-07102a85dafba9e1.rlib","/mnt/data1/nix/vendor/rust/cargo2nix/target/debug/deps/libcfg_aliases-07102a85dafba9e1.rmeta"],"executable":null,"fresh":true}
{"reason":"compiler-artifact","package_id":"registry+https://github.com/rust-lang/crates.io-index#base64@0.22.1","manifest_path":"/home/mdupont/.cargo/registry/src/index.crates.io-1949cf8c6b5b557f/base64-0.22.1/Cargo.toml","target":{"kind":["lib"],"crate_types":["lib"],"name":"base64","src_path":"/home/mdupont/.cargo/registry/src/index.crates.io-1949cf8c6b5b557f/base64-0.22.1/src/lib.rs","edition":"2018","doc":true,"doctest":true,"test":true},"profile":{"opt_level":"0","debuginfo":2,"debug_assertions":true,"overflow_checks":true,"test":false},"features":["alloc","default","std"],"filenames":["/mnt/data1/nix/vendor/rust/cargo2nix/target/debug/deps/libbase64-abef1adde3530447.rlib","/mnt/data1/nix/vendor/rust/cargo2nix/target/debug/deps/libbase64-abef1adde3530447.rmeta"],"executable":null,"fresh":true}
{"reason":"compiler-artifact","package_id":"registry+https://github.com/rust-lang/crates.io-index#num-conv@0.1.0","manifest_path":"/home/mdupont/.cargo/registry/src/index.crates.io-1949cf8c6b5b557f/num-conv-0.1.0/Cargo.toml","target":{"kind":["lib"],"crate_types":["lib"],"name":"num_conv","src_path":"/home/mdupont/.cargo/registry/src/index.crates.io-1949cf8c6b5b557f/num-conv-0.1.0/src/lib.rs","edition":"2021","doc":true,"doctest":true,"test":true},"profile":{"opt_level":"0","debuginfo":2,"debug_assertions":true,"overflow_checks":true,"test":false},"features":[],"filenames":["/mnt/data1/nix/vendor/rust/cargo2nix/target/debug/deps/libnum_conv-60bba65b124f05d8.rlib","/mnt/data1/nix/vendor/rust/cargo2nix/target/debug/deps/libnum_conv-60bba65b124f05d8.rmeta"],"executable":null,"fresh":true}
{"reason":"compiler-artifact","package_id":"registry+https://github.com/rust-lang/crates.io-index#ucd-trie@0.1.7","manifest_path":"/home/mdupont/.cargo/registry/src/index.crates.io-1949cf8c6b5b557f/ucd-trie-0.1.7/Cargo.toml","target":{"kind":["lib"],"crate_types":["lib"],"name":"ucd_trie","src_path":"/home/mdupont/.cargo/registry/src/index.crates.io-1949cf8c6b5b557f/ucd-trie-0.1.7/src/lib.rs","edition":"2021","doc":true,"doctest":true,"test":true},"profile":{"opt_level":"0","debuginfo":2,"debug_assertions":true,"overflow_checks":true,"test":false},"features":["std"],"filenames":["/mnt/data1/nix/vendor/rust/cargo2nix/target/debug/deps/libucd_trie-9dfa6c27d71ea65c.rlib","/mnt/data1/nix/vendor/rust/cargo2nix/target/debug/deps/libucd_trie-9dfa6c27d71ea65c.rmeta"],"executable":null,"fresh":true}
{"reason":"compiler-artifact","package_id":"path+file:///mnt/data1/nix/vendor/rust/cargo2nix/submodules/rust-url/percent_encoding#percent-encoding@2.3.2","manifest_path":"/mnt/data1/nix/vendor/rust/cargo2nix/submodules/rust-url/percent_encoding/Cargo.toml","target":{"kind":["lib"],"crate_types":["lib"],"name":"percent_encoding","src_path":"/mnt/data1/nix/vendor/rust/cargo2nix/submodules/rust-url/percent_encoding/src/lib.rs","edition":"2018","doc":true,"doctest":true,"test":true},"profile":{"opt_level":"0","debuginfo":2,"debug_assertions":true,"overflow_checks":true,"test":false},"features":["alloc","std"],"filenames":["/mnt/data1/nix/vendor/rust/cargo2nix/target/debug/deps/libpercent_encoding-4fb1cfac32fdf9a1.rlib","/mnt/data1/nix/vendor/rust/cargo2nix/target/debug/deps/libpercent_encoding-4fb1cfac32fdf9a1.rmeta"],"executable":null,"fresh":true}
{"reason":"compiler-artifact","package_id":"registry+https://github.com/rust-lang/crates.io-index#lazy_static@1.5.0","manifest_path":"/home/mdupont/.cargo/registry/src/index.crates.io-1949cf8c6b5b557f/lazy_static-1.5.0/Cargo.toml","target":{"kind":["lib"],"crate_types":["lib"],"name":"lazy_static","src_path":"/home/mdupont/.cargo/registry/src/index.crates.io-1949cf8c6b5b557f/lazy_static-1.5.0/src/lib.rs","edition":"2015","doc":true,"doctest":true,"test":true},"profile":{"opt_level":"0","debuginfo":2,"debug_assertions":true,"overflow_checks":true,"test":false},"features":[],"filenames":["/mnt/data1/nix/vendor/rust/cargo2nix/target/debug/deps/liblazy_static-87c02066b6621a70.rlib","/mnt/data1/nix/vendor/rust/cargo2nix/target/debug/deps/liblazy_static-87c02066b6621a70.rmeta"],"executable":null,"fresh":true}
{"reason":"compiler-artifact","package_id":"registry+https://github.com/rust-lang/crates.io-index#time-core@0.1.6","manifest_path":"/home/mdupont/.cargo/registry/src/index.crates.io-1949cf8c6b5b557f/time-core-0.1.6/Cargo.toml","target":{"kind":["lib"],"crate_types":["lib"],"name":"time_core","src_path":"/home/mdupont/.cargo/registry/src/index.crates.io-1949cf8c6b5b557f/time-core-0.1.6/src/lib.rs","edition":"2021","doc":true,"doctest":true,"test":true},"profile":{"opt_level":"0","debuginfo":2,"debug_assertions":true,"overflow_checks":true,"test":false},"features":[],"filenames":["/mnt/data1/nix/vendor/rust/cargo2nix/target/debug/deps/libtime_core-32cab8ec77da1446.rlib","/mnt/data1/nix/vendor/rust/cargo2nix/target/debug/deps/libtime_core-32cab8ec77da1446.rmeta"],"executable":null,"fresh":true}
{"reason":"compiler-artifact","package_id":"registry+https://github.com/rust-lang/crates.io-index#serde_json@1.0.145","manifest_path":"/home/mdupont/.cargo/registry/src/index.crates.io-1949cf8c6b5b557f/serde_json-1.0.145/Cargo.toml","target":{"kind":["lib"],"crate_types":["lib"],"name":"serde_json","src_path":"/home/mdupont/.cargo/registry/src/index.crates.io-1949cf8c6b5b557f/serde_json-1.0.145/src/lib.rs","edition":"2021","doc":true,"doctest":true,"test":true},"profile":{"opt_level":"0","debuginfo":2,"debug_assertions":true,"overflow_checks":true,"test":false},"features":["default","std"],"filenames":["/mnt/data1/nix/vendor/rust/cargo2nix/target/debug/deps/libserde_json-b16bf10ddd3df03c.rlib","/mnt/data1/nix/vendor/rust/cargo2nix/target/debug/deps/libserde_json-b16bf10ddd3df03c.rmeta"],"executable":null,"fresh":true}
{"reason":"compiler-artifact","package_id":"registry+https://github.com/rust-lang/crates.io-index#rand@0.9.2","manifest_path":"/home/mdupont/.cargo/registry/src/index.crates.io-1949cf8c6b5b557f/rand-0.9.2/Cargo.toml","target":{"kind":["lib"],"crate_types":["lib"],"name":"rand","src_path":"/home/mdupont/.cargo/registry/src/index.crates.io-1949cf8c6b5b557f/rand-0.9.2/src/lib.rs","edition":"2021","doc":true,"doctest":true,"test":true},"profile":{"opt_level":"0","debuginfo":2,"debug_assertions":true,"overflow_checks":true,"test":false},"features":["os_rng","small_rng"],"filenames":["/mnt/data1/nix/vendor/rust/cargo2nix/target/debug/deps/librand-1543e152e7aca282.rlib","/mnt/data1/nix/vendor/rust/cargo2nix/target/debug/deps/librand-1543e152e7aca282.rmeta"],"executable":null,"fresh":true}
{"reason":"compiler-artifact","package_id":"registry+https://github.com/rust-lang/crates.io-index#chrono-tz-build@0.3.0","manifest_path":"/home/mdupont/.cargo/registry/src/index.crates.io-1949cf8c6b5b557f/chrono-tz-build-0.3.0/Cargo.toml","target":{"kind":["lib"],"crate_types":["lib"],"name":"chrono_tz_build","src_path":"/home/mdupont/.cargo/registry/src/index.crates.io-1949cf8c6b5b557f/chrono-tz-build-0.3.0/src/lib.rs","edition":"2021","doc":true,"doctest":true,"test":true},"profile":{"opt_level":"0","debuginfo":0,"debug_assertions":true,"overflow_checks":true,"test":false},"features":[],"filenames":["/mnt/data1/nix/vendor/rust/cargo2nix/target/debug/deps/libchrono_tz_build-05e20bf3ba350c63.rlib","/mnt/data1/nix/vendor/rust/cargo2nix/target/debug/deps/libchrono_tz_build-05e20bf3ba350c63.rmeta"],"executable":null,"fresh":true}
{"reason":"compiler-artifact","package_id":"registry+https://github.com/rust-lang/crates.io-index#ignore@0.4.25","manifest_path":"/home/mdupont/.cargo/registry/src/index.crates.io-1949cf8c6b5b557f/ignore-0.4.25/Cargo.toml","target":{"kind":["lib"],"crate_types":["lib"],"name":"ignore","src_path":"/home/mdupont/.cargo/registry/src/index.crates.io-1949cf8c6b5b557f/ignore-0.4.25/src/lib.rs","edition":"2024","doc":true,"doctest":true,"test":true},"profile":{"opt_level":"0","debuginfo":2,"debug_assertions":true,"overflow_checks":true,"test":false},"features":[],"filenames":["/mnt/data1/nix/vendor/rust/cargo2nix/target/debug/deps/libignore-6755a2552c0fc956.rlib","/mnt/data1/nix/vendor/rust/cargo2nix/target/debug/deps/libignore-6755a2552c0fc956.rmeta"],"executable":null,"fresh":true}
{"reason":"compiler-artifact","package_id":"registry+https://github.com/rust-lang/crates.io-index#env_logger@0.11.8","manifest_path":"/home/mdupont/.cargo/registry/src/index.crates.io-1949cf8c6b5b557f/env_logger-0.11.8/Cargo.toml","target":{"kind":["lib"],"crate_types":["lib"],"name":"env_logger","src_path":"/home/mdupont/.cargo/registry/src/index.crates.io-1949cf8c6b5b557f/env_logger-0.11.8/src/lib.rs","edition":"2021","doc":true,"doctest":true,"test":true},"profile":{"opt_level":"0","debuginfo":2,"debug_assertions":true,"overflow_checks":true,"test":false},"features":["regex"],"filenames":["/mnt/data1/nix/vendor/rust/cargo2nix/target/debug/deps/libenv_logger-1ce04107ed885af8.rlib","/mnt/data1/nix/vendor/rust/cargo2nix/target/debug/deps/libenv_logger-1ce04107ed885af8.rmeta"],"executable":null,"fresh":true}
{"reason":"compiler-artifact","package_id":"path+file:///mnt/data1/nix/vendor/rust/cargo2nix/submodules/gitoxide/gix-credentials#0.32.0","manifest_path":"/mnt/data1/nix/vendor/rust/cargo2nix/submodules/gitoxide/gix-credentials/Cargo.toml","target":{"kind":["lib"],"crate_types":["lib"],"name":"gix_credentials","src_path":"/mnt/data1/nix/vendor/rust/cargo2nix/submodules/gitoxide/gix-credentials/src/lib.rs","edition":"2021","doc":true,"doctest":false,"test":true},"profile":{"opt_level":"0","debuginfo":2,"debug_assertions":true,"overflow_checks":true,"test":false},"features":[],"filenames":["/mnt/data1/nix/vendor/rust/cargo2nix/target/debug/deps/libgix_credentials-05d20111e2029962.rlib","/mnt/data1/nix/vendor/rust/cargo2nix/target/debug/deps/libgix_credentials-05d20111e2029962.rmeta"],"executable":null,"fresh":true}
{"reason":"compiler-artifact","package_id":"path+file:///mnt/data1/nix/vendor/rust/cargo2nix/submodules/anyhow#1.0.100","manifest_path":"/mnt/data1/nix/vendor/rust/cargo2nix/submodules/anyhow/Cargo.toml","target":{"kind":["lib"],"crate_types":["lib"],"name":"anyhow","src_path":"/mnt/data1/nix/vendor/rust/cargo2nix/submodules/anyhow/src/lib.rs","edition":"2018","doc":true,"doctest":true,"test":true},"profile":{"opt_level":"0","debuginfo":2,"debug_assertions":true,"overflow_checks":true,"test":false},"features":["default","std"],"filenames":["/mnt/data1/nix/vendor/rust/cargo2nix/target/debug/deps/libanyhow-73f43dba72686b18.rlib","/mnt/data1/nix/vendor/rust/cargo2nix/target/debug/deps/libanyhow-73f43dba72686b18.rmeta"],"executable":null,"fresh":true}
{"reason":"compiler-artifact","package_id":"path+file:///mnt/data1/nix/vendor/rust/cargo2nix/submodules/gitoxide/gix-object#0.52.0","manifest_path":"/mnt/data1/nix/vendor/rust/cargo2nix/submodules/gitoxide/gix-object/Cargo.toml","target":{"kind":["lib"],"crate_types":["lib"],"name":"gix_object","src_path":"/mnt/data1/nix/vendor/rust/cargo2nix/submodules/gitoxide/gix-object/src/lib.rs","edition":"2021","doc":true,"doctest":false,"test":true},"profile":{"opt_level":"0","debuginfo":2,"debug_assertions":true,"overflow_checks":true,"test":false},"features":[],"filenames":["/mnt/data1/nix/vendor/rust/cargo2nix/target/debug/deps/libgix_object-0be4c59288e478f7.rlib","/mnt/data1/nix/vendor/rust/cargo2nix/target/debug/deps/libgix_object-0be4c59288e478f7.rmeta"],"executable":null,"fresh":true}
{"reason":"compiler-artifact","package_id":"path+file:///mnt/data1/nix/vendor/rust/cargo2nix/submodules/gitoxide/gix-lock#19.0.0","manifest_path":"/mnt/data1/nix/vendor/rust/cargo2nix/submodules/gitoxide/gix-lock/Cargo.toml","target":{"kind":["lib"],"crate_types":["lib"],"name":"gix_lock","src_path":"/mnt/data1/nix/vendor/rust/cargo2nix/submodules/gitoxide/gix-lock/src/lib.rs","edition":"2021","doc":true,"doctest":false,"test":true},"profile":{"opt_level":"0","debuginfo":2,"debug_assertions":true,"overflow_checks":true,"test":false},"features":[],"filenames":["/mnt/data1/nix/vendor/rust/cargo2nix/target/debug/deps/libgix_lock-cddd56acc2a958bd.rlib","/mnt/data1/nix/vendor/rust/cargo2nix/target/debug/deps/libgix_lock-cddd56acc2a958bd.rmeta"],"executable":null,"fresh":true}
{"reason":"compiler-artifact","package_id":"path+file:///mnt/data1/nix/vendor/rust/cargo2nix/submodules/gitoxide/gix-pathspec#0.13.0","manifest_path":"/mnt/data1/nix/vendor/rust/cargo2nix/submodules/gitoxide/gix-pathspec/Cargo.toml","target":{"kind":["lib"],"crate_types":["lib"],"name":"gix_pathspec","src_path":"/mnt/data1/nix/vendor/rust/cargo2nix/submodules/gitoxide/gix-pathspec/src/lib.rs","edition":"2021","doc":true,"doctest":false,"test":true},"profile":{"opt_level":"0","debuginfo":2,"debug_assertions":true,"overflow_checks":true,"test":false},"features":[],"filenames":["/mnt/data1/nix/vendor/rust/cargo2nix/target/debug/deps/libgix_pathspec-739c1e8f5f8deb56.rlib","/mnt/data1/nix/vendor/rust/cargo2nix/target/debug/deps/libgix_pathspec-739c1e8f5f8deb56.rmeta"],"executable":null,"fresh":true}
{"reason":"compiler-artifact","package_id":"registry+https://github.com/rust-lang/crates.io-index#time@0.3.44","manifest_path":"/home/mdupont/.cargo/registry/src/index.crates.io-1949cf8c6b5b557f/time-0.3.44/Cargo.toml","target":{"kind":["lib"],"crate_types":["lib"],"name":"time","src_path":"/home/mdupont/.cargo/registry/src/index.crates.io-1949cf8c6b5b557f/time-0.3.44/src/lib.rs","edition":"2021","doc":true,"doctest":true,"test":true},"profile":{"opt_level":"0","debuginfo":2,"debug_assertions":true,"overflow_checks":true,"test":false},"features":["alloc","default","formatting","parsing","serde","std"],"filenames":["/mnt/data1/nix/vendor/rust/cargo2nix/target/debug/deps/libtime-7d5f42cbb791d206.rlib","/mnt/data1/nix/vendor/rust/cargo2nix/target/debug/deps/libtime-7d5f42cbb791d206.rmeta"],"executable":null,"fresh":true}
{"reason":"build-script-executed","package_id":"registry+https://github.com/rust-lang/crates.io-index#erased-serde@0.4.8","linked_libs":[],"linked_paths":[],"cfgs":[],"env":[],"out_dir":"/mnt/data1/nix/vendor/rust/cargo2nix/target/debug/build/erased-serde-aa3b980db8977895/out"}
{"reason":"compiler-artifact","package_id":"registry+https://github.com/rust-lang/crates.io-index#pest@2.7.15","manifest_path":"/home/mdupont/.cargo/registry/src/index.crates.io-1949cf8c6b5b557f/pest-2.7.15/Cargo.toml","target":{"kind":["lib"],"crate_types":["lib"],"name":"pest","src_path":"/home/mdupont/.cargo/registry/src/index.crates.io-1949cf8c6b5b557f/pest-2.7.15/src/lib.rs","edition":"2021","doc":true,"doctest":true,"test":true},"profile":{"opt_level":"0","debuginfo":2,"debug_assertions":true,"overflow_checks":true,"test":false},"features":["default","memchr","std"],"filenames":["/mnt/data1/nix/vendor/rust/cargo2nix/target/debug/deps/libpest-30005bf23fcb6ff8.rlib","/mnt/data1/nix/vendor/rust/cargo2nix/target/debug/deps/libpest-30005bf23fcb6ff8.rmeta"],"executable":null,"fresh":true}
{"reason":"compiler-artifact","package_id":"registry+https://github.com/rust-lang/crates.io-index#rand_chacha@0.3.1","manifest_path":"/home/mdupont/.cargo/registry/src/index.crates.io-1949cf8c6b5b557f/rand_chacha-0.3.1/Cargo.toml","target":{"kind":["lib"],"crate_types":["lib"],"name":"rand_chacha","src_path":"/home/mdupont/.cargo/registry/src/index.crates.io-1949cf8c6b5b557f/rand_chacha-0.3.1/src/lib.rs","edition":"2018","doc":true,"doctest":true,"test":true},"profile":{"opt_level":"0","debuginfo":2,"debug_assertions":true,"overflow_checks":true,"test":false},"features":["std"],"filenames":["/mnt/data1/nix/vendor/rust/cargo2nix/target/debug/deps/librand_chacha-a1825f33afa15efe.rlib","/mnt/data1/nix/vendor/rust/cargo2nix/target/debug/deps/librand_chacha-a1825f33afa15efe.rmeta"],"executable":null,"fresh":true}
{"reason":"compiler-artifact","package_id":"registry+https://github.com/rust-lang/crates.io-index#nix@0.30.1","manifest_path":"/home/mdupont/.cargo/registry/src/index.crates.io-1949cf8c6b5b557f/nix-0.30.1/Cargo.toml","target":{"kind":["custom-build"],"crate_types":["bin"],"name":"build-script-build","src_path":"/home/mdupont/.cargo/registry/src/index.crates.io-1949cf8c6b5b557f/nix-0.30.1/build.rs","edition":"2021","doc":false,"doctest":false,"test":false},"profile":{"opt_level":"0","debuginfo":0,"debug_assertions":true,"overflow_checks":true,"test":false},"features":["default","feature"],"filenames":["/mnt/data1/nix/vendor/rust/cargo2nix/target/debug/build/nix-341925c0954aa2b5/build-script-build"],"executable":null,"fresh":true}
{"reason":"compiler-artifact","package_id":"path+file:///mnt/data1/nix/vendor/rust/cargo2nix/submodules/anstyle/crates/anstream#0.6.21","manifest_path":"/mnt/data1/nix/vendor/rust/cargo2nix/submodules/anstyle/crates/anstream/Cargo.toml","target":{"kind":["lib"],"crate_types":["lib"],"name":"anstream","src_path":"/mnt/data1/nix/vendor/rust/cargo2nix/submodules/anstyle/crates/anstream/src/lib.rs","edition":"2024","doc":true,"doctest":true,"test":true},"profile":{"opt_level":"0","debuginfo":2,"debug_assertions":true,"overflow_checks":true,"test":false},"features":["auto","default","wincon"],"filenames":["/mnt/data1/nix/vendor/rust/cargo2nix/target/debug/deps/libanstream-0f97956bbed22243.rlib","/mnt/data1/nix/vendor/rust/cargo2nix/target/debug/deps/libanstream-0f97956bbed22243.rmeta"],"executable":null,"fresh":true}
{"reason":"compiler-artifact","package_id":"path+file:///mnt/data1/nix/vendor/rust/cargo2nix/submodules/rust-url/form_urlencoded#1.2.2","manifest_path":"/mnt/data1/nix/vendor/rust/cargo2nix/submodules/rust-url/form_urlencoded/Cargo.toml","target":{"kind":["lib"],"crate_types":["lib"],"name":"form_urlencoded","src_path":"/mnt/data1/nix/vendor/rust/cargo2nix/submodules/rust-url/form_urlencoded/src/lib.rs","edition":"2018","doc":true,"doctest":true,"test":false},"profile":{"opt_level":"0","debuginfo":2,"debug_assertions":true,"overflow_checks":true,"test":false},"features":["alloc","std"],"filenames":["/mnt/data1/nix/vendor/rust/cargo2nix/target/debug/deps/libform_urlencoded-2cabda171b2f5f2a.rlib","/mnt/data1/nix/vendor/rust/cargo2nix/target/debug/deps/libform_urlencoded-2cabda171b2f5f2a.rmeta"],"executable":null,"fresh":true}
{"reason":"compiler-artifact","package_id":"path+file:///mnt/data1/nix/vendor/rust/cargo2nix/submodules/libc#0.2.175","manifest_path":"/mnt/data1/nix/vendor/rust/cargo2nix/submodules/libc/Cargo.toml","target":{"kind":["lib"],"crate_types":["lib"],"name":"libc","src_path":"/mnt/data1/nix/vendor/rust/cargo2nix/submodules/libc/src/lib.rs","edition":"2021","doc":true,"doctest":true,"test":true},"profile":{"opt_level":"0","debuginfo":2,"debug_assertions":true,"overflow_checks":true,"test":false},"features":["default","extra_traits","std"],"filenames":["/mnt/data1/nix/vendor/rust/cargo2nix/target/debug/deps/liblibc-ad866c9bba41c836.rlib","/mnt/data1/nix/vendor/rust/cargo2nix/target/debug/deps/liblibc-ad866c9bba41c836.rmeta"],"executable":null,"fresh":true}
{"reason":"compiler-artifact","package_id":"path+file:///mnt/data1/nix/vendor/rust/cargo2nix/submodules/rayon/rayon-core#1.13.0","manifest_path":"/mnt/data1/nix/vendor/rust/cargo2nix/submodules/rayon/rayon-core/Cargo.toml","target":{"kind":["lib"],"crate_types":["lib"],"name":"rayon_core","src_path":"/mnt/data1/nix/vendor/rust/cargo2nix/submodules/rayon/rayon-core/src/lib.rs","edition":"2024","doc":true,"doctest":true,"test":true},"profile":{"opt_level":"0","debuginfo":2,"debug_assertions":true,"overflow_checks":true,"test":false},"features":[],"filenames":["/mnt/data1/nix/vendor/rust/cargo2nix/target/debug/deps/librayon_core-e09e058607afedc1.rlib","/mnt/data1/nix/vendor/rust/cargo2nix/target/debug/deps/librayon_core-e09e058607afedc1.rmeta"],"executable":null,"fresh":true}
{"reason":"compiler-artifact","package_id":"registry+https://github.com/rust-lang/crates.io-index#typeid@1.0.3","manifest_path":"/home/mdupont/.cargo/registry/src/index.crates.io-1949cf8c6b5b557f/typeid-1.0.3/Cargo.toml","target":{"kind":["lib"],"crate_types":["lib"],"name":"typeid","src_path":"/home/mdupont/.cargo/registry/src/index.crates.io-1949cf8c6b5b557f/typeid-1.0.3/src/lib.rs","edition":"2018","doc":true,"doctest":true,"test":true},"profile":{"opt_level":"0","debuginfo":2,"debug_assertions":true,"overflow_checks":true,"test":false},"features":[],"filenames":["/mnt/data1/nix/vendor/rust/cargo2nix/target/debug/deps/libtypeid-94e89d59c71b8cfe.rlib","/mnt/data1/nix/vendor/rust/cargo2nix/target/debug/deps/libtypeid-94e89d59c71b8cfe.rmeta"],"executable":null,"fresh":true}
{"reason":"compiler-artifact","package_id":"registry+https://github.com/rust-lang/crates.io-index#xattr@1.6.1","manifest_path":"/home/mdupont/.cargo/registry/src/index.crates.io-1949cf8c6b5b557f/xattr-1.6.1/Cargo.toml","target":{"kind":["lib"],"crate_types":["lib"],"name":"xattr","src_path":"/home/mdupont/.cargo/registry/src/index.crates.io-1949cf8c6b5b557f/xattr-1.6.1/src/lib.rs","edition":"2021","doc":true,"doctest":true,"test":true},"profile":{"opt_level":"0","debuginfo":2,"debug_assertions":true,"overflow_checks":true,"test":false},"features":["default","unsupported"],"filenames":["/mnt/data1/nix/vendor/rust/cargo2nix/target/debug/deps/libxattr-107d3bf78ecad0e7.rlib","/mnt/data1/nix/vendor/rust/cargo2nix/target/debug/deps/libxattr-107d3bf78ecad0e7.rmeta"],"executable":null,"fresh":true}
{"reason":"compiler-artifact","package_id":"registry+https://github.com/rust-lang/crates.io-index#uluru@3.1.0","manifest_path":"/home/mdupont/.cargo/registry/src/index.crates.io-1949cf8c6b5b557f/uluru-3.1.0/Cargo.toml","target":{"kind":["lib"],"crate_types":["lib"],"name":"uluru","src_path":"/home/mdupont/.cargo/registry/src/index.crates.io-1949cf8c6b5b557f/uluru-3.1.0/src/lib.rs","edition":"2021","doc":true,"doctest":true,"test":true},"profile":{"opt_level":"0","debuginfo":2,"debug_assertions":true,"overflow_checks":true,"test":false},"features":[],"filenames":["/mnt/data1/nix/vendor/rust/cargo2nix/target/debug/deps/libuluru-89cc04c1efb97278.rlib","/mnt/data1/nix/vendor/rust/cargo2nix/target/debug/deps/libuluru-89cc04c1efb97278.rmeta"],"executable":null,"fresh":true}
{"reason":"compiler-artifact","package_id":"registry+https://github.com/rust-lang/crates.io-index#rfc6979@0.4.0","manifest_path":"/home/mdupont/.cargo/registry/src/index.crates.io-1949cf8c6b5b557f/rfc6979-0.4.0/Cargo.toml","target":{"kind":["lib"],"crate_types":["lib"],"name":"rfc6979","src_path":"/home/mdupont/.cargo/registry/src/index.crates.io-1949cf8c6b5b557f/rfc6979-0.4.0/src/lib.rs","edition":"2021","doc":true,"doctest":true,"test":true},"profile":{"opt_level":"0","debuginfo":2,"debug_assertions":true,"overflow_checks":true,"test":false},"features":[],"filenames":["/mnt/data1/nix/vendor/rust/cargo2nix/target/debug/deps/librfc6979-ea0f3d22c7457841.rlib","/mnt/data1/nix/vendor/rust/cargo2nix/target/debug/deps/librfc6979-ea0f3d22c7457841.rmeta"],"executable":null,"fresh":true}
{"reason":"compiler-artifact","package_id":"registry+https://github.com/rust-lang/crates.io-index#sha2@0.10.9","manifest_path":"/home/mdupont/.cargo/registry/src/index.crates.io-1949cf8c6b5b557f/sha2-0.10.9/Cargo.toml","target":{"kind":["lib"],"crate_types":["lib"],"name":"sha2","src_path":"/home/mdupont/.cargo/registry/src/index.crates.io-1949cf8c6b5b557f/sha2-0.10.9/src/lib.rs","edition":"2018","doc":true,"doctest":true,"test":true},"profile":{"opt_level":"0","debuginfo":2,"debug_assertions":true,"overflow_checks":true,"test":false},"features":["default","std"],"filenames":["/mnt/data1/nix/vendor/rust/cargo2nix/target/debug/deps/libsha2-78347180c6b9db25.rlib","/mnt/data1/nix/vendor/rust/cargo2nix/target/debug/deps/libsha2-78347180c6b9db25.rmeta"],"executable":null,"fresh":true}
{"reason":"compiler-artifact","package_id":"registry+https://github.com/rust-lang/crates.io-index#signature@2.2.0","manifest_path":"/home/mdupont/.cargo/registry/src/index.crates.io-1949cf8c6b5b557f/signature-2.2.0/Cargo.toml","target":{"kind":["lib"],"crate_types":["lib"],"name":"signature","src_path":"/home/mdupont/.cargo/registry/src/index.crates.io-1949cf8c6b5b557f/signature-2.2.0/src/lib.rs","edition":"2021","doc":true,"doctest":true,"test":true},"profile":{"opt_level":"0","debuginfo":2,"debug_assertions":true,"overflow_checks":true,"test":false},"features":["alloc","digest","rand_core","std"],"filenames":["/mnt/data1/nix/vendor/rust/cargo2nix/target/debug/deps/libsignature-9b8177ebc29714ce.rlib","/mnt/data1/nix/vendor/rust/cargo2nix/target/debug/deps/libsignature-9b8177ebc29714ce.rmeta"],"executable":null,"fresh":true}
{"reason":"compiler-artifact","package_id":"registry+https://github.com/rust-lang/crates.io-index#filetime@0.2.26","manifest_path":"/home/mdupont/.cargo/registry/src/index.crates.io-1949cf8c6b5b557f/filetime-0.2.26/Cargo.toml","target":{"kind":["lib"],"crate_types":["lib"],"name":"filetime","src_path":"/home/mdupont/.cargo/registry/src/index.crates.io-1949cf8c6b5b557f/filetime-0.2.26/src/lib.rs","edition":"2018","doc":true,"doctest":true,"test":true},"profile":{"opt_level":"0","debuginfo":2,"debug_assertions":true,"overflow_checks":true,"test":false},"features":[],"filenames":["/mnt/data1/nix/vendor/rust/cargo2nix/target/debug/deps/libfiletime-3aad52ad87f2c8d5.rlib","/mnt/data1/nix/vendor/rust/cargo2nix/target/debug/deps/libfiletime-3aad52ad87f2c8d5.rmeta"],"executable":null,"fresh":true}
{"reason":"compiler-artifact","package_id":"path+file:///mnt/data1/nix/vendor/rust/cargo2nix/submodules/terminal-size#terminal_size@0.4.3","manifest_path":"/mnt/data1/nix/vendor/rust/cargo2nix/submodules/terminal-size/Cargo.toml","target":{"kind":["lib"],"crate_types":["lib"],"name":"terminal_size","src_path":"/mnt/data1/nix/vendor/rust/cargo2nix/submodules/terminal-size/src/lib.rs","edition":"2021","doc":true,"doctest":true,"test":true},"profile":{"opt_level":"0","debuginfo":2,"debug_assertions":true,"overflow_checks":true,"test":false},"features":[],"filenames":["/mnt/data1/nix/vendor/rust/cargo2nix/target/debug/deps/libterminal_size-e73aa7bde7f1da6d.rlib","/mnt/data1/nix/vendor/rust/cargo2nix/target/debug/deps/libterminal_size-e73aa7bde7f1da6d.rmeta"],"executable":null,"fresh":true}
{"reason":"compiler-artifact","package_id":"path+file:///mnt/data1/nix/vendor/rust/cargo2nix/submodules/rusqlite/libsqlite3-sys#0.35.0","manifest_path":"/mnt/data1/nix/vendor/rust/cargo2nix/submodules/rusqlite/libsqlite3-sys/Cargo.toml","target":{"kind":["custom-build"],"crate_types":["bin"],"name":"build-script-build","src_path":"/mnt/data1/nix/vendor/rust/cargo2nix/submodules/rusqlite/libsqlite3-sys/build.rs","edition":"2021","doc":false,"doctest":false,"test":false},"profile":{"opt_level":"0","debuginfo":0,"debug_assertions":true,"overflow_checks":true,"test":false},"features":["default","min_sqlite_version_3_34_1","pkg-config","vcpkg"],"filenames":["/mnt/data1/nix/vendor/rust/cargo2nix/target/debug/build/libsqlite3-sys-65259bf44743f742/build-script-build"],"executable":null,"fresh":true}
{"reason":"compiler-artifact","package_id":"path+file:///mnt/data1/nix/vendor/rust/cargo2nix/submodules/toml/crates/toml_datetime#0.7.3","manifest_path":"/mnt/data1/nix/vendor/rust/cargo2nix/submodules/toml/crates/toml_datetime/Cargo.toml","target":{"kind":["lib"],"crate_types":["lib"],"name":"toml_datetime","src_path":"/mnt/data1/nix/vendor/rust/cargo2nix/submodules/toml/crates/toml_datetime/src/lib.rs","edition":"2024","doc":true,"doctest":true,"test":true},"profile":{"opt_level":"0","debuginfo":2,"debug_assertions":true,"overflow_checks":true,"test":false},"features":["alloc","default","serde","std"],"filenames":["/mnt/data1/nix/vendor/rust/cargo2nix/target/debug/deps/libtoml_datetime-43d5b29e23fe9a49.rlib","/mnt/data1/nix/vendor/rust/cargo2nix/target/debug/deps/libtoml_datetime-43d5b29e23fe9a49.rmeta"],"executable":null,"fresh":true}
{"reason":"compiler-artifact","package_id":"path+file:///mnt/data1/nix/vendor/rust/cargo2nix/submodules/toml/crates/toml_parser#1.0.4","manifest_path":"/mnt/data1/nix/vendor/rust/cargo2nix/submodules/toml/crates/toml_parser/Cargo.toml","target":{"kind":["lib"],"crate_types":["lib"],"name":"toml_parser","src_path":"/mnt/data1/nix/vendor/rust/cargo2nix/submodules/toml/crates/toml_parser/src/lib.rs","edition":"2024","doc":true,"doctest":true,"test":true},"profile":{"opt_level":"0","debuginfo":2,"debug_assertions":true,"overflow_checks":true,"test":false},"features":["alloc","default","std"],"filenames":["/mnt/data1/nix/vendor/rust/cargo2nix/target/debug/deps/libtoml_parser-48c7a25fc23e583d.rlib","/mnt/data1/nix/vendor/rust/cargo2nix/target/debug/deps/libtoml_parser-48c7a25fc23e583d.rmeta"],"executable":null,"fresh":true}
{"reason":"compiler-artifact","package_id":"path+file:///mnt/data1/nix/vendor/rust/cargo2nix/submodules/toml/crates/serde_spanned#1.0.3","manifest_path":"/mnt/data1/nix/vendor/rust/cargo2nix/submodules/toml/crates/serde_spanned/Cargo.toml","target":{"kind":["lib"],"crate_types":["lib"],"name":"serde_spanned","src_path":"/mnt/data1/nix/vendor/rust/cargo2nix/submodules/toml/crates/serde_spanned/src/lib.rs","edition":"2024","doc":true,"doctest":true,"test":true},"profile":{"opt_level":"0","debuginfo":2,"debug_assertions":true,"overflow_checks":true,"test":false},"features":["alloc","default","serde","std"],"filenames":["/mnt/data1/nix/vendor/rust/cargo2nix/target/debug/deps/libserde_spanned-d50187938a17bbde.rlib","/mnt/data1/nix/vendor/rust/cargo2nix/target/debug/deps/libserde_spanned-d50187938a17bbde.rmeta"],"executable":null,"fresh":true}
{"reason":"compiler-artifact","package_id":"path+file:///mnt/data1/nix/vendor/rust/cargo2nix/submodules/gitoxide/gix-revwalk#0.23.0","manifest_path":"/mnt/data1/nix/vendor/rust/cargo2nix/submodules/gitoxide/gix-revwalk/Cargo.toml","target":{"kind":["lib"],"crate_types":["lib"],"name":"gix_revwalk","src_path":"/mnt/data1/nix/vendor/rust/cargo2nix/submodules/gitoxide/gix-revwalk/src/lib.rs","edition":"2021","doc":true,"doctest":false,"test":true},"profile":{"opt_level":"0","debuginfo":2,"debug_assertions":true,"overflow_checks":true,"test":false},"features":[],"filenames":["/mnt/data1/nix/vendor/rust/cargo2nix/target/debug/deps/libgix_revwalk-fc44be628260fd10.rlib","/mnt/data1/nix/vendor/rust/cargo2nix/target/debug/deps/libgix_revwalk-fc44be628260fd10.rmeta"],"executable":null,"fresh":true}
{"reason":"compiler-artifact","package_id":"path+file:///mnt/data1/nix/vendor/rust/cargo2nix/submodules/gitoxide/gix-ref#0.55.0","manifest_path":"/mnt/data1/nix/vendor/rust/cargo2nix/submodules/gitoxide/gix-ref/Cargo.toml","target":{"kind":["lib"],"crate_types":["lib"],"name":"gix_ref","src_path":"/mnt/data1/nix/vendor/rust/cargo2nix/submodules/gitoxide/gix-ref/src/lib.rs","edition":"2021","doc":true,"doctest":false,"test":true},"profile":{"opt_level":"0","debuginfo":2,"debug_assertions":true,"overflow_checks":true,"test":false},"features":[],"filenames":["/mnt/data1/nix/vendor/rust/cargo2nix/target/debug/deps/libgix_ref-c1af8e55163eba44.rlib","/mnt/data1/nix/vendor/rust/cargo2nix/target/debug/deps/libgix_ref-c1af8e55163eba44.rmeta"],"executable":null,"fresh":true}
{"reason":"compiler-artifact","package_id":"path+file:///mnt/data1/nix/vendor/rust/cargo2nix/submodules/gitoxide/gix-filter#0.22.0","manifest_path":"/mnt/data1/nix/vendor/rust/cargo2nix/submodules/gitoxide/gix-filter/Cargo.toml","target":{"kind":["lib"],"crate_types":["lib"],"name":"gix_filter","src_path":"/mnt/data1/nix/vendor/rust/cargo2nix/submodules/gitoxide/gix-filter/src/lib.rs","edition":"2021","doc":true,"doctest":false,"test":true},"profile":{"opt_level":"0","debuginfo":2,"debug_assertions":true,"overflow_checks":true,"test":false},"features":[],"filenames":["/mnt/data1/nix/vendor/rust/cargo2nix/target/debug/deps/libgix_filter-d3f45070d3607cc2.rlib","/mnt/data1/nix/vendor/rust/cargo2nix/target/debug/deps/libgix_filter-d3f45070d3607cc2.rmeta"],"executable":null,"fresh":true}
{"reason":"compiler-artifact","package_id":"registry+https://github.com/rust-lang/crates.io-index#libz-rs-sys@0.5.3","manifest_path":"/home/mdupont/.cargo/registry/src/index.crates.io-1949cf8c6b5b557f/libz-rs-sys-0.5.3/Cargo.toml","target":{"kind":["lib"],"crate_types":["lib"],"name":"libz_rs_sys","src_path":"/home/mdupont/.cargo/registry/src/index.crates.io-1949cf8c6b5b557f/libz-rs-sys-0.5.3/src/lib.rs","edition":"2021","doc":true,"doctest":true,"test":true},"profile":{"opt_level":"0","debuginfo":0,"debug_assertions":true,"overflow_checks":true,"test":false},"features":["rust-allocator","std"],"filenames":["/mnt/data1/nix/vendor/rust/cargo2nix/target/debug/deps/liblibz_rs_sys-94506ff7b9777602.rlib","/mnt/data1/nix/vendor/rust/cargo2nix/target/debug/deps/liblibz_rs_sys-94506ff7b9777602.rmeta"],"executable":null,"fresh":true}
{"reason":"compiler-artifact","package_id":"path+file:///mnt/data1/nix/vendor/rust/cargo2nix/submodules/either#1.15.0","manifest_path":"/mnt/data1/nix/vendor/rust/cargo2nix/submodules/either/Cargo.toml","target":{"kind":["lib"],"crate_types":["lib"],"name":"either","src_path":"/mnt/data1/nix/vendor/rust/cargo2nix/submodules/either/src/lib.rs","edition":"2021","doc":true,"doctest":true,"test":true},"profile":{"opt_level":"0","debuginfo":2,"debug_assertions":true,"overflow_checks":true,"test":false},"features":["default","std"],"filenames":["/mnt/data1/nix/vendor/rust/cargo2nix/target/debug/deps/libeither-74f5a3a348f61652.rlib","/mnt/data1/nix/vendor/rust/cargo2nix/target/debug/deps/libeither-74f5a3a348f61652.rmeta"],"executable":null,"fresh":true}
{"reason":"compiler-artifact","package_id":"registry+https://github.com/rust-lang/crates.io-index#minimal-lexical@0.2.1","manifest_path":"/home/mdupont/.cargo/registry/src/index.crates.io-1949cf8c6b5b557f/minimal-lexical-0.2.1/Cargo.toml","target":{"kind":["lib"],"crate_types":["lib"],"name":"minimal_lexical","src_path":"/home/mdupont/.cargo/registry/src/index.crates.io-1949cf8c6b5b557f/minimal-lexical-0.2.1/src/lib.rs","edition":"2018","doc":true,"doctest":true,"test":true},"profile":{"opt_level":"0","debuginfo":0,"debug_assertions":true,"overflow_checks":true,"test":false},"features":["std"],"filenames":["/mnt/data1/nix/vendor/rust/cargo2nix/target/debug/deps/libminimal_lexical-fd4e2de6734108b1.rlib","/mnt/data1/nix/vendor/rust/cargo2nix/target/debug/deps/libminimal_lexical-fd4e2de6734108b1.rmeta"],"executable":null,"fresh":true}
{"reason":"compiler-artifact","package_id":"registry+https://github.com/rust-lang/crates.io-index#clru@0.6.2","manifest_path":"/home/mdupont/.cargo/registry/src/index.crates.io-1949cf8c6b5b557f/clru-0.6.2/Cargo.toml","target":{"kind":["lib"],"crate_types":["lib"],"name":"clru","src_path":"/home/mdupont/.cargo/registry/src/index.crates.io-1949cf8c6b5b557f/clru-0.6.2/src/lib.rs","edition":"2021","doc":true,"doctest":true,"test":true},"profile":{"opt_level":"0","debuginfo":2,"debug_assertions":true,"overflow_checks":true,"test":false},"features":[],"filenames":["/mnt/data1/nix/vendor/rust/cargo2nix/target/debug/deps/libclru-0b336f4112188855.rlib","/mnt/data1/nix/vendor/rust/cargo2nix/target/debug/deps/libclru-0b336f4112188855.rmeta"],"executable":null,"fresh":true}
{"reason":"compiler-artifact","package_id":"path+file:///mnt/data1/nix/vendor/rust/cargo2nix/submodules/strsim-rs#strsim@0.11.1","manifest_path":"/mnt/data1/nix/vendor/rust/cargo2nix/submodules/strsim-rs/Cargo.toml","target":{"kind":["lib"],"crate_types":["lib"],"name":"strsim","src_path":"/mnt/data1/nix/vendor/rust/cargo2nix/submodules/strsim-rs/src/lib.rs","edition":"2021","doc":true,"doctest":true,"test":true},"profile":{"opt_level":"0","debuginfo":2,"debug_assertions":true,"overflow_checks":true,"test":false},"features":[],"filenames":["/mnt/data1/nix/vendor/rust/cargo2nix/target/debug/deps/libstrsim-b41e943a1164adf9.rlib","/mnt/data1/nix/vendor/rust/cargo2nix/target/debug/deps/libstrsim-b41e943a1164adf9.rmeta"],"executable":null,"fresh":true}
{"reason":"compiler-artifact","package_id":"path+file:///mnt/data1/nix/vendor/rust/cargo2nix/submodules/clap/clap_lex#0.7.6","manifest_path":"/mnt/data1/nix/vendor/rust/cargo2nix/submodules/clap/clap_lex/Cargo.toml","target":{"kind":["lib"],"crate_types":["lib"],"name":"clap_lex","src_path":"/mnt/data1/nix/vendor/rust/cargo2nix/submodules/clap/clap_lex/src/lib.rs","edition":"2024","doc":true,"doctest":true,"test":true},"profile":{"opt_level":"0","debuginfo":2,"debug_assertions":true,"overflow_checks":true,"test":false},"features":[],"filenames":["/mnt/data1/nix/vendor/rust/cargo2nix/target/debug/deps/libclap_lex-727f1ac7cd6c89e8.rlib","/mnt/data1/nix/vendor/rust/cargo2nix/target/debug/deps/libclap_lex-727f1ac7cd6c89e8.rmeta"],"executable":null,"fresh":true}
{"reason":"compiler-artifact","package_id":"registry+https://github.com/rust-lang/crates.io-index#heck@0.5.0","manifest_path":"/home/mdupont/.cargo/registry/src/index.crates.io-1949cf8c6b5b557f/heck-0.5.0/Cargo.toml","target":{"kind":["lib"],"crate_types":["lib"],"name":"heck","src_path":"/home/mdupont/.cargo/registry/src/index.crates.io-1949cf8c6b5b557f/heck-0.5.0/src/lib.rs","edition":"2021","doc":true,"doctest":true,"test":true},"profile":{"opt_level":"0","debuginfo":0,"debug_assertions":true,"overflow_checks":true,"test":false},"features":[],"filenames":["/mnt/data1/nix/vendor/rust/cargo2nix/target/debug/deps/libheck-20e948fc986d72b6.rlib","/mnt/data1/nix/vendor/rust/cargo2nix/target/debug/deps/libheck-20e948fc986d72b6.rmeta"],"executable":null,"fresh":true}
{"reason":"compiler-artifact","package_id":"path+file:///mnt/data1/nix/vendor/rust/cargo2nix/submodules/semver#1.0.27","manifest_path":"/mnt/data1/nix/vendor/rust/cargo2nix/submodules/semver/Cargo.toml","target":{"kind":["custom-build"],"crate_types":["bin"],"name":"build-script-build","src_path":"/mnt/data1/nix/vendor/rust/cargo2nix/submodules/semver/build.rs","edition":"2018","doc":false,"doctest":false,"test":false},"profile":{"opt_level":"0","debuginfo":0,"debug_assertions":true,"overflow_checks":true,"test":false},"features":["default","serde","std"],"filenames":["/mnt/data1/nix/vendor/rust/cargo2nix/target/debug/build/semver-d8955c0ed1ee6803/build-script-build"],"executable":null,"fresh":true}
{"reason":"compiler-artifact","package_id":"path+file:///mnt/data1/nix/vendor/rust/cargo2nix/submodules/toml/crates/toml_writer#1.0.4","manifest_path":"/mnt/data1/nix/vendor/rust/cargo2nix/submodules/toml/crates/toml_writer/Cargo.toml","target":{"kind":["lib"],"crate_types":["lib"],"name":"toml_writer","src_path":"/mnt/data1/nix/vendor/rust/cargo2nix/submodules/toml/crates/toml_writer/src/lib.rs","edition":"2024","doc":true,"doctest":true,"test":true},"profile":{"opt_level":"0","debuginfo":2,"debug_assertions":true,"overflow_checks":true,"test":false},"features":["alloc","default","std"],"filenames":["/mnt/data1/nix/vendor/rust/cargo2nix/target/debug/deps/libtoml_writer-6e51890047ca0d40.rlib","/mnt/data1/nix/vendor/rust/cargo2nix/target/debug/deps/libtoml_writer-6e51890047ca0d40.rmeta"],"executable":null,"fresh":true}
{"reason":"compiler-artifact","package_id":"registry+https://github.com/rust-lang/crates.io-index#libm@0.2.9","manifest_path":"/home/mdupont/.cargo/registry/src/index.crates.io-1949cf8c6b5b557f/libm-0.2.9/Cargo.toml","target":{"kind":["custom-build"],"crate_types":["bin"],"name":"build-script-build","src_path":"/home/mdupont/.cargo/registry/src/index.crates.io-1949cf8c6b5b557f/libm-0.2.9/build.rs","edition":"2021","doc":false,"doctest":false,"test":false},"profile":{"opt_level":"0","debuginfo":0,"debug_assertions":true,"overflow_checks":true,"test":false},"features":["default"],"filenames":["/mnt/data1/nix/vendor/rust/cargo2nix/target/debug/build/libm-3c82e14f9f6bd9cc/build-script-build"],"executable":null,"fresh":true}
{"reason":"compiler-artifact","package_id":"registry+https://github.com/rust-lang/crates.io-index#tar@0.4.44","manifest_path":"/home/mdupont/.cargo/registry/src/index.crates.io-1949cf8c6b5b557f/tar-0.4.44/Cargo.toml","target":{"kind":["lib"],"crate_types":["lib"],"name":"tar","src_path":"/home/mdupont/.cargo/registry/src/index.crates.io-1949cf8c6b5b557f/tar-0.4.44/src/lib.rs","edition":"2021","doc":true,"doctest":true,"test":true},"profile":{"opt_level":"0","debuginfo":2,"debug_assertions":true,"overflow_checks":true,"test":false},"features":["default","xattr"],"filenames":["/mnt/data1/nix/vendor/rust/cargo2nix/target/debug/deps/libtar-2b4e532ee8090946.rlib","/mnt/data1/nix/vendor/rust/cargo2nix/target/debug/deps/libtar-2b4e532ee8090946.rmeta"],"executable":null,"fresh":true}
{"reason":"compiler-artifact","package_id":"registry+https://github.com/rust-lang/crates.io-index#erased-serde@0.4.8","manifest_path":"/home/mdupont/.cargo/registry/src/index.crates.io-1949cf8c6b5b557f/erased-serde-0.4.8/Cargo.toml","target":{"kind":["lib"],"crate_types":["lib"],"name":"erased_serde","src_path":"/home/mdupont/.cargo/registry/src/index.crates.io-1949cf8c6b5b557f/erased-serde-0.4.8/src/lib.rs","edition":"2021","doc":true,"doctest":true,"test":true},"profile":{"opt_level":"0","debuginfo":2,"debug_assertions":true,"overflow_checks":true,"test":false},"features":["alloc"],"filenames":["/mnt/data1/nix/vendor/rust/cargo2nix/target/debug/deps/liberased_serde-48bf39eaaf40930c.rlib","/mnt/data1/nix/vendor/rust/cargo2nix/target/debug/deps/liberased_serde-48bf39eaaf40930c.rmeta"],"executable":null,"fresh":true}
{"reason":"compiler-artifact","package_id":"registry+https://github.com/rust-lang/crates.io-index#ecdsa@0.16.9","manifest_path":"/home/mdupont/.cargo/registry/src/index.crates.io-1949cf8c6b5b557f/ecdsa-0.16.9/Cargo.toml","target":{"kind":["lib"],"crate_types":["lib"],"name":"ecdsa","src_path":"/home/mdupont/.cargo/registry/src/index.crates.io-1949cf8c6b5b557f/ecdsa-0.16.9/src/lib.rs","edition":"2021","doc":true,"doctest":true,"test":true},"profile":{"opt_level":"0","debuginfo":2,"debug_assertions":true,"overflow_checks":true,"test":false},"features":["alloc","arithmetic","der","digest","hazmat","pem","pkcs8","rfc6979","signing","spki","std","verifying"],"filenames":["/mnt/data1/nix/vendor/rust/cargo2nix/target/debug/deps/libecdsa-f7400ba8fb2182e8.rlib","/mnt/data1/nix/vendor/rust/cargo2nix/target/debug/deps/libecdsa-f7400ba8fb2182e8.rmeta"],"executable":null,"fresh":true}
{"reason":"compiler-artifact","package_id":"registry+https://github.com/rust-lang/crates.io-index#pest_meta@2.7.15","manifest_path":"/home/mdupont/.cargo/registry/src/index.crates.io-1949cf8c6b5b557f/pest_meta-2.7.15/Cargo.toml","target":{"kind":["lib"],"crate_types":["lib"],"name":"pest_meta","src_path":"/home/mdupont/.cargo/registry/src/index.crates.io-1949cf8c6b5b557f/pest_meta-2.7.15/src/lib.rs","edition":"2021","doc":true,"doctest":true,"test":true},"profile":{"opt_level":"0","debuginfo":0,"debug_assertions":true,"overflow_checks":true,"test":false},"features":["default"],"filenames":["/mnt/data1/nix/vendor/rust/cargo2nix/target/debug/deps/libpest_meta-81e58f0a7cc7d78f.rlib","/mnt/data1/nix/vendor/rust/cargo2nix/target/debug/deps/libpest_meta-81e58f0a7cc7d78f.rmeta"],"executable":null,"fresh":true}
{"reason":"compiler-artifact","package_id":"path+file:///mnt/data1/nix/vendor/rust/cargo2nix/submodules/gitoxide/gix-shallow#0.6.0","manifest_path":"/mnt/data1/nix/vendor/rust/cargo2nix/submodules/gitoxide/gix-shallow/Cargo.toml","target":{"kind":["lib"],"crate_types":["lib"],"name":"gix_shallow","src_path":"/mnt/data1/nix/vendor/rust/cargo2nix/submodules/gitoxide/gix-shallow/src/lib.rs","edition":"2021","doc":true,"doctest":false,"test":false},"profile":{"opt_level":"0","debuginfo":2,"debug_assertions":true,"overflow_checks":true,"test":false},"features":[],"filenames":["/mnt/data1/nix/vendor/rust/cargo2nix/target/debug/deps/libgix_shallow-cdcca9d978ae4126.rlib","/mnt/data1/nix/vendor/rust/cargo2nix/target/debug/deps/libgix_shallow-cdcca9d978ae4126.rmeta"],"executable":null,"fresh":true}
{"reason":"compiler-artifact","package_id":"path+file:///mnt/data1/nix/vendor/rust/cargo2nix/submodules/rust-url/url#2.5.7","manifest_path":"/mnt/data1/nix/vendor/rust/cargo2nix/submodules/rust-url/url/Cargo.toml","target":{"kind":["lib"],"crate_types":["lib"],"name":"url","src_path":"/mnt/data1/nix/vendor/rust/cargo2nix/submodules/rust-url/url/src/lib.rs","edition":"2018","doc":true,"doctest":true,"test":true},"profile":{"opt_level":"0","debuginfo":2,"debug_assertions":true,"overflow_checks":true,"test":false},"features":["default","std"],"filenames":["/mnt/data1/nix/vendor/rust/cargo2nix/target/debug/deps/liburl-1408c01f45a1add4.rlib","/mnt/data1/nix/vendor/rust/cargo2nix/target/debug/deps/liburl-1408c01f45a1add4.rmeta"],"executable":null,"fresh":true}
{"reason":"build-script-executed","package_id":"path+file:///mnt/data1/nix/vendor/rust/cargo2nix/submodules/rusqlite/libsqlite3-sys#0.35.0","linked_libs":["dylib=sqlite3"],"linked_paths":[],"cfgs":[],"env":[],"out_dir":"/mnt/data1/nix/vendor/rust/cargo2nix/target/debug/build/libsqlite3-sys-dbe1e283087938c9/out"}
{"reason":"compiler-artifact","package_id":"registry+https://github.com/rust-lang/crates.io-index#rand@0.8.5","manifest_path":"/home/mdupont/.cargo/registry/src/index.crates.io-1949cf8c6b5b557f/rand-0.8.5/Cargo.toml","target":{"kind":["lib"],"crate_types":["lib"],"name":"rand","src_path":"/home/mdupont/.cargo/registry/src/index.crates.io-1949cf8c6b5b557f/rand-0.8.5/src/lib.rs","edition":"2018","doc":true,"doctest":true,"test":true},"profile":{"opt_level":"0","debuginfo":2,"debug_assertions":true,"overflow_checks":true,"test":false},"features":["alloc","default","getrandom","libc","rand_chacha","std","std_rng"],"filenames":["/mnt/data1/nix/vendor/rust/cargo2nix/target/debug/deps/librand-f9e14dac203efe9f.rlib","/mnt/data1/nix/vendor/rust/cargo2nix/target/debug/deps/librand-f9e14dac203efe9f.rmeta"],"executable":null,"fresh":true}
{"reason":"build-script-executed","package_id":"registry+https://github.com/rust-lang/crates.io-index#nix@0.30.1","linked_libs":[],"linked_paths":[],"cfgs":["linux","linux_android"],"env":[],"out_dir":"/mnt/data1/nix/vendor/rust/cargo2nix/target/debug/build/nix-146558d7f889580e/out"}
{"reason":"compiler-artifact","package_id":"registry+https://github.com/rust-lang/crates.io-index#chrono-tz@0.9.0","manifest_path":"/home/mdupont/.cargo/registry/src/index.crates.io-1949cf8c6b5b557f/chrono-tz-0.9.0/Cargo.toml","target":{"kind":["custom-build"],"crate_types":["bin"],"name":"build-script-build","src_path":"/home/mdupont/.cargo/registry/src/index.crates.io-1949cf8c6b5b557f/chrono-tz-0.9.0/build.rs","edition":"2021","doc":false,"doctest":false,"test":false},"profile":{"opt_level":"0","debuginfo":0,"debug_assertions":true,"overflow_checks":true,"test":false},"features":["default","std"],"filenames":["/mnt/data1/nix/vendor/rust/cargo2nix/target/debug/build/chrono-tz-93c658533ce33577/build-script-build"],"executable":null,"fresh":true}
{"reason":"compiler-artifact","package_id":"path+file:///mnt/data1/nix/vendor/rust/cargo2nix/submodules/gitoxide/gix-transport#0.50.0","manifest_path":"/mnt/data1/nix/vendor/rust/cargo2nix/submodules/gitoxide/gix-transport/Cargo.toml","target":{"kind":["lib"],"crate_types":["lib"],"name":"gix_transport","src_path":"/mnt/data1/nix/vendor/rust/cargo2nix/submodules/gitoxide/gix-transport/src/lib.rs","edition":"2021","doc":true,"doctest":false,"test":true},"profile":{"opt_level":"0","debuginfo":2,"debug_assertions":true,"overflow_checks":true,"test":false},"features":["base64","blocking-client","curl","default","gix-credentials","http-client","http-client-curl"],"filenames":["/mnt/data1/nix/vendor/rust/cargo2nix/target/debug/deps/libgix_transport-ebd168f5609c5fe1.rlib","/mnt/data1/nix/vendor/rust/cargo2nix/target/debug/deps/libgix_transport-ebd168f5609c5fe1.rmeta"],"executable":null,"fresh":true}
{"reason":"compiler-artifact","package_id":"path+file:///mnt/data1/nix/vendor/rust/cargo2nix/submodules/gitoxide/gix-traverse#0.49.0","manifest_path":"/mnt/data1/nix/vendor/rust/cargo2nix/submodules/gitoxide/gix-traverse/Cargo.toml","target":{"kind":["lib"],"crate_types":["lib"],"name":"gix_traverse","src_path":"/mnt/data1/nix/vendor/rust/cargo2nix/submodules/gitoxide/gix-traverse/src/lib.rs","edition":"2021","doc":true,"doctest":false,"test":true},"profile":{"opt_level":"0","debuginfo":2,"debug_assertions":true,"overflow_checks":true,"test":false},"features":[],"filenames":["/mnt/data1/nix/vendor/rust/cargo2nix/target/debug/deps/libgix_traverse-a9de913af29be526.rlib","/mnt/data1/nix/vendor/rust/cargo2nix/target/debug/deps/libgix_traverse-a9de913af29be526.rmeta"],"executable":null,"fresh":true}
{"reason":"compiler-artifact","package_id":"path+file:///mnt/data1/nix/vendor/rust/cargo2nix/submodules/gitoxide/gix-revision#0.37.0","manifest_path":"/mnt/data1/nix/vendor/rust/cargo2nix/submodules/gitoxide/gix-revision/Cargo.toml","target":{"kind":["lib"],"crate_types":["lib"],"name":"gix_revision","src_path":"/mnt/data1/nix/vendor/rust/cargo2nix/submodules/gitoxide/gix-revision/src/lib.rs","edition":"2021","doc":true,"doctest":false,"test":true},"profile":{"opt_level":"0","debuginfo":2,"debug_assertions":true,"overflow_checks":true,"test":false},"features":["describe","merge_base"],"filenames":["/mnt/data1/nix/vendor/rust/cargo2nix/target/debug/deps/libgix_revision-384c00459524897e.rlib","/mnt/data1/nix/vendor/rust/cargo2nix/target/debug/deps/libgix_revision-384c00459524897e.rmeta"],"executable":null,"fresh":true}
{"reason":"compiler-artifact","package_id":"path+file:///mnt/data1/nix/vendor/rust/cargo2nix/submodules/gitoxide/gix-discover#0.43.0","manifest_path":"/mnt/data1/nix/vendor/rust/cargo2nix/submodules/gitoxide/gix-discover/Cargo.toml","target":{"kind":["lib"],"crate_types":["lib"],"name":"gix_discover","src_path":"/mnt/data1/nix/vendor/rust/cargo2nix/submodules/gitoxide/gix-discover/src/lib.rs","edition":"2021","doc":true,"doctest":false,"test":true},"profile":{"opt_level":"0","debuginfo":2,"debug_assertions":true,"overflow_checks":true,"test":false},"features":[],"filenames":["/mnt/data1/nix/vendor/rust/cargo2nix/target/debug/deps/libgix_discover-044e6e0780a02611.rlib","/mnt/data1/nix/vendor/rust/cargo2nix/target/debug/deps/libgix_discover-044e6e0780a02611.rmeta"],"executable":null,"fresh":true}
{"reason":"build-script-executed","package_id":"path+file:///mnt/data1/nix/vendor/rust/cargo2nix/submodules/semver#1.0.27","linked_libs":[],"linked_paths":[],"cfgs":[],"env":[],"out_dir":"/mnt/data1/nix/vendor/rust/cargo2nix/target/debug/build/semver-9cb0b440a2cf41fe/out"}
{"reason":"build-script-executed","package_id":"registry+https://github.com/rust-lang/crates.io-index#libm@0.2.9","linked_libs":[],"linked_paths":[],"cfgs":[],"env":[],"out_dir":"/mnt/data1/nix/vendor/rust/cargo2nix/target/debug/build/libm-5643754df5aa618d/out"}
{"reason":"compiler-artifact","package_id":"path+file:///mnt/data1/nix/vendor/rust/cargo2nix/submodules/gitoxide/gix-config#0.48.0","manifest_path":"/mnt/data1/nix/vendor/rust/cargo2nix/submodules/gitoxide/gix-config/Cargo.toml","target":{"kind":["lib"],"crate_types":["lib"],"name":"gix_config","src_path":"/mnt/data1/nix/vendor/rust/cargo2nix/submodules/gitoxide/gix-config/src/lib.rs","edition":"2021","doc":true,"doctest":true,"test":true},"profile":{"opt_level":"0","debuginfo":2,"debug_assertions":true,"overflow_checks":true,"test":false},"features":[],"filenames":["/mnt/data1/nix/vendor/rust/cargo2nix/target/debug/deps/libgix_config-9332e4b2a9cf8abb.rlib","/mnt/data1/nix/vendor/rust/cargo2nix/target/debug/deps/libgix_config-9332e4b2a9cf8abb.rmeta"],"executable":null,"fresh":true}
{"reason":"compiler-artifact","package_id":"path+file:///mnt/data1/nix/vendor/rust/cargo2nix/submodules/clap/clap_builder#4.5.51","manifest_path":"/mnt/data1/nix/vendor/rust/cargo2nix/submodules/clap/clap_builder/Cargo.toml","target":{"kind":["lib"],"crate_types":["lib"],"name":"clap_builder","src_path":"/mnt/data1/nix/vendor/rust/cargo2nix/submodules/clap/clap_builder/src/lib.rs","edition":"2024","doc":true,"doctest":true,"test":true},"profile":{"opt_level":"0","debuginfo":2,"debug_assertions":true,"overflow_checks":true,"test":false},"features":["color","error-context","help","std","suggestions","usage","wrap_help"],"filenames":["/mnt/data1/nix/vendor/rust/cargo2nix/target/debug/deps/libclap_builder-07deac357db3393e.rlib","/mnt/data1/nix/vendor/rust/cargo2nix/target/debug/deps/libclap_builder-07deac357db3393e.rmeta"],"executable":null,"fresh":true}
{"reason":"compiler-artifact","package_id":"registry+https://github.com/rust-lang/crates.io-index#flate2@1.1.5","manifest_path":"/home/mdupont/.cargo/registry/src/index.crates.io-1949cf8c6b5b557f/flate2-1.1.5/Cargo.toml","target":{"kind":["lib"],"crate_types":["lib"],"name":"flate2","src_path":"/home/mdupont/.cargo/registry/src/index.crates.io-1949cf8c6b5b557f/flate2-1.1.5/src/lib.rs","edition":"2018","doc":true,"doctest":true,"test":true},"profile":{"opt_level":"0","debuginfo":2,"debug_assertions":true,"overflow_checks":true,"test":false},"features":["any_impl","any_zlib","default","libz-rs-sys","miniz_oxide","rust_backend","zlib-rs"],"filenames":["/mnt/data1/nix/vendor/rust/cargo2nix/target/debug/deps/libflate2-82211d5845e10a7b.rlib","/mnt/data1/nix/vendor/rust/cargo2nix/target/debug/deps/libflate2-82211d5845e10a7b.rmeta"],"executable":null,"fresh":true}
{"reason":"compiler-artifact","package_id":"path+file:///mnt/data1/nix/vendor/rust/cargo2nix/submodules/rayon#1.11.0","manifest_path":"/mnt/data1/nix/vendor/rust/cargo2nix/submodules/rayon/Cargo.toml","target":{"kind":["lib"],"crate_types":["lib"],"name":"rayon","src_path":"/mnt/data1/nix/vendor/rust/cargo2nix/submodules/rayon/src/lib.rs","edition":"2024","doc":true,"doctest":true,"test":true},"profile":{"opt_level":"0","debuginfo":2,"debug_assertions":true,"overflow_checks":true,"test":false},"features":[],"filenames":["/mnt/data1/nix/vendor/rust/cargo2nix/target/debug/deps/librayon-a14e8289db022f34.rlib","/mnt/data1/nix/vendor/rust/cargo2nix/target/debug/deps/librayon-a14e8289db022f34.rmeta"],"executable":null,"fresh":true}
{"reason":"compiler-artifact","package_id":"path+file:///mnt/data1/nix/vendor/rust/cargo2nix/submodules/gitoxide/gix-pack#0.62.0","manifest_path":"/mnt/data1/nix/vendor/rust/cargo2nix/submodules/gitoxide/gix-pack/Cargo.toml","target":{"kind":["lib"],"crate_types":["lib"],"name":"gix_pack","src_path":"/mnt/data1/nix/vendor/rust/cargo2nix/submodules/gitoxide/gix-pack/src/lib.rs","edition":"2021","doc":true,"doctest":false,"test":true},"profile":{"opt_level":"0","debuginfo":2,"debug_assertions":true,"overflow_checks":true,"test":false},"features":["object-cache-dynamic","pack-cache-lru-dynamic","pack-cache-lru-static","streaming-input"],"filenames":["/mnt/data1/nix/vendor/rust/cargo2nix/target/debug/deps/libgix_pack-2e47a31b558ceae0.rlib","/mnt/data1/nix/vendor/rust/cargo2nix/target/debug/deps/libgix_pack-2e47a31b558ceae0.rmeta"],"executable":null,"fresh":true}
   Compiling clap_derive v4.5.49 (/mnt/data1/nix/vendor/rust/cargo2nix/submodules/clap/clap_derive)
{"reason":"compiler-artifact","package_id":"registry+https://github.com/rust-lang/crates.io-index#nom@7.1.3","manifest_path":"/home/mdupont/.cargo/registry/src/index.crates.io-1949cf8c6b5b557f/nom-7.1.3/Cargo.toml","target":{"kind":["lib"],"crate_types":["lib"],"name":"nom","src_path":"/home/mdupont/.cargo/registry/src/index.crates.io-1949cf8c6b5b557f/nom-7.1.3/src/lib.rs","edition":"2018","doc":true,"doctest":true,"test":true},"profile":{"opt_level":"0","debuginfo":0,"debug_assertions":true,"overflow_checks":true,"test":false},"features":["alloc","default","std"],"filenames":["/mnt/data1/nix/vendor/rust/cargo2nix/target/debug/deps/libnom-12ae1701ec79e738.rlib","/mnt/data1/nix/vendor/rust/cargo2nix/target/debug/deps/libnom-12ae1701ec79e738.rmeta"],"executable":null,"fresh":true}
{"reason":"compiler-artifact","package_id":"path+file:///mnt/data1/nix/vendor/rust/cargo2nix/submodules/gitoxide/gix-negotiate#0.23.0","manifest_path":"/mnt/data1/nix/vendor/rust/cargo2nix/submodules/gitoxide/gix-negotiate/Cargo.toml","target":{"kind":["lib"],"crate_types":["lib"],"name":"gix_negotiate","src_path":"/mnt/data1/nix/vendor/rust/cargo2nix/submodules/gitoxide/gix-negotiate/src/lib.rs","edition":"2021","doc":true,"doctest":false,"test":false},"profile":{"opt_level":"0","debuginfo":2,"debug_assertions":true,"overflow_checks":true,"test":false},"features":[],"filenames":["/mnt/data1/nix/vendor/rust/cargo2nix/target/debug/deps/libgix_negotiate-bb8042f2f4a1ff3c.rlib","/mnt/data1/nix/vendor/rust/cargo2nix/target/debug/deps/libgix_negotiate-bb8042f2f4a1ff3c.rmeta"],"executable":null,"fresh":true}
{"reason":"compiler-artifact","package_id":"path+file:///mnt/data1/nix/vendor/rust/cargo2nix/submodules/quickcheck#1.0.3","manifest_path":"/mnt/data1/nix/vendor/rust/cargo2nix/submodules/quickcheck/Cargo.toml","target":{"kind":["lib"],"crate_types":["lib"],"name":"quickcheck","src_path":"/mnt/data1/nix/vendor/rust/cargo2nix/submodules/quickcheck/src/lib.rs","edition":"2021","doc":true,"doctest":true,"test":true},"profile":{"opt_level":"0","debuginfo":2,"debug_assertions":true,"overflow_checks":true,"test":false},"features":["default","env_logger","log","regex","use_logging"],"filenames":["/mnt/data1/nix/vendor/rust/cargo2nix/target/debug/deps/libquickcheck-c3a898c7e3c28141.rlib","/mnt/data1/nix/vendor/rust/cargo2nix/target/debug/deps/libquickcheck-c3a898c7e3c28141.rmeta"],"executable":null,"fresh":true}
{"reason":"compiler-artifact","package_id":"registry+https://github.com/rust-lang/crates.io-index#sharded-slab@0.1.7","manifest_path":"/home/mdupont/.cargo/registry/src/index.crates.io-1949cf8c6b5b557f/sharded-slab-0.1.7/Cargo.toml","target":{"kind":["lib"],"crate_types":["lib"],"name":"sharded_slab","src_path":"/home/mdupont/.cargo/registry/src/index.crates.io-1949cf8c6b5b557f/sharded-slab-0.1.7/src/lib.rs","edition":"2018","doc":true,"doctest":true,"test":true},"profile":{"opt_level":"0","debuginfo":2,"debug_assertions":true,"overflow_checks":true,"test":false},"features":[],"filenames":["/mnt/data1/nix/vendor/rust/cargo2nix/target/debug/deps/libsharded_slab-5f5b1a6582c3fa18.rlib","/mnt/data1/nix/vendor/rust/cargo2nix/target/debug/deps/libsharded_slab-5f5b1a6582c3fa18.rmeta"],"executable":null,"fresh":true}
{"reason":"compiler-artifact","package_id":"registry+https://github.com/rust-lang/crates.io-index#primeorder@0.13.6","manifest_path":"/home/mdupont/.cargo/registry/src/index.crates.io-1949cf8c6b5b557f/primeorder-0.13.6/Cargo.toml","target":{"kind":["lib"],"crate_types":["lib"],"name":"primeorder","src_path":"/home/mdupont/.cargo/registry/src/index.crates.io-1949cf8c6b5b557f/primeorder-0.13.6/src/lib.rs","edition":"2021","doc":true,"doctest":true,"test":true},"profile":{"opt_level":"0","debuginfo":2,"debug_assertions":true,"overflow_checks":true,"test":false},"features":[],"filenames":["/mnt/data1/nix/vendor/rust/cargo2nix/target/debug/deps/libprimeorder-00189e5f1188bc42.rlib","/mnt/data1/nix/vendor/rust/cargo2nix/target/debug/deps/libprimeorder-00189e5f1188bc42.rmeta"],"executable":null,"fresh":true}
{"reason":"compiler-artifact","package_id":"path+file:///mnt/data1/nix/vendor/rust/cargo2nix/submodules/git2-rs/libgit2-sys#0.18.2+1.9.1","manifest_path":"/mnt/data1/nix/vendor/rust/cargo2nix/submodules/git2-rs/libgit2-sys/Cargo.toml","target":{"kind":["lib"],"crate_types":["lib"],"name":"libgit2_sys","src_path":"/mnt/data1/nix/vendor/rust/cargo2nix/submodules/git2-rs/libgit2-sys/lib.rs","edition":"2021","doc":true,"doctest":true,"test":true},"profile":{"opt_level":"0","debuginfo":2,"debug_assertions":true,"overflow_checks":true,"test":false},"features":[],"filenames":["/mnt/data1/nix/vendor/rust/cargo2nix/target/debug/deps/liblibgit2_sys-14c1d0bcb54de357.rlib","/mnt/data1/nix/vendor/rust/cargo2nix/target/debug/deps/liblibgit2_sys-14c1d0bcb54de357.rmeta"],"executable":null,"fresh":true}
{"reason":"compiler-artifact","package_id":"registry+https://github.com/rust-lang/crates.io-index#ordered-float@2.10.1","manifest_path":"/home/mdupont/.cargo/registry/src/index.crates.io-1949cf8c6b5b557f/ordered-float-2.10.1/Cargo.toml","target":{"kind":["lib"],"crate_types":["lib"],"name":"ordered_float","src_path":"/home/mdupont/.cargo/registry/src/index.crates.io-1949cf8c6b5b557f/ordered-float-2.10.1/src/lib.rs","edition":"2018","doc":true,"doctest":true,"test":true},"profile":{"opt_level":"0","debuginfo":2,"debug_assertions":true,"overflow_checks":true,"test":false},"features":["default","std"],"filenames":["/mnt/data1/nix/vendor/rust/cargo2nix/target/debug/deps/libordered_float-22867a14204f59a4.rlib","/mnt/data1/nix/vendor/rust/cargo2nix/target/debug/deps/libordered_float-22867a14204f59a4.rmeta"],"executable":null,"fresh":true}
{"reason":"compiler-artifact","package_id":"path+file:///mnt/data1/nix/vendor/rust/cargo2nix/submodules/tracing/tracing-log#0.2.0","manifest_path":"/mnt/data1/nix/vendor/rust/cargo2nix/submodules/tracing/tracing-log/Cargo.toml","target":{"kind":["lib"],"crate_types":["lib"],"name":"tracing_log","src_path":"/mnt/data1/nix/vendor/rust/cargo2nix/submodules/tracing/tracing-log/src/lib.rs","edition":"2018","doc":true,"doctest":true,"test":true},"profile":{"opt_level":"0","debuginfo":2,"debug_assertions":true,"overflow_checks":true,"test":false},"features":["default","log-tracer","std"],"filenames":["/mnt/data1/nix/vendor/rust/cargo2nix/target/debug/deps/libtracing_log-6b2412ef2ce67713.rlib","/mnt/data1/nix/vendor/rust/cargo2nix/target/debug/deps/libtracing_log-6b2412ef2ce67713.rmeta"],"executable":null,"fresh":true}
{"reason":"compiler-artifact","package_id":"path+file:///mnt/data1/nix/vendor/rust/cargo2nix/submodules/BLAKE3#blake3@1.8.2","manifest_path":"/mnt/data1/nix/vendor/rust/cargo2nix/submodules/BLAKE3/Cargo.toml","target":{"kind":["custom-build"],"crate_types":["bin"],"name":"build-script-build","src_path":"/mnt/data1/nix/vendor/rust/cargo2nix/submodules/BLAKE3/build.rs","edition":"2021","doc":false,"doctest":false,"test":false},"profile":{"opt_level":"0","debuginfo":0,"debug_assertions":true,"overflow_checks":true,"test":false},"features":["default","std"],"filenames":["/mnt/data1/nix/vendor/rust/cargo2nix/target/debug/build/blake3-22ddd36753d2a0b6/build-script-build"],"executable":null,"fresh":true}
{"reason":"compiler-artifact","package_id":"registry+https://github.com/rust-lang/crates.io-index#phf_shared@0.11.2","manifest_path":"/home/mdupont/.cargo/registry/src/index.crates.io-1949cf8c6b5b557f/phf_shared-0.11.2/Cargo.toml","target":{"kind":["lib"],"crate_types":["lib"],"name":"phf_shared","src_path":"/home/mdupont/.cargo/registry/src/index.crates.io-1949cf8c6b5b557f/phf_shared-0.11.2/src/lib.rs","edition":"2021","doc":true,"doctest":true,"test":false},"profile":{"opt_level":"0","debuginfo":2,"debug_assertions":true,"overflow_checks":true,"test":false},"features":[],"filenames":["/mnt/data1/nix/vendor/rust/cargo2nix/target/debug/deps/libphf_shared-3bec6cf20899c094.rlib","/mnt/data1/nix/vendor/rust/cargo2nix/target/debug/deps/libphf_shared-3bec6cf20899c094.rmeta"],"executable":null,"fresh":true}
{"reason":"compiler-artifact","package_id":"registry+https://github.com/rust-lang/crates.io-index#maybe-async@0.2.10","manifest_path":"/home/mdupont/.cargo/registry/src/index.crates.io-1949cf8c6b5b557f/maybe-async-0.2.10/Cargo.toml","target":{"kind":["proc-macro"],"crate_types":["proc-macro"],"name":"maybe_async","src_path":"/home/mdupont/.cargo/registry/src/index.crates.io-1949cf8c6b5b557f/maybe-async-0.2.10/src/lib.rs","edition":"2021","doc":true,"doctest":true,"test":true},"profile":{"opt_level":"0","debuginfo":0,"debug_assertions":true,"overflow_checks":true,"test":false},"features":["default","is_sync"],"filenames":["/mnt/data1/nix/vendor/rust/cargo2nix/target/debug/deps/libmaybe_async-8e040e7d5e72c983.so"],"executable":null,"fresh":true}
{"reason":"compiler-artifact","package_id":"registry+https://github.com/rust-lang/crates.io-index#form_urlencoded@1.2.2","manifest_path":"/home/mdupont/.cargo/registry/src/index.crates.io-1949cf8c6b5b557f/form_urlencoded-1.2.2/Cargo.toml","target":{"kind":["lib"],"crate_types":["lib"],"name":"form_urlencoded","src_path":"/home/mdupont/.cargo/registry/src/index.crates.io-1949cf8c6b5b557f/form_urlencoded-1.2.2/src/lib.rs","edition":"2018","doc":true,"doctest":true,"test":false},"profile":{"opt_level":"0","debuginfo":2,"debug_assertions":true,"overflow_checks":true,"test":false},"features":["alloc","std"],"filenames":["/mnt/data1/nix/vendor/rust/cargo2nix/target/debug/deps/libform_urlencoded-597ce80b1a1cc19d.rlib","/mnt/data1/nix/vendor/rust/cargo2nix/target/debug/deps/libform_urlencoded-597ce80b1a1cc19d.rmeta"],"executable":null,"fresh":true}
{"reason":"compiler-artifact","package_id":"registry+https://github.com/rust-lang/crates.io-index#indexmap@2.11.4","manifest_path":"/home/mdupont/.cargo/registry/src/index.crates.io-1949cf8c6b5b557f/indexmap-2.11.4/Cargo.toml","target":{"kind":["lib"],"crate_types":["lib"],"name":"indexmap","src_path":"/home/mdupont/.cargo/registry/src/index.crates.io-1949cf8c6b5b557f/indexmap-2.11.4/src/lib.rs","edition":"2021","doc":true,"doctest":true,"test":true},"profile":{"opt_level":"0","debuginfo":2,"debug_assertions":true,"overflow_checks":true,"test":false},"features":["std"],"filenames":["/mnt/data1/nix/vendor/rust/cargo2nix/target/debug/deps/libindexmap-0dc6169001dd3a17.rlib","/mnt/data1/nix/vendor/rust/cargo2nix/target/debug/deps/libindexmap-0dc6169001dd3a17.rmeta"],"executable":null,"fresh":true}
{"reason":"compiler-artifact","package_id":"path+file:///mnt/data1/nix/vendor/rust/cargo2nix/submodules/gitoxide/gix-index#0.43.0","manifest_path":"/mnt/data1/nix/vendor/rust/cargo2nix/submodules/gitoxide/gix-index/Cargo.toml","target":{"kind":["lib"],"crate_types":["lib"],"name":"gix_index","src_path":"/mnt/data1/nix/vendor/rust/cargo2nix/submodules/gitoxide/gix-index/src/lib.rs","edition":"2021","doc":true,"doctest":false,"test":true},"profile":{"opt_level":"0","debuginfo":2,"debug_assertions":true,"overflow_checks":true,"test":false},"features":[],"filenames":["/mnt/data1/nix/vendor/rust/cargo2nix/target/debug/deps/libgix_index-4fd6815b755f0d4b.rlib","/mnt/data1/nix/vendor/rust/cargo2nix/target/debug/deps/libgix_index-4fd6815b755f0d4b.rmeta"],"executable":null,"fresh":true}
{"reason":"compiler-artifact","package_id":"path+file:///mnt/data1/nix/vendor/rust/cargo2nix/submodules/gitoxide/gix-refspec#0.33.0","manifest_path":"/mnt/data1/nix/vendor/rust/cargo2nix/submodules/gitoxide/gix-refspec/Cargo.toml","target":{"kind":["lib"],"crate_types":["lib"],"name":"gix_refspec","src_path":"/mnt/data1/nix/vendor/rust/cargo2nix/submodules/gitoxide/gix-refspec/src/lib.rs","edition":"2021","doc":true,"doctest":false,"test":true},"profile":{"opt_level":"0","debuginfo":2,"debug_assertions":true,"overflow_checks":true,"test":false},"features":[],"filenames":["/mnt/data1/nix/vendor/rust/cargo2nix/target/debug/deps/libgix_refspec-df0e1ea3589755be.rlib","/mnt/data1/nix/vendor/rust/cargo2nix/target/debug/deps/libgix_refspec-df0e1ea3589755be.rmeta"],"executable":null,"fresh":true}
{"reason":"compiler-artifact","package_id":"path+file:///mnt/data1/nix/vendor/rust/cargo2nix/submodules/gitoxide/gix-worktree-stream#0.24.0","manifest_path":"/mnt/data1/nix/vendor/rust/cargo2nix/submodules/gitoxide/gix-worktree-stream/Cargo.toml","target":{"kind":["lib"],"crate_types":["lib"],"name":"gix_worktree_stream","src_path":"/mnt/data1/nix/vendor/rust/cargo2nix/submodules/gitoxide/gix-worktree-stream/src/lib.rs","edition":"2021","doc":true,"doctest":false,"test":true},"profile":{"opt_level":"0","debuginfo":2,"debug_assertions":true,"overflow_checks":true,"test":false},"features":[],"filenames":["/mnt/data1/nix/vendor/rust/cargo2nix/target/debug/deps/libgix_worktree_stream-f809db37821eaa68.rlib","/mnt/data1/nix/vendor/rust/cargo2nix/target/debug/deps/libgix_worktree_stream-f809db37821eaa68.rmeta"],"executable":null,"fresh":true}
{"reason":"compiler-artifact","package_id":"path+file:///mnt/data1/nix/vendor/rust/cargo2nix/submodules/hashbrown#0.16.0","manifest_path":"/mnt/data1/nix/vendor/rust/cargo2nix/submodules/hashbrown/Cargo.toml","target":{"kind":["lib"],"crate_types":["lib"],"name":"hashbrown","src_path":"/mnt/data1/nix/vendor/rust/cargo2nix/submodules/hashbrown/src/lib.rs","edition":"2021","doc":true,"doctest":true,"test":true},"profile":{"opt_level":"0","debuginfo":2,"debug_assertions":true,"overflow_checks":true,"test":false},"features":["allocator-api2","default","default-hasher","equivalent","inline-more","raw-entry"],"filenames":["/mnt/data1/nix/vendor/rust/cargo2nix/target/debug/deps/libhashbrown-a6715386766652c6.rlib","/mnt/data1/nix/vendor/rust/cargo2nix/target/debug/deps/libhashbrown-a6715386766652c6.rmeta"],"executable":null,"fresh":true}
{"reason":"compiler-artifact","package_id":"registry+https://github.com/rust-lang/crates.io-index#matchers@0.2.0","manifest_path":"/home/mdupont/.cargo/registry/src/index.crates.io-1949cf8c6b5b557f/matchers-0.2.0/Cargo.toml","target":{"kind":["lib"],"crate_types":["lib"],"name":"matchers","src_path":"/home/mdupont/.cargo/registry/src/index.crates.io-1949cf8c6b5b557f/matchers-0.2.0/src/lib.rs","edition":"2018","doc":true,"doctest":true,"test":true},"profile":{"opt_level":"0","debuginfo":2,"debug_assertions":true,"overflow_checks":true,"test":false},"features":[],"filenames":["/mnt/data1/nix/vendor/rust/cargo2nix/target/debug/deps/libmatchers-d2a151d46dd36218.rlib","/mnt/data1/nix/vendor/rust/cargo2nix/target/debug/deps/libmatchers-d2a151d46dd36218.rmeta"],"executable":null,"fresh":true}
{"reason":"compiler-artifact","package_id":"registry+https://github.com/rust-lang/crates.io-index#bitmaps@2.1.0","manifest_path":"/home/mdupont/.cargo/registry/src/index.crates.io-1949cf8c6b5b557f/bitmaps-2.1.0/Cargo.toml","target":{"kind":["lib"],"crate_types":["lib"],"name":"bitmaps","src_path":"/home/mdupont/.cargo/registry/src/index.crates.io-1949cf8c6b5b557f/bitmaps-2.1.0/src/lib.rs","edition":"2018","doc":true,"doctest":true,"test":true},"profile":{"opt_level":"0","debuginfo":2,"debug_assertions":true,"overflow_checks":true,"test":false},"features":["default","std"],"filenames":["/mnt/data1/nix/vendor/rust/cargo2nix/target/debug/deps/libbitmaps-c82adcb0ecac8828.rlib","/mnt/data1/nix/vendor/rust/cargo2nix/target/debug/deps/libbitmaps-c82adcb0ecac8828.rmeta"],"executable":null,"fresh":true}
{"reason":"compiler-artifact","package_id":"registry+https://github.com/rust-lang/crates.io-index#io-close@0.3.7","manifest_path":"/home/mdupont/.cargo/registry/src/index.crates.io-1949cf8c6b5b557f/io-close-0.3.7/Cargo.toml","target":{"kind":["lib"],"crate_types":["lib"],"name":"io_close","src_path":"/home/mdupont/.cargo/registry/src/index.crates.io-1949cf8c6b5b557f/io-close-0.3.7/src/lib.rs","edition":"2018","doc":true,"doctest":true,"test":true},"profile":{"opt_level":"0","debuginfo":2,"debug_assertions":true,"overflow_checks":true,"test":false},"features":[],"filenames":["/mnt/data1/nix/vendor/rust/cargo2nix/target/debug/deps/libio_close-1fa19421c8087482.rlib","/mnt/data1/nix/vendor/rust/cargo2nix/target/debug/deps/libio_close-1fa19421c8087482.rmeta"],"executable":null,"fresh":true}
{"reason":"compiler-artifact","package_id":"registry+https://github.com/rust-lang/crates.io-index#thread_local@1.1.8","manifest_path":"/home/mdupont/.cargo/registry/src/index.crates.io-1949cf8c6b5b557f/thread_local-1.1.8/Cargo.toml","target":{"kind":["lib"],"crate_types":["lib"],"name":"thread_local","src_path":"/home/mdupont/.cargo/registry/src/index.crates.io-1949cf8c6b5b557f/thread_local-1.1.8/src/lib.rs","edition":"2021","doc":true,"doctest":true,"test":true},"profile":{"opt_level":"0","debuginfo":2,"debug_assertions":true,"overflow_checks":true,"test":false},"features":[],"filenames":["/mnt/data1/nix/vendor/rust/cargo2nix/target/debug/deps/libthread_local-0b3f3f9420eab0d2.rlib","/mnt/data1/nix/vendor/rust/cargo2nix/target/debug/deps/libthread_local-0b3f3f9420eab0d2.rmeta"],"executable":null,"fresh":true}
{"reason":"compiler-artifact","package_id":"path+file:///mnt/data1/nix/vendor/rust/cargo2nix/submodules/im-rs/rc#im-rc@15.1.0","manifest_path":"/mnt/data1/nix/vendor/rust/cargo2nix/submodules/im-rs/rc/Cargo.toml","target":{"kind":["custom-build"],"crate_types":["bin"],"name":"build-script-build","src_path":"/mnt/data1/nix/vendor/rust/cargo2nix/submodules/im-rs/rc/../build.rs","edition":"2018","doc":false,"doctest":false,"test":false},"profile":{"opt_level":"0","debuginfo":0,"debug_assertions":true,"overflow_checks":true,"test":false},"features":[],"filenames":["/mnt/data1/nix/vendor/rust/cargo2nix/target/debug/build/im-rc-7289a615b4529a7d/build-script-build"],"executable":null,"fresh":true}
{"reason":"compiler-artifact","package_id":"registry+https://github.com/rust-lang/crates.io-index#iana-time-zone@0.1.61","manifest_path":"/home/mdupont/.cargo/registry/src/index.crates.io-1949cf8c6b5b557f/iana-time-zone-0.1.61/Cargo.toml","target":{"kind":["lib"],"crate_types":["lib"],"name":"iana_time_zone","src_path":"/home/mdupont/.cargo/registry/src/index.crates.io-1949cf8c6b5b557f/iana-time-zone-0.1.61/src/lib.rs","edition":"2018","doc":true,"doctest":true,"test":true},"profile":{"opt_level":"0","debuginfo":2,"debug_assertions":true,"overflow_checks":true,"test":false},"features":["fallback"],"filenames":["/mnt/data1/nix/vendor/rust/cargo2nix/target/debug/deps/libiana_time_zone-2733d5ab2030ac87.rlib","/mnt/data1/nix/vendor/rust/cargo2nix/target/debug/deps/libiana_time_zone-2733d5ab2030ac87.rmeta"],"executable":null,"fresh":true}
{"reason":"compiler-artifact","package_id":"path+file:///mnt/data1/nix/vendor/rust/cargo2nix/submodules/arbitrary#1.4.2","manifest_path":"/mnt/data1/nix/vendor/rust/cargo2nix/submodules/arbitrary/Cargo.toml","target":{"kind":["lib"],"crate_types":["lib"],"name":"arbitrary","src_path":"/mnt/data1/nix/vendor/rust/cargo2nix/submodules/arbitrary/src/lib.rs","edition":"2021","doc":true,"doctest":true,"test":true},"profile":{"opt_level":"0","debuginfo":2,"debug_assertions":true,"overflow_checks":true,"test":false},"features":[],"filenames":["/mnt/data1/nix/vendor/rust/cargo2nix/target/debug/deps/libarbitrary-d2736f9f79c62309.rlib","/mnt/data1/nix/vendor/rust/cargo2nix/target/debug/deps/libarbitrary-d2736f9f79c62309.rmeta"],"executable":null,"fresh":true}
{"reason":"compiler-artifact","package_id":"path+file:///mnt/data1/nix/vendor/rust/cargo2nix/submodules/sval#2.16.0","manifest_path":"/mnt/data1/nix/vendor/rust/cargo2nix/submodules/sval/Cargo.toml","target":{"kind":["lib"],"crate_types":["lib"],"name":"sval","src_path":"/mnt/data1/nix/vendor/rust/cargo2nix/submodules/sval/src/lib.rs","edition":"2021","doc":true,"doctest":true,"test":true},"profile":{"opt_level":"0","debuginfo":2,"debug_assertions":true,"overflow_checks":true,"test":false},"features":[],"filenames":["/mnt/data1/nix/vendor/rust/cargo2nix/target/debug/deps/libsval-275bbf253a487dfb.rlib","/mnt/data1/nix/vendor/rust/cargo2nix/target/debug/deps/libsval-275bbf253a487dfb.rmeta"],"executable":null,"fresh":true}
{"reason":"compiler-artifact","package_id":"registry+https://github.com/rust-lang/crates.io-index#fiat-crypto@0.1.20","manifest_path":"/home/mdupont/.cargo/registry/src/index.crates.io-1949cf8c6b5b557f/fiat-crypto-0.1.20/Cargo.toml","target":{"kind":["lib"],"crate_types":["lib"],"name":"fiat_crypto","src_path":"/home/mdupont/.cargo/registry/src/index.crates.io-1949cf8c6b5b557f/fiat-crypto-0.1.20/src/lib.rs","edition":"2018","doc":true,"doctest":true,"test":true},"profile":{"opt_level":"0","debuginfo":2,"debug_assertions":true,"overflow_checks":true,"test":false},"features":[],"filenames":["/mnt/data1/nix/vendor/rust/cargo2nix/target/debug/deps/libfiat_crypto-9d33d8f9c0895144.rlib","/mnt/data1/nix/vendor/rust/cargo2nix/target/debug/deps/libfiat_crypto-9d33d8f9c0895144.rmeta"],"executable":null,"fresh":true}
{"reason":"compiler-artifact","package_id":"registry+https://github.com/rust-lang/crates.io-index#nu-ansi-term@0.50.3","manifest_path":"/home/mdupont/.cargo/registry/src/index.crates.io-1949cf8c6b5b557f/nu-ansi-term-0.50.3/Cargo.toml","target":{"kind":["lib"],"crate_types":["lib"],"name":"nu_ansi_term","src_path":"/home/mdupont/.cargo/registry/src/index.crates.io-1949cf8c6b5b557f/nu-ansi-term-0.50.3/src/lib.rs","edition":"2021","doc":true,"doctest":true,"test":true},"profile":{"opt_level":"0","debuginfo":2,"debug_assertions":true,"overflow_checks":true,"test":false},"features":["default","std"],"filenames":["/mnt/data1/nix/vendor/rust/cargo2nix/target/debug/deps/libnu_ansi_term-fc893516ffb4beec.rlib","/mnt/data1/nix/vendor/rust/cargo2nix/target/debug/deps/libnu_ansi_term-fc893516ffb4beec.rmeta"],"executable":null,"fresh":true}
{"reason":"compiler-artifact","package_id":"path+file:///mnt/data1/nix/vendor/rust/cargo2nix/submodules/equivalent#1.0.2","manifest_path":"/mnt/data1/nix/vendor/rust/cargo2nix/submodules/equivalent/Cargo.toml","target":{"kind":["lib"],"crate_types":["lib"],"name":"equivalent","src_path":"/mnt/data1/nix/vendor/rust/cargo2nix/submodules/equivalent/src/lib.rs","edition":"2015","doc":true,"doctest":true,"test":true},"profile":{"opt_level":"0","debuginfo":2,"debug_assertions":true,"overflow_checks":true,"test":false},"features":[],"filenames":["/mnt/data1/nix/vendor/rust/cargo2nix/target/debug/deps/libequivalent-1de7c324bdaa456b.rlib","/mnt/data1/nix/vendor/rust/cargo2nix/target/debug/deps/libequivalent-1de7c324bdaa456b.rmeta"],"executable":null,"fresh":true}
{"reason":"compiler-artifact","package_id":"registry+https://github.com/rust-lang/crates.io-index#rand_core@0.10.0-rc-2","manifest_path":"/home/mdupont/.cargo/registry/src/index.crates.io-1949cf8c6b5b557f/rand_core-0.10.0-rc-2/Cargo.toml","target":{"kind":["lib"],"crate_types":["lib"],"name":"rand_core","src_path":"/home/mdupont/.cargo/registry/src/index.crates.io-1949cf8c6b5b557f/rand_core-0.10.0-rc-2/src/lib.rs","edition":"2024","doc":true,"doctest":true,"test":true},"profile":{"opt_level":"0","debuginfo":2,"debug_assertions":true,"overflow_checks":true,"test":false},"features":[],"filenames":["/mnt/data1/nix/vendor/rust/cargo2nix/target/debug/deps/librand_core-6ac5700eace2bdb9.rlib","/mnt/data1/nix/vendor/rust/cargo2nix/target/debug/deps/librand_core-6ac5700eace2bdb9.rmeta"],"executable":null,"fresh":true}
{"reason":"compiler-artifact","package_id":"registry+https://github.com/rust-lang/crates.io-index#arc-swap@1.7.1","manifest_path":"/home/mdupont/.cargo/registry/src/index.crates.io-1949cf8c6b5b557f/arc-swap-1.7.1/Cargo.toml","target":{"kind":["lib"],"crate_types":["lib"],"name":"arc_swap","src_path":"/home/mdupont/.cargo/registry/src/index.crates.io-1949cf8c6b5b557f/arc-swap-1.7.1/src/lib.rs","edition":"2018","doc":true,"doctest":true,"test":true},"profile":{"opt_level":"0","debuginfo":2,"debug_assertions":true,"overflow_checks":true,"test":false},"features":[],"filenames":["/mnt/data1/nix/vendor/rust/cargo2nix/target/debug/deps/libarc_swap-651c46278f2e419e.rlib","/mnt/data1/nix/vendor/rust/cargo2nix/target/debug/deps/libarc_swap-651c46278f2e419e.rmeta"],"executable":null,"fresh":true}
{"reason":"compiler-artifact","package_id":"path+file:///mnt/data1/nix/vendor/rust/cargo2nix/submodules/regex/regex-syntax#0.8.8","manifest_path":"/mnt/data1/nix/vendor/rust/cargo2nix/submodules/regex/regex-syntax/Cargo.toml","target":{"kind":["lib"],"crate_types":["lib"],"name":"regex_syntax","src_path":"/mnt/data1/nix/vendor/rust/cargo2nix/submodules/regex/regex-syntax/src/lib.rs","edition":"2021","doc":true,"doctest":true,"test":true},"profile":{"opt_level":"0","debuginfo":2,"debug_assertions":true,"overflow_checks":true,"test":false},"features":["default","std","unicode","unicode-age","unicode-bool","unicode-case","unicode-gencat","unicode-perl","unicode-script","unicode-segment"],"filenames":["/mnt/data1/nix/vendor/rust/cargo2nix/target/debug/deps/libregex_syntax-95cb2fe354837402.rlib","/mnt/data1/nix/vendor/rust/cargo2nix/target/debug/deps/libregex_syntax-95cb2fe354837402.rmeta"],"executable":null,"fresh":true}
{"reason":"compiler-artifact","package_id":"registry+https://github.com/rust-lang/crates.io-index#color-print-proc-macro@0.3.7","manifest_path":"/home/mdupont/.cargo/registry/src/index.crates.io-1949cf8c6b5b557f/color-print-proc-macro-0.3.7/Cargo.toml","target":{"kind":["proc-macro"],"crate_types":["proc-macro"],"name":"color_print_proc_macro","src_path":"/home/mdupont/.cargo/registry/src/index.crates.io-1949cf8c6b5b557f/color-print-proc-macro-0.3.7/src/lib.rs","edition":"2018","doc":true,"doctest":true,"test":true},"profile":{"opt_level":"0","debuginfo":0,"debug_assertions":true,"overflow_checks":true,"test":false},"features":[],"filenames":["/mnt/data1/nix/vendor/rust/cargo2nix/target/debug/deps/libcolor_print_proc_macro-19337f4be0078aad.so"],"executable":null,"fresh":true}
{"reason":"compiler-artifact","package_id":"path+file:///mnt/data1/nix/vendor/rust/cargo2nix/submodules/git2-rs#git2@0.21.0","manifest_path":"/mnt/data1/nix/vendor/rust/cargo2nix/submodules/git2-rs/Cargo.toml","target":{"kind":["lib"],"crate_types":["lib"],"name":"git2","src_path":"/mnt/data1/nix/vendor/rust/cargo2nix/submodules/git2-rs/src/lib.rs","edition":"2021","doc":true,"doctest":true,"test":true},"profile":{"opt_level":"0","debuginfo":2,"debug_assertions":true,"overflow_checks":true,"test":false},"features":["default"],"filenames":["/mnt/data1/nix/vendor/rust/cargo2nix/target/debug/deps/libgit2-019199e6bf1894e0.rlib","/mnt/data1/nix/vendor/rust/cargo2nix/target/debug/deps/libgit2-019199e6bf1894e0.rmeta"],"executable":null,"fresh":true}
{"reason":"compiler-artifact","package_id":"path+file:///mnt/data1/nix/vendor/rust/cargo2nix/submodules/toml/crates/toml#0.9.8","manifest_path":"/mnt/data1/nix/vendor/rust/cargo2nix/submodules/toml/crates/toml/Cargo.toml","target":{"kind":["lib"],"crate_types":["lib"],"name":"toml","src_path":"/mnt/data1/nix/vendor/rust/cargo2nix/submodules/toml/crates/toml/src/lib.rs","edition":"2024","doc":true,"doctest":true,"test":true},"profile":{"opt_level":"0","debuginfo":2,"debug_assertions":true,"overflow_checks":true,"test":false},"features":["default","display","parse","preserve_order","serde","std"],"filenames":["/mnt/data1/nix/vendor/rust/cargo2nix/target/debug/deps/libtoml-3a0dcd605ef961a0.rlib","/mnt/data1/nix/vendor/rust/cargo2nix/target/debug/deps/libtoml-3a0dcd605ef961a0.rmeta"],"executable":null,"fresh":true}
{"reason":"compiler-artifact","package_id":"registry+https://github.com/rust-lang/crates.io-index#phf@0.11.2","manifest_path":"/home/mdupont/.cargo/registry/src/index.crates.io-1949cf8c6b5b557f/phf-0.11.2/Cargo.toml","target":{"kind":["lib"],"crate_types":["lib"],"name":"phf","src_path":"/home/mdupont/.cargo/registry/src/index.crates.io-1949cf8c6b5b557f/phf-0.11.2/src/lib.rs","edition":"2021","doc":true,"doctest":true,"test":false},"profile":{"opt_level":"0","debuginfo":2,"debug_assertions":true,"overflow_checks":true,"test":false},"features":[],"filenames":["/mnt/data1/nix/vendor/rust/cargo2nix/target/debug/deps/libphf-0c3762a8230ad763.rlib","/mnt/data1/nix/vendor/rust/cargo2nix/target/debug/deps/libphf-0c3762a8230ad763.rmeta"],"executable":null,"fresh":true}
{"reason":"compiler-artifact","package_id":"registry+https://github.com/rust-lang/crates.io-index#libm@0.2.9","manifest_path":"/home/mdupont/.cargo/registry/src/index.crates.io-1949cf8c6b5b557f/libm-0.2.9/Cargo.toml","target":{"kind":["lib"],"crate_types":["lib"],"name":"libm","src_path":"/home/mdupont/.cargo/registry/src/index.crates.io-1949cf8c6b5b557f/libm-0.2.9/src/lib.rs","edition":"2021","doc":true,"doctest":true,"test":true},"profile":{"opt_level":"0","debuginfo":2,"debug_assertions":true,"overflow_checks":true,"test":false},"features":["default"],"filenames":["/mnt/data1/nix/vendor/rust/cargo2nix/target/debug/deps/liblibm-53c44c0f5f34ed4f.rlib","/mnt/data1/nix/vendor/rust/cargo2nix/target/debug/deps/liblibm-53c44c0f5f34ed4f.rmeta"],"executable":null,"fresh":true}
{"reason":"compiler-artifact","package_id":"path+file:///mnt/data1/nix/vendor/rust/cargo2nix/submodules/gitoxide/gix-worktree#0.44.0","manifest_path":"/mnt/data1/nix/vendor/rust/cargo2nix/submodules/gitoxide/gix-worktree/Cargo.toml","target":{"kind":["lib"],"crate_types":["lib"],"name":"gix_worktree","src_path":"/mnt/data1/nix/vendor/rust/cargo2nix/submodules/gitoxide/gix-worktree/src/lib.rs","edition":"2021","doc":true,"doctest":false,"test":true},"profile":{"opt_level":"0","debuginfo":2,"debug_assertions":true,"overflow_checks":true,"test":false},"features":["attributes"],"filenames":["/mnt/data1/nix/vendor/rust/cargo2nix/target/debug/deps/libgix_worktree-1c130f5fcd31491c.rlib","/mnt/data1/nix/vendor/rust/cargo2nix/target/debug/deps/libgix_worktree-1c130f5fcd31491c.rmeta"],"executable":null,"fresh":true}
{"reason":"compiler-artifact","package_id":"path+file:///mnt/data1/nix/vendor/rust/cargo2nix/submodules/regex/regex-automata#0.4.13","manifest_path":"/mnt/data1/nix/vendor/rust/cargo2nix/submodules/regex/regex-automata/Cargo.toml","target":{"kind":["lib"],"crate_types":["lib"],"name":"regex_automata","src_path":"/mnt/data1/nix/vendor/rust/cargo2nix/submodules/regex/regex-automata/src/lib.rs","edition":"2021","doc":true,"doctest":true,"test":true},"profile":{"opt_level":"0","debuginfo":2,"debug_assertions":true,"overflow_checks":true,"test":false},"features":["alloc","dfa-onepass","hybrid","meta","nfa-backtrack","nfa-pikevm","nfa-thompson","perf-inline","perf-literal","perf-literal-multisubstring","perf-literal-substring","std","syntax","unicode","unicode-age","unicode-bool","unicode-case","unicode-gencat","unicode-perl","unicode-script","unicode-segment","unicode-word-boundary"],"filenames":["/mnt/data1/nix/vendor/rust/cargo2nix/target/debug/deps/libregex_automata-9274171be32427c5.rlib","/mnt/data1/nix/vendor/rust/cargo2nix/target/debug/deps/libregex_automata-9274171be32427c5.rmeta"],"executable":null,"fresh":true}
{"reason":"compiler-artifact","package_id":"registry+https://github.com/rust-lang/crates.io-index#orion@0.17.5","manifest_path":"/home/mdupont/.cargo/registry/src/index.crates.io-1949cf8c6b5b557f/orion-0.17.5/Cargo.toml","target":{"kind":["lib"],"crate_types":["lib"],"name":"orion","src_path":"/home/mdupont/.cargo/registry/src/index.crates.io-1949cf8c6b5b557f/orion-0.17.5/src/lib.rs","edition":"2021","doc":true,"doctest":true,"test":true},"profile":{"opt_level":"0","debuginfo":2,"debug_assertions":true,"overflow_checks":true,"test":false},"features":[],"filenames":["/mnt/data1/nix/vendor/rust/cargo2nix/target/debug/deps/liborion-7b217b45b55d4c5d.rlib","/mnt/data1/nix/vendor/rust/cargo2nix/target/debug/deps/liborion-7b217b45b55d4c5d.rmeta"],"executable":null,"fresh":true}
{"reason":"compiler-artifact","package_id":"registry+https://github.com/rust-lang/crates.io-index#chacha20@0.10.0-rc.5","manifest_path":"/home/mdupont/.cargo/registry/src/index.crates.io-1949cf8c6b5b557f/chacha20-0.10.0-rc.5/Cargo.toml","target":{"kind":["lib"],"crate_types":["lib"],"name":"chacha20","src_path":"/home/mdupont/.cargo/registry/src/index.crates.io-1949cf8c6b5b557f/chacha20-0.10.0-rc.5/src/lib.rs","edition":"2024","doc":true,"doctest":true,"test":true},"profile":{"opt_level":"0","debuginfo":2,"debug_assertions":true,"overflow_checks":true,"test":false},"features":["rand_core","rng"],"filenames":["/mnt/data1/nix/vendor/rust/cargo2nix/target/debug/deps/libchacha20-bdb4ad15b4ab92ec.rlib","/mnt/data1/nix/vendor/rust/cargo2nix/target/debug/deps/libchacha20-bdb4ad15b4ab92ec.rmeta"],"executable":null,"fresh":true}
{"reason":"compiler-artifact","package_id":"path+file:///mnt/data1/nix/vendor/rust/cargo2nix/submodules/gitoxide/gix-submodule#0.22.0","manifest_path":"/mnt/data1/nix/vendor/rust/cargo2nix/submodules/gitoxide/gix-submodule/Cargo.toml","target":{"kind":["lib"],"crate_types":["lib"],"name":"gix_submodule","src_path":"/mnt/data1/nix/vendor/rust/cargo2nix/submodules/gitoxide/gix-submodule/src/lib.rs","edition":"2021","doc":true,"doctest":false,"test":true},"profile":{"opt_level":"0","debuginfo":2,"debug_assertions":true,"overflow_checks":true,"test":false},"features":[],"filenames":["/mnt/data1/nix/vendor/rust/cargo2nix/target/debug/deps/libgix_submodule-d6c3e728e8cd5154.rlib","/mnt/data1/nix/vendor/rust/cargo2nix/target/debug/deps/libgix_submodule-d6c3e728e8cd5154.rmeta"],"executable":null,"fresh":true}
{"reason":"compiler-artifact","package_id":"path+file:///mnt/data1/nix/vendor/rust/cargo2nix/submodules/gitoxide/gix-protocol#0.53.0","manifest_path":"/mnt/data1/nix/vendor/rust/cargo2nix/submodules/gitoxide/gix-protocol/Cargo.toml","target":{"kind":["lib"],"crate_types":["lib"],"name":"gix_protocol","src_path":"/mnt/data1/nix/vendor/rust/cargo2nix/submodules/gitoxide/gix-protocol/src/lib.rs","edition":"2021","doc":true,"doctest":false,"test":true},"profile":{"opt_level":"0","debuginfo":2,"debug_assertions":true,"overflow_checks":true,"test":false},"features":["blocking-client","fetch","handshake"],"filenames":["/mnt/data1/nix/vendor/rust/cargo2nix/target/debug/deps/libgix_protocol-18d22c71ad69c4e0.rlib","/mnt/data1/nix/vendor/rust/cargo2nix/target/debug/deps/libgix_protocol-18d22c71ad69c4e0.rmeta"],"executable":null,"fresh":true}
   Compiling im-rc v15.1.0 (/mnt/data1/nix/vendor/rust/cargo2nix/submodules/im-rs/rc)
{"reason":"compiler-artifact","package_id":"path+file:///mnt/data1/nix/vendor/rust/cargo2nix/submodules/tracing/tracing-subscriber#0.3.20","manifest_path":"/mnt/data1/nix/vendor/rust/cargo2nix/submodules/tracing/tracing-subscriber/Cargo.toml","target":{"kind":["lib"],"crate_types":["lib"],"name":"tracing_subscriber","src_path":"/mnt/data1/nix/vendor/rust/cargo2nix/submodules/tracing/tracing-subscriber/src/lib.rs","edition":"2018","doc":true,"doctest":true,"test":true},"profile":{"opt_level":"0","debuginfo":2,"debug_assertions":true,"overflow_checks":true,"test":false},"features":["alloc","ansi","default","env-filter","fmt","matchers","nu-ansi-term","once_cell","registry","sharded-slab","smallvec","std","thread_local","tracing","tracing-log"],"filenames":["/mnt/data1/nix/vendor/rust/cargo2nix/target/debug/deps/libtracing_subscriber-bd154b8bc5ee1052.rlib","/mnt/data1/nix/vendor/rust/cargo2nix/target/debug/deps/libtracing_subscriber-bd154b8bc5ee1052.rmeta"],"executable":null,"fresh":true}
{"reason":"compiler-message","package_id":"path+file:///mnt/data1/nix/vendor/rust/cargo2nix/submodules/indexmap#2.12.0","manifest_path":"/mnt/data1/nix/vendor/rust/cargo2nix/submodules/indexmap/Cargo.toml","target":{"kind":["lib"],"crate_types":["lib"],"name":"indexmap","src_path":"/mnt/data1/nix/vendor/rust/cargo2nix/submodules/indexmap/src/lib.rs","edition":"2021","doc":true,"doctest":true,"test":true},"message":{"rendered":"warning: unexpected `cfg` condition value: `borsh`\n   --> submodules/indexmap/src/lib.rs:111:7\n    |\n111 | #[cfg(feature = \"borsh\")]\n    |       ^^^^^^^^^^^^^^^^^\n    |\n    = note: expected values for `feature` are: `default`, `serde`, `std`, and `test_debug`\n    = help: consider adding `borsh` as a feature in `Cargo.toml`\n    = note: see <https://doc.rust-lang.org/nightly/rustc/check-cfg/cargo-specifics.html> for more information about checking conditional configuration\n    = note: `#[warn(unexpected_cfgs)]` on by default\n\n","$message_type":"diagnostic","children":[{"children":[],"code":null,"level":"note","message":"expected values for `feature` are: `default`, `serde`, `std`, and `test_debug`","rendered":null,"spans":[]},{"children":[],"code":null,"level":"help","message":"consider adding `borsh` as a feature in `Cargo.toml`","rendered":null,"spans":[]},{"children":[],"code":null,"level":"note","message":"see <https://doc.rust-lang.org/nightly/rustc/check-cfg/cargo-specifics.html> for more information about checking conditional configuration","rendered":null,"spans":[]},{"children":[],"code":null,"level":"note","message":"`#[warn(unexpected_cfgs)]` on by default","rendered":null,"spans":[]}],"code":{"code":"unexpected_cfgs","explanation":null},"level":"warning","message":"unexpected `cfg` condition value: `borsh`","spans":[{"byte_end":4652,"byte_start":4635,"column_end":24,"column_start":7,"expansion":null,"file_name":"submodules/indexmap/src/lib.rs","is_primary":true,"label":null,"line_end":111,"line_start":111,"suggested_replacement":null,"suggestion_applicability":null,"text":[{"highlight_end":24,"highlight_start":7,"text":"#[cfg(feature = \"borsh\")]"}]}]}}
{"reason":"compiler-message","package_id":"path+file:///mnt/data1/nix/vendor/rust/cargo2nix/submodules/indexmap#2.12.0","manifest_path":"/mnt/data1/nix/vendor/rust/cargo2nix/submodules/indexmap/Cargo.toml","target":{"kind":["lib"],"crate_types":["lib"],"name":"indexmap","src_path":"/mnt/data1/nix/vendor/rust/cargo2nix/submodules/indexmap/src/lib.rs","edition":"2021","doc":true,"doctest":true,"test":true},"message":{"rendered":"warning: unexpected `cfg` condition value: `sval`\n   --> submodules/indexmap/src/lib.rs:115:7\n    |\n115 | #[cfg(feature = \"sval\")]\n    |       ^^^^^^^^^^^^^^^^\n    |\n    = note: expected values for `feature` are: `default`, `serde`, `std`, and `test_debug`\n    = help: consider adding `sval` as a feature in `Cargo.toml`\n    = note: see <https://doc.rust-lang.org/nightly/rustc/check-cfg/cargo-specifics.html> for more information about checking conditional configuration\n\n","$message_type":"diagnostic","children":[{"children":[],"code":null,"level":"note","message":"expected values for `feature` are: `default`, `serde`, `std`, and `test_debug`","rendered":null,"spans":[]},{"children":[],"code":null,"level":"help","message":"consider adding `sval` as a feature in `Cargo.toml`","rendered":null,"spans":[]},{"children":[],"code":null,"level":"note","message":"see <https://doc.rust-lang.org/nightly/rustc/check-cfg/cargo-specifics.html> for more information about checking conditional configuration","rendered":null,"spans":[]}],"code":{"code":"unexpected_cfgs","explanation":null},"level":"warning","message":"unexpected `cfg` condition value: `sval`","spans":[{"byte_end":4725,"byte_start":4709,"column_end":23,"column_start":7,"expansion":null,"file_name":"submodules/indexmap/src/lib.rs","is_primary":true,"label":null,"line_end":115,"line_start":115,"suggested_replacement":null,"suggestion_applicability":null,"text":[{"highlight_end":23,"highlight_start":7,"text":"#[cfg(feature = \"sval\")]"}]}]}}
{"reason":"compiler-message","package_id":"path+file:///mnt/data1/nix/vendor/rust/cargo2nix/submodules/indexmap#2.12.0","manifest_path":"/mnt/data1/nix/vendor/rust/cargo2nix/submodules/indexmap/Cargo.toml","target":{"kind":["lib"],"crate_types":["lib"],"name":"indexmap","src_path":"/mnt/data1/nix/vendor/rust/cargo2nix/submodules/indexmap/src/lib.rs","edition":"2021","doc":true,"doctest":true,"test":true},"message":{"rendered":"warning: unexpected `cfg` condition value: `rayon`\n   --> submodules/indexmap/src/lib.rs:124:7\n    |\n124 | #[cfg(feature = \"rayon\")]\n    |       ^^^^^^^^^^^^^^^^^\n    |\n    = note: expected values for `feature` are: `default`, `serde`, `std`, and `test_debug`\n    = help: consider adding `rayon` as a feature in `Cargo.toml`\n    = note: see <https://doc.rust-lang.org/nightly/rustc/check-cfg/cargo-specifics.html> for more information about checking conditional configuration\n\n","$message_type":"diagnostic","children":[{"children":[],"code":null,"level":"note","message":"expected values for `feature` are: `default`, `serde`, `std`, and `test_debug`","rendered":null,"spans":[]},{"children":[],"code":null,"level":"help","message":"consider adding `rayon` as a feature in `Cargo.toml`","rendered":null,"spans":[]},{"children":[],"code":null,"level":"note","message":"see <https://doc.rust-lang.org/nightly/rustc/check-cfg/cargo-specifics.html> for more information about checking conditional configuration","rendered":null,"spans":[]}],"code":{"code":"unexpected_cfgs","explanation":null},"level":"warning","message":"unexpected `cfg` condition value: `rayon`","spans":[{"byte_end":4913,"byte_start":4896,"column_end":24,"column_start":7,"expansion":null,"file_name":"submodules/indexmap/src/lib.rs","is_primary":true,"label":null,"line_end":124,"line_start":124,"suggested_replacement":null,"suggestion_applicability":null,"text":[{"highlight_end":24,"highlight_start":7,"text":"#[cfg(feature = \"rayon\")]"}]}]}}
{"reason":"compiler-message","package_id":"path+file:///mnt/data1/nix/vendor/rust/cargo2nix/submodules/indexmap#2.12.0","manifest_path":"/mnt/data1/nix/vendor/rust/cargo2nix/submodules/indexmap/Cargo.toml","target":{"kind":["lib"],"crate_types":["lib"],"name":"indexmap","src_path":"/mnt/data1/nix/vendor/rust/cargo2nix/submodules/indexmap/src/lib.rs","edition":"2021","doc":true,"doctest":true,"test":true},"message":{"rendered":"warning: unexpected `cfg` condition value: `arbitrary`\n --> submodules/indexmap/src/arbitrary.rs:1:7\n  |\n1 | #[cfg(feature = \"arbitrary\")]\n  |       ^^^^^^^^^^^^^^^^^^^^^\n  |\n  = note: expected values for `feature` are: `default`, `serde`, `std`, and `test_debug`\n  = help: consider adding `arbitrary` as a feature in `Cargo.toml`\n  = note: see <https://doc.rust-lang.org/nightly/rustc/check-cfg/cargo-specifics.html> for more information about checking conditional configuration\n\n","$message_type":"diagnostic","children":[{"children":[],"code":null,"level":"note","message":"expected values for `feature` are: `default`, `serde`, `std`, and `test_debug`","rendered":null,"spans":[]},{"children":[],"code":null,"level":"help","message":"consider adding `arbitrary` as a feature in `Cargo.toml`","rendered":null,"spans":[]},{"children":[],"code":null,"level":"note","message":"see <https://doc.rust-lang.org/nightly/rustc/check-cfg/cargo-specifics.html> for more information about checking conditional configuration","rendered":null,"spans":[]}],"code":{"code":"unexpected_cfgs","explanation":null},"level":"warning","message":"unexpected `cfg` condition value: `arbitrary`","spans":[{"byte_end":27,"byte_start":6,"column_end":28,"column_start":7,"expansion":null,"file_name":"submodules/indexmap/src/arbitrary.rs","is_primary":true,"label":null,"line_end":1,"line_start":1,"suggested_replacement":null,"suggestion_applicability":null,"text":[{"highlight_end":28,"highlight_start":7,"text":"#[cfg(feature = \"arbitrary\")]"}]}]}}
{"reason":"compiler-message","package_id":"path+file:///mnt/data1/nix/vendor/rust/cargo2nix/submodules/indexmap#2.12.0","manifest_path":"/mnt/data1/nix/vendor/rust/cargo2nix/submodules/indexmap/Cargo.toml","target":{"kind":["lib"],"crate_types":["lib"],"name":"indexmap","src_path":"/mnt/data1/nix/vendor/rust/cargo2nix/submodules/indexmap/src/lib.rs","edition":"2021","doc":true,"doctest":true,"test":true},"message":{"rendered":"warning: unexpected `cfg` condition value: `quickcheck`\n  --> submodules/indexmap/src/arbitrary.rs:38:7\n   |\n38 | #[cfg(feature = \"quickcheck\")]\n   |       ^^^^^^^^^^^^^^^^^^^^^^\n   |\n   = note: expected values for `feature` are: `default`, `serde`, `std`, and `test_debug`\n   = help: consider adding `quickcheck` as a feature in `Cargo.toml`\n   = note: see <https://doc.rust-lang.org/nightly/rustc/check-cfg/cargo-specifics.html> for more information about checking conditional configuration\n\n","$message_type":"diagnostic","children":[{"children":[],"code":null,"level":"note","message":"expected values for `feature` are: `default`, `serde`, `std`, and `test_debug`","rendered":null,"spans":[]},{"children":[],"code":null,"level":"help","message":"consider adding `quickcheck` as a feature in `Cargo.toml`","rendered":null,"spans":[]},{"children":[],"code":null,"level":"note","message":"see <https://doc.rust-lang.org/nightly/rustc/check-cfg/cargo-specifics.html> for more information about checking conditional configuration","rendered":null,"spans":[]}],"code":{"code":"unexpected_cfgs","explanation":null},"level":"warning","message":"unexpected `cfg` condition value: `quickcheck`","spans":[{"byte_end":1093,"byte_start":1071,"column_end":29,"column_start":7,"expansion":null,"file_name":"submodules/indexmap/src/arbitrary.rs","is_primary":true,"label":null,"line_end":38,"line_start":38,"suggested_replacement":null,"suggestion_applicability":null,"text":[{"highlight_end":29,"highlight_start":7,"text":"#[cfg(feature = \"quickcheck\")]"}]}]}}
{"reason":"compiler-message","package_id":"path+file:///mnt/data1/nix/vendor/rust/cargo2nix/submodules/indexmap#2.12.0","manifest_path":"/mnt/data1/nix/vendor/rust/cargo2nix/submodules/indexmap/Cargo.toml","target":{"kind":["lib"],"crate_types":["lib"],"name":"indexmap","src_path":"/mnt/data1/nix/vendor/rust/cargo2nix/submodules/indexmap/src/lib.rs","edition":"2021","doc":true,"doctest":true,"test":true},"message":{"rendered":"warning: unexpected `cfg` condition value: `rayon`\n   --> submodules/indexmap/src/macros.rs:202:7\n    |\n202 | #[cfg(feature = \"rayon\")]\n    |       ^^^^^^^^^^^^^^^^^\n    |\n    = note: expected values for `feature` are: `default`, `serde`, `std`, and `test_debug`\n    = help: consider adding `rayon` as a feature in `Cargo.toml`\n    = note: see <https://doc.rust-lang.org/nightly/rustc/check-cfg/cargo-specifics.html> for more information about checking conditional configuration\n\n","$message_type":"diagnostic","children":[{"children":[],"code":null,"level":"note","message":"expected values for `feature` are: `default`, `serde`, `std`, and `test_debug`","rendered":null,"spans":[]},{"children":[],"code":null,"level":"help","message":"consider adding `rayon` as a feature in `Cargo.toml`","rendered":null,"spans":[]},{"children":[],"code":null,"level":"note","message":"see <https://doc.rust-lang.org/nightly/rustc/check-cfg/cargo-specifics.html> for more information about checking conditional configuration","rendered":null,"spans":[]}],"code":{"code":"unexpected_cfgs","explanation":null},"level":"warning","message":"unexpected `cfg` condition value: `rayon`","spans":[{"byte_end":6017,"byte_start":6000,"column_end":24,"column_start":7,"expansion":null,"file_name":"submodules/indexmap/src/macros.rs","is_primary":true,"label":null,"line_end":202,"line_start":202,"suggested_replacement":null,"suggestion_applicability":null,"text":[{"highlight_end":24,"highlight_start":7,"text":"#[cfg(feature = \"rayon\")]"}]}]}}
{"reason":"compiler-message","package_id":"path+file:///mnt/data1/nix/vendor/rust/cargo2nix/submodules/indexmap#2.12.0","manifest_path":"/mnt/data1/nix/vendor/rust/cargo2nix/submodules/indexmap/Cargo.toml","target":{"kind":["lib"],"crate_types":["lib"],"name":"indexmap","src_path":"/mnt/data1/nix/vendor/rust/cargo2nix/submodules/indexmap/src/lib.rs","edition":"2021","doc":true,"doctest":true,"test":true},"message":{"rendered":"warning: unexpected `cfg` condition value: `rayon`\n   --> submodules/indexmap/src/macros.rs:227:7\n    |\n227 | #[cfg(feature = \"rayon\")]\n    |       ^^^^^^^^^^^^^^^^^\n    |\n    = note: expected values for `feature` are: `default`, `serde`, `std`, and `test_debug`\n    = help: consider adding `rayon` as a feature in `Cargo.toml`\n    = note: see <https://doc.rust-lang.org/nightly/rustc/check-cfg/cargo-specifics.html> for more information about checking conditional configuration\n\n","$message_type":"diagnostic","children":[{"children":[],"code":null,"level":"note","message":"expected values for `feature` are: `default`, `serde`, `std`, and `test_debug`","rendered":null,"spans":[]},{"children":[],"code":null,"level":"help","message":"consider adding `rayon` as a feature in `Cargo.toml`","rendered":null,"spans":[]},{"children":[],"code":null,"level":"note","message":"see <https://doc.rust-lang.org/nightly/rustc/check-cfg/cargo-specifics.html> for more information about checking conditional configuration","rendered":null,"spans":[]}],"code":{"code":"unexpected_cfgs","explanation":null},"level":"warning","message":"unexpected `cfg` condition value: `rayon`","spans":[{"byte_end":6919,"byte_start":6902,"column_end":24,"column_start":7,"expansion":null,"file_name":"submodules/indexmap/src/macros.rs","is_primary":true,"label":null,"line_end":227,"line_start":227,"suggested_replacement":null,"suggestion_applicability":null,"text":[{"highlight_end":24,"highlight_start":7,"text":"#[cfg(feature = \"rayon\")]"}]}]}}
{"reason":"compiler-message","package_id":"path+file:///mnt/data1/nix/vendor/rust/cargo2nix/submodules/indexmap#2.12.0","manifest_path":"/mnt/data1/nix/vendor/rust/cargo2nix/submodules/indexmap/Cargo.toml","target":{"kind":["lib"],"crate_types":["lib"],"name":"indexmap","src_path":"/mnt/data1/nix/vendor/rust/cargo2nix/submodules/indexmap/src/lib.rs","edition":"2021","doc":true,"doctest":true,"test":true},"message":{"rendered":"warning: unexpected `cfg` condition value: `rayon`\n  --> submodules/indexmap/src/map.rs:26:7\n   |\n26 | #[cfg(feature = \"rayon\")]\n   |       ^^^^^^^^^^^^^^^^^\n   |\n   = note: expected values for `feature` are: `default`, `serde`, `std`, and `test_debug`\n   = help: consider adding `rayon` as a feature in `Cargo.toml`\n   = note: see <https://doc.rust-lang.org/nightly/rustc/check-cfg/cargo-specifics.html> for more information about checking conditional configuration\n\n","$message_type":"diagnostic","children":[{"children":[],"code":null,"level":"note","message":"expected values for `feature` are: `default`, `serde`, `std`, and `test_debug`","rendered":null,"spans":[]},{"children":[],"code":null,"level":"help","message":"consider adding `rayon` as a feature in `Cargo.toml`","rendered":null,"spans":[]},{"children":[],"code":null,"level":"note","message":"see <https://doc.rust-lang.org/nightly/rustc/check-cfg/cargo-specifics.html> for more information about checking conditional configuration","rendered":null,"spans":[]}],"code":{"code":"unexpected_cfgs","explanation":null},"level":"warning","message":"unexpected `cfg` condition value: `rayon`","spans":[{"byte_end":696,"byte_start":679,"column_end":24,"column_start":7,"expansion":null,"file_name":"submodules/indexmap/src/map.rs","is_primary":true,"label":null,"line_end":26,"line_start":26,"suggested_replacement":null,"suggestion_applicability":null,"text":[{"highlight_end":24,"highlight_start":7,"text":"#[cfg(feature = \"rayon\")]"}]}]}}
{"reason":"compiler-message","package_id":"path+file:///mnt/data1/nix/vendor/rust/cargo2nix/submodules/indexmap#2.12.0","manifest_path":"/mnt/data1/nix/vendor/rust/cargo2nix/submodules/indexmap/Cargo.toml","target":{"kind":["lib"],"crate_types":["lib"],"name":"indexmap","src_path":"/mnt/data1/nix/vendor/rust/cargo2nix/submodules/indexmap/src/lib.rs","edition":"2021","doc":true,"doctest":true,"test":true},"message":{"rendered":"warning: unexpected `cfg` condition value: `rayon`\n   --> submodules/indexmap/src/map/core.rs:193:11\n    |\n193 |     #[cfg(feature = \"rayon\")]\n    |           ^^^^^^^^^^^^^^^^^\n    |\n    = note: expected values for `feature` are: `default`, `serde`, `std`, and `test_debug`\n    = help: consider adding `rayon` as a feature in `Cargo.toml`\n    = note: see <https://doc.rust-lang.org/nightly/rustc/check-cfg/cargo-specifics.html> for more information about checking conditional configuration\n\n","$message_type":"diagnostic","children":[{"children":[],"code":null,"level":"note","message":"expected values for `feature` are: `default`, `serde`, `std`, and `test_debug`","rendered":null,"spans":[]},{"children":[],"code":null,"level":"help","message":"consider adding `rayon` as a feature in `Cargo.toml`","rendered":null,"spans":[]},{"children":[],"code":null,"level":"note","message":"see <https://doc.rust-lang.org/nightly/rustc/check-cfg/cargo-specifics.html> for more information about checking conditional configuration","rendered":null,"spans":[]}],"code":{"code":"unexpected_cfgs","explanation":null},"level":"warning","message":"unexpected `cfg` condition value: `rayon`","spans":[{"byte_end":5539,"byte_start":5522,"column_end":28,"column_start":11,"expansion":null,"file_name":"submodules/indexmap/src/map/core.rs","is_primary":true,"label":null,"line_end":193,"line_start":193,"suggested_replacement":null,"suggestion_applicability":null,"text":[{"highlight_end":28,"highlight_start":11,"text":"    #[cfg(feature = \"rayon\")]"}]}]}}
{"reason":"compiler-message","package_id":"path+file:///mnt/data1/nix/vendor/rust/cargo2nix/submodules/indexmap#2.12.0","manifest_path":"/mnt/data1/nix/vendor/rust/cargo2nix/submodules/indexmap/Cargo.toml","target":{"kind":["lib"],"crate_types":["lib"],"name":"indexmap","src_path":"/mnt/data1/nix/vendor/rust/cargo2nix/submodules/indexmap/src/lib.rs","edition":"2021","doc":true,"doctest":true,"test":true},"message":{"rendered":"warning: unexpected `cfg` condition value: `rayon`\n  --> submodules/indexmap/src/set.rs:16:7\n   |\n16 | #[cfg(feature = \"rayon\")]\n   |       ^^^^^^^^^^^^^^^^^\n   |\n   = note: expected values for `feature` are: `default`, `serde`, `std`, and `test_debug`\n   = help: consider adding `rayon` as a feature in `Cargo.toml`\n   = note: see <https://doc.rust-lang.org/nightly/rustc/check-cfg/cargo-specifics.html> for more information about checking conditional configuration\n\n","$message_type":"diagnostic","children":[{"children":[],"code":null,"level":"note","message":"expected values for `feature` are: `default`, `serde`, `std`, and `test_debug`","rendered":null,"spans":[]},{"children":[],"code":null,"level":"help","message":"consider adding `rayon` as a feature in `Cargo.toml`","rendered":null,"spans":[]},{"children":[],"code":null,"level":"note","message":"see <https://doc.rust-lang.org/nightly/rustc/check-cfg/cargo-specifics.html> for more information about checking conditional configuration","rendered":null,"spans":[]}],"code":{"code":"unexpected_cfgs","explanation":null},"level":"warning","message":"unexpected `cfg` condition value: `rayon`","spans":[{"byte_end":322,"byte_start":305,"column_end":24,"column_start":7,"expansion":null,"file_name":"submodules/indexmap/src/set.rs","is_primary":true,"label":null,"line_end":16,"line_start":16,"suggested_replacement":null,"suggestion_applicability":null,"text":[{"highlight_end":24,"highlight_start":7,"text":"#[cfg(feature = \"rayon\")]"}]}]}}
{"reason":"compiler-message","package_id":"path+file:///mnt/data1/nix/vendor/rust/cargo2nix/submodules/indexmap#2.12.0","manifest_path":"/mnt/data1/nix/vendor/rust/cargo2nix/submodules/indexmap/Cargo.toml","target":{"kind":["lib"],"crate_types":["lib"],"name":"indexmap","src_path":"/mnt/data1/nix/vendor/rust/cargo2nix/submodules/indexmap/src/lib.rs","edition":"2021","doc":true,"doctest":true,"test":true},"message":{"rendered":"warning: use of deprecated method `hashbrown::HashTable::<T, A>::get_many_mut`: use `get_disjoint_mut` instead\n   --> submodules/indexmap/src/map/core.rs:744:28\n    |\n744 |         match self.indices.get_many_mut(\n    |                            ^^^^^^^^^^^^\n    |\n    = note: `#[warn(deprecated)]` on by default\n\n","$message_type":"diagnostic","children":[{"children":[],"code":null,"level":"note","message":"`#[warn(deprecated)]` on by default","rendered":null,"spans":[]}],"code":{"code":"deprecated","explanation":null},"level":"warning","message":"use of deprecated method `hashbrown::HashTable::<T, A>::get_many_mut`: use `get_disjoint_mut` instead","spans":[{"byte_end":26821,"byte_start":26809,"column_end":40,"column_start":28,"expansion":null,"file_name":"submodules/indexmap/src/map/core.rs","is_primary":true,"label":null,"line_end":744,"line_start":744,"suggested_replacement":null,"suggestion_applicability":null,"text":[{"highlight_end":40,"highlight_start":28,"text":"        match self.indices.get_many_mut("}]}]}}
{"reason":"compiler-artifact","package_id":"path+file:///mnt/data1/nix/vendor/rust/cargo2nix/submodules/indexmap#2.12.0","manifest_path":"/mnt/data1/nix/vendor/rust/cargo2nix/submodules/indexmap/Cargo.toml","target":{"kind":["lib"],"crate_types":["lib"],"name":"indexmap","src_path":"/mnt/data1/nix/vendor/rust/cargo2nix/submodules/indexmap/src/lib.rs","edition":"2021","doc":true,"doctest":true,"test":true},"profile":{"opt_level":"0","debuginfo":2,"debug_assertions":true,"overflow_checks":true,"test":false},"features":["default","std"],"filenames":["/mnt/data1/nix/vendor/rust/cargo2nix/target/debug/deps/libindexmap-b1365d8812785b78.rlib","/mnt/data1/nix/vendor/rust/cargo2nix/target/debug/deps/libindexmap-b1365d8812785b78.rmeta"],"executable":null,"fresh":true}
{"reason":"compiler-artifact","package_id":"path+file:///mnt/data1/nix/vendor/rust/cargo2nix/submodules/gitoxide/gix-archive#0.24.0","manifest_path":"/mnt/data1/nix/vendor/rust/cargo2nix/submodules/gitoxide/gix-archive/Cargo.toml","target":{"kind":["lib"],"crate_types":["lib"],"name":"gix_archive","src_path":"/mnt/data1/nix/vendor/rust/cargo2nix/submodules/gitoxide/gix-archive/src/lib.rs","edition":"2021","doc":true,"doctest":false,"test":true},"profile":{"opt_level":"0","debuginfo":2,"debug_assertions":true,"overflow_checks":true,"test":false},"features":[],"filenames":["/mnt/data1/nix/vendor/rust/cargo2nix/target/debug/deps/libgix_archive-6871d820d7206888.rlib","/mnt/data1/nix/vendor/rust/cargo2nix/target/debug/deps/libgix_archive-6871d820d7206888.rmeta"],"executable":null,"fresh":true}
{"reason":"compiler-artifact","package_id":"registry+https://github.com/rust-lang/crates.io-index#sized-chunks@0.6.5","manifest_path":"/home/mdupont/.cargo/registry/src/index.crates.io-1949cf8c6b5b557f/sized-chunks-0.6.5/Cargo.toml","target":{"kind":["lib"],"crate_types":["lib"],"name":"sized_chunks","src_path":"/home/mdupont/.cargo/registry/src/index.crates.io-1949cf8c6b5b557f/sized-chunks-0.6.5/src/lib.rs","edition":"2018","doc":true,"doctest":true,"test":true},"profile":{"opt_level":"0","debuginfo":2,"debug_assertions":true,"overflow_checks":true,"test":false},"features":["default","std"],"filenames":["/mnt/data1/nix/vendor/rust/cargo2nix/target/debug/deps/libsized_chunks-43845fb3d834b6c9.rlib","/mnt/data1/nix/vendor/rust/cargo2nix/target/debug/deps/libsized_chunks-43845fb3d834b6c9.rmeta"],"executable":null,"fresh":true}
{"reason":"compiler-artifact","package_id":"path+file:///mnt/data1/nix/vendor/rust/cargo2nix/submodules/gitoxide/gix-odb#0.72.0","manifest_path":"/mnt/data1/nix/vendor/rust/cargo2nix/submodules/gitoxide/gix-odb/Cargo.toml","target":{"kind":["lib"],"crate_types":["lib"],"name":"gix_odb","src_path":"/mnt/data1/nix/vendor/rust/cargo2nix/submodules/gitoxide/gix-odb/src/lib.rs","edition":"2021","doc":true,"doctest":false,"test":true},"profile":{"opt_level":"0","debuginfo":2,"debug_assertions":true,"overflow_checks":true,"test":false},"features":[],"filenames":["/mnt/data1/nix/vendor/rust/cargo2nix/target/debug/deps/libgix_odb-9361e064514e0abc.rlib","/mnt/data1/nix/vendor/rust/cargo2nix/target/debug/deps/libgix_odb-9361e064514e0abc.rmeta"],"executable":null,"fresh":true}
{"reason":"compiler-artifact","package_id":"registry+https://github.com/rust-lang/crates.io-index#chrono@0.4.40","manifest_path":"/home/mdupont/.cargo/registry/src/index.crates.io-1949cf8c6b5b557f/chrono-0.4.40/Cargo.toml","target":{"kind":["lib"],"crate_types":["lib"],"name":"chrono","src_path":"/home/mdupont/.cargo/registry/src/index.crates.io-1949cf8c6b5b557f/chrono-0.4.40/src/lib.rs","edition":"2021","doc":true,"doctest":true,"test":true},"profile":{"opt_level":"0","debuginfo":2,"debug_assertions":true,"overflow_checks":true,"test":false},"features":["alloc","android-tzdata","clock","iana-time-zone","now","std","winapi","windows-link"],"filenames":["/mnt/data1/nix/vendor/rust/cargo2nix/target/debug/deps/libchrono-6b3cdd493e15336f.rlib","/mnt/data1/nix/vendor/rust/cargo2nix/target/debug/deps/libchrono-6b3cdd493e15336f.rmeta"],"executable":null,"fresh":true}
{"reason":"compiler-artifact","package_id":"registry+https://github.com/rust-lang/crates.io-index#p384@0.13.1","manifest_path":"/home/mdupont/.cargo/registry/src/index.crates.io-1949cf8c6b5b557f/p384-0.13.1/Cargo.toml","target":{"kind":["lib"],"crate_types":["lib"],"name":"p384","src_path":"/home/mdupont/.cargo/registry/src/index.crates.io-1949cf8c6b5b557f/p384-0.13.1/src/lib.rs","edition":"2021","doc":true,"doctest":true,"test":true},"profile":{"opt_level":"0","debuginfo":2,"debug_assertions":true,"overflow_checks":true,"test":false},"features":["alloc","arithmetic","default","digest","ecdh","ecdsa","ecdsa-core","pem","pkcs8","sha2","sha384","std"],"filenames":["/mnt/data1/nix/vendor/rust/cargo2nix/target/debug/deps/libp384-55d89b95668a2c30.rlib","/mnt/data1/nix/vendor/rust/cargo2nix/target/debug/deps/libp384-55d89b95668a2c30.rmeta"],"executable":null,"fresh":true}
{"reason":"compiler-artifact","package_id":"path+file:///mnt/data1/nix/vendor/rust/cargo2nix/submodules/semver#1.0.27","manifest_path":"/mnt/data1/nix/vendor/rust/cargo2nix/submodules/semver/Cargo.toml","target":{"kind":["lib"],"crate_types":["lib"],"name":"semver","src_path":"/mnt/data1/nix/vendor/rust/cargo2nix/submodules/semver/src/lib.rs","edition":"2018","doc":true,"doctest":true,"test":true},"profile":{"opt_level":"0","debuginfo":2,"debug_assertions":true,"overflow_checks":true,"test":false},"features":["default","serde","std"],"filenames":["/mnt/data1/nix/vendor/rust/cargo2nix/target/debug/deps/libsemver-4ab29965126de8ea.rlib","/mnt/data1/nix/vendor/rust/cargo2nix/target/debug/deps/libsemver-4ab29965126de8ea.rmeta"],"executable":null,"fresh":true}
{"reason":"build-script-executed","package_id":"path+file:///mnt/data1/nix/vendor/rust/cargo2nix/submodules/BLAKE3#blake3@1.8.2","linked_libs":["static=blake3_sse2_sse41_avx2_assembly","static=blake3_avx512_assembly"],"linked_paths":["native=/mnt/data1/nix/vendor/rust/cargo2nix/target/debug/build/blake3-222b45774dd50b53/out","native=/mnt/data1/nix/vendor/rust/cargo2nix/target/debug/build/blake3-222b45774dd50b53/out"],"cfgs":["blake3_sse2_ffi","blake3_sse41_ffi","blake3_avx2_ffi","blake3_avx512_ffi"],"env":[],"out_dir":"/mnt/data1/nix/vendor/rust/cargo2nix/target/debug/build/blake3-222b45774dd50b53/out"}
{"reason":"compiler-artifact","package_id":"path+file:///mnt/data1/nix/vendor/rust/cargo2nix/submodules/cargo#0.94.0","manifest_path":"/mnt/data1/nix/vendor/rust/cargo2nix/submodules/cargo/Cargo.toml","target":{"kind":["custom-build"],"crate_types":["bin"],"name":"build-script-build","src_path":"/mnt/data1/nix/vendor/rust/cargo2nix/submodules/cargo/build.rs","edition":"2024","doc":false,"doctest":false,"test":false},"profile":{"opt_level":"0","debuginfo":0,"debug_assertions":true,"overflow_checks":true,"test":false},"features":["default","http-transport-curl"],"filenames":["/mnt/data1/nix/vendor/rust/cargo2nix/target/debug/build/cargo-172edc934f77457f/build-script-build"],"executable":null,"fresh":true}
{"reason":"compiler-artifact","package_id":"path+file:///mnt/data1/nix/vendor/rust/cargo2nix/submodules/serde-value#0.7.0","manifest_path":"/mnt/data1/nix/vendor/rust/cargo2nix/submodules/serde-value/Cargo.toml","target":{"kind":["lib"],"crate_types":["lib"],"name":"serde_value","src_path":"/mnt/data1/nix/vendor/rust/cargo2nix/submodules/serde-value/src/lib.rs","edition":"2018","doc":true,"doctest":true,"test":true},"profile":{"opt_level":"0","debuginfo":2,"debug_assertions":true,"overflow_checks":true,"test":false},"features":[],"filenames":["/mnt/data1/nix/vendor/rust/cargo2nix/target/debug/deps/libserde_value-8468d2e48c88fae3.rlib","/mnt/data1/nix/vendor/rust/cargo2nix/target/debug/deps/libserde_value-8468d2e48c88fae3.rmeta"],"executable":null,"fresh":true}
{"reason":"compiler-artifact","package_id":"registry+https://github.com/rust-lang/crates.io-index#url@2.5.7","manifest_path":"/home/mdupont/.cargo/registry/src/index.crates.io-1949cf8c6b5b557f/url-2.5.7/Cargo.toml","target":{"kind":["lib"],"crate_types":["lib"],"name":"url","src_path":"/home/mdupont/.cargo/registry/src/index.crates.io-1949cf8c6b5b557f/url-2.5.7/src/lib.rs","edition":"2018","doc":true,"doctest":true,"test":true},"profile":{"opt_level":"0","debuginfo":2,"debug_assertions":true,"overflow_checks":true,"test":false},"features":["default","serde","std"],"filenames":["/mnt/data1/nix/vendor/rust/cargo2nix/target/debug/deps/liburl-d2c79f550f9da9d9.rlib","/mnt/data1/nix/vendor/rust/cargo2nix/target/debug/deps/liburl-d2c79f550f9da9d9.rmeta"],"executable":null,"fresh":true}
{"reason":"compiler-artifact","package_id":"path+file:///mnt/data1/nix/vendor/rust/cargo2nix/submodules/rusqlite/libsqlite3-sys#0.35.0","manifest_path":"/mnt/data1/nix/vendor/rust/cargo2nix/submodules/rusqlite/libsqlite3-sys/Cargo.toml","target":{"kind":["lib"],"crate_types":["lib"],"name":"libsqlite3_sys","src_path":"/mnt/data1/nix/vendor/rust/cargo2nix/submodules/rusqlite/libsqlite3-sys/src/lib.rs","edition":"2021","doc":true,"doctest":true,"test":true},"profile":{"opt_level":"0","debuginfo":2,"debug_assertions":true,"overflow_checks":true,"test":false},"features":["default","min_sqlite_version_3_34_1","pkg-config","vcpkg"],"filenames":["/mnt/data1/nix/vendor/rust/cargo2nix/target/debug/deps/liblibsqlite3_sys-3f798b5d095a4b19.rlib","/mnt/data1/nix/vendor/rust/cargo2nix/target/debug/deps/liblibsqlite3_sys-3f798b5d095a4b19.rmeta"],"executable":null,"fresh":true}
{"reason":"compiler-artifact","package_id":"registry+https://github.com/rust-lang/crates.io-index#pest_generator@2.7.15","manifest_path":"/home/mdupont/.cargo/registry/src/index.crates.io-1949cf8c6b5b557f/pest_generator-2.7.15/Cargo.toml","target":{"kind":["lib"],"crate_types":["lib"],"name":"pest_generator","src_path":"/home/mdupont/.cargo/registry/src/index.crates.io-1949cf8c6b5b557f/pest_generator-2.7.15/src/lib.rs","edition":"2021","doc":true,"doctest":true,"test":true},"profile":{"opt_level":"0","debuginfo":0,"debug_assertions":true,"overflow_checks":true,"test":false},"features":["std"],"filenames":["/mnt/data1/nix/vendor/rust/cargo2nix/target/debug/deps/libpest_generator-ee805456142f9b2a.rlib","/mnt/data1/nix/vendor/rust/cargo2nix/target/debug/deps/libpest_generator-ee805456142f9b2a.rmeta"],"executable":null,"fresh":true}
{"reason":"build-script-executed","package_id":"registry+https://github.com/rust-lang/crates.io-index#chrono-tz@0.9.0","linked_libs":[],"linked_paths":[],"cfgs":[],"env":[],"out_dir":"/mnt/data1/nix/vendor/rust/cargo2nix/target/debug/build/chrono-tz-7b239965ee11d1cd/out"}
{"reason":"compiler-artifact","package_id":"registry+https://github.com/rust-lang/crates.io-index#serde-untagged@0.1.9","manifest_path":"/home/mdupont/.cargo/registry/src/index.crates.io-1949cf8c6b5b557f/serde-untagged-0.1.9/Cargo.toml","target":{"kind":["lib"],"crate_types":["lib"],"name":"serde_untagged","src_path":"/home/mdupont/.cargo/registry/src/index.crates.io-1949cf8c6b5b557f/serde-untagged-0.1.9/src/lib.rs","edition":"2021","doc":true,"doctest":true,"test":true},"profile":{"opt_level":"0","debuginfo":2,"debug_assertions":true,"overflow_checks":true,"test":false},"features":[],"filenames":["/mnt/data1/nix/vendor/rust/cargo2nix/target/debug/deps/libserde_untagged-3cc476f7bff37bfb.rlib","/mnt/data1/nix/vendor/rust/cargo2nix/target/debug/deps/libserde_untagged-3cc476f7bff37bfb.rmeta"],"executable":null,"fresh":true}
{"reason":"compiler-artifact","package_id":"path+file:///mnt/data1/nix/vendor/rust/cargo2nix/submodules/gitoxide/gix-diff#0.55.0","manifest_path":"/mnt/data1/nix/vendor/rust/cargo2nix/submodules/gitoxide/gix-diff/Cargo.toml","target":{"kind":["lib"],"crate_types":["lib"],"name":"gix_diff","src_path":"/mnt/data1/nix/vendor/rust/cargo2nix/submodules/gitoxide/gix-diff/src/lib.rs","edition":"2021","doc":true,"doctest":false,"test":true},"profile":{"opt_level":"0","debuginfo":2,"debug_assertions":true,"overflow_checks":true,"test":false},"features":["blob","index"],"filenames":["/mnt/data1/nix/vendor/rust/cargo2nix/target/debug/deps/libgix_diff-94789267bf8b5ddf.rlib","/mnt/data1/nix/vendor/rust/cargo2nix/target/debug/deps/libgix_diff-94789267bf8b5ddf.rmeta"],"executable":null,"fresh":true}
{"reason":"compiler-artifact","package_id":"path+file:///mnt/data1/nix/vendor/rust/cargo2nix/submodules/gitoxide/gix-dir#0.17.0","manifest_path":"/mnt/data1/nix/vendor/rust/cargo2nix/submodules/gitoxide/gix-dir/Cargo.toml","target":{"kind":["lib"],"crate_types":["lib"],"name":"gix_dir","src_path":"/mnt/data1/nix/vendor/rust/cargo2nix/submodules/gitoxide/gix-dir/src/lib.rs","edition":"2021","doc":true,"doctest":false,"test":false},"profile":{"opt_level":"0","debuginfo":2,"debug_assertions":true,"overflow_checks":true,"test":false},"features":[],"filenames":["/mnt/data1/nix/vendor/rust/cargo2nix/target/debug/deps/libgix_dir-ba383b776f6eb4e9.rlib","/mnt/data1/nix/vendor/rust/cargo2nix/target/debug/deps/libgix_dir-ba383b776f6eb4e9.rmeta"],"executable":null,"fresh":true}
{"reason":"compiler-artifact","package_id":"path+file:///mnt/data1/nix/vendor/rust/cargo2nix/submodules/gitoxide/gix-worktree-state#0.22.0","manifest_path":"/mnt/data1/nix/vendor/rust/cargo2nix/submodules/gitoxide/gix-worktree-state/Cargo.toml","target":{"kind":["lib"],"crate_types":["lib"],"name":"gix_worktree_state","src_path":"/mnt/data1/nix/vendor/rust/cargo2nix/submodules/gitoxide/gix-worktree-state/src/lib.rs","edition":"2021","doc":true,"doctest":false,"test":true},"profile":{"opt_level":"0","debuginfo":2,"debug_assertions":true,"overflow_checks":true,"test":false},"features":[],"filenames":["/mnt/data1/nix/vendor/rust/cargo2nix/target/debug/deps/libgix_worktree_state-4e564dc2a58d51c8.rlib","/mnt/data1/nix/vendor/rust/cargo2nix/target/debug/deps/libgix_worktree_state-4e564dc2a58d51c8.rmeta"],"executable":null,"fresh":true}
{"reason":"compiler-artifact","package_id":"registry+https://github.com/rust-lang/crates.io-index#nix@0.30.1","manifest_path":"/home/mdupont/.cargo/registry/src/index.crates.io-1949cf8c6b5b557f/nix-0.30.1/Cargo.toml","target":{"kind":["lib"],"crate_types":["lib"],"name":"nix","src_path":"/home/mdupont/.cargo/registry/src/index.crates.io-1949cf8c6b5b557f/nix-0.30.1/src/lib.rs","edition":"2021","doc":true,"doctest":true,"test":true},"profile":{"opt_level":"0","debuginfo":2,"debug_assertions":true,"overflow_checks":true,"test":false},"features":["default","feature"],"filenames":["/mnt/data1/nix/vendor/rust/cargo2nix/target/debug/deps/libnix-c65c86b510c28ac0.rlib","/mnt/data1/nix/vendor/rust/cargo2nix/target/debug/deps/libnix-c65c86b510c28ac0.rmeta"],"executable":null,"fresh":true}
{"reason":"compiler-artifact","package_id":"path+file:///mnt/data1/nix/vendor/rust/cargo2nix/submodules/cargo/credential/cargo-credential#0.4.9","manifest_path":"/mnt/data1/nix/vendor/rust/cargo2nix/submodules/cargo/credential/cargo-credential/Cargo.toml","target":{"kind":["lib"],"crate_types":["lib"],"name":"cargo_credential","src_path":"/mnt/data1/nix/vendor/rust/cargo2nix/submodules/cargo/credential/cargo-credential/src/lib.rs","edition":"2024","doc":true,"doctest":true,"test":true},"profile":{"opt_level":"0","debuginfo":2,"debug_assertions":true,"overflow_checks":true,"test":false},"features":[],"filenames":["/mnt/data1/nix/vendor/rust/cargo2nix/target/debug/deps/libcargo_credential-59d4e96a76c65912.rlib","/mnt/data1/nix/vendor/rust/cargo2nix/target/debug/deps/libcargo_credential-59d4e96a76c65912.rmeta"],"executable":null,"fresh":true}
{"reason":"compiler-artifact","package_id":"path+file:///mnt/data1/nix/vendor/rust/cargo2nix/submodules/hashes/sha2#0.11.0-rc.3","manifest_path":"/mnt/data1/nix/vendor/rust/cargo2nix/submodules/hashes/sha2/Cargo.toml","target":{"kind":["lib"],"crate_types":["lib"],"name":"sha2","src_path":"/mnt/data1/nix/vendor/rust/cargo2nix/submodules/hashes/sha2/src/lib.rs","edition":"2024","doc":true,"doctest":true,"test":true},"profile":{"opt_level":"0","debuginfo":2,"debug_assertions":true,"overflow_checks":true,"test":false},"features":["alloc","default","oid"],"filenames":["/mnt/data1/nix/vendor/rust/cargo2nix/target/debug/deps/libsha2-3f412a783c38235f.rlib","/mnt/data1/nix/vendor/rust/cargo2nix/target/debug/deps/libsha2-3f412a783c38235f.rmeta"],"executable":null,"fresh":true}
{"reason":"compiler-artifact","package_id":"path+file:///mnt/data1/nix/vendor/rust/cargo2nix/submodules/gitoxide/gix-mailmap#0.28.0","manifest_path":"/mnt/data1/nix/vendor/rust/cargo2nix/submodules/gitoxide/gix-mailmap/Cargo.toml","target":{"kind":["lib"],"crate_types":["lib"],"name":"gix_mailmap","src_path":"/mnt/data1/nix/vendor/rust/cargo2nix/submodules/gitoxide/gix-mailmap/src/lib.rs","edition":"2021","doc":true,"doctest":false,"test":true},"profile":{"opt_level":"0","debuginfo":2,"debug_assertions":true,"overflow_checks":true,"test":false},"features":[],"filenames":["/mnt/data1/nix/vendor/rust/cargo2nix/target/debug/deps/libgix_mailmap-61982582bf9668a5.rlib","/mnt/data1/nix/vendor/rust/cargo2nix/target/debug/deps/libgix_mailmap-61982582bf9668a5.rmeta"],"executable":null,"fresh":true}
{"reason":"compiler-artifact","package_id":"registry+https://github.com/rust-lang/crates.io-index#md-5@0.10.6","manifest_path":"/home/mdupont/.cargo/registry/src/index.crates.io-1949cf8c6b5b557f/md-5-0.10.6/Cargo.toml","target":{"kind":["lib"],"crate_types":["lib"],"name":"md5","src_path":"/home/mdupont/.cargo/registry/src/index.crates.io-1949cf8c6b5b557f/md-5-0.10.6/src/lib.rs","edition":"2018","doc":true,"doctest":true,"test":true},"profile":{"opt_level":"0","debuginfo":2,"debug_assertions":true,"overflow_checks":true,"test":false},"features":["default","std"],"filenames":["/mnt/data1/nix/vendor/rust/cargo2nix/target/debug/deps/libmd5-08a0f59a1a943359.rlib","/mnt/data1/nix/vendor/rust/cargo2nix/target/debug/deps/libmd5-08a0f59a1a943359.rmeta"],"executable":null,"fresh":true}
{"reason":"compiler-artifact","package_id":"registry+https://github.com/rust-lang/crates.io-index#ed25519-compact@2.2.0","manifest_path":"/home/mdupont/.cargo/registry/src/index.crates.io-1949cf8c6b5b557f/ed25519-compact-2.2.0/Cargo.toml","target":{"kind":["lib"],"crate_types":["lib"],"name":"ed25519_compact","src_path":"/home/mdupont/.cargo/registry/src/index.crates.io-1949cf8c6b5b557f/ed25519-compact-2.2.0/src/lib.rs","edition":"2018","doc":true,"doctest":true,"test":true},"profile":{"opt_level":"0","debuginfo":2,"debug_assertions":true,"overflow_checks":true,"test":false},"features":["getrandom","random"],"filenames":["/mnt/data1/nix/vendor/rust/cargo2nix/target/debug/deps/libed25519_compact-a9a83bc33c12a4cc.rlib","/mnt/data1/nix/vendor/rust/cargo2nix/target/debug/deps/libed25519_compact-a9a83bc33c12a4cc.rmeta"],"executable":null,"fresh":true}
{"reason":"compiler-artifact","package_id":"path+file:///mnt/data1/nix/vendor/rust/cargo2nix/submodules/tempfile#3.23.0","manifest_path":"/mnt/data1/nix/vendor/rust/cargo2nix/submodules/tempfile/Cargo.toml","target":{"kind":["lib"],"crate_types":["lib"],"name":"tempfile","src_path":"/mnt/data1/nix/vendor/rust/cargo2nix/submodules/tempfile/src/lib.rs","edition":"2021","doc":true,"doctest":true,"test":true},"profile":{"opt_level":"0","debuginfo":2,"debug_assertions":true,"overflow_checks":true,"test":false},"features":["default","getrandom"],"filenames":["/mnt/data1/nix/vendor/rust/cargo2nix/target/debug/deps/libtempfile-cd6b82501d1be7a1.rlib","/mnt/data1/nix/vendor/rust/cargo2nix/target/debug/deps/libtempfile-cd6b82501d1be7a1.rmeta"],"executable":null,"fresh":true}
{"reason":"compiler-artifact","package_id":"registry+https://github.com/rust-lang/crates.io-index#xattr@1.6.1","manifest_path":"/home/mdupont/.cargo/registry/src/index.crates.io-1949cf8c6b5b557f/xattr-1.6.1/Cargo.toml","target":{"kind":["lib"],"crate_types":["lib"],"name":"xattr","src_path":"/home/mdupont/.cargo/registry/src/index.crates.io-1949cf8c6b5b557f/xattr-1.6.1/src/lib.rs","edition":"2021","doc":true,"doctest":true,"test":true},"profile":{"opt_level":"0","debuginfo":2,"debug_assertions":true,"overflow_checks":true,"test":false},"features":["default","unsupported"],"filenames":["/mnt/data1/nix/vendor/rust/cargo2nix/target/debug/deps/libxattr-5345046299579998.rlib","/mnt/data1/nix/vendor/rust/cargo2nix/target/debug/deps/libxattr-5345046299579998.rmeta"],"executable":null,"fresh":true}
{"reason":"compiler-artifact","package_id":"registry+https://github.com/rust-lang/crates.io-index#rand_xoshiro@0.6.0","manifest_path":"/home/mdupont/.cargo/registry/src/index.crates.io-1949cf8c6b5b557f/rand_xoshiro-0.6.0/Cargo.toml","target":{"kind":["lib"],"crate_types":["lib"],"name":"rand_xoshiro","src_path":"/home/mdupont/.cargo/registry/src/index.crates.io-1949cf8c6b5b557f/rand_xoshiro-0.6.0/src/lib.rs","edition":"2018","doc":true,"doctest":true,"test":true},"profile":{"opt_level":"0","debuginfo":2,"debug_assertions":true,"overflow_checks":true,"test":false},"features":[],"filenames":["/mnt/data1/nix/vendor/rust/cargo2nix/target/debug/deps/librand_xoshiro-552dc945ebc189bb.rlib","/mnt/data1/nix/vendor/rust/cargo2nix/target/debug/deps/librand_xoshiro-552dc945ebc189bb.rmeta"],"executable":null,"fresh":true}
{"reason":"compiler-artifact","package_id":"registry+https://github.com/rust-lang/crates.io-index#hashlink@0.11.0","manifest_path":"/home/mdupont/.cargo/registry/src/index.crates.io-1949cf8c6b5b557f/hashlink-0.11.0/Cargo.toml","target":{"kind":["lib"],"crate_types":["lib"],"name":"hashlink","src_path":"/home/mdupont/.cargo/registry/src/index.crates.io-1949cf8c6b5b557f/hashlink-0.11.0/src/lib.rs","edition":"2018","doc":true,"doctest":true,"test":true},"profile":{"opt_level":"0","debuginfo":2,"debug_assertions":true,"overflow_checks":true,"test":false},"features":[],"filenames":["/mnt/data1/nix/vendor/rust/cargo2nix/target/debug/deps/libhashlink-bea624d60226402c.rlib","/mnt/data1/nix/vendor/rust/cargo2nix/target/debug/deps/libhashlink-bea624d60226402c.rmeta"],"executable":null,"fresh":true}
{"reason":"compiler-artifact","package_id":"path+file:///mnt/data1/nix/vendor/rust/cargo2nix/submodules/walkdir#2.5.0","manifest_path":"/mnt/data1/nix/vendor/rust/cargo2nix/submodules/walkdir/Cargo.toml","target":{"kind":["lib"],"crate_types":["lib"],"name":"walkdir","src_path":"/mnt/data1/nix/vendor/rust/cargo2nix/submodules/walkdir/src/lib.rs","edition":"2018","doc":true,"doctest":true,"test":true},"profile":{"opt_level":"0","debuginfo":2,"debug_assertions":true,"overflow_checks":true,"test":false},"features":[],"filenames":["/mnt/data1/nix/vendor/rust/cargo2nix/target/debug/deps/libwalkdir-a3c9dd452e94886a.rlib","/mnt/data1/nix/vendor/rust/cargo2nix/target/debug/deps/libwalkdir-a3c9dd452e94886a.rmeta"],"executable":null,"fresh":true}
{"reason":"compiler-artifact","package_id":"registry+https://github.com/rust-lang/crates.io-index#jobserver@0.1.34","manifest_path":"/home/mdupont/.cargo/registry/src/index.crates.io-1949cf8c6b5b557f/jobserver-0.1.34/Cargo.toml","target":{"kind":["lib"],"crate_types":["lib"],"name":"jobserver","src_path":"/home/mdupont/.cargo/registry/src/index.crates.io-1949cf8c6b5b557f/jobserver-0.1.34/src/lib.rs","edition":"2021","doc":true,"doctest":true,"test":true},"profile":{"opt_level":"0","debuginfo":2,"debug_assertions":true,"overflow_checks":true,"test":false},"features":[],"filenames":["/mnt/data1/nix/vendor/rust/cargo2nix/target/debug/deps/libjobserver-054ecc3769085bc8.rlib","/mnt/data1/nix/vendor/rust/cargo2nix/target/debug/deps/libjobserver-054ecc3769085bc8.rmeta"],"executable":null,"fresh":true}
{"reason":"compiler-artifact","package_id":"path+file:///mnt/data1/nix/vendor/rust/cargo2nix/submodules/rust_libloading#libloading@0.9.0","manifest_path":"/mnt/data1/nix/vendor/rust/cargo2nix/submodules/rust_libloading/Cargo.toml","target":{"kind":["lib"],"crate_types":["lib"],"name":"libloading","src_path":"/mnt/data1/nix/vendor/rust/cargo2nix/submodules/rust_libloading/src/lib.rs","edition":"2021","doc":true,"doctest":true,"test":true},"profile":{"opt_level":"0","debuginfo":2,"debug_assertions":true,"overflow_checks":true,"test":false},"features":["default","std"],"filenames":["/mnt/data1/nix/vendor/rust/cargo2nix/target/debug/deps/liblibloading-7c4601e24759d8bc.rlib","/mnt/data1/nix/vendor/rust/cargo2nix/target/debug/deps/liblibloading-7c4601e24759d8bc.rmeta"],"executable":null,"fresh":true}
{"reason":"compiler-artifact","package_id":"registry+https://github.com/rust-lang/crates.io-index#constant_time_eq@0.3.1","manifest_path":"/home/mdupont/.cargo/registry/src/index.crates.io-1949cf8c6b5b557f/constant_time_eq-0.3.1/Cargo.toml","target":{"kind":["lib"],"crate_types":["lib"],"name":"constant_time_eq","src_path":"/home/mdupont/.cargo/registry/src/index.crates.io-1949cf8c6b5b557f/constant_time_eq-0.3.1/src/lib.rs","edition":"2021","doc":true,"doctest":true,"test":true},"profile":{"opt_level":"0","debuginfo":2,"debug_assertions":true,"overflow_checks":true,"test":false},"features":[],"filenames":["/mnt/data1/nix/vendor/rust/cargo2nix/target/debug/deps/libconstant_time_eq-d11132ad9d2c657a.rlib","/mnt/data1/nix/vendor/rust/cargo2nix/target/debug/deps/libconstant_time_eq-d11132ad9d2c657a.rmeta"],"executable":null,"fresh":true}
{"reason":"compiler-artifact","package_id":"registry+https://github.com/rust-lang/crates.io-index#unicode-width@0.2.2","manifest_path":"/home/mdupont/.cargo/registry/src/index.crates.io-1949cf8c6b5b557f/unicode-width-0.2.2/Cargo.toml","target":{"kind":["lib"],"crate_types":["lib"],"name":"unicode_width","src_path":"/home/mdupont/.cargo/registry/src/index.crates.io-1949cf8c6b5b557f/unicode-width-0.2.2/src/lib.rs","edition":"2021","doc":true,"doctest":true,"test":true},"profile":{"opt_level":"0","debuginfo":2,"debug_assertions":true,"overflow_checks":true,"test":false},"features":["cjk","default"],"filenames":["/mnt/data1/nix/vendor/rust/cargo2nix/target/debug/deps/libunicode_width-a6375d3a2a26d1e5.rlib","/mnt/data1/nix/vendor/rust/cargo2nix/target/debug/deps/libunicode_width-a6375d3a2a26d1e5.rmeta"],"executable":null,"fresh":true}
{"reason":"compiler-artifact","package_id":"registry+https://github.com/rust-lang/crates.io-index#deunicode@1.4.0","manifest_path":"/home/mdupont/.cargo/registry/src/index.crates.io-1949cf8c6b5b557f/deunicode-1.4.0/Cargo.toml","target":{"kind":["lib"],"crate_types":["lib"],"name":"deunicode","src_path":"/home/mdupont/.cargo/registry/src/index.crates.io-1949cf8c6b5b557f/deunicode-1.4.0/src/lib.rs","edition":"2021","doc":true,"doctest":true,"test":true},"profile":{"opt_level":"0","debuginfo":2,"debug_assertions":true,"overflow_checks":true,"test":false},"features":["alloc","default"],"filenames":["/mnt/data1/nix/vendor/rust/cargo2nix/target/debug/deps/libdeunicode-05438b9a241c7cba.rlib","/mnt/data1/nix/vendor/rust/cargo2nix/target/debug/deps/libdeunicode-05438b9a241c7cba.rmeta"],"executable":null,"fresh":true}
{"reason":"compiler-artifact","package_id":"path+file:///mnt/data1/nix/vendor/rust/cargo2nix/submodules/unicode-ident#1.0.22","manifest_path":"/mnt/data1/nix/vendor/rust/cargo2nix/submodules/unicode-ident/Cargo.toml","target":{"kind":["lib"],"crate_types":["lib"],"name":"unicode_ident","src_path":"/mnt/data1/nix/vendor/rust/cargo2nix/submodules/unicode-ident/src/lib.rs","edition":"2018","doc":true,"doctest":true,"test":true},"profile":{"opt_level":"0","debuginfo":2,"debug_assertions":true,"overflow_checks":true,"test":false},"features":[],"filenames":["/mnt/data1/nix/vendor/rust/cargo2nix/target/debug/deps/libunicode_ident-fbec2c94f037582c.rlib","/mnt/data1/nix/vendor/rust/cargo2nix/target/debug/deps/libunicode_ident-fbec2c94f037582c.rmeta"],"executable":null,"fresh":true}
{"reason":"compiler-artifact","package_id":"path+file:///mnt/data1/nix/vendor/rust/cargo2nix/submodules/same-file#1.0.6","manifest_path":"/mnt/data1/nix/vendor/rust/cargo2nix/submodules/same-file/Cargo.toml","target":{"kind":["lib"],"crate_types":["lib"],"name":"same_file","src_path":"/mnt/data1/nix/vendor/rust/cargo2nix/submodules/same-file/src/lib.rs","edition":"2021","doc":true,"doctest":true,"test":true},"profile":{"opt_level":"0","debuginfo":2,"debug_assertions":true,"overflow_checks":true,"test":false},"features":[],"filenames":["/mnt/data1/nix/vendor/rust/cargo2nix/target/debug/deps/libsame_file-180719e7a47f67e2.rlib","/mnt/data1/nix/vendor/rust/cargo2nix/target/debug/deps/libsame_file-180719e7a47f67e2.rmeta"],"executable":null,"fresh":true}
{"reason":"compiler-artifact","package_id":"registry+https://github.com/rust-lang/crates.io-index#fallible-streaming-iterator@0.1.9","manifest_path":"/home/mdupont/.cargo/registry/src/index.crates.io-1949cf8c6b5b557f/fallible-streaming-iterator-0.1.9/Cargo.toml","target":{"kind":["lib"],"crate_types":["lib"],"name":"fallible_streaming_iterator","src_path":"/home/mdupont/.cargo/registry/src/index.crates.io-1949cf8c6b5b557f/fallible-streaming-iterator-0.1.9/src/lib.rs","edition":"2015","doc":true,"doctest":true,"test":true},"profile":{"opt_level":"0","debuginfo":2,"debug_assertions":true,"overflow_checks":true,"test":false},"features":[],"filenames":["/mnt/data1/nix/vendor/rust/cargo2nix/target/debug/deps/libfallible_streaming_iterator-9e4c7e4d014cb9a2.rlib","/mnt/data1/nix/vendor/rust/cargo2nix/target/debug/deps/libfallible_streaming_iterator-9e4c7e4d014cb9a2.rmeta"],"executable":null,"fresh":true}
{"reason":"compiler-artifact","package_id":"path+file:///mnt/data1/nix/vendor/rust/cargo2nix/submodules/gitoxide/gix-blame#0.5.0","manifest_path":"/mnt/data1/nix/vendor/rust/cargo2nix/submodules/gitoxide/gix-blame/Cargo.toml","target":{"kind":["lib"],"crate_types":["lib"],"name":"gix_blame","src_path":"/mnt/data1/nix/vendor/rust/cargo2nix/submodules/gitoxide/gix-blame/src/lib.rs","edition":"2021","doc":true,"doctest":true,"test":true},"profile":{"opt_level":"0","debuginfo":2,"debug_assertions":true,"overflow_checks":true,"test":false},"features":[],"filenames":["/mnt/data1/nix/vendor/rust/cargo2nix/target/debug/deps/libgix_blame-db6bc4064658bce5.rlib","/mnt/data1/nix/vendor/rust/cargo2nix/target/debug/deps/libgix_blame-db6bc4064658bce5.rmeta"],"executable":null,"fresh":true}
{"reason":"compiler-artifact","package_id":"path+file:///mnt/data1/nix/vendor/rust/cargo2nix/submodules/gitoxide/gix-status#0.22.0","manifest_path":"/mnt/data1/nix/vendor/rust/cargo2nix/submodules/gitoxide/gix-status/Cargo.toml","target":{"kind":["lib"],"crate_types":["lib"],"name":"gix_status","src_path":"/mnt/data1/nix/vendor/rust/cargo2nix/submodules/gitoxide/gix-status/src/lib.rs","edition":"2021","doc":true,"doctest":false,"test":true},"profile":{"opt_level":"0","debuginfo":2,"debug_assertions":true,"overflow_checks":true,"test":false},"features":["worktree-rewrites"],"filenames":["/mnt/data1/nix/vendor/rust/cargo2nix/target/debug/deps/libgix_status-b1b0523e8b1d7375.rlib","/mnt/data1/nix/vendor/rust/cargo2nix/target/debug/deps/libgix_status-b1b0523e8b1d7375.rmeta"],"executable":null,"fresh":true}
{"reason":"compiler-artifact","package_id":"registry+https://github.com/rust-lang/crates.io-index#either@1.13.0","manifest_path":"/home/mdupont/.cargo/registry/src/index.crates.io-1949cf8c6b5b557f/either-1.13.0/Cargo.toml","target":{"kind":["lib"],"crate_types":["lib"],"name":"either","src_path":"/home/mdupont/.cargo/registry/src/index.crates.io-1949cf8c6b5b557f/either-1.13.0/src/lib.rs","edition":"2018","doc":true,"doctest":true,"test":true},"profile":{"opt_level":"0","debuginfo":2,"debug_assertions":true,"overflow_checks":true,"test":false},"features":["use_std"],"filenames":["/mnt/data1/nix/vendor/rust/cargo2nix/target/debug/deps/libeither-856bc1b66589655b.rlib","/mnt/data1/nix/vendor/rust/cargo2nix/target/debug/deps/libeither-856bc1b66589655b.rmeta"],"executable":null,"fresh":true}
{"reason":"compiler-artifact","package_id":"registry+https://github.com/rust-lang/crates.io-index#ct-codecs@1.1.6","manifest_path":"/home/mdupont/.cargo/registry/src/index.crates.io-1949cf8c6b5b557f/ct-codecs-1.1.6/Cargo.toml","target":{"kind":["lib"],"crate_types":["lib"],"name":"ct_codecs","src_path":"/home/mdupont/.cargo/registry/src/index.crates.io-1949cf8c6b5b557f/ct-codecs-1.1.6/src/lib.rs","edition":"2018","doc":true,"doctest":true,"test":true},"profile":{"opt_level":"0","debuginfo":2,"debug_assertions":true,"overflow_checks":true,"test":false},"features":[],"filenames":["/mnt/data1/nix/vendor/rust/cargo2nix/target/debug/deps/libct_codecs-98febd4109a65e37.rlib","/mnt/data1/nix/vendor/rust/cargo2nix/target/debug/deps/libct_codecs-98febd4109a65e37.rmeta"],"executable":null,"fresh":true}
{"reason":"compiler-artifact","package_id":"registry+https://github.com/rust-lang/crates.io-index#fallible-iterator@0.3.0","manifest_path":"/home/mdupont/.cargo/registry/src/index.crates.io-1949cf8c6b5b557f/fallible-iterator-0.3.0/Cargo.toml","target":{"kind":["lib"],"crate_types":["lib"],"name":"fallible_iterator","src_path":"/home/mdupont/.cargo/registry/src/index.crates.io-1949cf8c6b5b557f/fallible-iterator-0.3.0/src/lib.rs","edition":"2018","doc":true,"doctest":true,"test":true},"profile":{"opt_level":"0","debuginfo":2,"debug_assertions":true,"overflow_checks":true,"test":false},"features":["alloc","default"],"filenames":["/mnt/data1/nix/vendor/rust/cargo2nix/target/debug/deps/libfallible_iterator-157c2a08365849d6.rlib","/mnt/data1/nix/vendor/rust/cargo2nix/target/debug/deps/libfallible_iterator-157c2a08365849d6.rmeta"],"executable":null,"fresh":true}
{"reason":"compiler-artifact","package_id":"registry+https://github.com/rust-lang/crates.io-index#hex@0.4.3","manifest_path":"/home/mdupont/.cargo/registry/src/index.crates.io-1949cf8c6b5b557f/hex-0.4.3/Cargo.toml","target":{"kind":["lib"],"crate_types":["lib"],"name":"hex","src_path":"/home/mdupont/.cargo/registry/src/index.crates.io-1949cf8c6b5b557f/hex-0.4.3/src/lib.rs","edition":"2018","doc":true,"doctest":true,"test":true},"profile":{"opt_level":"0","debuginfo":2,"debug_assertions":true,"overflow_checks":true,"test":false},"features":["alloc","default","std"],"filenames":["/mnt/data1/nix/vendor/rust/cargo2nix/target/debug/deps/libhex-20cdb627b9823e3e.rlib","/mnt/data1/nix/vendor/rust/cargo2nix/target/debug/deps/libhex-20cdb627b9823e3e.rmeta"],"executable":null,"fresh":true}
{"reason":"compiler-artifact","package_id":"registry+https://github.com/rust-lang/crates.io-index#shell-escape@0.1.5","manifest_path":"/home/mdupont/.cargo/registry/src/index.crates.io-1949cf8c6b5b557f/shell-escape-0.1.5/Cargo.toml","target":{"kind":["lib"],"crate_types":["lib"],"name":"shell_escape","src_path":"/home/mdupont/.cargo/registry/src/index.crates.io-1949cf8c6b5b557f/shell-escape-0.1.5/src/lib.rs","edition":"2015","doc":true,"doctest":true,"test":true},"profile":{"opt_level":"0","debuginfo":2,"debug_assertions":true,"overflow_checks":true,"test":false},"features":[],"filenames":["/mnt/data1/nix/vendor/rust/cargo2nix/target/debug/deps/libshell_escape-b521ec751ec212f2.rlib","/mnt/data1/nix/vendor/rust/cargo2nix/target/debug/deps/libshell_escape-b521ec751ec212f2.rmeta"],"executable":null,"fresh":true}
{"reason":"compiler-artifact","package_id":"path+file:///mnt/data1/nix/vendor/rust/cargo2nix/submodules/rust-hex#hex@0.4.3","manifest_path":"/mnt/data1/nix/vendor/rust/cargo2nix/submodules/rust-hex/Cargo.toml","target":{"kind":["lib"],"crate_types":["lib"],"name":"hex","src_path":"/mnt/data1/nix/vendor/rust/cargo2nix/submodules/rust-hex/src/lib.rs","edition":"2018","doc":true,"doctest":true,"test":true},"profile":{"opt_level":"0","debuginfo":2,"debug_assertions":true,"overflow_checks":true,"test":false},"features":["alloc","default","std"],"filenames":["/mnt/data1/nix/vendor/rust/cargo2nix/target/debug/deps/libhex-3530d736d0b829a2.rlib","/mnt/data1/nix/vendor/rust/cargo2nix/target/debug/deps/libhex-3530d736d0b829a2.rmeta"],"executable":null,"fresh":true}
{"reason":"compiler-artifact","package_id":"registry+https://github.com/rust-lang/crates.io-index#arrayref@0.3.9","manifest_path":"/home/mdupont/.cargo/registry/src/index.crates.io-1949cf8c6b5b557f/arrayref-0.3.9/Cargo.toml","target":{"kind":["lib"],"crate_types":["lib"],"name":"arrayref","src_path":"/home/mdupont/.cargo/registry/src/index.crates.io-1949cf8c6b5b557f/arrayref-0.3.9/src/lib.rs","edition":"2015","doc":true,"doctest":true,"test":true},"profile":{"opt_level":"0","debuginfo":2,"debug_assertions":true,"overflow_checks":true,"test":false},"features":[],"filenames":["/mnt/data1/nix/vendor/rust/cargo2nix/target/debug/deps/libarrayref-00723dadb0b8c66f.rlib","/mnt/data1/nix/vendor/rust/cargo2nix/target/debug/deps/libarrayref-00723dadb0b8c66f.rmeta"],"executable":null,"fresh":true}
{"reason":"compiler-artifact","package_id":"path+file:///mnt/data1/nix/vendor/rust/cargo2nix/submodules/cargo/credential/cargo-credential-libsecret#0.5.4","manifest_path":"/mnt/data1/nix/vendor/rust/cargo2nix/submodules/cargo/credential/cargo-credential-libsecret/Cargo.toml","target":{"kind":["lib"],"crate_types":["lib"],"name":"cargo_credential_libsecret","src_path":"/mnt/data1/nix/vendor/rust/cargo2nix/submodules/cargo/credential/cargo-credential-libsecret/src/lib.rs","edition":"2024","doc":true,"doctest":true,"test":true},"profile":{"opt_level":"0","debuginfo":2,"debug_assertions":true,"overflow_checks":true,"test":false},"features":[],"filenames":["/mnt/data1/nix/vendor/rust/cargo2nix/target/debug/deps/libcargo_credential_libsecret-57f4ee0a42633bb7.rlib","/mnt/data1/nix/vendor/rust/cargo2nix/target/debug/deps/libcargo_credential_libsecret-57f4ee0a42633bb7.rmeta"],"executable":null,"fresh":true}
{"reason":"compiler-artifact","package_id":"path+file:///mnt/data1/nix/vendor/rust/cargo2nix/submodules/cargo/crates/cargo-util-schemas#0.11.0","manifest_path":"/mnt/data1/nix/vendor/rust/cargo2nix/submodules/cargo/crates/cargo-util-schemas/Cargo.toml","target":{"kind":["lib"],"crate_types":["lib"],"name":"cargo_util_schemas","src_path":"/mnt/data1/nix/vendor/rust/cargo2nix/submodules/cargo/crates/cargo-util-schemas/src/lib.rs","edition":"2024","doc":true,"doctest":true,"test":true},"profile":{"opt_level":"0","debuginfo":2,"debug_assertions":true,"overflow_checks":true,"test":false},"features":[],"filenames":["/mnt/data1/nix/vendor/rust/cargo2nix/target/debug/deps/libcargo_util_schemas-b19e2e69fe9e0587.rlib","/mnt/data1/nix/vendor/rust/cargo2nix/target/debug/deps/libcargo_util_schemas-b19e2e69fe9e0587.rmeta"],"executable":null,"fresh":true}
{"reason":"compiler-artifact","package_id":"registry+https://github.com/rust-lang/crates.io-index#slug@0.1.6","manifest_path":"/home/mdupont/.cargo/registry/src/index.crates.io-1949cf8c6b5b557f/slug-0.1.6/Cargo.toml","target":{"kind":["cdylib","rlib"],"crate_types":["cdylib","rlib"],"name":"slug","src_path":"/home/mdupont/.cargo/registry/src/index.crates.io-1949cf8c6b5b557f/slug-0.1.6/src/lib.rs","edition":"2021","doc":true,"doctest":true,"test":true},"profile":{"opt_level":"0","debuginfo":2,"debug_assertions":true,"overflow_checks":true,"test":false},"features":[],"filenames":["/mnt/data1/nix/vendor/rust/cargo2nix/target/debug/deps/libslug-088e1ce5fdffff5e.so","/mnt/data1/nix/vendor/rust/cargo2nix/target/debug/deps/libslug-088e1ce5fdffff5e.rlib"],"executable":null,"fresh":true}
{"reason":"compiler-artifact","package_id":"registry+https://github.com/rust-lang/crates.io-index#tar@0.4.44","manifest_path":"/home/mdupont/.cargo/registry/src/index.crates.io-1949cf8c6b5b557f/tar-0.4.44/Cargo.toml","target":{"kind":["lib"],"crate_types":["lib"],"name":"tar","src_path":"/home/mdupont/.cargo/registry/src/index.crates.io-1949cf8c6b5b557f/tar-0.4.44/src/lib.rs","edition":"2021","doc":true,"doctest":true,"test":true},"profile":{"opt_level":"0","debuginfo":2,"debug_assertions":true,"overflow_checks":true,"test":false},"features":["default","xattr"],"filenames":["/mnt/data1/nix/vendor/rust/cargo2nix/target/debug/deps/libtar-9b1410fd4fa779fe.rlib","/mnt/data1/nix/vendor/rust/cargo2nix/target/debug/deps/libtar-9b1410fd4fa779fe.rmeta"],"executable":null,"fresh":true}
{"reason":"compiler-artifact","package_id":"path+file:///mnt/data1/nix/vendor/rust/cargo2nix/submodules/os_info/os_info#3.13.0","manifest_path":"/mnt/data1/nix/vendor/rust/cargo2nix/submodules/os_info/os_info/Cargo.toml","target":{"kind":["lib"],"crate_types":["lib"],"name":"os_info","src_path":"/mnt/data1/nix/vendor/rust/cargo2nix/submodules/os_info/os_info/src/lib.rs","edition":"2018","doc":true,"doctest":true,"test":true},"profile":{"opt_level":"0","debuginfo":2,"debug_assertions":true,"overflow_checks":true,"test":false},"features":["default","serde"],"filenames":["/mnt/data1/nix/vendor/rust/cargo2nix/target/debug/deps/libos_info-4488889ca4590313.rlib","/mnt/data1/nix/vendor/rust/cargo2nix/target/debug/deps/libos_info-4488889ca4590313.rmeta"],"executable":null,"fresh":true}
{"reason":"compiler-artifact","package_id":"path+file:///mnt/data1/nix/vendor/rust/cargo2nix/submodules/annotate-snippets-rs#annotate-snippets@0.12.8","manifest_path":"/mnt/data1/nix/vendor/rust/cargo2nix/submodules/annotate-snippets-rs/Cargo.toml","target":{"kind":["lib"],"crate_types":["lib"],"name":"annotate_snippets","src_path":"/mnt/data1/nix/vendor/rust/cargo2nix/submodules/annotate-snippets-rs/src/lib.rs","edition":"2024","doc":true,"doctest":true,"test":true},"profile":{"opt_level":"0","debuginfo":2,"debug_assertions":true,"overflow_checks":true,"test":false},"features":["default"],"filenames":["/mnt/data1/nix/vendor/rust/cargo2nix/target/debug/deps/libannotate_snippets-f4df03ba65859d7a.rlib","/mnt/data1/nix/vendor/rust/cargo2nix/target/debug/deps/libannotate_snippets-f4df03ba65859d7a.rmeta"],"executable":null,"fresh":true}
{"reason":"compiler-artifact","package_id":"path+file:///mnt/data1/nix/vendor/rust/cargo2nix/submodules/tracing-chrome#0.7.0","manifest_path":"/mnt/data1/nix/vendor/rust/cargo2nix/submodules/tracing-chrome/Cargo.toml","target":{"kind":["lib"],"crate_types":["lib"],"name":"tracing_chrome","src_path":"/mnt/data1/nix/vendor/rust/cargo2nix/submodules/tracing-chrome/src/lib.rs","edition":"2018","doc":true,"doctest":true,"test":true},"profile":{"opt_level":"0","debuginfo":2,"debug_assertions":true,"overflow_checks":true,"test":false},"features":[],"filenames":["/mnt/data1/nix/vendor/rust/cargo2nix/target/debug/deps/libtracing_chrome-3fb6de556cf907d4.rlib","/mnt/data1/nix/vendor/rust/cargo2nix/target/debug/deps/libtracing_chrome-3fb6de556cf907d4.rmeta"],"executable":null,"fresh":true}
{"reason":"compiler-artifact","package_id":"registry+https://github.com/rust-lang/crates.io-index#pest_derive@2.7.15","manifest_path":"/home/mdupont/.cargo/registry/src/index.crates.io-1949cf8c6b5b557f/pest_derive-2.7.15/Cargo.toml","target":{"kind":["proc-macro"],"crate_types":["proc-macro"],"name":"pest_derive","src_path":"/home/mdupont/.cargo/registry/src/index.crates.io-1949cf8c6b5b557f/pest_derive-2.7.15/src/lib.rs","edition":"2021","doc":true,"doctest":true,"test":true},"profile":{"opt_level":"0","debuginfo":0,"debug_assertions":true,"overflow_checks":true,"test":false},"features":["default","std"],"filenames":["/mnt/data1/nix/vendor/rust/cargo2nix/target/debug/deps/libpest_derive-6e6741f6a68adb14.so"],"executable":null,"fresh":true}
{"reason":"compiler-artifact","package_id":"path+file:///mnt/data1/nix/vendor/rust/cargo2nix/submodules/regex#1.12.2","manifest_path":"/mnt/data1/nix/vendor/rust/cargo2nix/submodules/regex/Cargo.toml","target":{"kind":["lib"],"crate_types":["lib"],"name":"regex","src_path":"/mnt/data1/nix/vendor/rust/cargo2nix/submodules/regex/src/lib.rs","edition":"2021","doc":true,"doctest":true,"test":true},"profile":{"opt_level":"0","debuginfo":2,"debug_assertions":true,"overflow_checks":true,"test":false},"features":["default","perf","perf-backtrack","perf-cache","perf-dfa","perf-inline","perf-literal","perf-onepass","std","unicode","unicode-age","unicode-bool","unicode-case","unicode-gencat","unicode-perl","unicode-script","unicode-segment"],"filenames":["/mnt/data1/nix/vendor/rust/cargo2nix/target/debug/deps/libregex-698dbf5fd73eca9a.rlib","/mnt/data1/nix/vendor/rust/cargo2nix/target/debug/deps/libregex-698dbf5fd73eca9a.rmeta"],"executable":null,"fresh":true}
{"reason":"compiler-artifact","package_id":"path+file:///mnt/data1/nix/vendor/rust/cargo2nix/submodules/rand#0.10.0-rc.5","manifest_path":"/mnt/data1/nix/vendor/rust/cargo2nix/submodules/rand/Cargo.toml","target":{"kind":["lib"],"crate_types":["lib"],"name":"rand","src_path":"/mnt/data1/nix/vendor/rust/cargo2nix/submodules/rand/src/lib.rs","edition":"2024","doc":true,"doctest":true,"test":true},"profile":{"opt_level":"0","debuginfo":2,"debug_assertions":true,"overflow_checks":true,"test":false},"features":["alloc","default","os_rng","small_rng","std","std_rng","thread_rng"],"filenames":["/mnt/data1/nix/vendor/rust/cargo2nix/target/debug/deps/librand-34e788a7a50b195b.rlib","/mnt/data1/nix/vendor/rust/cargo2nix/target/debug/deps/librand-34e788a7a50b195b.rmeta"],"executable":null,"fresh":true}
{"reason":"compiler-artifact","package_id":"path+file:///mnt/data1/nix/vendor/rust/cargo2nix/submodules/git2-rs/git2-curl#0.22.0","manifest_path":"/mnt/data1/nix/vendor/rust/cargo2nix/submodules/git2-rs/git2-curl/Cargo.toml","target":{"kind":["lib"],"crate_types":["lib"],"name":"git2_curl","src_path":"/mnt/data1/nix/vendor/rust/cargo2nix/submodules/git2-rs/git2-curl/src/lib.rs","edition":"2021","doc":true,"doctest":true,"test":true},"profile":{"opt_level":"0","debuginfo":2,"debug_assertions":true,"overflow_checks":true,"test":false},"features":[],"filenames":["/mnt/data1/nix/vendor/rust/cargo2nix/target/debug/deps/libgit2_curl-4294c2bb3cbe17b4.rlib","/mnt/data1/nix/vendor/rust/cargo2nix/target/debug/deps/libgit2_curl-4294c2bb3cbe17b4.rmeta"],"executable":null,"fresh":true}
{"reason":"build-script-executed","package_id":"path+file:///mnt/data1/nix/vendor/rust/cargo2nix/submodules/cargo#0.94.0","linked_libs":[],"linked_paths":[],"cfgs":[],"env":[["CARGO_COMMIT_HASH","41c36801029fdb85b730db515cbb16aab16c9851"],["CARGO_COMMIT_SHORT_HASH","41c368010"],["CARGO_COMMIT_DATE","2025-12-03"],["RUST_HOST_TARGET","x86_64-unknown-linux-gnu"]],"out_dir":"/mnt/data1/nix/vendor/rust/cargo2nix/target/debug/build/cargo-955477bed1a562d9/out"}
{"reason":"compiler-artifact","package_id":"registry+https://github.com/rust-lang/crates.io-index#chrono-tz@0.9.0","manifest_path":"/home/mdupont/.cargo/registry/src/index.crates.io-1949cf8c6b5b557f/chrono-tz-0.9.0/Cargo.toml","target":{"kind":["lib"],"crate_types":["lib"],"name":"chrono_tz","src_path":"/home/mdupont/.cargo/registry/src/index.crates.io-1949cf8c6b5b557f/chrono-tz-0.9.0/src/lib.rs","edition":"2021","doc":true,"doctest":true,"test":true},"profile":{"opt_level":"0","debuginfo":2,"debug_assertions":true,"overflow_checks":true,"test":false},"features":["default","std"],"filenames":["/mnt/data1/nix/vendor/rust/cargo2nix/target/debug/deps/libchrono_tz-8c65fe990feae61f.rlib","/mnt/data1/nix/vendor/rust/cargo2nix/target/debug/deps/libchrono_tz-8c65fe990feae61f.rmeta"],"executable":null,"fresh":true}
{"reason":"compiler-artifact","package_id":"path+file:///mnt/data1/nix/vendor/rust/cargo2nix/submodules/BLAKE3#blake3@1.8.2","manifest_path":"/mnt/data1/nix/vendor/rust/cargo2nix/submodules/BLAKE3/Cargo.toml","target":{"kind":["lib"],"crate_types":["lib"],"name":"blake3","src_path":"/mnt/data1/nix/vendor/rust/cargo2nix/submodules/BLAKE3/src/lib.rs","edition":"2021","doc":true,"doctest":true,"test":true},"profile":{"opt_level":"0","debuginfo":2,"debug_assertions":true,"overflow_checks":true,"test":false},"features":["default","std"],"filenames":["/mnt/data1/nix/vendor/rust/cargo2nix/target/debug/deps/libblake3-54fe2ef3f804a6d0.rlib","/mnt/data1/nix/vendor/rust/cargo2nix/target/debug/deps/libblake3-54fe2ef3f804a6d0.rmeta"],"executable":null,"fresh":true}
{"reason":"compiler-artifact","package_id":"path+file:///mnt/data1/nix/vendor/rust/cargo2nix/submodules/http-auth#0.1.10","manifest_path":"/mnt/data1/nix/vendor/rust/cargo2nix/submodules/http-auth/Cargo.toml","target":{"kind":["lib"],"crate_types":["lib"],"name":"http_auth","src_path":"/mnt/data1/nix/vendor/rust/cargo2nix/submodules/http-auth/src/lib.rs","edition":"2018","doc":true,"doctest":true,"test":true},"profile":{"opt_level":"0","debuginfo":2,"debug_assertions":true,"overflow_checks":true,"test":false},"features":["base64","basic-scheme","default","digest","digest-scheme","hex","md-5","rand","sha2"],"filenames":["/mnt/data1/nix/vendor/rust/cargo2nix/target/debug/deps/libhttp_auth-abd95c71069c2cf4.rlib","/mnt/data1/nix/vendor/rust/cargo2nix/target/debug/deps/libhttp_auth-abd95c71069c2cf4.rmeta"],"executable":null,"fresh":true}
{"reason":"compiler-artifact","package_id":"path+file:///mnt/data1/nix/vendor/rust/cargo2nix/submodules/gitoxide/gix#0.75.0","manifest_path":"/mnt/data1/nix/vendor/rust/cargo2nix/submodules/gitoxide/gix/Cargo.toml","target":{"kind":["lib"],"crate_types":["lib"],"name":"gix","src_path":"/mnt/data1/nix/vendor/rust/cargo2nix/submodules/gitoxide/gix/src/lib.rs","edition":"2021","doc":true,"doctest":false,"test":true},"profile":{"opt_level":"0","debuginfo":2,"debug_assertions":true,"overflow_checks":true,"test":false},"features":["attributes","basic","blame","blob-diff","blocking-http-transport-curl","blocking-network-client","comfort","command","credentials","default","dirwalk","excludes","extras","gix-archive","gix-status","gix-worktree-stream","index","interrupt","mailmap","max-control","max-performance-safe","pack-cache-lru-dynamic","pack-cache-lru-static","parallel","prodash","progress-tree","regex","revision","revparse-regex","status","worktree-archive","worktree-mutation","worktree-stream"],"filenames":["/mnt/data1/nix/vendor/rust/cargo2nix/target/debug/deps/libgix-16a569c1657110ca.rlib","/mnt/data1/nix/vendor/rust/cargo2nix/target/debug/deps/libgix-16a569c1657110ca.rmeta"],"executable":null,"fresh":true}
{"reason":"compiler-artifact","package_id":"path+file:///mnt/data1/nix/vendor/rust/cargo2nix/submodules/itertools#0.14.0","manifest_path":"/mnt/data1/nix/vendor/rust/cargo2nix/submodules/itertools/Cargo.toml","target":{"kind":["lib"],"crate_types":["lib"],"name":"itertools","src_path":"/mnt/data1/nix/vendor/rust/cargo2nix/submodules/itertools/src/lib.rs","edition":"2018","doc":true,"doctest":true,"test":false},"profile":{"opt_level":"0","debuginfo":2,"debug_assertions":true,"overflow_checks":true,"test":false},"features":["default","use_alloc","use_std"],"filenames":["/mnt/data1/nix/vendor/rust/cargo2nix/target/debug/deps/libitertools-eb983c7c3646b0e9.rlib","/mnt/data1/nix/vendor/rust/cargo2nix/target/debug/deps/libitertools-eb983c7c3646b0e9.rmeta"],"executable":null,"fresh":true}
{"reason":"compiler-artifact","package_id":"path+file:///mnt/data1/nix/vendor/rust/cargo2nix/submodules/pasetors#0.7.7","manifest_path":"/mnt/data1/nix/vendor/rust/cargo2nix/submodules/pasetors/Cargo.toml","target":{"kind":["lib"],"crate_types":["lib"],"name":"pasetors","src_path":"/mnt/data1/nix/vendor/rust/cargo2nix/submodules/pasetors/src/lib.rs","edition":"2018","doc":true,"doctest":true,"test":true},"profile":{"opt_level":"0","debuginfo":2,"debug_assertions":true,"overflow_checks":true,"test":false},"features":["default","ed25519-compact","orion","p384","paserk","rand_core","regex","serde","serde_json","sha2","std","time","v3","v4"],"filenames":["/mnt/data1/nix/vendor/rust/cargo2nix/target/debug/deps/libpasetors-2b5bcc9dbe643234.rlib","/mnt/data1/nix/vendor/rust/cargo2nix/target/debug/deps/libpasetors-2b5bcc9dbe643234.rmeta"],"executable":null,"fresh":true}
{"reason":"compiler-artifact","package_id":"path+file:///mnt/data1/nix/vendor/rust/cargo2nix/submodules/cargo/crates/cargo-util#0.2.26","manifest_path":"/mnt/data1/nix/vendor/rust/cargo2nix/submodules/cargo/crates/cargo-util/Cargo.toml","target":{"kind":["lib"],"crate_types":["lib"],"name":"cargo_util","src_path":"/mnt/data1/nix/vendor/rust/cargo2nix/submodules/cargo/crates/cargo-util/src/lib.rs","edition":"2024","doc":true,"doctest":true,"test":true},"profile":{"opt_level":"0","debuginfo":2,"debug_assertions":true,"overflow_checks":true,"test":false},"features":[],"filenames":["/mnt/data1/nix/vendor/rust/cargo2nix/target/debug/deps/libcargo_util-c6a1dd2fc42c96ab.rlib","/mnt/data1/nix/vendor/rust/cargo2nix/target/debug/deps/libcargo_util-c6a1dd2fc42c96ab.rmeta"],"executable":null,"fresh":true}
{"reason":"compiler-message","package_id":"path+file:///mnt/data1/nix/vendor/rust/cargo2nix/submodules/rusqlite#0.37.0","manifest_path":"/mnt/data1/nix/vendor/rust/cargo2nix/submodules/rusqlite/Cargo.toml","target":{"kind":["lib"],"crate_types":["lib"],"name":"rusqlite","src_path":"/mnt/data1/nix/vendor/rust/cargo2nix/submodules/rusqlite/src/lib.rs","edition":"2021","doc":true,"doctest":true,"test":true},"message":{"rendered":"warning: unused import: `smallvec`\n --> submodules/rusqlite/src/util/small_cstr.rs:1:16\n  |\n1 | use smallvec::{smallvec, SmallVec};\n  |                ^^^^^^^^\n  |\n  = note: `#[warn(unused_imports)]` (part of `#[warn(unused)]`) on by default\n\n","$message_type":"diagnostic","children":[{"children":[],"code":null,"level":"note","message":"`#[warn(unused_imports)]` (part of `#[warn(unused)]`) on by default","rendered":null,"spans":[]},{"children":[],"code":null,"level":"help","message":"remove the unused import","rendered":null,"spans":[{"byte_end":25,"byte_start":15,"column_end":26,"column_start":16,"expansion":null,"file_name":"submodules/rusqlite/src/util/small_cstr.rs","is_primary":true,"label":null,"line_end":1,"line_start":1,"suggested_replacement":"","suggestion_applicability":"MachineApplicable","text":[{"highlight_end":26,"highlight_start":16,"text":"use smallvec::{smallvec, SmallVec};"}]},{"byte_end":15,"byte_start":14,"column_end":16,"column_start":15,"expansion":null,"file_name":"submodules/rusqlite/src/util/small_cstr.rs","is_primary":true,"label":null,"line_end":1,"line_start":1,"suggested_replacement":"","suggestion_applicability":"MachineApplicable","text":[{"highlight_end":16,"highlight_start":15,"text":"use smallvec::{smallvec, SmallVec};"}]},{"byte_end":34,"byte_start":33,"column_end":35,"column_start":34,"expansion":null,"file_name":"submodules/rusqlite/src/util/small_cstr.rs","is_primary":true,"label":null,"line_end":1,"line_start":1,"suggested_replacement":"","suggestion_applicability":"MachineApplicable","text":[{"highlight_end":35,"highlight_start":34,"text":"use smallvec::{smallvec, SmallVec};"}]}]}],"code":{"code":"unused_imports","explanation":null},"level":"warning","message":"unused import: `smallvec`","spans":[{"byte_end":23,"byte_start":15,"column_end":24,"column_start":16,"expansion":null,"file_name":"submodules/rusqlite/src/util/small_cstr.rs","is_primary":true,"label":null,"line_end":1,"line_start":1,"suggested_replacement":null,"suggestion_applicability":null,"text":[{"highlight_end":24,"highlight_start":16,"text":"use smallvec::{smallvec, SmallVec};"}]}]}}
{"reason":"compiler-artifact","package_id":"path+file:///mnt/data1/nix/vendor/rust/cargo2nix/submodules/rusqlite#0.37.0","manifest_path":"/mnt/data1/nix/vendor/rust/cargo2nix/submodules/rusqlite/Cargo.toml","target":{"kind":["lib"],"crate_types":["lib"],"name":"rusqlite","src_path":"/mnt/data1/nix/vendor/rust/cargo2nix/submodules/rusqlite/src/lib.rs","edition":"2021","doc":true,"doctest":true,"test":true},"profile":{"opt_level":"0","debuginfo":2,"debug_assertions":true,"overflow_checks":true,"test":false},"features":["cache","default","fallible_uint","hashlink"],"filenames":["/mnt/data1/nix/vendor/rust/cargo2nix/target/debug/deps/librusqlite-60a79037b1e07e57.rlib","/mnt/data1/nix/vendor/rust/cargo2nix/target/debug/deps/librusqlite-60a79037b1e07e57.rmeta"],"executable":null,"fresh":true}
{"reason":"compiler-artifact","package_id":"path+file:///mnt/data1/nix/vendor/rust/cargo2nix/submodules/toml/crates/toml_edit#0.23.7","manifest_path":"/mnt/data1/nix/vendor/rust/cargo2nix/submodules/toml/crates/toml_edit/Cargo.toml","target":{"kind":["lib"],"crate_types":["lib"],"name":"toml_edit","src_path":"/mnt/data1/nix/vendor/rust/cargo2nix/submodules/toml/crates/toml_edit/src/lib.rs","edition":"2024","doc":true,"doctest":true,"test":true},"profile":{"opt_level":"0","debuginfo":2,"debug_assertions":true,"overflow_checks":true,"test":false},"features":["default","display","parse","serde"],"filenames":["/mnt/data1/nix/vendor/rust/cargo2nix/target/debug/deps/libtoml_edit-bcb63407ba3c8af8.rlib","/mnt/data1/nix/vendor/rust/cargo2nix/target/debug/deps/libtoml_edit-bcb63407ba3c8af8.rmeta"],"executable":null,"fresh":true}
{"reason":"compiler-artifact","package_id":"path+file:///mnt/data1/nix/vendor/rust/cargo2nix/submodules/color-print/color-print#0.3.7","manifest_path":"/mnt/data1/nix/vendor/rust/cargo2nix/submodules/color-print/color-print/Cargo.toml","target":{"kind":["lib"],"crate_types":["lib"],"name":"color_print","src_path":"/mnt/data1/nix/vendor/rust/cargo2nix/submodules/color-print/color-print/src/lib.rs","edition":"2018","doc":true,"doctest":true,"test":true},"profile":{"opt_level":"0","debuginfo":2,"debug_assertions":true,"overflow_checks":true,"test":false},"features":[],"filenames":["/mnt/data1/nix/vendor/rust/cargo2nix/target/debug/deps/libcolor_print-6a0c8f0972874605.rlib","/mnt/data1/nix/vendor/rust/cargo2nix/target/debug/deps/libcolor_print-6a0c8f0972874605.rmeta"],"executable":null,"fresh":true}
{"reason":"compiler-artifact","package_id":"registry+https://github.com/rust-lang/crates.io-index#humansize@2.1.3","manifest_path":"/home/mdupont/.cargo/registry/src/index.crates.io-1949cf8c6b5b557f/humansize-2.1.3/Cargo.toml","target":{"kind":["lib"],"crate_types":["lib"],"name":"humansize","src_path":"/home/mdupont/.cargo/registry/src/index.crates.io-1949cf8c6b5b557f/humansize-2.1.3/src/lib.rs","edition":"2021","doc":true,"doctest":true,"test":true},"profile":{"opt_level":"0","debuginfo":2,"debug_assertions":true,"overflow_checks":true,"test":false},"features":[],"filenames":["/mnt/data1/nix/vendor/rust/cargo2nix/target/debug/deps/libhumansize-612af814bc313740.rlib","/mnt/data1/nix/vendor/rust/cargo2nix/target/debug/deps/libhumansize-612af814bc313740.rmeta"],"executable":null,"fresh":true}
{"reason":"compiler-artifact","package_id":"path+file:///mnt/data1/nix/vendor/rust/cargo2nix/submodules/cargo/crates/crates-io#0.40.16","manifest_path":"/mnt/data1/nix/vendor/rust/cargo2nix/submodules/cargo/crates/crates-io/Cargo.toml","target":{"kind":["lib"],"crate_types":["lib"],"name":"crates_io","src_path":"/mnt/data1/nix/vendor/rust/cargo2nix/submodules/cargo/crates/crates-io/lib.rs","edition":"2024","doc":true,"doctest":true,"test":true},"profile":{"opt_level":"0","debuginfo":2,"debug_assertions":true,"overflow_checks":true,"test":false},"features":[],"filenames":["/mnt/data1/nix/vendor/rust/cargo2nix/target/debug/deps/libcrates_io-2c12582647f94a3e.rlib","/mnt/data1/nix/vendor/rust/cargo2nix/target/debug/deps/libcrates_io-2c12582647f94a3e.rmeta"],"executable":null,"fresh":true}
{"reason":"compiler-artifact","package_id":"registry+https://github.com/rust-lang/crates.io-index#globwalk@0.9.1","manifest_path":"/home/mdupont/.cargo/registry/src/index.crates.io-1949cf8c6b5b557f/globwalk-0.9.1/Cargo.toml","target":{"kind":["lib"],"crate_types":["lib"],"name":"globwalk","src_path":"/home/mdupont/.cargo/registry/src/index.crates.io-1949cf8c6b5b557f/globwalk-0.9.1/src/lib.rs","edition":"2021","doc":true,"doctest":true,"test":true},"profile":{"opt_level":"0","debuginfo":2,"debug_assertions":true,"overflow_checks":true,"test":false},"features":[],"filenames":["/mnt/data1/nix/vendor/rust/cargo2nix/target/debug/deps/libglobwalk-afc750a7e12ad8c5.rlib","/mnt/data1/nix/vendor/rust/cargo2nix/target/debug/deps/libglobwalk-afc750a7e12ad8c5.rmeta"],"executable":null,"fresh":true}
{"reason":"compiler-artifact","package_id":"registry+https://github.com/rust-lang/crates.io-index#flate2@1.1.5","manifest_path":"/home/mdupont/.cargo/registry/src/index.crates.io-1949cf8c6b5b557f/flate2-1.1.5/Cargo.toml","target":{"kind":["lib"],"crate_types":["lib"],"name":"flate2","src_path":"/home/mdupont/.cargo/registry/src/index.crates.io-1949cf8c6b5b557f/flate2-1.1.5/src/lib.rs","edition":"2018","doc":true,"doctest":true,"test":true},"profile":{"opt_level":"0","debuginfo":2,"debug_assertions":true,"overflow_checks":true,"test":false},"features":["any_impl","any_zlib","default","libz-rs-sys","miniz_oxide","rust_backend","zlib-rs"],"filenames":["/mnt/data1/nix/vendor/rust/cargo2nix/target/debug/deps/libflate2-f191e6d7da898123.rlib","/mnt/data1/nix/vendor/rust/cargo2nix/target/debug/deps/libflate2-f191e6d7da898123.rmeta"],"executable":null,"fresh":true}
{"reason":"compiler-artifact","package_id":"path+file:///mnt/data1/nix/vendor/rust/cargo2nix/submodules/cargo/crates/rustfix#0.9.4","manifest_path":"/mnt/data1/nix/vendor/rust/cargo2nix/submodules/cargo/crates/rustfix/Cargo.toml","target":{"kind":["lib"],"crate_types":["lib"],"name":"rustfix","src_path":"/mnt/data1/nix/vendor/rust/cargo2nix/submodules/cargo/crates/rustfix/src/lib.rs","edition":"2024","doc":true,"doctest":true,"test":true},"profile":{"opt_level":"0","debuginfo":2,"debug_assertions":true,"overflow_checks":true,"test":false},"features":[],"filenames":["/mnt/data1/nix/vendor/rust/cargo2nix/target/debug/deps/librustfix-fb95c72d031c520e.rlib","/mnt/data1/nix/vendor/rust/cargo2nix/target/debug/deps/librustfix-fb95c72d031c520e.rmeta"],"executable":null,"fresh":true}
{"reason":"compiler-artifact","package_id":"path+file:///mnt/data1/nix/vendor/rust/cargo2nix/submodules/hashes/sha1#0.11.0-rc.3","manifest_path":"/mnt/data1/nix/vendor/rust/cargo2nix/submodules/hashes/sha1/Cargo.toml","target":{"kind":["lib"],"crate_types":["lib"],"name":"sha1","src_path":"/mnt/data1/nix/vendor/rust/cargo2nix/submodules/hashes/sha1/src/lib.rs","edition":"2024","doc":true,"doctest":true,"test":true},"profile":{"opt_level":"0","debuginfo":2,"debug_assertions":true,"overflow_checks":true,"test":false},"features":["alloc","default","oid"],"filenames":["/mnt/data1/nix/vendor/rust/cargo2nix/target/debug/deps/libsha1-f3aadc6eedbe08fb.rlib","/mnt/data1/nix/vendor/rust/cargo2nix/target/debug/deps/libsha1-f3aadc6eedbe08fb.rmeta"],"executable":null,"fresh":true}
{"reason":"compiler-artifact","package_id":"path+file:///mnt/data1/nix/vendor/rust/cargo2nix/submodules/MACs/hmac#0.13.0-rc.3","manifest_path":"/mnt/data1/nix/vendor/rust/cargo2nix/submodules/MACs/hmac/Cargo.toml","target":{"kind":["lib"],"crate_types":["lib"],"name":"hmac","src_path":"/mnt/data1/nix/vendor/rust/cargo2nix/submodules/MACs/hmac/src/lib.rs","edition":"2024","doc":true,"doctest":true,"test":true},"profile":{"opt_level":"0","debuginfo":2,"debug_assertions":true,"overflow_checks":true,"test":false},"features":[],"filenames":["/mnt/data1/nix/vendor/rust/cargo2nix/target/debug/deps/libhmac-c4d1ed9dfcd7ea76.rlib","/mnt/data1/nix/vendor/rust/cargo2nix/target/debug/deps/libhmac-c4d1ed9dfcd7ea76.rmeta"],"executable":null,"fresh":true}
{"reason":"compiler-artifact","package_id":"path+file:///mnt/data1/nix/vendor/rust/cargo2nix/submodules/opener/opener#0.8.3","manifest_path":"/mnt/data1/nix/vendor/rust/cargo2nix/submodules/opener/opener/Cargo.toml","target":{"kind":["lib"],"crate_types":["lib"],"name":"opener","src_path":"/mnt/data1/nix/vendor/rust/cargo2nix/submodules/opener/opener/src/lib.rs","edition":"2021","doc":true,"doctest":true,"test":true},"profile":{"opt_level":"0","debuginfo":2,"debug_assertions":true,"overflow_checks":true,"test":false},"features":[],"filenames":["/mnt/data1/nix/vendor/rust/cargo2nix/target/debug/deps/libopener-ebec6dc5329a117a.rlib","/mnt/data1/nix/vendor/rust/cargo2nix/target/debug/deps/libopener-ebec6dc5329a117a.rmeta"],"executable":null,"fresh":true}
{"reason":"compiler-artifact","package_id":"path+file:///mnt/data1/nix/vendor/rust/cargo2nix/submodules/serde-ignored#serde_ignored@0.1.14","manifest_path":"/mnt/data1/nix/vendor/rust/cargo2nix/submodules/serde-ignored/Cargo.toml","target":{"kind":["lib"],"crate_types":["lib"],"name":"serde_ignored","src_path":"/mnt/data1/nix/vendor/rust/cargo2nix/submodules/serde-ignored/src/lib.rs","edition":"2018","doc":true,"doctest":true,"test":true},"profile":{"opt_level":"0","debuginfo":2,"debug_assertions":true,"overflow_checks":true,"test":false},"features":[],"filenames":["/mnt/data1/nix/vendor/rust/cargo2nix/target/debug/deps/libserde_ignored-da8310e7895ce963.rlib","/mnt/data1/nix/vendor/rust/cargo2nix/target/debug/deps/libserde_ignored-da8310e7895ce963.rmeta"],"executable":null,"fresh":true}
{"reason":"compiler-artifact","package_id":"path+file:///mnt/data1/nix/vendor/rust/cargo2nix/submodules/cargo/crates/cargo-platform#0.3.2","manifest_path":"/mnt/data1/nix/vendor/rust/cargo2nix/submodules/cargo/crates/cargo-platform/Cargo.toml","target":{"kind":["lib"],"crate_types":["lib"],"name":"cargo_platform","src_path":"/mnt/data1/nix/vendor/rust/cargo2nix/submodules/cargo/crates/cargo-platform/src/lib.rs","edition":"2024","doc":true,"doctest":true,"test":true},"profile":{"opt_level":"0","debuginfo":2,"debug_assertions":true,"overflow_checks":true,"test":false},"features":[],"filenames":["/mnt/data1/nix/vendor/rust/cargo2nix/target/debug/deps/libcargo_platform-a9913c2fb58d5999.rlib","/mnt/data1/nix/vendor/rust/cargo2nix/target/debug/deps/libcargo_platform-a9913c2fb58d5999.rmeta"],"executable":null,"fresh":true}
{"reason":"compiler-artifact","package_id":"path+file:///mnt/data1/nix/vendor/rust/cargo2nix/submodules/unicode-width#0.2.2","manifest_path":"/mnt/data1/nix/vendor/rust/cargo2nix/submodules/unicode-width/Cargo.toml","target":{"kind":["lib"],"crate_types":["lib"],"name":"unicode_width","src_path":"/mnt/data1/nix/vendor/rust/cargo2nix/submodules/unicode-width/src/lib.rs","edition":"2021","doc":true,"doctest":true,"test":true},"profile":{"opt_level":"0","debuginfo":2,"debug_assertions":true,"overflow_checks":true,"test":false},"features":["cjk","default"],"filenames":["/mnt/data1/nix/vendor/rust/cargo2nix/target/debug/deps/libunicode_width-8ab952b0534c4ae9.rlib","/mnt/data1/nix/vendor/rust/cargo2nix/target/debug/deps/libunicode_width-8ab952b0534c4ae9.rmeta"],"executable":null,"fresh":true}
{"reason":"compiler-artifact","package_id":"path+file:///mnt/data1/nix/vendor/rust/cargo2nix/submodules/supports-unicode#3.0.0","manifest_path":"/mnt/data1/nix/vendor/rust/cargo2nix/submodules/supports-unicode/Cargo.toml","target":{"kind":["lib"],"crate_types":["lib"],"name":"supports_unicode","src_path":"/mnt/data1/nix/vendor/rust/cargo2nix/submodules/supports-unicode/src/lib.rs","edition":"2018","doc":true,"doctest":true,"test":true},"profile":{"opt_level":"0","debuginfo":2,"debug_assertions":true,"overflow_checks":true,"test":false},"features":[],"filenames":["/mnt/data1/nix/vendor/rust/cargo2nix/target/debug/deps/libsupports_unicode-f5498a3dce584fae.rlib","/mnt/data1/nix/vendor/rust/cargo2nix/target/debug/deps/libsupports_unicode-f5498a3dce584fae.rmeta"],"executable":null,"fresh":true}
{"reason":"compiler-artifact","package_id":"path+file:///mnt/data1/nix/vendor/rust/cargo2nix/submodules/unicase#2.8.1","manifest_path":"/mnt/data1/nix/vendor/rust/cargo2nix/submodules/unicase/Cargo.toml","target":{"kind":["lib"],"crate_types":["lib"],"name":"unicase","src_path":"/mnt/data1/nix/vendor/rust/cargo2nix/submodules/unicase/src/lib.rs","edition":"2018","doc":true,"doctest":true,"test":true},"profile":{"opt_level":"0","debuginfo":2,"debug_assertions":true,"overflow_checks":true,"test":false},"features":[],"filenames":["/mnt/data1/nix/vendor/rust/cargo2nix/target/debug/deps/libunicase-b31b924e1c692761.rlib","/mnt/data1/nix/vendor/rust/cargo2nix/target/debug/deps/libunicase-b31b924e1c692761.rmeta"],"executable":null,"fresh":true}
{"reason":"compiler-artifact","package_id":"path+file:///mnt/data1/nix/vendor/rust/cargo2nix/submodules/cargo/crates/home#0.5.12","manifest_path":"/mnt/data1/nix/vendor/rust/cargo2nix/submodules/cargo/crates/home/Cargo.toml","target":{"kind":["lib"],"crate_types":["lib"],"name":"home","src_path":"/mnt/data1/nix/vendor/rust/cargo2nix/submodules/cargo/crates/home/src/lib.rs","edition":"2024","doc":true,"doctest":true,"test":true},"profile":{"opt_level":"0","debuginfo":2,"debug_assertions":true,"overflow_checks":true,"test":false},"features":[],"filenames":["/mnt/data1/nix/vendor/rust/cargo2nix/target/debug/deps/libhome-53ffa024f1b250f3.rlib","/mnt/data1/nix/vendor/rust/cargo2nix/target/debug/deps/libhome-53ffa024f1b250f3.rmeta"],"executable":null,"fresh":true}
{"reason":"compiler-artifact","package_id":"path+file:///mnt/data1/nix/vendor/rust/cargo2nix/submodules/glob#0.3.3","manifest_path":"/mnt/data1/nix/vendor/rust/cargo2nix/submodules/glob/Cargo.toml","target":{"kind":["lib"],"crate_types":["lib"],"name":"glob","src_path":"/mnt/data1/nix/vendor/rust/cargo2nix/submodules/glob/src/lib.rs","edition":"2015","doc":true,"doctest":true,"test":true},"profile":{"opt_level":"0","debuginfo":2,"debug_assertions":true,"overflow_checks":true,"test":false},"features":[],"filenames":["/mnt/data1/nix/vendor/rust/cargo2nix/target/debug/deps/libglob-6c27d5b6697c26da.rlib","/mnt/data1/nix/vendor/rust/cargo2nix/target/debug/deps/libglob-6c27d5b6697c26da.rmeta"],"executable":null,"fresh":true}
{"reason":"compiler-artifact","package_id":"path+file:///mnt/data1/nix/vendor/rust/cargo2nix/submodules/pathdiff#0.2.3","manifest_path":"/mnt/data1/nix/vendor/rust/cargo2nix/submodules/pathdiff/Cargo.toml","target":{"kind":["lib"],"crate_types":["lib"],"name":"pathdiff","src_path":"/mnt/data1/nix/vendor/rust/cargo2nix/submodules/pathdiff/src/lib.rs","edition":"2018","doc":true,"doctest":true,"test":true},"profile":{"opt_level":"0","debuginfo":2,"debug_assertions":true,"overflow_checks":true,"test":false},"features":[],"filenames":["/mnt/data1/nix/vendor/rust/cargo2nix/target/debug/deps/libpathdiff-956383100cad21b9.rlib","/mnt/data1/nix/vendor/rust/cargo2nix/target/debug/deps/libpathdiff-956383100cad21b9.rmeta"],"executable":null,"fresh":true}
{"reason":"compiler-artifact","package_id":"registry+https://github.com/rust-lang/crates.io-index#unicode-segmentation@1.12.0","manifest_path":"/home/mdupont/.cargo/registry/src/index.crates.io-1949cf8c6b5b557f/unicode-segmentation-1.12.0/Cargo.toml","target":{"kind":["lib"],"crate_types":["lib"],"name":"unicode_segmentation","src_path":"/home/mdupont/.cargo/registry/src/index.crates.io-1949cf8c6b5b557f/unicode-segmentation-1.12.0/src/lib.rs","edition":"2018","doc":true,"doctest":true,"test":true},"profile":{"opt_level":"0","debuginfo":2,"debug_assertions":true,"overflow_checks":true,"test":false},"features":[],"filenames":["/mnt/data1/nix/vendor/rust/cargo2nix/target/debug/deps/libunicode_segmentation-745c28ea3c19c6e9.rlib","/mnt/data1/nix/vendor/rust/cargo2nix/target/debug/deps/libunicode_segmentation-745c28ea3c19c6e9.rmeta"],"executable":null,"fresh":true}
{"reason":"compiler-artifact","package_id":"path+file:///mnt/data1/nix/vendor/rust/cargo2nix/submodules/memchr#2.7.6","manifest_path":"/mnt/data1/nix/vendor/rust/cargo2nix/submodules/memchr/Cargo.toml","target":{"kind":["lib"],"crate_types":["lib"],"name":"memchr","src_path":"/mnt/data1/nix/vendor/rust/cargo2nix/submodules/memchr/src/lib.rs","edition":"2021","doc":true,"doctest":true,"test":true},"profile":{"opt_level":"0","debuginfo":2,"debug_assertions":true,"overflow_checks":true,"test":false},"features":["alloc","default","std"],"filenames":["/mnt/data1/nix/vendor/rust/cargo2nix/target/debug/deps/libmemchr-36eb013072bb60fa.rlib","/mnt/data1/nix/vendor/rust/cargo2nix/target/debug/deps/libmemchr-36eb013072bb60fa.rmeta"],"executable":null,"fresh":true}
{"reason":"compiler-artifact","package_id":"path+file:///mnt/data1/nix/vendor/rust/cargo2nix/submodules/rustc-stable-hash#0.1.2","manifest_path":"/mnt/data1/nix/vendor/rust/cargo2nix/submodules/rustc-stable-hash/Cargo.toml","target":{"kind":["lib"],"crate_types":["lib"],"name":"rustc_stable_hash","src_path":"/mnt/data1/nix/vendor/rust/cargo2nix/submodules/rustc-stable-hash/src/lib.rs","edition":"2021","doc":true,"doctest":true,"test":true},"profile":{"opt_level":"0","debuginfo":2,"debug_assertions":true,"overflow_checks":true,"test":false},"features":[],"filenames":["/mnt/data1/nix/vendor/rust/cargo2nix/target/debug/deps/librustc_stable_hash-5bd6922385d19c55.rlib","/mnt/data1/nix/vendor/rust/cargo2nix/target/debug/deps/librustc_stable_hash-5bd6922385d19c55.rmeta"],"executable":null,"fresh":true}
{"reason":"compiler-artifact","package_id":"path+file:///mnt/data1/nix/vendor/rust/cargo2nix/submodules/rust-base64#base64@0.22.1","manifest_path":"/mnt/data1/nix/vendor/rust/cargo2nix/submodules/rust-base64/Cargo.toml","target":{"kind":["lib"],"crate_types":["lib"],"name":"base64","src_path":"/mnt/data1/nix/vendor/rust/cargo2nix/submodules/rust-base64/src/lib.rs","edition":"2018","doc":true,"doctest":true,"test":true},"profile":{"opt_level":"0","debuginfo":2,"debug_assertions":true,"overflow_checks":true,"test":false},"features":["alloc","default","std"],"filenames":["/mnt/data1/nix/vendor/rust/cargo2nix/target/debug/deps/libbase64-955b2e3d95fd86c3.rlib","/mnt/data1/nix/vendor/rust/cargo2nix/target/debug/deps/libbase64-955b2e3d95fd86c3.rmeta"],"executable":null,"fresh":true}
{"reason":"compiler-artifact","package_id":"path+file:///mnt/data1/nix/vendor/rust/cargo2nix/submodules/supports-hyperlinks#3.1.0","manifest_path":"/mnt/data1/nix/vendor/rust/cargo2nix/submodules/supports-hyperlinks/Cargo.toml","target":{"kind":["lib"],"crate_types":["lib"],"name":"supports_hyperlinks","src_path":"/mnt/data1/nix/vendor/rust/cargo2nix/submodules/supports-hyperlinks/src/lib.rs","edition":"2021","doc":true,"doctest":true,"test":true},"profile":{"opt_level":"0","debuginfo":2,"debug_assertions":true,"overflow_checks":true,"test":false},"features":[],"filenames":["/mnt/data1/nix/vendor/rust/cargo2nix/target/debug/deps/libsupports_hyperlinks-9b61ec4df8fea38a.rlib","/mnt/data1/nix/vendor/rust/cargo2nix/target/debug/deps/libsupports_hyperlinks-9b61ec4df8fea38a.rmeta"],"executable":null,"fresh":true}
{"reason":"compiler-artifact","package_id":"path+file:///mnt/data1/nix/vendor/rust/cargo2nix/submodules/rustc-hash#2.1.1","manifest_path":"/mnt/data1/nix/vendor/rust/cargo2nix/submodules/rustc-hash/Cargo.toml","target":{"kind":["lib"],"crate_types":["lib"],"name":"rustc_hash","src_path":"/mnt/data1/nix/vendor/rust/cargo2nix/submodules/rustc-hash/src/lib.rs","edition":"2021","doc":true,"doctest":true,"test":true},"profile":{"opt_level":"0","debuginfo":2,"debug_assertions":true,"overflow_checks":true,"test":false},"features":["default","std"],"filenames":["/mnt/data1/nix/vendor/rust/cargo2nix/target/debug/deps/librustc_hash-fcbf48bc2fa92835.rlib","/mnt/data1/nix/vendor/rust/cargo2nix/target/debug/deps/librustc_hash-fcbf48bc2fa92835.rmeta"],"executable":null,"fresh":true}
{"reason":"compiler-artifact","package_id":"path+file:///mnt/data1/nix/vendor/rust/cargo2nix/submodules/colorify#0.2.3","manifest_path":"/mnt/data1/nix/vendor/rust/cargo2nix/submodules/colorify/Cargo.toml","target":{"kind":["lib"],"crate_types":["lib"],"name":"colorify","src_path":"/mnt/data1/nix/vendor/rust/cargo2nix/submodules/colorify/src/lib.rs","edition":"2015","doc":true,"doctest":true,"test":true},"profile":{"opt_level":"0","debuginfo":2,"debug_assertions":true,"overflow_checks":true,"test":false},"features":[],"filenames":["/mnt/data1/nix/vendor/rust/cargo2nix/target/debug/deps/libcolorify-19e2fb52c1662c71.rlib","/mnt/data1/nix/vendor/rust/cargo2nix/target/debug/deps/libcolorify-19e2fb52c1662c71.rmeta"],"executable":null,"fresh":true}
{"reason":"compiler-message","package_id":"path+file:///mnt/data1/nix/vendor/rust/cargo2nix/submodules/tera#1.20.1","manifest_path":"/mnt/data1/nix/vendor/rust/cargo2nix/submodules/tera/Cargo.toml","target":{"kind":["lib"],"crate_types":["lib"],"name":"tera","src_path":"/mnt/data1/nix/vendor/rust/cargo2nix/submodules/tera/src/lib.rs","edition":"2018","doc":true,"doctest":true,"test":true},"message":{"rendered":"warning: use of deprecated associated function `chrono::NaiveDateTime::from_timestamp_opt`: use `DateTime::from_timestamp` instead\n   --> submodules/tera/src/builtins/filters/common.rs:175:43\n    |\n175 |                 let date = NaiveDateTime::from_timestamp_opt(i, 0).expect(\n    |                                           ^^^^^^^^^^^^^^^^^^\n    |\n    = note: `#[warn(deprecated)]` on by default\n\n","$message_type":"diagnostic","children":[{"children":[],"code":null,"level":"note","message":"`#[warn(deprecated)]` on by default","rendered":null,"spans":[]}],"code":{"code":"deprecated","explanation":null},"level":"warning","message":"use of deprecated associated function `chrono::NaiveDateTime::from_timestamp_opt`: use `DateTime::from_timestamp` instead","spans":[{"byte_end":7081,"byte_start":7063,"column_end":61,"column_start":43,"expansion":null,"file_name":"submodules/tera/src/builtins/filters/common.rs","is_primary":true,"label":null,"line_end":175,"line_start":175,"suggested_replacement":null,"suggestion_applicability":null,"text":[{"highlight_end":61,"highlight_start":43,"text":"                let date = NaiveDateTime::from_timestamp_opt(i, 0).expect("}]}]}}
{"reason":"compiler-artifact","package_id":"path+file:///mnt/data1/nix/vendor/rust/cargo2nix/submodules/tera#1.20.1","manifest_path":"/mnt/data1/nix/vendor/rust/cargo2nix/submodules/tera/Cargo.toml","target":{"kind":["lib"],"crate_types":["lib"],"name":"tera","src_path":"/mnt/data1/nix/vendor/rust/cargo2nix/submodules/tera/src/lib.rs","edition":"2018","doc":true,"doctest":true,"test":true},"profile":{"opt_level":"0","debuginfo":2,"debug_assertions":true,"overflow_checks":true,"test":false},"features":["builtins","chrono","chrono-tz","default","humansize","percent-encoding","rand","slug","urlencode"],"filenames":["/mnt/data1/nix/vendor/rust/cargo2nix/target/debug/deps/libtera-9454f5f5fbc5f13a.rlib","/mnt/data1/nix/vendor/rust/cargo2nix/target/debug/deps/libtera-9454f5f5fbc5f13a.rmeta"],"executable":null,"fresh":true}
{"reason":"build-script-executed","package_id":"path+file:///mnt/data1/nix/vendor/rust/cargo2nix/submodules/im-rs/rc#im-rc@15.1.0","linked_libs":[],"linked_paths":[],"cfgs":["has_specialisation"],"env":[],"out_dir":"/mnt/data1/nix/vendor/rust/cargo2nix/target/debug/build/im-rc-d9331493a604b0f0/out"}
{"reason":"compiler-message","package_id":"path+file:///mnt/data1/nix/vendor/rust/cargo2nix/submodules/im-rs/rc#im-rc@15.1.0","manifest_path":"/mnt/data1/nix/vendor/rust/cargo2nix/submodules/im-rs/rc/Cargo.toml","target":{"kind":["lib"],"crate_types":["lib"],"name":"im_rc","src_path":"/mnt/data1/nix/vendor/rust/cargo2nix/submodules/im-rs/rc/../src/lib.rs","edition":"2018","doc":true,"doctest":true,"test":true},"message":{"rendered":"warning: the feature `specialization` is incomplete and may not be safe to use and/or cause compiler crashes\n   --> submodules/im-rs/rc/../src/lib.rs:341:41\n    |\n341 | #![cfg_attr(has_specialisation, feature(specialization))]\n    |                                         ^^^^^^^^^^^^^^\n    |\n    = note: see issue #31844 <https://github.com/rust-lang/rust/issues/31844> for more information\n    = help: consider using `min_specialization` instead, which is more stable and complete\n    = note: `#[warn(incomplete_features)]` on by default\n\n","$message_type":"diagnostic","children":[{"children":[],"code":null,"level":"note","message":"see issue #31844 <https://github.com/rust-lang/rust/issues/31844> for more information","rendered":null,"spans":[]},{"children":[],"code":null,"level":"help","message":"consider using `min_specialization` instead, which is more stable and complete","rendered":null,"spans":[]},{"children":[],"code":null,"level":"note","message":"`#[warn(incomplete_features)]` on by default","rendered":null,"spans":[]}],"code":{"code":"incomplete_features","explanation":null},"level":"warning","message":"the feature `specialization` is incomplete and may not be safe to use and/or cause compiler crashes","spans":[{"byte_end":19682,"byte_start":19668,"column_end":55,"column_start":41,"expansion":null,"file_name":"submodules/im-rs/rc/../src/lib.rs","is_primary":true,"label":null,"line_end":341,"line_start":341,"suggested_replacement":null,"suggestion_applicability":null,"text":[{"highlight_end":55,"highlight_start":41,"text":"#![cfg_attr(has_specialisation, feature(specialization))]"}]}]}}
{"reason":"compiler-message","package_id":"path+file:///mnt/data1/nix/vendor/rust/cargo2nix/submodules/im-rs/rc#im-rc@15.1.0","manifest_path":"/mnt/data1/nix/vendor/rust/cargo2nix/submodules/im-rs/rc/Cargo.toml","target":{"kind":["lib"],"crate_types":["lib"],"name":"im_rc","src_path":"/mnt/data1/nix/vendor/rust/cargo2nix/submodules/im-rs/rc/../src/lib.rs","edition":"2018","doc":true,"doctest":true,"test":true},"message":{"rendered":"warning: unexpected `cfg` condition name: `has_specialisation`\n   --> submodules/im-rs/rc/../src/lib.rs:341:13\n    |\n341 | #![cfg_attr(has_specialisation, feature(specialization))]\n    |             ^^^^^^^^^^^^^^^^^^\n    |\n    = help: expected names are: `docsrs`, `feature`, and `test` and 31 more\n    = help: consider using a Cargo feature instead\n    = help: or consider adding in `Cargo.toml` the `check-cfg` lint config for the lint:\n             [lints.rust]\n             unexpected_cfgs = { level = \"warn\", check-cfg = ['cfg(has_specialisation)'] }\n    = help: or consider adding `println!(\"cargo::rustc-check-cfg=cfg(has_specialisation)\");` to the top of the `build.rs`\n    = note: see <https://doc.rust-lang.org/nightly/rustc/check-cfg/cargo-specifics.html> for more information about checking conditional configuration\n    = note: `#[warn(unexpected_cfgs)]` on by default\n\n","$message_type":"diagnostic","children":[{"children":[],"code":null,"level":"help","message":"expected names are: `docsrs`, `feature`, and `test` and 31 more","rendered":null,"spans":[]},{"children":[],"code":null,"level":"help","message":"consider using a Cargo feature instead","rendered":null,"spans":[]},{"children":[],"code":null,"level":"help","message":"or consider adding in `Cargo.toml` the `check-cfg` lint config for the lint:\n [lints.rust]\n unexpected_cfgs = { level = \"warn\", check-cfg = ['cfg(has_specialisation)'] }","rendered":null,"spans":[]},{"children":[],"code":null,"level":"help","message":"or consider adding `println!(\"cargo::rustc-check-cfg=cfg(has_specialisation)\");` to the top of the `build.rs`","rendered":null,"spans":[]},{"children":[],"code":null,"level":"note","message":"see <https://doc.rust-lang.org/nightly/rustc/check-cfg/cargo-specifics.html> for more information about checking conditional configuration","rendered":null,"spans":[]},{"children":[],"code":null,"level":"note","message":"`#[warn(unexpected_cfgs)]` on by default","rendered":null,"spans":[]}],"code":{"code":"unexpected_cfgs","explanation":null},"level":"warning","message":"unexpected `cfg` condition name: `has_specialisation`","spans":[{"byte_end":19658,"byte_start":19640,"column_end":31,"column_start":13,"expansion":null,"file_name":"submodules/im-rs/rc/../src/lib.rs","is_primary":true,"label":null,"line_end":341,"line_start":341,"suggested_replacement":null,"suggestion_applicability":null,"text":[{"highlight_end":31,"highlight_start":13,"text":"#![cfg_attr(has_specialisation, feature(specialization))]"}]}]}}
{"reason":"compiler-message","package_id":"path+file:///mnt/data1/nix/vendor/rust/cargo2nix/submodules/im-rs/rc#im-rc@15.1.0","manifest_path":"/mnt/data1/nix/vendor/rust/cargo2nix/submodules/im-rs/rc/Cargo.toml","target":{"kind":["lib"],"crate_types":["lib"],"name":"im_rc","src_path":"/mnt/data1/nix/vendor/rust/cargo2nix/submodules/im-rs/rc/../src/lib.rs","edition":"2018","doc":true,"doctest":true,"test":true},"message":{"rendered":"warning: unexpected `cfg` condition name: `threadsafe`\n   --> submodules/im-rs/rc/../src/lib.rs:381:11\n    |\n381 | #[cfg(all(threadsafe, feature = \"quickcheck\"))]\n    |           ^^^^^^^^^^\n    |\n    = help: consider using a Cargo feature instead\n    = help: or consider adding in `Cargo.toml` the `check-cfg` lint config for the lint:\n             [lints.rust]\n             unexpected_cfgs = { level = \"warn\", check-cfg = ['cfg(threadsafe)'] }\n    = help: or consider adding `println!(\"cargo::rustc-check-cfg=cfg(threadsafe)\");` to the top of the `build.rs`\n    = note: see <https://doc.rust-lang.org/nightly/rustc/check-cfg/cargo-specifics.html> for more information about checking conditional configuration\n\n","$message_type":"diagnostic","children":[{"children":[],"code":null,"level":"help","message":"consider using a Cargo feature instead","rendered":null,"spans":[]},{"children":[],"code":null,"level":"help","message":"or consider adding in `Cargo.toml` the `check-cfg` lint config for the lint:\n [lints.rust]\n unexpected_cfgs = { level = \"warn\", check-cfg = ['cfg(threadsafe)'] }","rendered":null,"spans":[]},{"children":[],"code":null,"level":"help","message":"or consider adding `println!(\"cargo::rustc-check-cfg=cfg(threadsafe)\");` to the top of the `build.rs`","rendered":null,"spans":[]},{"children":[],"code":null,"level":"note","message":"see <https://doc.rust-lang.org/nightly/rustc/check-cfg/cargo-specifics.html> for more information about checking conditional configuration","rendered":null,"spans":[]}],"code":{"code":"unexpected_cfgs","explanation":null},"level":"warning","message":"unexpected `cfg` condition name: `threadsafe`","spans":[{"byte_end":20260,"byte_start":20250,"column_end":21,"column_start":11,"expansion":null,"file_name":"submodules/im-rs/rc/../src/lib.rs","is_primary":true,"label":null,"line_end":381,"line_start":381,"suggested_replacement":null,"suggestion_applicability":null,"text":[{"highlight_end":21,"highlight_start":11,"text":"#[cfg(all(threadsafe, feature = \"quickcheck\"))]"}]}]}}
{"reason":"compiler-message","package_id":"path+file:///mnt/data1/nix/vendor/rust/cargo2nix/submodules/im-rs/rc#im-rc@15.1.0","manifest_path":"/mnt/data1/nix/vendor/rust/cargo2nix/submodules/im-rs/rc/Cargo.toml","target":{"kind":["lib"],"crate_types":["lib"],"name":"im_rc","src_path":"/mnt/data1/nix/vendor/rust/cargo2nix/submodules/im-rs/rc/../src/lib.rs","edition":"2018","doc":true,"doctest":true,"test":true},"message":{"rendered":"warning: unexpected `cfg` condition name: `threadsafe`\n   --> submodules/im-rs/rc/../src/lib.rs:385:11\n    |\n385 | #[cfg(any(threadsafe, not(feature = \"pool\")))]\n    |           ^^^^^^^^^^\n    |\n    = help: consider using a Cargo feature instead\n    = help: or consider adding in `Cargo.toml` the `check-cfg` lint config for the lint:\n             [lints.rust]\n             unexpected_cfgs = { level = \"warn\", check-cfg = ['cfg(threadsafe)'] }\n    = help: or consider adding `println!(\"cargo::rustc-check-cfg=cfg(threadsafe)\");` to the top of the `build.rs`\n    = note: see <https://doc.rust-lang.org/nightly/rustc/check-cfg/cargo-specifics.html> for more information about checking conditional configuration\n\n","$message_type":"diagnostic","children":[{"children":[],"code":null,"level":"help","message":"consider using a Cargo feature instead","rendered":null,"spans":[]},{"children":[],"code":null,"level":"help","message":"or consider adding in `Cargo.toml` the `check-cfg` lint config for the lint:\n [lints.rust]\n unexpected_cfgs = { level = \"warn\", check-cfg = ['cfg(threadsafe)'] }","rendered":null,"spans":[]},{"children":[],"code":null,"level":"help","message":"or consider adding `println!(\"cargo::rustc-check-cfg=cfg(threadsafe)\");` to the top of the `build.rs`","rendered":null,"spans":[]},{"children":[],"code":null,"level":"note","message":"see <https://doc.rust-lang.org/nightly/rustc/check-cfg/cargo-specifics.html> for more information about checking conditional configuration","rendered":null,"spans":[]}],"code":{"code":"unexpected_cfgs","explanation":null},"level":"warning","message":"unexpected `cfg` condition name: `threadsafe`","spans":[{"byte_end":20344,"byte_start":20334,"column_end":21,"column_start":11,"expansion":null,"file_name":"submodules/im-rs/rc/../src/lib.rs","is_primary":true,"label":null,"line_end":385,"line_start":385,"suggested_replacement":null,"suggestion_applicability":null,"text":[{"highlight_end":21,"highlight_start":11,"text":"#[cfg(any(threadsafe, not(feature = \"pool\")))]"}]}]}}
{"reason":"compiler-message","package_id":"path+file:///mnt/data1/nix/vendor/rust/cargo2nix/submodules/im-rs/rc#im-rc@15.1.0","manifest_path":"/mnt/data1/nix/vendor/rust/cargo2nix/submodules/im-rs/rc/Cargo.toml","target":{"kind":["lib"],"crate_types":["lib"],"name":"im_rc","src_path":"/mnt/data1/nix/vendor/rust/cargo2nix/submodules/im-rs/rc/../src/lib.rs","edition":"2018","doc":true,"doctest":true,"test":true},"message":{"rendered":"warning: unexpected `cfg` condition name: `threadsafe`\n   --> submodules/im-rs/rc/../src/lib.rs:388:11\n    |\n388 | #[cfg(all(threadsafe, feature = \"pool\"))]\n    |           ^^^^^^^^^^\n    |\n    = help: consider using a Cargo feature instead\n    = help: or consider adding in `Cargo.toml` the `check-cfg` lint config for the lint:\n             [lints.rust]\n             unexpected_cfgs = { level = \"warn\", check-cfg = ['cfg(threadsafe)'] }\n    = help: or consider adding `println!(\"cargo::rustc-check-cfg=cfg(threadsafe)\");` to the top of the `build.rs`\n    = note: see <https://doc.rust-lang.org/nightly/rustc/check-cfg/cargo-specifics.html> for more information about checking conditional configuration\n\n","$message_type":"diagnostic","children":[{"children":[],"code":null,"level":"help","message":"consider using a Cargo feature instead","rendered":null,"spans":[]},{"children":[],"code":null,"level":"help","message":"or consider adding in `Cargo.toml` the `check-cfg` lint config for the lint:\n [lints.rust]\n unexpected_cfgs = { level = \"warn\", check-cfg = ['cfg(threadsafe)'] }","rendered":null,"spans":[]},{"children":[],"code":null,"level":"help","message":"or consider adding `println!(\"cargo::rustc-check-cfg=cfg(threadsafe)\");` to the top of the `build.rs`","rendered":null,"spans":[]},{"children":[],"code":null,"level":"note","message":"see <https://doc.rust-lang.org/nightly/rustc/check-cfg/cargo-specifics.html> for more information about checking conditional configuration","rendered":null,"spans":[]}],"code":{"code":"unexpected_cfgs","explanation":null},"level":"warning","message":"unexpected `cfg` condition name: `threadsafe`","spans":[{"byte_end":20406,"byte_start":20396,"column_end":21,"column_start":11,"expansion":null,"file_name":"submodules/im-rs/rc/../src/lib.rs","is_primary":true,"label":null,"line_end":388,"line_start":388,"suggested_replacement":null,"suggestion_applicability":null,"text":[{"highlight_end":21,"highlight_start":11,"text":"#[cfg(all(threadsafe, feature = \"pool\"))]"}]}]}}
{"reason":"compiler-message","package_id":"path+file:///mnt/data1/nix/vendor/rust/cargo2nix/submodules/im-rs/rc#im-rc@15.1.0","manifest_path":"/mnt/data1/nix/vendor/rust/cargo2nix/submodules/im-rs/rc/Cargo.toml","target":{"kind":["lib"],"crate_types":["lib"],"name":"im_rc","src_path":"/mnt/data1/nix/vendor/rust/cargo2nix/submodules/im-rs/rc/../src/lib.rs","edition":"2018","doc":true,"doctest":true,"test":true},"message":{"rendered":"warning: unexpected `cfg` condition name: `threadsafe`\n --> submodules/im-rs/rc/../src/sync.rs:7:7\n  |\n7 | #[cfg(threadsafe)]\n  |       ^^^^^^^^^^\n  |\n  = help: consider using a Cargo feature instead\n  = help: or consider adding in `Cargo.toml` the `check-cfg` lint config for the lint:\n           [lints.rust]\n           unexpected_cfgs = { level = \"warn\", check-cfg = ['cfg(threadsafe)'] }\n  = help: or consider adding `println!(\"cargo::rustc-check-cfg=cfg(threadsafe)\");` to the top of the `build.rs`\n  = note: see <https://doc.rust-lang.org/nightly/rustc/check-cfg/cargo-specifics.html> for more information about checking conditional configuration\n\n","$message_type":"diagnostic","children":[{"children":[],"code":null,"level":"help","message":"consider using a Cargo feature instead","rendered":null,"spans":[]},{"children":[],"code":null,"level":"help","message":"or consider adding in `Cargo.toml` the `check-cfg` lint config for the lint:\n [lints.rust]\n unexpected_cfgs = { level = \"warn\", check-cfg = ['cfg(threadsafe)'] }","rendered":null,"spans":[]},{"children":[],"code":null,"level":"help","message":"or consider adding `println!(\"cargo::rustc-check-cfg=cfg(threadsafe)\");` to the top of the `build.rs`","rendered":null,"spans":[]},{"children":[],"code":null,"level":"note","message":"see <https://doc.rust-lang.org/nightly/rustc/check-cfg/cargo-specifics.html> for more information about checking conditional configuration","rendered":null,"spans":[]}],"code":{"code":"unexpected_cfgs","explanation":null},"level":"warning","message":"unexpected `cfg` condition name: `threadsafe`","spans":[{"byte_end":253,"byte_start":243,"column_end":17,"column_start":7,"expansion":null,"file_name":"submodules/im-rs/rc/../src/sync.rs","is_primary":true,"label":null,"line_end":7,"line_start":7,"suggested_replacement":null,"suggestion_applicability":null,"text":[{"highlight_end":17,"highlight_start":7,"text":"#[cfg(threadsafe)]"}]}]}}
{"reason":"compiler-message","package_id":"path+file:///mnt/data1/nix/vendor/rust/cargo2nix/submodules/im-rs/rc#im-rc@15.1.0","manifest_path":"/mnt/data1/nix/vendor/rust/cargo2nix/submodules/im-rs/rc/Cargo.toml","target":{"kind":["lib"],"crate_types":["lib"],"name":"im_rc","src_path":"/mnt/data1/nix/vendor/rust/cargo2nix/submodules/im-rs/rc/../src/lib.rs","edition":"2018","doc":true,"doctest":true,"test":true},"message":{"rendered":"warning: unexpected `cfg` condition name: `threadsafe`\n  --> submodules/im-rs/rc/../src/sync.rs:38:11\n   |\n38 | #[cfg(not(threadsafe))]\n   |           ^^^^^^^^^^\n   |\n   = help: consider using a Cargo feature instead\n   = help: or consider adding in `Cargo.toml` the `check-cfg` lint config for the lint:\n            [lints.rust]\n            unexpected_cfgs = { level = \"warn\", check-cfg = ['cfg(threadsafe)'] }\n   = help: or consider adding `println!(\"cargo::rustc-check-cfg=cfg(threadsafe)\");` to the top of the `build.rs`\n   = note: see <https://doc.rust-lang.org/nightly/rustc/check-cfg/cargo-specifics.html> for more information about checking conditional configuration\n\n","$message_type":"diagnostic","children":[{"children":[],"code":null,"level":"help","message":"consider using a Cargo feature instead","rendered":null,"spans":[]},{"children":[],"code":null,"level":"help","message":"or consider adding in `Cargo.toml` the `check-cfg` lint config for the lint:\n [lints.rust]\n unexpected_cfgs = { level = \"warn\", check-cfg = ['cfg(threadsafe)'] }","rendered":null,"spans":[]},{"children":[],"code":null,"level":"help","message":"or consider adding `println!(\"cargo::rustc-check-cfg=cfg(threadsafe)\");` to the top of the `build.rs`","rendered":null,"spans":[]},{"children":[],"code":null,"level":"note","message":"see <https://doc.rust-lang.org/nightly/rustc/check-cfg/cargo-specifics.html> for more information about checking conditional configuration","rendered":null,"spans":[]}],"code":{"code":"unexpected_cfgs","explanation":null},"level":"warning","message":"unexpected `cfg` condition name: `threadsafe`","spans":[{"byte_end":909,"byte_start":899,"column_end":21,"column_start":11,"expansion":null,"file_name":"submodules/im-rs/rc/../src/sync.rs","is_primary":true,"label":null,"line_end":38,"line_start":38,"suggested_replacement":null,"suggestion_applicability":null,"text":[{"highlight_end":21,"highlight_start":11,"text":"#[cfg(not(threadsafe))]"}]}]}}
{"reason":"compiler-message","package_id":"path+file:///mnt/data1/nix/vendor/rust/cargo2nix/submodules/im-rs/rc#im-rc@15.1.0","manifest_path":"/mnt/data1/nix/vendor/rust/cargo2nix/submodules/im-rs/rc/Cargo.toml","target":{"kind":["lib"],"crate_types":["lib"],"name":"im_rc","src_path":"/mnt/data1/nix/vendor/rust/cargo2nix/submodules/im-rs/rc/../src/lib.rs","edition":"2018","doc":true,"doctest":true,"test":true},"message":{"rendered":"warning: unexpected `cfg` condition name: `threadsafe`\n  --> submodules/im-rs/rc/../src/util.rs:17:11\n   |\n17 | #[cfg(all(threadsafe))]\n   |           ^^^^^^^^^^\n   |\n   = help: consider using a Cargo feature instead\n   = help: or consider adding in `Cargo.toml` the `check-cfg` lint config for the lint:\n            [lints.rust]\n            unexpected_cfgs = { level = \"warn\", check-cfg = ['cfg(threadsafe)'] }\n   = help: or consider adding `println!(\"cargo::rustc-check-cfg=cfg(threadsafe)\");` to the top of the `build.rs`\n   = note: see <https://doc.rust-lang.org/nightly/rustc/check-cfg/cargo-specifics.html> for more information about checking conditional configuration\n\n","$message_type":"diagnostic","children":[{"children":[],"code":null,"level":"help","message":"consider using a Cargo feature instead","rendered":null,"spans":[]},{"children":[],"code":null,"level":"help","message":"or consider adding in `Cargo.toml` the `check-cfg` lint config for the lint:\n [lints.rust]\n unexpected_cfgs = { level = \"warn\", check-cfg = ['cfg(threadsafe)'] }","rendered":null,"spans":[]},{"children":[],"code":null,"level":"help","message":"or consider adding `println!(\"cargo::rustc-check-cfg=cfg(threadsafe)\");` to the top of the `build.rs`","rendered":null,"spans":[]},{"children":[],"code":null,"level":"note","message":"see <https://doc.rust-lang.org/nightly/rustc/check-cfg/cargo-specifics.html> for more information about checking conditional configuration","rendered":null,"spans":[]}],"code":{"code":"unexpected_cfgs","explanation":null},"level":"warning","message":"unexpected `cfg` condition name: `threadsafe`","spans":[{"byte_end":530,"byte_start":520,"column_end":21,"column_start":11,"expansion":null,"file_name":"submodules/im-rs/rc/../src/util.rs","is_primary":true,"label":null,"line_end":17,"line_start":17,"suggested_replacement":null,"suggestion_applicability":null,"text":[{"highlight_end":21,"highlight_start":11,"text":"#[cfg(all(threadsafe))]"}]}]}}
{"reason":"compiler-message","package_id":"path+file:///mnt/data1/nix/vendor/rust/cargo2nix/submodules/im-rs/rc#im-rc@15.1.0","manifest_path":"/mnt/data1/nix/vendor/rust/cargo2nix/submodules/im-rs/rc/Cargo.toml","target":{"kind":["lib"],"crate_types":["lib"],"name":"im_rc","src_path":"/mnt/data1/nix/vendor/rust/cargo2nix/submodules/im-rs/rc/../src/lib.rs","edition":"2018","doc":true,"doctest":true,"test":true},"message":{"rendered":"warning: unexpected `cfg` condition name: `threadsafe`\n  --> submodules/im-rs/rc/../src/util.rs:21:7\n   |\n21 | #[cfg(threadsafe)]\n   |       ^^^^^^^^^^\n   |\n   = help: consider using a Cargo feature instead\n   = help: or consider adding in `Cargo.toml` the `check-cfg` lint config for the lint:\n            [lints.rust]\n            unexpected_cfgs = { level = \"warn\", check-cfg = ['cfg(threadsafe)'] }\n   = help: or consider adding `println!(\"cargo::rustc-check-cfg=cfg(threadsafe)\");` to the top of the `build.rs`\n   = note: see <https://doc.rust-lang.org/nightly/rustc/check-cfg/cargo-specifics.html> for more information about checking conditional configuration\n\n","$message_type":"diagnostic","children":[{"children":[],"code":null,"level":"help","message":"consider using a Cargo feature instead","rendered":null,"spans":[]},{"children":[],"code":null,"level":"help","message":"or consider adding in `Cargo.toml` the `check-cfg` lint config for the lint:\n [lints.rust]\n unexpected_cfgs = { level = \"warn\", check-cfg = ['cfg(threadsafe)'] }","rendered":null,"spans":[]},{"children":[],"code":null,"level":"help","message":"or consider adding `println!(\"cargo::rustc-check-cfg=cfg(threadsafe)\");` to the top of the `build.rs`","rendered":null,"spans":[]},{"children":[],"code":null,"level":"note","message":"see <https://doc.rust-lang.org/nightly/rustc/check-cfg/cargo-specifics.html> for more information about checking conditional configuration","rendered":null,"spans":[]}],"code":{"code":"unexpected_cfgs","explanation":null},"level":"warning","message":"unexpected `cfg` condition name: `threadsafe`","spans":[{"byte_end":665,"byte_start":655,"column_end":17,"column_start":7,"expansion":null,"file_name":"submodules/im-rs/rc/../src/util.rs","is_primary":true,"label":null,"line_end":21,"line_start":21,"suggested_replacement":null,"suggestion_applicability":null,"text":[{"highlight_end":17,"highlight_start":7,"text":"#[cfg(threadsafe)]"}]}]}}
{"reason":"compiler-message","package_id":"path+file:///mnt/data1/nix/vendor/rust/cargo2nix/submodules/im-rs/rc#im-rc@15.1.0","manifest_path":"/mnt/data1/nix/vendor/rust/cargo2nix/submodules/im-rs/rc/Cargo.toml","target":{"kind":["lib"],"crate_types":["lib"],"name":"im_rc","src_path":"/mnt/data1/nix/vendor/rust/cargo2nix/submodules/im-rs/rc/../src/lib.rs","edition":"2018","doc":true,"doctest":true,"test":true},"message":{"rendered":"warning: unexpected `cfg` condition name: `threadsafe`\n  --> submodules/im-rs/rc/../src/util.rs:25:15\n   |\n25 | #[cfg(all(not(threadsafe), not(feature = \"pool\")))]\n   |               ^^^^^^^^^^\n   |\n   = help: consider using a Cargo feature instead\n   = help: or consider adding in `Cargo.toml` the `check-cfg` lint config for the lint:\n            [lints.rust]\n            unexpected_cfgs = { level = \"warn\", check-cfg = ['cfg(threadsafe)'] }\n   = help: or consider adding `println!(\"cargo::rustc-check-cfg=cfg(threadsafe)\");` to the top of the `build.rs`\n   = note: see <https://doc.rust-lang.org/nightly/rustc/check-cfg/cargo-specifics.html> for more information about checking conditional configuration\n\n","$message_type":"diagnostic","children":[{"children":[],"code":null,"level":"help","message":"consider using a Cargo feature instead","rendered":null,"spans":[]},{"children":[],"code":null,"level":"help","message":"or consider adding in `Cargo.toml` the `check-cfg` lint config for the lint:\n [lints.rust]\n unexpected_cfgs = { level = \"warn\", check-cfg = ['cfg(threadsafe)'] }","rendered":null,"spans":[]},{"children":[],"code":null,"level":"help","message":"or consider adding `println!(\"cargo::rustc-check-cfg=cfg(threadsafe)\");` to the top of the `build.rs`","rendered":null,"spans":[]},{"children":[],"code":null,"level":"note","message":"see <https://doc.rust-lang.org/nightly/rustc/check-cfg/cargo-specifics.html> for more information about checking conditional configuration","rendered":null,"spans":[]}],"code":{"code":"unexpected_cfgs","explanation":null},"level":"warning","message":"unexpected `cfg` condition name: `threadsafe`","spans":[{"byte_end":761,"byte_start":751,"column_end":25,"column_start":15,"expansion":null,"file_name":"submodules/im-rs/rc/../src/util.rs","is_primary":true,"label":null,"line_end":25,"line_start":25,"suggested_replacement":null,"suggestion_applicability":null,"text":[{"highlight_end":25,"highlight_start":15,"text":"#[cfg(all(not(threadsafe), not(feature = \"pool\")))]"}]}]}}
{"reason":"compiler-message","package_id":"path+file:///mnt/data1/nix/vendor/rust/cargo2nix/submodules/im-rs/rc#im-rc@15.1.0","manifest_path":"/mnt/data1/nix/vendor/rust/cargo2nix/submodules/im-rs/rc/Cargo.toml","target":{"kind":["lib"],"crate_types":["lib"],"name":"im_rc","src_path":"/mnt/data1/nix/vendor/rust/cargo2nix/submodules/im-rs/rc/../src/lib.rs","edition":"2018","doc":true,"doctest":true,"test":true},"message":{"rendered":"warning: unexpected `cfg` condition name: `threadsafe`\n  --> submodules/im-rs/rc/../src/util.rs:29:15\n   |\n29 | #[cfg(all(not(threadsafe), feature = \"pool\"))]\n   |               ^^^^^^^^^^\n   |\n   = help: consider using a Cargo feature instead\n   = help: or consider adding in `Cargo.toml` the `check-cfg` lint config for the lint:\n            [lints.rust]\n            unexpected_cfgs = { level = \"warn\", check-cfg = ['cfg(threadsafe)'] }\n   = help: or consider adding `println!(\"cargo::rustc-check-cfg=cfg(threadsafe)\");` to the top of the `build.rs`\n   = note: see <https://doc.rust-lang.org/nightly/rustc/check-cfg/cargo-specifics.html> for more information about checking conditional configuration\n\n","$message_type":"diagnostic","children":[{"children":[],"code":null,"level":"help","message":"consider using a Cargo feature instead","rendered":null,"spans":[]},{"children":[],"code":null,"level":"help","message":"or consider adding in `Cargo.toml` the `check-cfg` lint config for the lint:\n [lints.rust]\n unexpected_cfgs = { level = \"warn\", check-cfg = ['cfg(threadsafe)'] }","rendered":null,"spans":[]},{"children":[],"code":null,"level":"help","message":"or consider adding `println!(\"cargo::rustc-check-cfg=cfg(threadsafe)\");` to the top of the `build.rs`","rendered":null,"spans":[]},{"children":[],"code":null,"level":"note","message":"see <https://doc.rust-lang.org/nightly/rustc/check-cfg/cargo-specifics.html> for more information about checking conditional configuration","rendered":null,"spans":[]}],"code":{"code":"unexpected_cfgs","explanation":null},"level":"warning","message":"unexpected `cfg` condition name: `threadsafe`","spans":[{"byte_end":914,"byte_start":904,"column_end":25,"column_start":15,"expansion":null,"file_name":"submodules/im-rs/rc/../src/util.rs","is_primary":true,"label":null,"line_end":29,"line_start":29,"suggested_replacement":null,"suggestion_applicability":null,"text":[{"highlight_end":25,"highlight_start":15,"text":"#[cfg(all(not(threadsafe), feature = \"pool\"))]"}]}]}}
{"reason":"compiler-message","package_id":"path+file:///mnt/data1/nix/vendor/rust/cargo2nix/submodules/im-rs/rc#im-rc@15.1.0","manifest_path":"/mnt/data1/nix/vendor/rust/cargo2nix/submodules/im-rs/rc/Cargo.toml","target":{"kind":["lib"],"crate_types":["lib"],"name":"im_rc","src_path":"/mnt/data1/nix/vendor/rust/cargo2nix/submodules/im-rs/rc/../src/lib.rs","edition":"2018","doc":true,"doctest":true,"test":true},"message":{"rendered":"warning: unexpected `cfg` condition name: `threadsafe`\n  --> submodules/im-rs/rc/../src/util.rs:31:15\n   |\n31 | #[cfg(all(not(threadsafe), feature = \"pool\"))]\n   |               ^^^^^^^^^^\n   |\n   = help: consider using a Cargo feature instead\n   = help: or consider adding in `Cargo.toml` the `check-cfg` lint config for the lint:\n            [lints.rust]\n            unexpected_cfgs = { level = \"warn\", check-cfg = ['cfg(threadsafe)'] }\n   = help: or consider adding `println!(\"cargo::rustc-check-cfg=cfg(threadsafe)\");` to the top of the `build.rs`\n   = note: see <https://doc.rust-lang.org/nightly/rustc/check-cfg/cargo-specifics.html> for more information about checking conditional configuration\n\n","$message_type":"diagnostic","children":[{"children":[],"code":null,"level":"help","message":"consider using a Cargo feature instead","rendered":null,"spans":[]},{"children":[],"code":null,"level":"help","message":"or consider adding in `Cargo.toml` the `check-cfg` lint config for the lint:\n [lints.rust]\n unexpected_cfgs = { level = \"warn\", check-cfg = ['cfg(threadsafe)'] }","rendered":null,"spans":[]},{"children":[],"code":null,"level":"help","message":"or consider adding `println!(\"cargo::rustc-check-cfg=cfg(threadsafe)\");` to the top of the `build.rs`","rendered":null,"spans":[]},{"children":[],"code":null,"level":"note","message":"see <https://doc.rust-lang.org/nightly/rustc/check-cfg/cargo-specifics.html> for more information about checking conditional configuration","rendered":null,"spans":[]}],"code":{"code":"unexpected_cfgs","explanation":null},"level":"warning","message":"unexpected `cfg` condition name: `threadsafe`","spans":[{"byte_end":1011,"byte_start":1001,"column_end":25,"column_start":15,"expansion":null,"file_name":"submodules/im-rs/rc/../src/util.rs","is_primary":true,"label":null,"line_end":31,"line_start":31,"suggested_replacement":null,"suggestion_applicability":null,"text":[{"highlight_end":25,"highlight_start":15,"text":"#[cfg(all(not(threadsafe), feature = \"pool\"))]"}]}]}}
{"reason":"compiler-message","package_id":"path+file:///mnt/data1/nix/vendor/rust/cargo2nix/submodules/im-rs/rc#im-rc@15.1.0","manifest_path":"/mnt/data1/nix/vendor/rust/cargo2nix/submodules/im-rs/rc/Cargo.toml","target":{"kind":["lib"],"crate_types":["lib"],"name":"im_rc","src_path":"/mnt/data1/nix/vendor/rust/cargo2nix/submodules/im-rs/rc/../src/lib.rs","edition":"2018","doc":true,"doctest":true,"test":true},"message":{"rendered":"warning: unexpected `cfg` condition name: `threadsafe`\n  --> submodules/im-rs/rc/../src/util.rs:35:11\n   |\n35 | #[cfg(not(threadsafe))]\n   |           ^^^^^^^^^^\n   |\n   = help: consider using a Cargo feature instead\n   = help: or consider adding in `Cargo.toml` the `check-cfg` lint config for the lint:\n            [lints.rust]\n            unexpected_cfgs = { level = \"warn\", check-cfg = ['cfg(threadsafe)'] }\n   = help: or consider adding `println!(\"cargo::rustc-check-cfg=cfg(threadsafe)\");` to the top of the `build.rs`\n   = note: see <https://doc.rust-lang.org/nightly/rustc/check-cfg/cargo-specifics.html> for more information about checking conditional configuration\n\n","$message_type":"diagnostic","children":[{"children":[],"code":null,"level":"help","message":"consider using a Cargo feature instead","rendered":null,"spans":[]},{"children":[],"code":null,"level":"help","message":"or consider adding in `Cargo.toml` the `check-cfg` lint config for the lint:\n [lints.rust]\n unexpected_cfgs = { level = \"warn\", check-cfg = ['cfg(threadsafe)'] }","rendered":null,"spans":[]},{"children":[],"code":null,"level":"help","message":"or consider adding `println!(\"cargo::rustc-check-cfg=cfg(threadsafe)\");` to the top of the `build.rs`","rendered":null,"spans":[]},{"children":[],"code":null,"level":"note","message":"see <https://doc.rust-lang.org/nightly/rustc/check-cfg/cargo-specifics.html> for more information about checking conditional configuration","rendered":null,"spans":[]}],"code":{"code":"unexpected_cfgs","explanation":null},"level":"warning","message":"unexpected `cfg` condition name: `threadsafe`","spans":[{"byte_end":1136,"byte_start":1126,"column_end":21,"column_start":11,"expansion":null,"file_name":"submodules/im-rs/rc/../src/util.rs","is_primary":true,"label":null,"line_end":35,"line_start":35,"suggested_replacement":null,"suggestion_applicability":null,"text":[{"highlight_end":21,"highlight_start":11,"text":"#[cfg(not(threadsafe))]"}]}]}}
{"reason":"compiler-message","package_id":"path+file:///mnt/data1/nix/vendor/rust/cargo2nix/submodules/im-rs/rc#im-rc@15.1.0","manifest_path":"/mnt/data1/nix/vendor/rust/cargo2nix/submodules/im-rs/rc/Cargo.toml","target":{"kind":["lib"],"crate_types":["lib"],"name":"im_rc","src_path":"/mnt/data1/nix/vendor/rust/cargo2nix/submodules/im-rs/rc/../src/lib.rs","edition":"2018","doc":true,"doctest":true,"test":true},"message":{"rendered":"warning: unexpected `cfg` condition name: `has_specialisation`\n  --> submodules/im-rs/rc/../src/ord/map.rs:31:7\n   |\n31 | #[cfg(has_specialisation)]\n   |       ^^^^^^^^^^^^^^^^^^\n   |\n   = help: consider using a Cargo feature instead\n   = help: or consider adding in `Cargo.toml` the `check-cfg` lint config for the lint:\n            [lints.rust]\n            unexpected_cfgs = { level = \"warn\", check-cfg = ['cfg(has_specialisation)'] }\n   = help: or consider adding `println!(\"cargo::rustc-check-cfg=cfg(has_specialisation)\");` to the top of the `build.rs`\n   = note: see <https://doc.rust-lang.org/nightly/rustc/check-cfg/cargo-specifics.html> for more information about checking conditional configuration\n\n","$message_type":"diagnostic","children":[{"children":[],"code":null,"level":"help","message":"consider using a Cargo feature instead","rendered":null,"spans":[]},{"children":[],"code":null,"level":"help","message":"or consider adding in `Cargo.toml` the `check-cfg` lint config for the lint:\n [lints.rust]\n unexpected_cfgs = { level = \"warn\", check-cfg = ['cfg(has_specialisation)'] }","rendered":null,"spans":[]},{"children":[],"code":null,"level":"help","message":"or consider adding `println!(\"cargo::rustc-check-cfg=cfg(has_specialisation)\");` to the top of the `build.rs`","rendered":null,"spans":[]},{"children":[],"code":null,"level":"note","message":"see <https://doc.rust-lang.org/nightly/rustc/check-cfg/cargo-specifics.html> for more information about checking conditional configuration","rendered":null,"spans":[]}],"code":{"code":"unexpected_cfgs","explanation":null},"level":"warning","message":"unexpected `cfg` condition name: `has_specialisation`","spans":[{"byte_end":1242,"byte_start":1224,"column_end":25,"column_start":7,"expansion":null,"file_name":"submodules/im-rs/rc/../src/ord/map.rs","is_primary":true,"label":null,"line_end":31,"line_start":31,"suggested_replacement":null,"suggestion_applicability":null,"text":[{"highlight_end":25,"highlight_start":7,"text":"#[cfg(has_specialisation)]"}]}]}}
{"reason":"compiler-message","package_id":"path+file:///mnt/data1/nix/vendor/rust/cargo2nix/submodules/im-rs/rc#im-rc@15.1.0","manifest_path":"/mnt/data1/nix/vendor/rust/cargo2nix/submodules/im-rs/rc/Cargo.toml","target":{"kind":["lib"],"crate_types":["lib"],"name":"im_rc","src_path":"/mnt/data1/nix/vendor/rust/cargo2nix/submodules/im-rs/rc/../src/lib.rs","edition":"2018","doc":true,"doctest":true,"test":true},"message":{"rendered":"warning: unexpected `cfg` condition name: `has_specialisation`\n  --> submodules/im-rs/rc/../src/ord/map.rs:70:11\n   |\n70 | #[cfg(not(has_specialisation))]\n   |           ^^^^^^^^^^^^^^^^^^\n   |\n   = help: consider using a Cargo feature instead\n   = help: or consider adding in `Cargo.toml` the `check-cfg` lint config for the lint:\n            [lints.rust]\n            unexpected_cfgs = { level = \"warn\", check-cfg = ['cfg(has_specialisation)'] }\n   = help: or consider adding `println!(\"cargo::rustc-check-cfg=cfg(has_specialisation)\");` to the top of the `build.rs`\n   = note: see <https://doc.rust-lang.org/nightly/rustc/check-cfg/cargo-specifics.html> for more information about checking conditional configuration\n\n","$message_type":"diagnostic","children":[{"children":[],"code":null,"level":"help","message":"consider using a Cargo feature instead","rendered":null,"spans":[]},{"children":[],"code":null,"level":"help","message":"or consider adding in `Cargo.toml` the `check-cfg` lint config for the lint:\n [lints.rust]\n unexpected_cfgs = { level = \"warn\", check-cfg = ['cfg(has_specialisation)'] }","rendered":null,"spans":[]},{"children":[],"code":null,"level":"help","message":"or consider adding `println!(\"cargo::rustc-check-cfg=cfg(has_specialisation)\");` to the top of the `build.rs`","rendered":null,"spans":[]},{"children":[],"code":null,"level":"note","message":"see <https://doc.rust-lang.org/nightly/rustc/check-cfg/cargo-specifics.html> for more information about checking conditional configuration","rendered":null,"spans":[]}],"code":{"code":"unexpected_cfgs","explanation":null},"level":"warning","message":"unexpected `cfg` condition name: `has_specialisation`","spans":[{"byte_end":2074,"byte_start":2056,"column_end":29,"column_start":11,"expansion":null,"file_name":"submodules/im-rs/rc/../src/ord/map.rs","is_primary":true,"label":null,"line_end":70,"line_start":70,"suggested_replacement":null,"suggestion_applicability":null,"text":[{"highlight_end":29,"highlight_start":11,"text":"#[cfg(not(has_specialisation))]"}]}]}}
{"reason":"compiler-message","package_id":"path+file:///mnt/data1/nix/vendor/rust/cargo2nix/submodules/im-rs/rc#im-rc@15.1.0","manifest_path":"/mnt/data1/nix/vendor/rust/cargo2nix/submodules/im-rs/rc/Cargo.toml","target":{"kind":["lib"],"crate_types":["lib"],"name":"im_rc","src_path":"/mnt/data1/nix/vendor/rust/cargo2nix/submodules/im-rs/rc/../src/lib.rs","edition":"2018","doc":true,"doctest":true,"test":true},"message":{"rendered":"warning: unexpected `cfg` condition name: `has_specialisation`\n   --> submodules/im-rs/rc/../src/ord/map.rs:103:7\n    |\n103 | #[cfg(has_specialisation)]\n    |       ^^^^^^^^^^^^^^^^^^\n    |\n    = help: consider using a Cargo feature instead\n    = help: or consider adding in `Cargo.toml` the `check-cfg` lint config for the lint:\n             [lints.rust]\n             unexpected_cfgs = { level = \"warn\", check-cfg = ['cfg(has_specialisation)'] }\n    = help: or consider adding `println!(\"cargo::rustc-check-cfg=cfg(has_specialisation)\");` to the top of the `build.rs`\n    = note: see <https://doc.rust-lang.org/nightly/rustc/check-cfg/cargo-specifics.html> for more information about checking conditional configuration\n\n","$message_type":"diagnostic","children":[{"children":[],"code":null,"level":"help","message":"consider using a Cargo feature instead","rendered":null,"spans":[]},{"children":[],"code":null,"level":"help","message":"or consider adding in `Cargo.toml` the `check-cfg` lint config for the lint:\n [lints.rust]\n unexpected_cfgs = { level = \"warn\", check-cfg = ['cfg(has_specialisation)'] }","rendered":null,"spans":[]},{"children":[],"code":null,"level":"help","message":"or consider adding `println!(\"cargo::rustc-check-cfg=cfg(has_specialisation)\");` to the top of the `build.rs`","rendered":null,"spans":[]},{"children":[],"code":null,"level":"note","message":"see <https://doc.rust-lang.org/nightly/rustc/check-cfg/cargo-specifics.html> for more information about checking conditional configuration","rendered":null,"spans":[]}],"code":{"code":"unexpected_cfgs","explanation":null},"level":"warning","message":"unexpected `cfg` condition name: `has_specialisation`","spans":[{"byte_end":2866,"byte_start":2848,"column_end":25,"column_start":7,"expansion":null,"file_name":"submodules/im-rs/rc/../src/ord/map.rs","is_primary":true,"label":null,"line_end":103,"line_start":103,"suggested_replacement":null,"suggestion_applicability":null,"text":[{"highlight_end":25,"highlight_start":7,"text":"#[cfg(has_specialisation)]"}]}]}}
{"reason":"compiler-message","package_id":"path+file:///mnt/data1/nix/vendor/rust/cargo2nix/submodules/im-rs/rc#im-rc@15.1.0","manifest_path":"/mnt/data1/nix/vendor/rust/cargo2nix/submodules/im-rs/rc/Cargo.toml","target":{"kind":["lib"],"crate_types":["lib"],"name":"im_rc","src_path":"/mnt/data1/nix/vendor/rust/cargo2nix/submodules/im-rs/rc/../src/lib.rs","edition":"2018","doc":true,"doctest":true,"test":true},"message":{"rendered":"warning: unexpected `cfg` condition name: `has_specialisation`\n   --> submodules/im-rs/rc/../src/ord/map.rs:136:7\n    |\n136 | #[cfg(has_specialisation)]\n    |       ^^^^^^^^^^^^^^^^^^\n    |\n    = help: consider using a Cargo feature instead\n    = help: or consider adding in `Cargo.toml` the `check-cfg` lint config for the lint:\n             [lints.rust]\n             unexpected_cfgs = { level = \"warn\", check-cfg = ['cfg(has_specialisation)'] }\n    = help: or consider adding `println!(\"cargo::rustc-check-cfg=cfg(has_specialisation)\");` to the top of the `build.rs`\n    = note: see <https://doc.rust-lang.org/nightly/rustc/check-cfg/cargo-specifics.html> for more information about checking conditional configuration\n\n","$message_type":"diagnostic","children":[{"children":[],"code":null,"level":"help","message":"consider using a Cargo feature instead","rendered":null,"spans":[]},{"children":[],"code":null,"level":"help","message":"or consider adding in `Cargo.toml` the `check-cfg` lint config for the lint:\n [lints.rust]\n unexpected_cfgs = { level = \"warn\", check-cfg = ['cfg(has_specialisation)'] }","rendered":null,"spans":[]},{"children":[],"code":null,"level":"help","message":"or consider adding `println!(\"cargo::rustc-check-cfg=cfg(has_specialisation)\");` to the top of the `build.rs`","rendered":null,"spans":[]},{"children":[],"code":null,"level":"note","message":"see <https://doc.rust-lang.org/nightly/rustc/check-cfg/cargo-specifics.html> for more information about checking conditional configuration","rendered":null,"spans":[]}],"code":{"code":"unexpected_cfgs","explanation":null},"level":"warning","message":"unexpected `cfg` condition name: `has_specialisation`","spans":[{"byte_end":3673,"byte_start":3655,"column_end":25,"column_start":7,"expansion":null,"file_name":"submodules/im-rs/rc/../src/ord/map.rs","is_primary":true,"label":null,"line_end":136,"line_start":136,"suggested_replacement":null,"suggestion_applicability":null,"text":[{"highlight_end":25,"highlight_start":7,"text":"#[cfg(has_specialisation)]"}]}]}}
{"reason":"compiler-message","package_id":"path+file:///mnt/data1/nix/vendor/rust/cargo2nix/submodules/im-rs/rc#im-rc@15.1.0","manifest_path":"/mnt/data1/nix/vendor/rust/cargo2nix/submodules/im-rs/rc/Cargo.toml","target":{"kind":["lib"],"crate_types":["lib"],"name":"im_rc","src_path":"/mnt/data1/nix/vendor/rust/cargo2nix/submodules/im-rs/rc/../src/lib.rs","edition":"2018","doc":true,"doctest":true,"test":true},"message":{"rendered":"warning: unexpected `cfg` condition name: `has_specialisation`\n    --> submodules/im-rs/rc/../src/ord/map.rs:1676:11\n     |\n1676 | #[cfg(not(has_specialisation))]\n     |           ^^^^^^^^^^^^^^^^^^\n     |\n     = help: consider using a Cargo feature instead\n     = help: or consider adding in `Cargo.toml` the `check-cfg` lint config for the lint:\n              [lints.rust]\n              unexpected_cfgs = { level = \"warn\", check-cfg = ['cfg(has_specialisation)'] }\n     = help: or consider adding `println!(\"cargo::rustc-check-cfg=cfg(has_specialisation)\");` to the top of the `build.rs`\n     = note: see <https://doc.rust-lang.org/nightly/rustc/check-cfg/cargo-specifics.html> for more information about checking conditional configuration\n\n","$message_type":"diagnostic","children":[{"children":[],"code":null,"level":"help","message":"consider using a Cargo feature instead","rendered":null,"spans":[]},{"children":[],"code":null,"level":"help","message":"or consider adding in `Cargo.toml` the `check-cfg` lint config for the lint:\n [lints.rust]\n unexpected_cfgs = { level = \"warn\", check-cfg = ['cfg(has_specialisation)'] }","rendered":null,"spans":[]},{"children":[],"code":null,"level":"help","message":"or consider adding `println!(\"cargo::rustc-check-cfg=cfg(has_specialisation)\");` to the top of the `build.rs`","rendered":null,"spans":[]},{"children":[],"code":null,"level":"note","message":"see <https://doc.rust-lang.org/nightly/rustc/check-cfg/cargo-specifics.html> for more information about checking conditional configuration","rendered":null,"spans":[]}],"code":{"code":"unexpected_cfgs","explanation":null},"level":"warning","message":"unexpected `cfg` condition name: `has_specialisation`","spans":[{"byte_end":48117,"byte_start":48099,"column_end":29,"column_start":11,"expansion":null,"file_name":"submodules/im-rs/rc/../src/ord/map.rs","is_primary":true,"label":null,"line_end":1676,"line_start":1676,"suggested_replacement":null,"suggestion_applicability":null,"text":[{"highlight_end":29,"highlight_start":11,"text":"#[cfg(not(has_specialisation))]"}]}]}}
{"reason":"compiler-message","package_id":"path+file:///mnt/data1/nix/vendor/rust/cargo2nix/submodules/im-rs/rc#im-rc@15.1.0","manifest_path":"/mnt/data1/nix/vendor/rust/cargo2nix/submodules/im-rs/rc/Cargo.toml","target":{"kind":["lib"],"crate_types":["lib"],"name":"im_rc","src_path":"/mnt/data1/nix/vendor/rust/cargo2nix/submodules/im-rs/rc/../src/lib.rs","edition":"2018","doc":true,"doctest":true,"test":true},"message":{"rendered":"warning: unexpected `cfg` condition name: `has_specialisation`\n    --> submodules/im-rs/rc/../src/ord/map.rs:1687:7\n     |\n1687 | #[cfg(has_specialisation)]\n     |       ^^^^^^^^^^^^^^^^^^\n     |\n     = help: consider using a Cargo feature instead\n     = help: or consider adding in `Cargo.toml` the `check-cfg` lint config for the lint:\n              [lints.rust]\n              unexpected_cfgs = { level = \"warn\", check-cfg = ['cfg(has_specialisation)'] }\n     = help: or consider adding `println!(\"cargo::rustc-check-cfg=cfg(has_specialisation)\");` to the top of the `build.rs`\n     = note: see <https://doc.rust-lang.org/nightly/rustc/check-cfg/cargo-specifics.html> for more information about checking conditional configuration\n\n","$message_type":"diagnostic","children":[{"children":[],"code":null,"level":"help","message":"consider using a Cargo feature instead","rendered":null,"spans":[]},{"children":[],"code":null,"level":"help","message":"or consider adding in `Cargo.toml` the `check-cfg` lint config for the lint:\n [lints.rust]\n unexpected_cfgs = { level = \"warn\", check-cfg = ['cfg(has_specialisation)'] }","rendered":null,"spans":[]},{"children":[],"code":null,"level":"help","message":"or consider adding `println!(\"cargo::rustc-check-cfg=cfg(has_specialisation)\");` to the top of the `build.rs`","rendered":null,"spans":[]},{"children":[],"code":null,"level":"note","message":"see <https://doc.rust-lang.org/nightly/rustc/check-cfg/cargo-specifics.html> for more information about checking conditional configuration","rendered":null,"spans":[]}],"code":{"code":"unexpected_cfgs","explanation":null},"level":"warning","message":"unexpected `cfg` condition name: `has_specialisation`","spans":[{"byte_end":48354,"byte_start":48336,"column_end":25,"column_start":7,"expansion":null,"file_name":"submodules/im-rs/rc/../src/ord/map.rs","is_primary":true,"label":null,"line_end":1687,"line_start":1687,"suggested_replacement":null,"suggestion_applicability":null,"text":[{"highlight_end":25,"highlight_start":7,"text":"#[cfg(has_specialisation)]"}]}]}}
{"reason":"compiler-message","package_id":"path+file:///mnt/data1/nix/vendor/rust/cargo2nix/submodules/im-rs/rc#im-rc@15.1.0","manifest_path":"/mnt/data1/nix/vendor/rust/cargo2nix/submodules/im-rs/rc/Cargo.toml","target":{"kind":["lib"],"crate_types":["lib"],"name":"im_rc","src_path":"/mnt/data1/nix/vendor/rust/cargo2nix/submodules/im-rs/rc/../src/lib.rs","edition":"2018","doc":true,"doctest":true,"test":true},"message":{"rendered":"warning: unexpected `cfg` condition name: `has_specialisation`\n    --> submodules/im-rs/rc/../src/ord/map.rs:1698:7\n     |\n1698 | #[cfg(has_specialisation)]\n     |       ^^^^^^^^^^^^^^^^^^\n     |\n     = help: consider using a Cargo feature instead\n     = help: or consider adding in `Cargo.toml` the `check-cfg` lint config for the lint:\n              [lints.rust]\n              unexpected_cfgs = { level = \"warn\", check-cfg = ['cfg(has_specialisation)'] }\n     = help: or consider adding `println!(\"cargo::rustc-check-cfg=cfg(has_specialisation)\");` to the top of the `build.rs`\n     = note: see <https://doc.rust-lang.org/nightly/rustc/check-cfg/cargo-specifics.html> for more information about checking conditional configuration\n\n","$message_type":"diagnostic","children":[{"children":[],"code":null,"level":"help","message":"consider using a Cargo feature instead","rendered":null,"spans":[]},{"children":[],"code":null,"level":"help","message":"or consider adding in `Cargo.toml` the `check-cfg` lint config for the lint:\n [lints.rust]\n unexpected_cfgs = { level = \"warn\", check-cfg = ['cfg(has_specialisation)'] }","rendered":null,"spans":[]},{"children":[],"code":null,"level":"help","message":"or consider adding `println!(\"cargo::rustc-check-cfg=cfg(has_specialisation)\");` to the top of the `build.rs`","rendered":null,"spans":[]},{"children":[],"code":null,"level":"note","message":"see <https://doc.rust-lang.org/nightly/rustc/check-cfg/cargo-specifics.html> for more information about checking conditional configuration","rendered":null,"spans":[]}],"code":{"code":"unexpected_cfgs","explanation":null},"level":"warning","message":"unexpected `cfg` condition name: `has_specialisation`","spans":[{"byte_end":48598,"byte_start":48580,"column_end":25,"column_start":7,"expansion":null,"file_name":"submodules/im-rs/rc/../src/ord/map.rs","is_primary":true,"label":null,"line_end":1698,"line_start":1698,"suggested_replacement":null,"suggestion_applicability":null,"text":[{"highlight_end":25,"highlight_start":7,"text":"#[cfg(has_specialisation)]"}]}]}}
{"reason":"compiler-message","package_id":"path+file:///mnt/data1/nix/vendor/rust/cargo2nix/submodules/im-rs/rc#im-rc@15.1.0","manifest_path":"/mnt/data1/nix/vendor/rust/cargo2nix/submodules/im-rs/rc/Cargo.toml","target":{"kind":["lib"],"crate_types":["lib"],"name":"im_rc","src_path":"/mnt/data1/nix/vendor/rust/cargo2nix/submodules/im-rs/rc/../src/lib.rs","edition":"2018","doc":true,"doctest":true,"test":true},"message":{"rendered":"warning: unexpected `cfg` condition name: `has_specialisation`\n  --> submodules/im-rs/rc/../src/ord/set.rs:33:7\n   |\n33 | #[cfg(has_specialisation)]\n   |       ^^^^^^^^^^^^^^^^^^\n   |\n   = help: consider using a Cargo feature instead\n   = help: or consider adding in `Cargo.toml` the `check-cfg` lint config for the lint:\n            [lints.rust]\n            unexpected_cfgs = { level = \"warn\", check-cfg = ['cfg(has_specialisation)'] }\n   = help: or consider adding `println!(\"cargo::rustc-check-cfg=cfg(has_specialisation)\");` to the top of the `build.rs`\n   = note: see <https://doc.rust-lang.org/nightly/rustc/check-cfg/cargo-specifics.html> for more information about checking conditional configuration\n\n","$message_type":"diagnostic","children":[{"children":[],"code":null,"level":"help","message":"consider using a Cargo feature instead","rendered":null,"spans":[]},{"children":[],"code":null,"level":"help","message":"or consider adding in `Cargo.toml` the `check-cfg` lint config for the lint:\n [lints.rust]\n unexpected_cfgs = { level = \"warn\", check-cfg = ['cfg(has_specialisation)'] }","rendered":null,"spans":[]},{"children":[],"code":null,"level":"help","message":"or consider adding `println!(\"cargo::rustc-check-cfg=cfg(has_specialisation)\");` to the top of the `build.rs`","rendered":null,"spans":[]},{"children":[],"code":null,"level":"note","message":"see <https://doc.rust-lang.org/nightly/rustc/check-cfg/cargo-specifics.html> for more information about checking conditional configuration","rendered":null,"spans":[]}],"code":{"code":"unexpected_cfgs","explanation":null},"level":"warning","message":"unexpected `cfg` condition name: `has_specialisation`","spans":[{"byte_end":1309,"byte_start":1291,"column_end":25,"column_start":7,"expansion":null,"file_name":"submodules/im-rs/rc/../src/ord/set.rs","is_primary":true,"label":null,"line_end":33,"line_start":33,"suggested_replacement":null,"suggestion_applicability":null,"text":[{"highlight_end":25,"highlight_start":7,"text":"#[cfg(has_specialisation)]"}]}]}}
{"reason":"compiler-message","package_id":"path+file:///mnt/data1/nix/vendor/rust/cargo2nix/submodules/im-rs/rc#im-rc@15.1.0","manifest_path":"/mnt/data1/nix/vendor/rust/cargo2nix/submodules/im-rs/rc/Cargo.toml","target":{"kind":["lib"],"crate_types":["lib"],"name":"im_rc","src_path":"/mnt/data1/nix/vendor/rust/cargo2nix/submodules/im-rs/rc/../src/lib.rs","edition":"2018","doc":true,"doctest":true,"test":true},"message":{"rendered":"warning: unexpected `cfg` condition name: `has_specialisation`\n  --> submodules/im-rs/rc/../src/ord/set.rs:78:11\n   |\n78 | #[cfg(not(has_specialisation))]\n   |           ^^^^^^^^^^^^^^^^^^\n   |\n   = help: consider using a Cargo feature instead\n   = help: or consider adding in `Cargo.toml` the `check-cfg` lint config for the lint:\n            [lints.rust]\n            unexpected_cfgs = { level = \"warn\", check-cfg = ['cfg(has_specialisation)'] }\n   = help: or consider adding `println!(\"cargo::rustc-check-cfg=cfg(has_specialisation)\");` to the top of the `build.rs`\n   = note: see <https://doc.rust-lang.org/nightly/rustc/check-cfg/cargo-specifics.html> for more information about checking conditional configuration\n\n","$message_type":"diagnostic","children":[{"children":[],"code":null,"level":"help","message":"consider using a Cargo feature instead","rendered":null,"spans":[]},{"children":[],"code":null,"level":"help","message":"or consider adding in `Cargo.toml` the `check-cfg` lint config for the lint:\n [lints.rust]\n unexpected_cfgs = { level = \"warn\", check-cfg = ['cfg(has_specialisation)'] }","rendered":null,"spans":[]},{"children":[],"code":null,"level":"help","message":"or consider adding `println!(\"cargo::rustc-check-cfg=cfg(has_specialisation)\");` to the top of the `build.rs`","rendered":null,"spans":[]},{"children":[],"code":null,"level":"note","message":"see <https://doc.rust-lang.org/nightly/rustc/check-cfg/cargo-specifics.html> for more information about checking conditional configuration","rendered":null,"spans":[]}],"code":{"code":"unexpected_cfgs","explanation":null},"level":"warning","message":"unexpected `cfg` condition name: `has_specialisation`","spans":[{"byte_end":2268,"byte_start":2250,"column_end":29,"column_start":11,"expansion":null,"file_name":"submodules/im-rs/rc/../src/ord/set.rs","is_primary":true,"label":null,"line_end":78,"line_start":78,"suggested_replacement":null,"suggestion_applicability":null,"text":[{"highlight_end":29,"highlight_start":11,"text":"#[cfg(not(has_specialisation))]"}]}]}}
{"reason":"compiler-message","package_id":"path+file:///mnt/data1/nix/vendor/rust/cargo2nix/submodules/im-rs/rc#im-rc@15.1.0","manifest_path":"/mnt/data1/nix/vendor/rust/cargo2nix/submodules/im-rs/rc/Cargo.toml","target":{"kind":["lib"],"crate_types":["lib"],"name":"im_rc","src_path":"/mnt/data1/nix/vendor/rust/cargo2nix/submodules/im-rs/rc/../src/lib.rs","edition":"2018","doc":true,"doctest":true,"test":true},"message":{"rendered":"warning: unexpected `cfg` condition name: `has_specialisation`\n   --> submodules/im-rs/rc/../src/ord/set.rs:111:7\n    |\n111 | #[cfg(has_specialisation)]\n    |       ^^^^^^^^^^^^^^^^^^\n    |\n    = help: consider using a Cargo feature instead\n    = help: or consider adding in `Cargo.toml` the `check-cfg` lint config for the lint:\n             [lints.rust]\n             unexpected_cfgs = { level = \"warn\", check-cfg = ['cfg(has_specialisation)'] }\n    = help: or consider adding `println!(\"cargo::rustc-check-cfg=cfg(has_specialisation)\");` to the top of the `build.rs`\n    = note: see <https://doc.rust-lang.org/nightly/rustc/check-cfg/cargo-specifics.html> for more information about checking conditional configuration\n\n","$message_type":"diagnostic","children":[{"children":[],"code":null,"level":"help","message":"consider using a Cargo feature instead","rendered":null,"spans":[]},{"children":[],"code":null,"level":"help","message":"or consider adding in `Cargo.toml` the `check-cfg` lint config for the lint:\n [lints.rust]\n unexpected_cfgs = { level = \"warn\", check-cfg = ['cfg(has_specialisation)'] }","rendered":null,"spans":[]},{"children":[],"code":null,"level":"help","message":"or consider adding `println!(\"cargo::rustc-check-cfg=cfg(has_specialisation)\");` to the top of the `build.rs`","rendered":null,"spans":[]},{"children":[],"code":null,"level":"note","message":"see <https://doc.rust-lang.org/nightly/rustc/check-cfg/cargo-specifics.html> for more information about checking conditional configuration","rendered":null,"spans":[]}],"code":{"code":"unexpected_cfgs","explanation":null},"level":"warning","message":"unexpected `cfg` condition name: `has_specialisation`","spans":[{"byte_end":3043,"byte_start":3025,"column_end":25,"column_start":7,"expansion":null,"file_name":"submodules/im-rs/rc/../src/ord/set.rs","is_primary":true,"label":null,"line_end":111,"line_start":111,"suggested_replacement":null,"suggestion_applicability":null,"text":[{"highlight_end":25,"highlight_start":7,"text":"#[cfg(has_specialisation)]"}]}]}}
{"reason":"compiler-message","package_id":"path+file:///mnt/data1/nix/vendor/rust/cargo2nix/submodules/im-rs/rc#im-rc@15.1.0","manifest_path":"/mnt/data1/nix/vendor/rust/cargo2nix/submodules/im-rs/rc/Cargo.toml","target":{"kind":["lib"],"crate_types":["lib"],"name":"im_rc","src_path":"/mnt/data1/nix/vendor/rust/cargo2nix/submodules/im-rs/rc/../src/lib.rs","edition":"2018","doc":true,"doctest":true,"test":true},"message":{"rendered":"warning: unexpected `cfg` condition name: `has_specialisation`\n   --> submodules/im-rs/rc/../src/ord/set.rs:144:7\n    |\n144 | #[cfg(has_specialisation)]\n    |       ^^^^^^^^^^^^^^^^^^\n    |\n    = help: consider using a Cargo feature instead\n    = help: or consider adding in `Cargo.toml` the `check-cfg` lint config for the lint:\n             [lints.rust]\n             unexpected_cfgs = { level = \"warn\", check-cfg = ['cfg(has_specialisation)'] }\n    = help: or consider adding `println!(\"cargo::rustc-check-cfg=cfg(has_specialisation)\");` to the top of the `build.rs`\n    = note: see <https://doc.rust-lang.org/nightly/rustc/check-cfg/cargo-specifics.html> for more information about checking conditional configuration\n\n","$message_type":"diagnostic","children":[{"children":[],"code":null,"level":"help","message":"consider using a Cargo feature instead","rendered":null,"spans":[]},{"children":[],"code":null,"level":"help","message":"or consider adding in `Cargo.toml` the `check-cfg` lint config for the lint:\n [lints.rust]\n unexpected_cfgs = { level = \"warn\", check-cfg = ['cfg(has_specialisation)'] }","rendered":null,"spans":[]},{"children":[],"code":null,"level":"help","message":"or consider adding `println!(\"cargo::rustc-check-cfg=cfg(has_specialisation)\");` to the top of the `build.rs`","rendered":null,"spans":[]},{"children":[],"code":null,"level":"note","message":"see <https://doc.rust-lang.org/nightly/rustc/check-cfg/cargo-specifics.html> for more information about checking conditional configuration","rendered":null,"spans":[]}],"code":{"code":"unexpected_cfgs","explanation":null},"level":"warning","message":"unexpected `cfg` condition name: `has_specialisation`","spans":[{"byte_end":3833,"byte_start":3815,"column_end":25,"column_start":7,"expansion":null,"file_name":"submodules/im-rs/rc/../src/ord/set.rs","is_primary":true,"label":null,"line_end":144,"line_start":144,"suggested_replacement":null,"suggestion_applicability":null,"text":[{"highlight_end":25,"highlight_start":7,"text":"#[cfg(has_specialisation)]"}]}]}}
{"reason":"compiler-message","package_id":"path+file:///mnt/data1/nix/vendor/rust/cargo2nix/submodules/im-rs/rc#im-rc@15.1.0","manifest_path":"/mnt/data1/nix/vendor/rust/cargo2nix/submodules/im-rs/rc/Cargo.toml","target":{"kind":["lib"],"crate_types":["lib"],"name":"im_rc","src_path":"/mnt/data1/nix/vendor/rust/cargo2nix/submodules/im-rs/rc/../src/lib.rs","edition":"2018","doc":true,"doctest":true,"test":true},"message":{"rendered":"warning: unexpected `cfg` condition name: `has_specialisation`\n    --> submodules/im-rs/rc/../src/hash/map.rs:1564:11\n     |\n1564 | #[cfg(not(has_specialisation))]\n     |           ^^^^^^^^^^^^^^^^^^\n     |\n     = help: consider using a Cargo feature instead\n     = help: or consider adding in `Cargo.toml` the `check-cfg` lint config for the lint:\n              [lints.rust]\n              unexpected_cfgs = { level = \"warn\", check-cfg = ['cfg(has_specialisation)'] }\n     = help: or consider adding `println!(\"cargo::rustc-check-cfg=cfg(has_specialisation)\");` to the top of the `build.rs`\n     = note: see <https://doc.rust-lang.org/nightly/rustc/check-cfg/cargo-specifics.html> for more information about checking conditional configuration\n\n","$message_type":"diagnostic","children":[{"children":[],"code":null,"level":"help","message":"consider using a Cargo feature instead","rendered":null,"spans":[]},{"children":[],"code":null,"level":"help","message":"or consider adding in `Cargo.toml` the `check-cfg` lint config for the lint:\n [lints.rust]\n unexpected_cfgs = { level = \"warn\", check-cfg = ['cfg(has_specialisation)'] }","rendered":null,"spans":[]},{"children":[],"code":null,"level":"help","message":"or consider adding `println!(\"cargo::rustc-check-cfg=cfg(has_specialisation)\");` to the top of the `build.rs`","rendered":null,"spans":[]},{"children":[],"code":null,"level":"note","message":"see <https://doc.rust-lang.org/nightly/rustc/check-cfg/cargo-specifics.html> for more information about checking conditional configuration","rendered":null,"spans":[]}],"code":{"code":"unexpected_cfgs","explanation":null},"level":"warning","message":"unexpected `cfg` condition name: `has_specialisation`","spans":[{"byte_end":46670,"byte_start":46652,"column_end":29,"column_start":11,"expansion":null,"file_name":"submodules/im-rs/rc/../src/hash/map.rs","is_primary":true,"label":null,"line_end":1564,"line_start":1564,"suggested_replacement":null,"suggestion_applicability":null,"text":[{"highlight_end":29,"highlight_start":11,"text":"#[cfg(not(has_specialisation))]"}]}]}}
{"reason":"compiler-message","package_id":"path+file:///mnt/data1/nix/vendor/rust/cargo2nix/submodules/im-rs/rc#im-rc@15.1.0","manifest_path":"/mnt/data1/nix/vendor/rust/cargo2nix/submodules/im-rs/rc/Cargo.toml","target":{"kind":["lib"],"crate_types":["lib"],"name":"im_rc","src_path":"/mnt/data1/nix/vendor/rust/cargo2nix/submodules/im-rs/rc/../src/lib.rs","edition":"2018","doc":true,"doctest":true,"test":true},"message":{"rendered":"warning: unexpected `cfg` condition name: `has_specialisation`\n    --> submodules/im-rs/rc/../src/hash/map.rs:1576:7\n     |\n1576 | #[cfg(has_specialisation)]\n     |       ^^^^^^^^^^^^^^^^^^\n     |\n     = help: consider using a Cargo feature instead\n     = help: or consider adding in `Cargo.toml` the `check-cfg` lint config for the lint:\n              [lints.rust]\n              unexpected_cfgs = { level = \"warn\", check-cfg = ['cfg(has_specialisation)'] }\n     = help: or consider adding `println!(\"cargo::rustc-check-cfg=cfg(has_specialisation)\");` to the top of the `build.rs`\n     = note: see <https://doc.rust-lang.org/nightly/rustc/check-cfg/cargo-specifics.html> for more information about checking conditional configuration\n\n","$message_type":"diagnostic","children":[{"children":[],"code":null,"level":"help","message":"consider using a Cargo feature instead","rendered":null,"spans":[]},{"children":[],"code":null,"level":"help","message":"or consider adding in `Cargo.toml` the `check-cfg` lint config for the lint:\n [lints.rust]\n unexpected_cfgs = { level = \"warn\", check-cfg = ['cfg(has_specialisation)'] }","rendered":null,"spans":[]},{"children":[],"code":null,"level":"help","message":"or consider adding `println!(\"cargo::rustc-check-cfg=cfg(has_specialisation)\");` to the top of the `build.rs`","rendered":null,"spans":[]},{"children":[],"code":null,"level":"note","message":"see <https://doc.rust-lang.org/nightly/rustc/check-cfg/cargo-specifics.html> for more information about checking conditional configuration","rendered":null,"spans":[]}],"code":{"code":"unexpected_cfgs","explanation":null},"level":"warning","message":"unexpected `cfg` condition name: `has_specialisation`","spans":[{"byte_end":46897,"byte_start":46879,"column_end":25,"column_start":7,"expansion":null,"file_name":"submodules/im-rs/rc/../src/hash/map.rs","is_primary":true,"label":null,"line_end":1576,"line_start":1576,"suggested_replacement":null,"suggestion_applicability":null,"text":[{"highlight_end":25,"highlight_start":7,"text":"#[cfg(has_specialisation)]"}]}]}}
{"reason":"compiler-message","package_id":"path+file:///mnt/data1/nix/vendor/rust/cargo2nix/submodules/im-rs/rc#im-rc@15.1.0","manifest_path":"/mnt/data1/nix/vendor/rust/cargo2nix/submodules/im-rs/rc/Cargo.toml","target":{"kind":["lib"],"crate_types":["lib"],"name":"im_rc","src_path":"/mnt/data1/nix/vendor/rust/cargo2nix/submodules/im-rs/rc/../src/lib.rs","edition":"2018","doc":true,"doctest":true,"test":true},"message":{"rendered":"warning: unexpected `cfg` condition name: `has_specialisation`\n    --> submodules/im-rs/rc/../src/hash/map.rs:1588:7\n     |\n1588 | #[cfg(has_specialisation)]\n     |       ^^^^^^^^^^^^^^^^^^\n     |\n     = help: consider using a Cargo feature instead\n     = help: or consider adding in `Cargo.toml` the `check-cfg` lint config for the lint:\n              [lints.rust]\n              unexpected_cfgs = { level = \"warn\", check-cfg = ['cfg(has_specialisation)'] }\n     = help: or consider adding `println!(\"cargo::rustc-check-cfg=cfg(has_specialisation)\");` to the top of the `build.rs`\n     = note: see <https://doc.rust-lang.org/nightly/rustc/check-cfg/cargo-specifics.html> for more information about checking conditional configuration\n\n","$message_type":"diagnostic","children":[{"children":[],"code":null,"level":"help","message":"consider using a Cargo feature instead","rendered":null,"spans":[]},{"children":[],"code":null,"level":"help","message":"or consider adding in `Cargo.toml` the `check-cfg` lint config for the lint:\n [lints.rust]\n unexpected_cfgs = { level = \"warn\", check-cfg = ['cfg(has_specialisation)'] }","rendered":null,"spans":[]},{"children":[],"code":null,"level":"help","message":"or consider adding `println!(\"cargo::rustc-check-cfg=cfg(has_specialisation)\");` to the top of the `build.rs`","rendered":null,"spans":[]},{"children":[],"code":null,"level":"note","message":"see <https://doc.rust-lang.org/nightly/rustc/check-cfg/cargo-specifics.html> for more information about checking conditional configuration","rendered":null,"spans":[]}],"code":{"code":"unexpected_cfgs","explanation":null},"level":"warning","message":"unexpected `cfg` condition name: `has_specialisation`","spans":[{"byte_end":47131,"byte_start":47113,"column_end":25,"column_start":7,"expansion":null,"file_name":"submodules/im-rs/rc/../src/hash/map.rs","is_primary":true,"label":null,"line_end":1588,"line_start":1588,"suggested_replacement":null,"suggestion_applicability":null,"text":[{"highlight_end":25,"highlight_start":7,"text":"#[cfg(has_specialisation)]"}]}]}}
{"reason":"compiler-message","package_id":"path+file:///mnt/data1/nix/vendor/rust/cargo2nix/submodules/im-rs/rc#im-rc@15.1.0","manifest_path":"/mnt/data1/nix/vendor/rust/cargo2nix/submodules/im-rs/rc/Cargo.toml","target":{"kind":["lib"],"crate_types":["lib"],"name":"im_rc","src_path":"/mnt/data1/nix/vendor/rust/cargo2nix/submodules/im-rs/rc/../src/lib.rs","edition":"2018","doc":true,"doctest":true,"test":true},"message":{"rendered":"warning: unexpected `cfg` condition name: `has_specialisation`\n    --> submodules/im-rs/rc/../src/hash/map.rs:1760:11\n     |\n1760 | #[cfg(not(has_specialisation))]\n     |           ^^^^^^^^^^^^^^^^^^\n     |\n     = help: consider using a Cargo feature instead\n     = help: or consider adding in `Cargo.toml` the `check-cfg` lint config for the lint:\n              [lints.rust]\n              unexpected_cfgs = { level = \"warn\", check-cfg = ['cfg(has_specialisation)'] }\n     = help: or consider adding `println!(\"cargo::rustc-check-cfg=cfg(has_specialisation)\");` to the top of the `build.rs`\n     = note: see <https://doc.rust-lang.org/nightly/rustc/check-cfg/cargo-specifics.html> for more information about checking conditional configuration\n\n","$message_type":"diagnostic","children":[{"children":[],"code":null,"level":"help","message":"consider using a Cargo feature instead","rendered":null,"spans":[]},{"children":[],"code":null,"level":"help","message":"or consider adding in `Cargo.toml` the `check-cfg` lint config for the lint:\n [lints.rust]\n unexpected_cfgs = { level = \"warn\", check-cfg = ['cfg(has_specialisation)'] }","rendered":null,"spans":[]},{"children":[],"code":null,"level":"help","message":"or consider adding `println!(\"cargo::rustc-check-cfg=cfg(has_specialisation)\");` to the top of the `build.rs`","rendered":null,"spans":[]},{"children":[],"code":null,"level":"note","message":"see <https://doc.rust-lang.org/nightly/rustc/check-cfg/cargo-specifics.html> for more information about checking conditional configuration","rendered":null,"spans":[]}],"code":{"code":"unexpected_cfgs","explanation":null},"level":"warning","message":"unexpected `cfg` condition name: `has_specialisation`","spans":[{"byte_end":51008,"byte_start":50990,"column_end":29,"column_start":11,"expansion":null,"file_name":"submodules/im-rs/rc/../src/hash/map.rs","is_primary":true,"label":null,"line_end":1760,"line_start":1760,"suggested_replacement":null,"suggestion_applicability":null,"text":[{"highlight_end":29,"highlight_start":11,"text":"#[cfg(not(has_specialisation))]"}]}]}}
{"reason":"compiler-message","package_id":"path+file:///mnt/data1/nix/vendor/rust/cargo2nix/submodules/im-rs/rc#im-rc@15.1.0","manifest_path":"/mnt/data1/nix/vendor/rust/cargo2nix/submodules/im-rs/rc/Cargo.toml","target":{"kind":["lib"],"crate_types":["lib"],"name":"im_rc","src_path":"/mnt/data1/nix/vendor/rust/cargo2nix/submodules/im-rs/rc/../src/lib.rs","edition":"2018","doc":true,"doctest":true,"test":true},"message":{"rendered":"warning: unexpected `cfg` condition name: `has_specialisation`\n    --> submodules/im-rs/rc/../src/hash/map.rs:1776:7\n     |\n1776 | #[cfg(has_specialisation)]\n     |       ^^^^^^^^^^^^^^^^^^\n     |\n     = help: consider using a Cargo feature instead\n     = help: or consider adding in `Cargo.toml` the `check-cfg` lint config for the lint:\n              [lints.rust]\n              unexpected_cfgs = { level = \"warn\", check-cfg = ['cfg(has_specialisation)'] }\n     = help: or consider adding `println!(\"cargo::rustc-check-cfg=cfg(has_specialisation)\");` to the top of the `build.rs`\n     = note: see <https://doc.rust-lang.org/nightly/rustc/check-cfg/cargo-specifics.html> for more information about checking conditional configuration\n\n","$message_type":"diagnostic","children":[{"children":[],"code":null,"level":"help","message":"consider using a Cargo feature instead","rendered":null,"spans":[]},{"children":[],"code":null,"level":"help","message":"or consider adding in `Cargo.toml` the `check-cfg` lint config for the lint:\n [lints.rust]\n unexpected_cfgs = { level = \"warn\", check-cfg = ['cfg(has_specialisation)'] }","rendered":null,"spans":[]},{"children":[],"code":null,"level":"help","message":"or consider adding `println!(\"cargo::rustc-check-cfg=cfg(has_specialisation)\");` to the top of the `build.rs`","rendered":null,"spans":[]},{"children":[],"code":null,"level":"note","message":"see <https://doc.rust-lang.org/nightly/rustc/check-cfg/cargo-specifics.html> for more information about checking conditional configuration","rendered":null,"spans":[]}],"code":{"code":"unexpected_cfgs","explanation":null},"level":"warning","message":"unexpected `cfg` condition name: `has_specialisation`","spans":[{"byte_end":51354,"byte_start":51336,"column_end":25,"column_start":7,"expansion":null,"file_name":"submodules/im-rs/rc/../src/hash/map.rs","is_primary":true,"label":null,"line_end":1776,"line_start":1776,"suggested_replacement":null,"suggestion_applicability":null,"text":[{"highlight_end":25,"highlight_start":7,"text":"#[cfg(has_specialisation)]"}]}]}}
{"reason":"compiler-message","package_id":"path+file:///mnt/data1/nix/vendor/rust/cargo2nix/submodules/im-rs/rc#im-rc@15.1.0","manifest_path":"/mnt/data1/nix/vendor/rust/cargo2nix/submodules/im-rs/rc/Cargo.toml","target":{"kind":["lib"],"crate_types":["lib"],"name":"im_rc","src_path":"/mnt/data1/nix/vendor/rust/cargo2nix/submodules/im-rs/rc/../src/lib.rs","edition":"2018","doc":true,"doctest":true,"test":true},"message":{"rendered":"warning: unexpected `cfg` condition name: `has_specialisation`\n    --> submodules/im-rs/rc/../src/hash/map.rs:1792:7\n     |\n1792 | #[cfg(has_specialisation)]\n     |       ^^^^^^^^^^^^^^^^^^\n     |\n     = help: consider using a Cargo feature instead\n     = help: or consider adding in `Cargo.toml` the `check-cfg` lint config for the lint:\n              [lints.rust]\n              unexpected_cfgs = { level = \"warn\", check-cfg = ['cfg(has_specialisation)'] }\n     = help: or consider adding `println!(\"cargo::rustc-check-cfg=cfg(has_specialisation)\");` to the top of the `build.rs`\n     = note: see <https://doc.rust-lang.org/nightly/rustc/check-cfg/cargo-specifics.html> for more information about checking conditional configuration\n\n","$message_type":"diagnostic","children":[{"children":[],"code":null,"level":"help","message":"consider using a Cargo feature instead","rendered":null,"spans":[]},{"children":[],"code":null,"level":"help","message":"or consider adding in `Cargo.toml` the `check-cfg` lint config for the lint:\n [lints.rust]\n unexpected_cfgs = { level = \"warn\", check-cfg = ['cfg(has_specialisation)'] }","rendered":null,"spans":[]},{"children":[],"code":null,"level":"help","message":"or consider adding `println!(\"cargo::rustc-check-cfg=cfg(has_specialisation)\");` to the top of the `build.rs`","rendered":null,"spans":[]},{"children":[],"code":null,"level":"note","message":"see <https://doc.rust-lang.org/nightly/rustc/check-cfg/cargo-specifics.html> for more information about checking conditional configuration","rendered":null,"spans":[]}],"code":{"code":"unexpected_cfgs","explanation":null},"level":"warning","message":"unexpected `cfg` condition name: `has_specialisation`","spans":[{"byte_end":51707,"byte_start":51689,"column_end":25,"column_start":7,"expansion":null,"file_name":"submodules/im-rs/rc/../src/hash/map.rs","is_primary":true,"label":null,"line_end":1792,"line_start":1792,"suggested_replacement":null,"suggestion_applicability":null,"text":[{"highlight_end":25,"highlight_start":7,"text":"#[cfg(has_specialisation)]"}]}]}}
{"reason":"compiler-message","package_id":"path+file:///mnt/data1/nix/vendor/rust/cargo2nix/submodules/im-rs/rc#im-rc@15.1.0","manifest_path":"/mnt/data1/nix/vendor/rust/cargo2nix/submodules/im-rs/rc/Cargo.toml","target":{"kind":["lib"],"crate_types":["lib"],"name":"im_rc","src_path":"/mnt/data1/nix/vendor/rust/cargo2nix/submodules/im-rs/rc/../src/lib.rs","edition":"2018","doc":true,"doctest":true,"test":true},"message":{"rendered":"warning: unexpected `cfg` condition name: `has_specialisation`\n   --> submodules/im-rs/rc/../src/hash/set.rs:806:11\n    |\n806 | #[cfg(not(has_specialisation))]\n    |           ^^^^^^^^^^^^^^^^^^\n    |\n    = help: consider using a Cargo feature instead\n    = help: or consider adding in `Cargo.toml` the `check-cfg` lint config for the lint:\n             [lints.rust]\n             unexpected_cfgs = { level = \"warn\", check-cfg = ['cfg(has_specialisation)'] }\n    = help: or consider adding `println!(\"cargo::rustc-check-cfg=cfg(has_specialisation)\");` to the top of the `build.rs`\n    = note: see <https://doc.rust-lang.org/nightly/rustc/check-cfg/cargo-specifics.html> for more information about checking conditional configuration\n\n","$message_type":"diagnostic","children":[{"children":[],"code":null,"level":"help","message":"consider using a Cargo feature instead","rendered":null,"spans":[]},{"children":[],"code":null,"level":"help","message":"or consider adding in `Cargo.toml` the `check-cfg` lint config for the lint:\n [lints.rust]\n unexpected_cfgs = { level = \"warn\", check-cfg = ['cfg(has_specialisation)'] }","rendered":null,"spans":[]},{"children":[],"code":null,"level":"help","message":"or consider adding `println!(\"cargo::rustc-check-cfg=cfg(has_specialisation)\");` to the top of the `build.rs`","rendered":null,"spans":[]},{"children":[],"code":null,"level":"note","message":"see <https://doc.rust-lang.org/nightly/rustc/check-cfg/cargo-specifics.html> for more information about checking conditional configuration","rendered":null,"spans":[]}],"code":{"code":"unexpected_cfgs","explanation":null},"level":"warning","message":"unexpected `cfg` condition name: `has_specialisation`","spans":[{"byte_end":20427,"byte_start":20409,"column_end":29,"column_start":11,"expansion":null,"file_name":"submodules/im-rs/rc/../src/hash/set.rs","is_primary":true,"label":null,"line_end":806,"line_start":806,"suggested_replacement":null,"suggestion_applicability":null,"text":[{"highlight_end":29,"highlight_start":11,"text":"#[cfg(not(has_specialisation))]"}]}]}}
{"reason":"compiler-message","package_id":"path+file:///mnt/data1/nix/vendor/rust/cargo2nix/submodules/im-rs/rc#im-rc@15.1.0","manifest_path":"/mnt/data1/nix/vendor/rust/cargo2nix/submodules/im-rs/rc/Cargo.toml","target":{"kind":["lib"],"crate_types":["lib"],"name":"im_rc","src_path":"/mnt/data1/nix/vendor/rust/cargo2nix/submodules/im-rs/rc/../src/lib.rs","edition":"2018","doc":true,"doctest":true,"test":true},"message":{"rendered":"warning: unexpected `cfg` condition name: `has_specialisation`\n   --> submodules/im-rs/rc/../src/hash/set.rs:817:7\n    |\n817 | #[cfg(has_specialisation)]\n    |       ^^^^^^^^^^^^^^^^^^\n    |\n    = help: consider using a Cargo feature instead\n    = help: or consider adding in `Cargo.toml` the `check-cfg` lint config for the lint:\n             [lints.rust]\n             unexpected_cfgs = { level = \"warn\", check-cfg = ['cfg(has_specialisation)'] }\n    = help: or consider adding `println!(\"cargo::rustc-check-cfg=cfg(has_specialisation)\");` to the top of the `build.rs`\n    = note: see <https://doc.rust-lang.org/nightly/rustc/check-cfg/cargo-specifics.html> for more information about checking conditional configuration\n\n","$message_type":"diagnostic","children":[{"children":[],"code":null,"level":"help","message":"consider using a Cargo feature instead","rendered":null,"spans":[]},{"children":[],"code":null,"level":"help","message":"or consider adding in `Cargo.toml` the `check-cfg` lint config for the lint:\n [lints.rust]\n unexpected_cfgs = { level = \"warn\", check-cfg = ['cfg(has_specialisation)'] }","rendered":null,"spans":[]},{"children":[],"code":null,"level":"help","message":"or consider adding `println!(\"cargo::rustc-check-cfg=cfg(has_specialisation)\");` to the top of the `build.rs`","rendered":null,"spans":[]},{"children":[],"code":null,"level":"note","message":"see <https://doc.rust-lang.org/nightly/rustc/check-cfg/cargo-specifics.html> for more information about checking conditional configuration","rendered":null,"spans":[]}],"code":{"code":"unexpected_cfgs","explanation":null},"level":"warning","message":"unexpected `cfg` condition name: `has_specialisation`","spans":[{"byte_end":20669,"byte_start":20651,"column_end":25,"column_start":7,"expansion":null,"file_name":"submodules/im-rs/rc/../src/hash/set.rs","is_primary":true,"label":null,"line_end":817,"line_start":817,"suggested_replacement":null,"suggestion_applicability":null,"text":[{"highlight_end":25,"highlight_start":7,"text":"#[cfg(has_specialisation)]"}]}]}}
{"reason":"compiler-message","package_id":"path+file:///mnt/data1/nix/vendor/rust/cargo2nix/submodules/im-rs/rc#im-rc@15.1.0","manifest_path":"/mnt/data1/nix/vendor/rust/cargo2nix/submodules/im-rs/rc/Cargo.toml","target":{"kind":["lib"],"crate_types":["lib"],"name":"im_rc","src_path":"/mnt/data1/nix/vendor/rust/cargo2nix/submodules/im-rs/rc/../src/lib.rs","edition":"2018","doc":true,"doctest":true,"test":true},"message":{"rendered":"warning: unexpected `cfg` condition name: `has_specialisation`\n   --> submodules/im-rs/rc/../src/hash/set.rs:828:7\n    |\n828 | #[cfg(has_specialisation)]\n    |       ^^^^^^^^^^^^^^^^^^\n    |\n    = help: consider using a Cargo feature instead\n    = help: or consider adding in `Cargo.toml` the `check-cfg` lint config for the lint:\n             [lints.rust]\n             unexpected_cfgs = { level = \"warn\", check-cfg = ['cfg(has_specialisation)'] }\n    = help: or consider adding `println!(\"cargo::rustc-check-cfg=cfg(has_specialisation)\");` to the top of the `build.rs`\n    = note: see <https://doc.rust-lang.org/nightly/rustc/check-cfg/cargo-specifics.html> for more information about checking conditional configuration\n\n","$message_type":"diagnostic","children":[{"children":[],"code":null,"level":"help","message":"consider using a Cargo feature instead","rendered":null,"spans":[]},{"children":[],"code":null,"level":"help","message":"or consider adding in `Cargo.toml` the `check-cfg` lint config for the lint:\n [lints.rust]\n unexpected_cfgs = { level = \"warn\", check-cfg = ['cfg(has_specialisation)'] }","rendered":null,"spans":[]},{"children":[],"code":null,"level":"help","message":"or consider adding `println!(\"cargo::rustc-check-cfg=cfg(has_specialisation)\");` to the top of the `build.rs`","rendered":null,"spans":[]},{"children":[],"code":null,"level":"note","message":"see <https://doc.rust-lang.org/nightly/rustc/check-cfg/cargo-specifics.html> for more information about checking conditional configuration","rendered":null,"spans":[]}],"code":{"code":"unexpected_cfgs","explanation":null},"level":"warning","message":"unexpected `cfg` condition name: `has_specialisation`","spans":[{"byte_end":20918,"byte_start":20900,"column_end":25,"column_start":7,"expansion":null,"file_name":"submodules/im-rs/rc/../src/hash/set.rs","is_primary":true,"label":null,"line_end":828,"line_start":828,"suggested_replacement":null,"suggestion_applicability":null,"text":[{"highlight_end":25,"highlight_start":7,"text":"#[cfg(has_specialisation)]"}]}]}}
{"reason":"compiler-message","package_id":"path+file:///mnt/data1/nix/vendor/rust/cargo2nix/submodules/im-rs/rc#im-rc@15.1.0","manifest_path":"/mnt/data1/nix/vendor/rust/cargo2nix/submodules/im-rs/rc/Cargo.toml","target":{"kind":["lib"],"crate_types":["lib"],"name":"im_rc","src_path":"/mnt/data1/nix/vendor/rust/cargo2nix/submodules/im-rs/rc/../src/lib.rs","edition":"2018","doc":true,"doctest":true,"test":true},"message":{"rendered":"warning: unexpected `cfg` condition name: `threadsafe`\n  --> submodules/im-rs/rc/../src/vector/mod.rs:71:11\n   |\n71 | #[cfg(all(threadsafe, any(test, feature = \"rayon\")))]\n   |           ^^^^^^^^^^\n   |\n   = help: consider using a Cargo feature instead\n   = help: or consider adding in `Cargo.toml` the `check-cfg` lint config for the lint:\n            [lints.rust]\n            unexpected_cfgs = { level = \"warn\", check-cfg = ['cfg(threadsafe)'] }\n   = help: or consider adding `println!(\"cargo::rustc-check-cfg=cfg(threadsafe)\");` to the top of the `build.rs`\n   = note: see <https://doc.rust-lang.org/nightly/rustc/check-cfg/cargo-specifics.html> for more information about checking conditional configuration\n\n","$message_type":"diagnostic","children":[{"children":[],"code":null,"level":"help","message":"consider using a Cargo feature instead","rendered":null,"spans":[]},{"children":[],"code":null,"level":"help","message":"or consider adding in `Cargo.toml` the `check-cfg` lint config for the lint:\n [lints.rust]\n unexpected_cfgs = { level = \"warn\", check-cfg = ['cfg(threadsafe)'] }","rendered":null,"spans":[]},{"children":[],"code":null,"level":"help","message":"or consider adding `println!(\"cargo::rustc-check-cfg=cfg(threadsafe)\");` to the top of the `build.rs`","rendered":null,"spans":[]},{"children":[],"code":null,"level":"note","message":"see <https://doc.rust-lang.org/nightly/rustc/check-cfg/cargo-specifics.html> for more information about checking conditional configuration","rendered":null,"spans":[]}],"code":{"code":"unexpected_cfgs","explanation":null},"level":"warning","message":"unexpected `cfg` condition name: `threadsafe`","spans":[{"byte_end":2965,"byte_start":2955,"column_end":21,"column_start":11,"expansion":null,"file_name":"submodules/im-rs/rc/../src/vector/mod.rs","is_primary":true,"label":null,"line_end":71,"line_start":71,"suggested_replacement":null,"suggestion_applicability":null,"text":[{"highlight_end":21,"highlight_start":11,"text":"#[cfg(all(threadsafe, any(test, feature = \"rayon\")))]"}]}]}}
{"reason":"compiler-message","package_id":"path+file:///mnt/data1/nix/vendor/rust/cargo2nix/submodules/im-rs/rc#im-rc@15.1.0","manifest_path":"/mnt/data1/nix/vendor/rust/cargo2nix/submodules/im-rs/rc/Cargo.toml","target":{"kind":["lib"],"crate_types":["lib"],"name":"im_rc","src_path":"/mnt/data1/nix/vendor/rust/cargo2nix/submodules/im-rs/rc/../src/lib.rs","edition":"2018","doc":true,"doctest":true,"test":true},"message":{"rendered":"warning: unexpected `cfg` condition name: `has_specialisation`\n    --> submodules/im-rs/rc/../src/vector/mod.rs:1715:11\n     |\n1715 | #[cfg(not(has_specialisation))]\n     |           ^^^^^^^^^^^^^^^^^^\n     |\n     = help: consider using a Cargo feature instead\n     = help: or consider adding in `Cargo.toml` the `check-cfg` lint config for the lint:\n              [lints.rust]\n              unexpected_cfgs = { level = \"warn\", check-cfg = ['cfg(has_specialisation)'] }\n     = help: or consider adding `println!(\"cargo::rustc-check-cfg=cfg(has_specialisation)\");` to the top of the `build.rs`\n     = note: see <https://doc.rust-lang.org/nightly/rustc/check-cfg/cargo-specifics.html> for more information about checking conditional configuration\n\n","$message_type":"diagnostic","children":[{"children":[],"code":null,"level":"help","message":"consider using a Cargo feature instead","rendered":null,"spans":[]},{"children":[],"code":null,"level":"help","message":"or consider adding in `Cargo.toml` the `check-cfg` lint config for the lint:\n [lints.rust]\n unexpected_cfgs = { level = \"warn\", check-cfg = ['cfg(has_specialisation)'] }","rendered":null,"spans":[]},{"children":[],"code":null,"level":"help","message":"or consider adding `println!(\"cargo::rustc-check-cfg=cfg(has_specialisation)\");` to the top of the `build.rs`","rendered":null,"spans":[]},{"children":[],"code":null,"level":"note","message":"see <https://doc.rust-lang.org/nightly/rustc/check-cfg/cargo-specifics.html> for more information about checking conditional configuration","rendered":null,"spans":[]}],"code":{"code":"unexpected_cfgs","explanation":null},"level":"warning","message":"unexpected `cfg` condition name: `has_specialisation`","spans":[{"byte_end":57817,"byte_start":57799,"column_end":29,"column_start":11,"expansion":null,"file_name":"submodules/im-rs/rc/../src/vector/mod.rs","is_primary":true,"label":null,"line_end":1715,"line_start":1715,"suggested_replacement":null,"suggestion_applicability":null,"text":[{"highlight_end":29,"highlight_start":11,"text":"#[cfg(not(has_specialisation))]"}]}]}}
{"reason":"compiler-message","package_id":"path+file:///mnt/data1/nix/vendor/rust/cargo2nix/submodules/im-rs/rc#im-rc@15.1.0","manifest_path":"/mnt/data1/nix/vendor/rust/cargo2nix/submodules/im-rs/rc/Cargo.toml","target":{"kind":["lib"],"crate_types":["lib"],"name":"im_rc","src_path":"/mnt/data1/nix/vendor/rust/cargo2nix/submodules/im-rs/rc/../src/lib.rs","edition":"2018","doc":true,"doctest":true,"test":true},"message":{"rendered":"warning: unexpected `cfg` condition name: `has_specialisation`\n    --> submodules/im-rs/rc/../src/vector/mod.rs:1722:7\n     |\n1722 | #[cfg(has_specialisation)]\n     |       ^^^^^^^^^^^^^^^^^^\n     |\n     = help: consider using a Cargo feature instead\n     = help: or consider adding in `Cargo.toml` the `check-cfg` lint config for the lint:\n              [lints.rust]\n              unexpected_cfgs = { level = \"warn\", check-cfg = ['cfg(has_specialisation)'] }\n     = help: or consider adding `println!(\"cargo::rustc-check-cfg=cfg(has_specialisation)\");` to the top of the `build.rs`\n     = note: see <https://doc.rust-lang.org/nightly/rustc/check-cfg/cargo-specifics.html> for more information about checking conditional configuration\n\n","$message_type":"diagnostic","children":[{"children":[],"code":null,"level":"help","message":"consider using a Cargo feature instead","rendered":null,"spans":[]},{"children":[],"code":null,"level":"help","message":"or consider adding in `Cargo.toml` the `check-cfg` lint config for the lint:\n [lints.rust]\n unexpected_cfgs = { level = \"warn\", check-cfg = ['cfg(has_specialisation)'] }","rendered":null,"spans":[]},{"children":[],"code":null,"level":"help","message":"or consider adding `println!(\"cargo::rustc-check-cfg=cfg(has_specialisation)\");` to the top of the `build.rs`","rendered":null,"spans":[]},{"children":[],"code":null,"level":"note","message":"see <https://doc.rust-lang.org/nightly/rustc/check-cfg/cargo-specifics.html> for more information about checking conditional configuration","rendered":null,"spans":[]}],"code":{"code":"unexpected_cfgs","explanation":null},"level":"warning","message":"unexpected `cfg` condition name: `has_specialisation`","spans":[{"byte_end":58014,"byte_start":57996,"column_end":25,"column_start":7,"expansion":null,"file_name":"submodules/im-rs/rc/../src/vector/mod.rs","is_primary":true,"label":null,"line_end":1722,"line_start":1722,"suggested_replacement":null,"suggestion_applicability":null,"text":[{"highlight_end":25,"highlight_start":7,"text":"#[cfg(has_specialisation)]"}]}]}}
{"reason":"compiler-message","package_id":"path+file:///mnt/data1/nix/vendor/rust/cargo2nix/submodules/im-rs/rc#im-rc@15.1.0","manifest_path":"/mnt/data1/nix/vendor/rust/cargo2nix/submodules/im-rs/rc/Cargo.toml","target":{"kind":["lib"],"crate_types":["lib"],"name":"im_rc","src_path":"/mnt/data1/nix/vendor/rust/cargo2nix/submodules/im-rs/rc/../src/lib.rs","edition":"2018","doc":true,"doctest":true,"test":true},"message":{"rendered":"warning: unexpected `cfg` condition name: `has_specialisation`\n    --> submodules/im-rs/rc/../src/vector/mod.rs:1729:7\n     |\n1729 | #[cfg(has_specialisation)]\n     |       ^^^^^^^^^^^^^^^^^^\n     |\n     = help: consider using a Cargo feature instead\n     = help: or consider adding in `Cargo.toml` the `check-cfg` lint config for the lint:\n              [lints.rust]\n              unexpected_cfgs = { level = \"warn\", check-cfg = ['cfg(has_specialisation)'] }\n     = help: or consider adding `println!(\"cargo::rustc-check-cfg=cfg(has_specialisation)\");` to the top of the `build.rs`\n     = note: see <https://doc.rust-lang.org/nightly/rustc/check-cfg/cargo-specifics.html> for more information about checking conditional configuration\n\n","$message_type":"diagnostic","children":[{"children":[],"code":null,"level":"help","message":"consider using a Cargo feature instead","rendered":null,"spans":[]},{"children":[],"code":null,"level":"help","message":"or consider adding in `Cargo.toml` the `check-cfg` lint config for the lint:\n [lints.rust]\n unexpected_cfgs = { level = \"warn\", check-cfg = ['cfg(has_specialisation)'] }","rendered":null,"spans":[]},{"children":[],"code":null,"level":"help","message":"or consider adding `println!(\"cargo::rustc-check-cfg=cfg(has_specialisation)\");` to the top of the `build.rs`","rendered":null,"spans":[]},{"children":[],"code":null,"level":"note","message":"see <https://doc.rust-lang.org/nightly/rustc/check-cfg/cargo-specifics.html> for more information about checking conditional configuration","rendered":null,"spans":[]}],"code":{"code":"unexpected_cfgs","explanation":null},"level":"warning","message":"unexpected `cfg` condition name: `has_specialisation`","spans":[{"byte_end":58218,"byte_start":58200,"column_end":25,"column_start":7,"expansion":null,"file_name":"submodules/im-rs/rc/../src/vector/mod.rs","is_primary":true,"label":null,"line_end":1729,"line_start":1729,"suggested_replacement":null,"suggestion_applicability":null,"text":[{"highlight_end":25,"highlight_start":7,"text":"#[cfg(has_specialisation)]"}]}]}}
{"reason":"compiler-message","package_id":"path+file:///mnt/data1/nix/vendor/rust/cargo2nix/submodules/im-rs/rc#im-rc@15.1.0","manifest_path":"/mnt/data1/nix/vendor/rust/cargo2nix/submodules/im-rs/rc/Cargo.toml","target":{"kind":["lib"],"crate_types":["lib"],"name":"im_rc","src_path":"/mnt/data1/nix/vendor/rust/cargo2nix/submodules/im-rs/rc/../src/lib.rs","edition":"2018","doc":true,"doctest":true,"test":true},"message":{"rendered":"warning: unexpected `cfg` condition name: `threadsafe`\n   --> submodules/im-rs/rc/../src/vector/focus.rs:280:7\n    |\n280 | #[cfg(threadsafe)]\n    |       ^^^^^^^^^^\n    |\n    = help: consider using a Cargo feature instead\n    = help: or consider adding in `Cargo.toml` the `check-cfg` lint config for the lint:\n             [lints.rust]\n             unexpected_cfgs = { level = \"warn\", check-cfg = ['cfg(threadsafe)'] }\n    = help: or consider adding `println!(\"cargo::rustc-check-cfg=cfg(threadsafe)\");` to the top of the `build.rs`\n    = note: see <https://doc.rust-lang.org/nightly/rustc/check-cfg/cargo-specifics.html> for more information about checking conditional configuration\n\n","$message_type":"diagnostic","children":[{"children":[],"code":null,"level":"help","message":"consider using a Cargo feature instead","rendered":null,"spans":[]},{"children":[],"code":null,"level":"help","message":"or consider adding in `Cargo.toml` the `check-cfg` lint config for the lint:\n [lints.rust]\n unexpected_cfgs = { level = \"warn\", check-cfg = ['cfg(threadsafe)'] }","rendered":null,"spans":[]},{"children":[],"code":null,"level":"help","message":"or consider adding `println!(\"cargo::rustc-check-cfg=cfg(threadsafe)\");` to the top of the `build.rs`","rendered":null,"spans":[]},{"children":[],"code":null,"level":"note","message":"see <https://doc.rust-lang.org/nightly/rustc/check-cfg/cargo-specifics.html> for more information about checking conditional configuration","rendered":null,"spans":[]}],"code":{"code":"unexpected_cfgs","explanation":null},"level":"warning","message":"unexpected `cfg` condition name: `threadsafe`","spans":[{"byte_end":9167,"byte_start":9157,"column_end":17,"column_start":7,"expansion":null,"file_name":"submodules/im-rs/rc/../src/vector/focus.rs","is_primary":true,"label":null,"line_end":280,"line_start":280,"suggested_replacement":null,"suggestion_applicability":null,"text":[{"highlight_end":17,"highlight_start":7,"text":"#[cfg(threadsafe)]"}]}]}}
{"reason":"compiler-message","package_id":"path+file:///mnt/data1/nix/vendor/rust/cargo2nix/submodules/im-rs/rc#im-rc@15.1.0","manifest_path":"/mnt/data1/nix/vendor/rust/cargo2nix/submodules/im-rs/rc/Cargo.toml","target":{"kind":["lib"],"crate_types":["lib"],"name":"im_rc","src_path":"/mnt/data1/nix/vendor/rust/cargo2nix/submodules/im-rs/rc/../src/lib.rs","edition":"2018","doc":true,"doctest":true,"test":true},"message":{"rendered":"warning: unexpected `cfg` condition name: `threadsafe`\n   --> submodules/im-rs/rc/../src/vector/focus.rs:283:7\n    |\n283 | #[cfg(threadsafe)]\n    |       ^^^^^^^^^^\n    |\n    = help: consider using a Cargo feature instead\n    = help: or consider adding in `Cargo.toml` the `check-cfg` lint config for the lint:\n             [lints.rust]\n             unexpected_cfgs = { level = \"warn\", check-cfg = ['cfg(threadsafe)'] }\n    = help: or consider adding `println!(\"cargo::rustc-check-cfg=cfg(threadsafe)\");` to the top of the `build.rs`\n    = note: see <https://doc.rust-lang.org/nightly/rustc/check-cfg/cargo-specifics.html> for more information about checking conditional configuration\n\n","$message_type":"diagnostic","children":[{"children":[],"code":null,"level":"help","message":"consider using a Cargo feature instead","rendered":null,"spans":[]},{"children":[],"code":null,"level":"help","message":"or consider adding in `Cargo.toml` the `check-cfg` lint config for the lint:\n [lints.rust]\n unexpected_cfgs = { level = \"warn\", check-cfg = ['cfg(threadsafe)'] }","rendered":null,"spans":[]},{"children":[],"code":null,"level":"help","message":"or consider adding `println!(\"cargo::rustc-check-cfg=cfg(threadsafe)\");` to the top of the `build.rs`","rendered":null,"spans":[]},{"children":[],"code":null,"level":"note","message":"see <https://doc.rust-lang.org/nightly/rustc/check-cfg/cargo-specifics.html> for more information about checking conditional configuration","rendered":null,"spans":[]}],"code":{"code":"unexpected_cfgs","explanation":null},"level":"warning","message":"unexpected `cfg` condition name: `threadsafe`","spans":[{"byte_end":9254,"byte_start":9244,"column_end":17,"column_start":7,"expansion":null,"file_name":"submodules/im-rs/rc/../src/vector/focus.rs","is_primary":true,"label":null,"line_end":283,"line_start":283,"suggested_replacement":null,"suggestion_applicability":null,"text":[{"highlight_end":17,"highlight_start":7,"text":"#[cfg(threadsafe)]"}]}]}}
{"reason":"compiler-artifact","package_id":"path+file:///mnt/data1/nix/vendor/rust/cargo2nix/submodules/im-rs/rc#im-rc@15.1.0","manifest_path":"/mnt/data1/nix/vendor/rust/cargo2nix/submodules/im-rs/rc/Cargo.toml","target":{"kind":["lib"],"crate_types":["lib"],"name":"im_rc","src_path":"/mnt/data1/nix/vendor/rust/cargo2nix/submodules/im-rs/rc/../src/lib.rs","edition":"2018","doc":true,"doctest":true,"test":true},"profile":{"opt_level":"0","debuginfo":2,"debug_assertions":true,"overflow_checks":true,"test":false},"features":[],"filenames":["/mnt/data1/nix/vendor/rust/cargo2nix/target/debug/deps/libim_rc-f01101d5daf894ff.rlib","/mnt/data1/nix/vendor/rust/cargo2nix/target/debug/deps/libim_rc-f01101d5daf894ff.rmeta"],"executable":null,"fresh":false}
{"reason":"compiler-artifact","package_id":"path+file:///mnt/data1/nix/vendor/rust/cargo2nix/submodules/clap/clap_derive#4.5.49","manifest_path":"/mnt/data1/nix/vendor/rust/cargo2nix/submodules/clap/clap_derive/Cargo.toml","target":{"kind":["proc-macro"],"crate_types":["proc-macro"],"name":"clap_derive","src_path":"/mnt/data1/nix/vendor/rust/cargo2nix/submodules/clap/clap_derive/src/lib.rs","edition":"2024","doc":true,"doctest":true,"test":true},"profile":{"opt_level":"0","debuginfo":0,"debug_assertions":true,"overflow_checks":true,"test":false},"features":["default"],"filenames":["/mnt/data1/nix/vendor/rust/cargo2nix/target/debug/deps/libclap_derive-e91d25cf9eef5edf.so"],"executable":null,"fresh":false}
   Compiling clap v4.5.51 (/mnt/data1/nix/vendor/rust/cargo2nix/submodules/clap)
   Compiling clap_complete v4.5.60 (/mnt/data1/nix/vendor/rust/cargo2nix/submodules/clap/clap_complete)
{"reason":"compiler-artifact","package_id":"path+file:///mnt/data1/nix/vendor/rust/cargo2nix/submodules/clap#4.5.51","manifest_path":"/mnt/data1/nix/vendor/rust/cargo2nix/submodules/clap/Cargo.toml","target":{"kind":["lib"],"crate_types":["lib"],"name":"clap","src_path":"/mnt/data1/nix/vendor/rust/cargo2nix/submodules/clap/src/lib.rs","edition":"2024","doc":true,"doctest":true,"test":true},"profile":{"opt_level":"0","debuginfo":2,"debug_assertions":true,"overflow_checks":true,"test":false},"features":["color","default","derive","error-context","help","std","suggestions","usage","wrap_help"],"filenames":["/mnt/data1/nix/vendor/rust/cargo2nix/target/debug/deps/libclap-06989d15a2519073.rlib","/mnt/data1/nix/vendor/rust/cargo2nix/target/debug/deps/libclap-06989d15a2519073.rmeta"],"executable":null,"fresh":false}
   Compiling cargo v0.94.0 (/mnt/data1/nix/vendor/rust/cargo2nix/submodules/cargo)
{"reason":"compiler-artifact","package_id":"path+file:///mnt/data1/nix/vendor/rust/cargo2nix/submodules/clap/clap_complete#4.5.60","manifest_path":"/mnt/data1/nix/vendor/rust/cargo2nix/submodules/clap/clap_complete/Cargo.toml","target":{"kind":["lib"],"crate_types":["lib"],"name":"clap_complete","src_path":"/mnt/data1/nix/vendor/rust/cargo2nix/submodules/clap/clap_complete/src/lib.rs","edition":"2024","doc":true,"doctest":true,"test":true},"profile":{"opt_level":"0","debuginfo":2,"debug_assertions":true,"overflow_checks":true,"test":false},"features":["default"],"filenames":["/mnt/data1/nix/vendor/rust/cargo2nix/target/debug/deps/libclap_complete-b2f1624fe9e3484f.rlib","/mnt/data1/nix/vendor/rust/cargo2nix/target/debug/deps/libclap_complete-b2f1624fe9e3484f.rmeta"],"executable":null,"fresh":false}
{"reason":"compiler-message","package_id":"path+file:///mnt/data1/nix/vendor/rust/cargo2nix/submodules/cargo#0.94.0","manifest_path":"/mnt/data1/nix/vendor/rust/cargo2nix/submodules/cargo/Cargo.toml","target":{"kind":["lib"],"crate_types":["lib"],"name":"cargo","src_path":"/mnt/data1/nix/vendor/rust/cargo2nix/submodules/cargo/src/cargo/lib.rs","edition":"2024","doc":true,"doctest":true,"test":true},"message":{"rendered":"warning: unused import: `crate::util::toml::is_embedded`\n  --> submodules/cargo/src/cargo/util/command_prelude.rs:15:5\n   |\n15 | use crate::util::toml::is_embedded;\n   |     ^^^^^^^^^^^^^^^^^^^^^^^^^^^^^^\n   |\n   = note: `#[warn(unused_imports)]` (part of `#[warn(unused)]`) on by default\n\n","$message_type":"diagnostic","children":[{"children":[],"code":null,"level":"note","message":"`#[warn(unused_imports)]` (part of `#[warn(unused)]`) on by default","rendered":null,"spans":[]},{"children":[],"code":null,"level":"help","message":"remove the whole `use` item","rendered":null,"spans":[{"byte_end":701,"byte_start":665,"column_end":1,"column_start":1,"expansion":null,"file_name":"submodules/cargo/src/cargo/util/command_prelude.rs","is_primary":true,"label":null,"line_end":16,"line_start":15,"suggested_replacement":"","suggestion_applicability":"MachineApplicable","text":[{"highlight_end":36,"highlight_start":1,"text":"use crate::util::toml::is_embedded;"},{"highlight_end":1,"highlight_start":1,"text":"use crate::util::{"}]}]}],"code":{"code":"unused_imports","explanation":null},"level":"warning","message":"unused import: `crate::util::toml::is_embedded`","spans":[{"byte_end":699,"byte_start":669,"column_end":35,"column_start":5,"expansion":null,"file_name":"submodules/cargo/src/cargo/util/command_prelude.rs","is_primary":true,"label":null,"line_end":15,"line_start":15,"suggested_replacement":null,"suggestion_applicability":null,"text":[{"highlight_end":35,"highlight_start":5,"text":"use crate::util::toml::is_embedded;"}]}]}}
{"reason":"compiler-message","package_id":"path+file:///mnt/data1/nix/vendor/rust/cargo2nix/submodules/cargo#0.94.0","manifest_path":"/mnt/data1/nix/vendor/rust/cargo2nix/submodules/cargo/Cargo.toml","target":{"kind":["lib"],"crate_types":["lib"],"name":"cargo","src_path":"/mnt/data1/nix/vendor/rust/cargo2nix/submodules/cargo/src/cargo/lib.rs","edition":"2024","doc":true,"doctest":true,"test":true},"message":{"rendered":"warning: unused variable: `cfg`\n   --> submodules/cargo/src/cargo/sources/git/utils.rs:587:5\n    |\n587 |     cfg: &git2::Config,\n    |     ^^^ help: if this is intentional, prefix it with an underscore: `_cfg`\n    |\n    = note: `#[warn(unused_variables)]` (part of `#[warn(unused)]`) on by default\n\n","$message_type":"diagnostic","children":[{"children":[],"code":null,"level":"note","message":"`#[warn(unused_variables)]` (part of `#[warn(unused)]`) on by default","rendered":null,"spans":[]},{"children":[],"code":null,"level":"help","message":"if this is intentional, prefix it with an underscore","rendered":null,"spans":[{"byte_end":21991,"byte_start":21988,"column_end":8,"column_start":5,"expansion":null,"file_name":"submodules/cargo/src/cargo/sources/git/utils.rs","is_primary":true,"label":null,"line_end":587,"line_start":587,"suggested_replacement":"_cfg","suggestion_applicability":"MaybeIncorrect","text":[{"highlight_end":8,"highlight_start":5,"text":"    cfg: &git2::Config,"}]}]}],"code":{"code":"unused_variables","explanation":null},"level":"warning","message":"unused variable: `cfg`","spans":[{"byte_end":21991,"byte_start":21988,"column_end":8,"column_start":5,"expansion":null,"file_name":"submodules/cargo/src/cargo/sources/git/utils.rs","is_primary":true,"label":null,"line_end":587,"line_start":587,"suggested_replacement":null,"suggestion_applicability":null,"text":[{"highlight_end":8,"highlight_start":5,"text":"    cfg: &git2::Config,"}]}]}}
{"reason":"compiler-message","package_id":"path+file:///mnt/data1/nix/vendor/rust/cargo2nix/submodules/cargo#0.94.0","manifest_path":"/mnt/data1/nix/vendor/rust/cargo2nix/submodules/cargo/Cargo.toml","target":{"kind":["lib"],"crate_types":["lib"],"name":"cargo","src_path":"/mnt/data1/nix/vendor/rust/cargo2nix/submodules/cargo/src/cargo/lib.rs","edition":"2024","doc":true,"doctest":true,"test":true},"message":{"rendered":"warning: unused variable: `username`\n   --> submodules/cargo/src/cargo/sources/git/utils.rs:625:25\n    |\n625 |             if let Some(username) = username_in_cb {\n    |                         ^^^^^^^^ help: if this is intentional, prefix it with an underscore: `_username`\n\n","$message_type":"diagnostic","children":[{"children":[],"code":null,"level":"help","message":"if this is intentional, prefix it with an underscore","rendered":null,"spans":[{"byte_end":23505,"byte_start":23497,"column_end":33,"column_start":25,"expansion":null,"file_name":"submodules/cargo/src/cargo/sources/git/utils.rs","is_primary":true,"label":null,"line_end":625,"line_start":625,"suggested_replacement":"_username","suggestion_applicability":"MaybeIncorrect","text":[{"highlight_end":33,"highlight_start":25,"text":"            if let Some(username) = username_in_cb {"}]}]}],"code":{"code":"unused_variables","explanation":null},"level":"warning","message":"unused variable: `username`","spans":[{"byte_end":23505,"byte_start":23497,"column_end":33,"column_start":25,"expansion":null,"file_name":"submodules/cargo/src/cargo/sources/git/utils.rs","is_primary":true,"label":null,"line_end":625,"line_start":625,"suggested_replacement":null,"suggestion_applicability":null,"text":[{"highlight_end":33,"highlight_start":25,"text":"            if let Some(username) = username_in_cb {"}]}]}}
{"reason":"compiler-message","package_id":"path+file:///mnt/data1/nix/vendor/rust/cargo2nix/submodules/cargo#0.94.0","manifest_path":"/mnt/data1/nix/vendor/rust/cargo2nix/submodules/cargo/Cargo.toml","target":{"kind":["lib"],"crate_types":["lib"],"name":"cargo","src_path":"/mnt/data1/nix/vendor/rust/cargo2nix/submodules/cargo/src/cargo/lib.rs","edition":"2024","doc":true,"doctest":true,"test":true},"message":{"rendered":"warning: variable does not need to be mutable\n   --> submodules/cargo/src/cargo/sources/git/utils.rs:627:43\n    |\n627 | ...                   if let Ok(mut cred) = git2::Cred::default() { // default will try config\n    |                                 ----^^^^\n    |                                 |\n    |                                 help: remove this `mut`\n    |\n    = note: `#[warn(unused_mut)]` (part of `#[warn(unused)]`) on by default\n\n","$message_type":"diagnostic","children":[{"children":[],"code":null,"level":"note","message":"`#[warn(unused_mut)]` (part of `#[warn(unused)]`) on by default","rendered":null,"spans":[]},{"children":[],"code":null,"level":"help","message":"remove this `mut`","rendered":null,"spans":[{"byte_end":23631,"byte_start":23627,"column_end":47,"column_start":43,"expansion":null,"file_name":"submodules/cargo/src/cargo/sources/git/utils.rs","is_primary":true,"label":null,"line_end":627,"line_start":627,"suggested_replacement":"","suggestion_applicability":"MachineApplicable","text":[{"highlight_end":47,"highlight_start":43,"text":"                                if let Ok(mut cred) = git2::Cred::default() { // default will try config"}]}]}],"code":{"code":"unused_mut","explanation":null},"level":"warning","message":"variable does not need to be mutable","spans":[{"byte_end":23635,"byte_start":23627,"column_end":51,"column_start":43,"expansion":null,"file_name":"submodules/cargo/src/cargo/sources/git/utils.rs","is_primary":true,"label":null,"line_end":627,"line_start":627,"suggested_replacement":null,"suggestion_applicability":null,"text":[{"highlight_end":51,"highlight_start":43,"text":"                                if let Ok(mut cred) = git2::Cred::default() { // default will try config"}]}]}}
{"reason":"compiler-message","package_id":"path+file:///mnt/data1/nix/vendor/rust/cargo2nix/submodules/cargo#0.94.0","manifest_path":"/mnt/data1/nix/vendor/rust/cargo2nix/submodules/cargo/Cargo.toml","target":{"kind":["lib"],"crate_types":["lib"],"name":"cargo","src_path":"/mnt/data1/nix/vendor/rust/cargo2nix/submodules/cargo/src/cargo/lib.rs","edition":"2024","doc":true,"doctest":true,"test":true},"message":{"rendered":"warning: unused variable: `s`\n  --> submodules/cargo/src/cargo/util/command_prelude.rs:97:74\n   |\n97 | ...   .value_parser(clap::builder::ValueParser::from(move |s: &'_ str| get_ws_member_candidates().map_err(|e| clap::Error::raw(clap::erro...\n   |                                                            ^ help: if this is intentional, prefix it with an underscore: `_s`\n\n","$message_type":"diagnostic","children":[{"children":[],"code":null,"level":"help","message":"if this is intentional, prefix it with an underscore","rendered":null,"spans":[{"byte_end":3664,"byte_start":3663,"column_end":75,"column_start":74,"expansion":null,"file_name":"submodules/cargo/src/cargo/util/command_prelude.rs","is_primary":true,"label":null,"line_end":97,"line_start":97,"suggested_replacement":"_s","suggestion_applicability":"MaybeIncorrect","text":[{"highlight_end":75,"highlight_start":74,"text":"                    .value_parser(clap::builder::ValueParser::from(move |s: &'_ str| get_ws_member_candidates().map_err(|e| clap::Error::raw(clap::error::ErrorKind::ValueValidation, e.to_string())))),"}]}]}],"code":{"code":"unused_variables","explanation":null},"level":"warning","message":"unused variable: `s`","spans":[{"byte_end":3664,"byte_start":3663,"column_end":75,"column_start":74,"expansion":null,"file_name":"submodules/cargo/src/cargo/util/command_prelude.rs","is_primary":true,"label":null,"line_end":97,"line_start":97,"suggested_replacement":null,"suggestion_applicability":null,"text":[{"highlight_end":75,"highlight_start":74,"text":"                    .value_parser(clap::builder::ValueParser::from(move |s: &'_ str| get_ws_member_candidates().map_err(|e| clap::Error::raw(clap::error::ErrorKind::ValueValidation, e.to_string())))),"}]}]}}
{"reason":"compiler-message","package_id":"path+file:///mnt/data1/nix/vendor/rust/cargo2nix/submodules/cargo#0.94.0","manifest_path":"/mnt/data1/nix/vendor/rust/cargo2nix/submodules/cargo/Cargo.toml","target":{"kind":["lib"],"crate_types":["lib"],"name":"cargo","src_path":"/mnt/data1/nix/vendor/rust/cargo2nix/submodules/cargo/src/cargo/lib.rs","edition":"2024","doc":true,"doctest":true,"test":true},"message":{"rendered":"warning: unused variable: `s`\n   --> submodules/cargo/src/cargo/util/command_prelude.rs:104:74\n    |\n104 |                     .value_parser(clap::builder::ValueParser::from(move |s: &'_ str| package_completion())),\n    |                                                                          ^ help: if this is intentional, prefix it with an underscore: `_s`\n\n","$message_type":"diagnostic","children":[{"children":[],"code":null,"level":"help","message":"if this is intentional, prefix it with an underscore","rendered":null,"spans":[{"byte_end":4096,"byte_start":4095,"column_end":75,"column_start":74,"expansion":null,"file_name":"submodules/cargo/src/cargo/util/command_prelude.rs","is_primary":true,"label":null,"line_end":104,"line_start":104,"suggested_replacement":"_s","suggestion_applicability":"MaybeIncorrect","text":[{"highlight_end":75,"highlight_start":74,"text":"                    .value_parser(clap::builder::ValueParser::from(move |s: &'_ str| package_completion())),"}]}]}],"code":{"code":"unused_variables","explanation":null},"level":"warning","message":"unused variable: `s`","spans":[{"byte_end":4096,"byte_start":4095,"column_end":75,"column_start":74,"expansion":null,"file_name":"submodules/cargo/src/cargo/util/command_prelude.rs","is_primary":true,"label":null,"line_end":104,"line_start":104,"suggested_replacement":null,"suggestion_applicability":null,"text":[{"highlight_end":75,"highlight_start":74,"text":"                    .value_parser(clap::builder::ValueParser::from(move |s: &'_ str| package_completion())),"}]}]}}
{"reason":"compiler-message","package_id":"path+file:///mnt/data1/nix/vendor/rust/cargo2nix/submodules/cargo#0.94.0","manifest_path":"/mnt/data1/nix/vendor/rust/cargo2nix/submodules/cargo/Cargo.toml","target":{"kind":["lib"],"crate_types":["lib"],"name":"cargo","src_path":"/mnt/data1/nix/vendor/rust/cargo2nix/submodules/cargo/src/cargo/lib.rs","edition":"2024","doc":true,"doctest":true,"test":true},"message":{"rendered":"warning: unused variable: `s`\n   --> submodules/cargo/src/cargo/util/command_prelude.rs:117:70\n    |\n117 |                 .value_parser(clap::builder::ValueParser::from(move |s: &'_ str| package_completion())),\n    |                                                                      ^ help: if this is intentional, prefix it with an underscore: `_s`\n\n","$message_type":"diagnostic","children":[{"children":[],"code":null,"level":"help","message":"if this is intentional, prefix it with an underscore","rendered":null,"spans":[{"byte_end":4549,"byte_start":4548,"column_end":71,"column_start":70,"expansion":null,"file_name":"submodules/cargo/src/cargo/util/command_prelude.rs","is_primary":true,"label":null,"line_end":117,"line_start":117,"suggested_replacement":"_s","suggestion_applicability":"MaybeIncorrect","text":[{"highlight_end":71,"highlight_start":70,"text":"                .value_parser(clap::builder::ValueParser::from(move |s: &'_ str| package_completion())),"}]}]}],"code":{"code":"unused_variables","explanation":null},"level":"warning","message":"unused variable: `s`","spans":[{"byte_end":4549,"byte_start":4548,"column_end":71,"column_start":70,"expansion":null,"file_name":"submodules/cargo/src/cargo/util/command_prelude.rs","is_primary":true,"label":null,"line_end":117,"line_start":117,"suggested_replacement":null,"suggestion_applicability":null,"text":[{"highlight_end":71,"highlight_start":70,"text":"                .value_parser(clap::builder::ValueParser::from(move |s: &'_ str| package_completion())),"}]}]}}
{"reason":"compiler-message","package_id":"path+file:///mnt/data1/nix/vendor/rust/cargo2nix/submodules/cargo#0.94.0","manifest_path":"/mnt/data1/nix/vendor/rust/cargo2nix/submodules/cargo/Cargo.toml","target":{"kind":["lib"],"crate_types":["lib"],"name":"cargo","src_path":"/mnt/data1/nix/vendor/rust/cargo2nix/submodules/cargo/src/cargo/lib.rs","edition":"2024","doc":true,"doctest":true,"test":true},"message":{"rendered":"warning: unused variable: `s`\n   --> submodules/cargo/src/cargo/util/command_prelude.rs:127:70\n    |\n127 | ...   .value_parser(clap::builder::ValueParser::from(move |s: &'_ str| get_ws_member_candidates().map_err(|e| clap::Error::raw(clap::erro...\n    |                                                            ^ help: if this is intentional, prefix it with an underscore: `_s`\n\n","$message_type":"diagnostic","children":[{"children":[],"code":null,"level":"help","message":"if this is intentional, prefix it with an underscore","rendered":null,"spans":[{"byte_end":4915,"byte_start":4914,"column_end":71,"column_start":70,"expansion":null,"file_name":"submodules/cargo/src/cargo/util/command_prelude.rs","is_primary":true,"label":null,"line_end":127,"line_start":127,"suggested_replacement":"_s","suggestion_applicability":"MaybeIncorrect","text":[{"highlight_end":71,"highlight_start":70,"text":"                .value_parser(clap::builder::ValueParser::from(move |s: &'_ str| get_ws_member_candidates().map_err(|e| clap::Error::raw(clap::error::ErrorKind::ValueValidation, e.to_string())))),"}]}]}],"code":{"code":"unused_variables","explanation":null},"level":"warning","message":"unused variable: `s`","spans":[{"byte_end":4915,"byte_start":4914,"column_end":71,"column_start":70,"expansion":null,"file_name":"submodules/cargo/src/cargo/util/command_prelude.rs","is_primary":true,"label":null,"line_end":127,"line_start":127,"suggested_replacement":null,"suggestion_applicability":null,"text":[{"highlight_end":71,"highlight_start":70,"text":"                .value_parser(clap::builder::ValueParser::from(move |s: &'_ str| get_ws_member_candidates().map_err(|e| clap::Error::raw(clap::error::ErrorKind::ValueValidation, e.to_string())))),"}]}]}}
{"reason":"compiler-message","package_id":"path+file:///mnt/data1/nix/vendor/rust/cargo2nix/submodules/cargo#0.94.0","manifest_path":"/mnt/data1/nix/vendor/rust/cargo2nix/submodules/cargo/Cargo.toml","target":{"kind":["lib"],"crate_types":["lib"],"name":"cargo","src_path":"/mnt/data1/nix/vendor/rust/cargo2nix/submodules/cargo/src/cargo/lib.rs","edition":"2024","doc":true,"doctest":true,"test":true},"message":{"rendered":"warning: unused variable: `command`\n   --> submodules/cargo/src/cargo/util/command_prelude.rs:160:9\n    |\n160 |         command: &'static str,\n    |         ^^^^^^^ unused variable\n...\n164 |             \"`--{{default_mode}}` is the default for `cargo {{command}}`; instead `--{{supported_mode}}` is supported\"\n    |             ---------------------------------------------------------------------------------------------------------- you might have meant to use string interpolation in this string literal\n    |\nhelp: string interpolation only works in `format!` invocations\n    |\n164 |             format!(\"`--{{default_mode}}` is the default for `cargo {{command}}`; instead `--{{supported_mode}}` is supported\")\n    |             ++++++++                                                                                                          +\nhelp: if this is intentional, prefix it with an underscore\n    |\n160 |         _command: &'static str,\n    |         +\n\n","$message_type":"diagnostic","children":[{"children":[],"code":null,"level":"help","message":"string interpolation only works in `format!` invocations","rendered":null,"spans":[{"byte_end":6152,"byte_start":6152,"column_end":13,"column_start":13,"expansion":null,"file_name":"submodules/cargo/src/cargo/util/command_prelude.rs","is_primary":true,"label":null,"line_end":164,"line_start":164,"suggested_replacement":"format!(","suggestion_applicability":"MachineApplicable","text":[{"highlight_end":13,"highlight_start":13,"text":"            \"`--{{default_mode}}` is the default for `cargo {{command}}`; instead `--{{supported_mode}}` is supported\""}]},{"byte_end":6258,"byte_start":6258,"column_end":119,"column_start":119,"expansion":null,"file_name":"submodules/cargo/src/cargo/util/command_prelude.rs","is_primary":true,"label":null,"line_end":164,"line_start":164,"suggested_replacement":")","suggestion_applicability":"MachineApplicable","text":[{"highlight_end":119,"highlight_start":119,"text":"            \"`--{{default_mode}}` is the default for `cargo {{command}}`; instead `--{{supported_mode}}` is supported\""}]}]},{"children":[],"code":null,"level":"help","message":"if this is intentional, prefix it with an underscore","rendered":null,"spans":[{"byte_end":6043,"byte_start":6036,"column_end":16,"column_start":9,"expansion":null,"file_name":"submodules/cargo/src/cargo/util/command_prelude.rs","is_primary":true,"label":null,"line_end":160,"line_start":160,"suggested_replacement":"_command","suggestion_applicability":"MaybeIncorrect","text":[{"highlight_end":16,"highlight_start":9,"text":"        command: &'static str,"}]}]}],"code":{"code":"unused_variables","explanation":null},"level":"warning","message":"unused variable: `command`","spans":[{"byte_end":6043,"byte_start":6036,"column_end":16,"column_start":9,"expansion":null,"file_name":"submodules/cargo/src/cargo/util/command_prelude.rs","is_primary":true,"label":"unused variable","line_end":160,"line_start":160,"suggested_replacement":null,"suggestion_applicability":null,"text":[{"highlight_end":16,"highlight_start":9,"text":"        command: &'static str,"}]},{"byte_end":6258,"byte_start":6152,"column_end":119,"column_start":13,"expansion":null,"file_name":"submodules/cargo/src/cargo/util/command_prelude.rs","is_primary":false,"label":"you might have meant to use string interpolation in this string literal","line_end":164,"line_start":164,"suggested_replacement":null,"suggestion_applicability":null,"text":[{"highlight_end":119,"highlight_start":13,"text":"            \"`--{{default_mode}}` is the default for `cargo {{command}}`; instead `--{{supported_mode}}` is supported\""}]}]}}
{"reason":"compiler-message","package_id":"path+file:///mnt/data1/nix/vendor/rust/cargo2nix/submodules/cargo#0.94.0","manifest_path":"/mnt/data1/nix/vendor/rust/cargo2nix/submodules/cargo/Cargo.toml","target":{"kind":["lib"],"crate_types":["lib"],"name":"cargo","src_path":"/mnt/data1/nix/vendor/rust/cargo2nix/submodules/cargo/src/cargo/lib.rs","edition":"2024","doc":true,"doctest":true,"test":true},"message":{"rendered":"warning: unused variable: `supported_mode`\n   --> submodules/cargo/src/cargo/util/command_prelude.rs:161:9\n    |\n161 |         supported_mode: &'static str,\n    |         ^^^^^^^^^^^^^^ unused variable\n...\n164 |             \"`--{{default_mode}}` is the default for `cargo {{command}}`; instead `--{{supported_mode}}` is supported\"\n    |             ---------------------------------------------------------------------------------------------------------- you might have meant to use string interpolation in this string literal\n    |\nhelp: string interpolation only works in `format!` invocations\n    |\n164 |             format!(\"`--{{default_mode}}` is the default for `cargo {{command}}`; instead `--{{supported_mode}}` is supported\")\n    |             ++++++++                                                                                                          +\nhelp: if this is intentional, prefix it with an underscore\n    |\n161 |         _supported_mode: &'static str,\n    |         +\n\n","$message_type":"diagnostic","children":[{"children":[],"code":null,"level":"help","message":"string interpolation only works in `format!` invocations","rendered":null,"spans":[{"byte_end":6152,"byte_start":6152,"column_end":13,"column_start":13,"expansion":null,"file_name":"submodules/cargo/src/cargo/util/command_prelude.rs","is_primary":true,"label":null,"line_end":164,"line_start":164,"suggested_replacement":"format!(","suggestion_applicability":"MachineApplicable","text":[{"highlight_end":13,"highlight_start":13,"text":"            \"`--{{default_mode}}` is the default for `cargo {{command}}`; instead `--{{supported_mode}}` is supported\""}]},{"byte_end":6258,"byte_start":6258,"column_end":119,"column_start":119,"expansion":null,"file_name":"submodules/cargo/src/cargo/util/command_prelude.rs","is_primary":true,"label":null,"line_end":164,"line_start":164,"suggested_replacement":")","suggestion_applicability":"MachineApplicable","text":[{"highlight_end":119,"highlight_start":119,"text":"            \"`--{{default_mode}}` is the default for `cargo {{command}}`; instead `--{{supported_mode}}` is supported\""}]}]},{"children":[],"code":null,"level":"help","message":"if this is intentional, prefix it with an underscore","rendered":null,"spans":[{"byte_end":6081,"byte_start":6067,"column_end":23,"column_start":9,"expansion":null,"file_name":"submodules/cargo/src/cargo/util/command_prelude.rs","is_primary":true,"label":null,"line_end":161,"line_start":161,"suggested_replacement":"_supported_mode","suggestion_applicability":"MaybeIncorrect","text":[{"highlight_end":23,"highlight_start":9,"text":"        supported_mode: &'static str,"}]}]}],"code":{"code":"unused_variables","explanation":null},"level":"warning","message":"unused variable: `supported_mode`","spans":[{"byte_end":6081,"byte_start":6067,"column_end":23,"column_start":9,"expansion":null,"file_name":"submodules/cargo/src/cargo/util/command_prelude.rs","is_primary":true,"label":"unused variable","line_end":161,"line_start":161,"suggested_replacement":null,"suggestion_applicability":null,"text":[{"highlight_end":23,"highlight_start":9,"text":"        supported_mode: &'static str,"}]},{"byte_end":6258,"byte_start":6152,"column_end":119,"column_start":13,"expansion":null,"file_name":"submodules/cargo/src/cargo/util/command_prelude.rs","is_primary":false,"label":"you might have meant to use string interpolation in this string literal","line_end":164,"line_start":164,"suggested_replacement":null,"suggestion_applicability":null,"text":[{"highlight_end":119,"highlight_start":13,"text":"            \"`--{{default_mode}}` is the default for `cargo {{command}}`; instead `--{{supported_mode}}` is supported\""}]}]}}
{"reason":"compiler-message","package_id":"path+file:///mnt/data1/nix/vendor/rust/cargo2nix/submodules/cargo#0.94.0","manifest_path":"/mnt/data1/nix/vendor/rust/cargo2nix/submodules/cargo/Cargo.toml","target":{"kind":["lib"],"crate_types":["lib"],"name":"cargo","src_path":"/mnt/data1/nix/vendor/rust/cargo2nix/submodules/cargo/src/cargo/lib.rs","edition":"2024","doc":true,"doctest":true,"test":true},"message":{"rendered":"warning: unused variable: `s`\n   --> submodules/cargo/src/cargo/util/command_prelude.rs:193:74\n    |\n193 | ...   .value_parser(clap::builder::ValueParser::from(move |s: &'_ str| get_crate_candidates(TargetKind::Test).map_err(|e| clap::Error::ra...\n    |                                                            ^ help: if this is intentional, prefix it with an underscore: `_s`\n\n","$message_type":"diagnostic","children":[{"children":[],"code":null,"level":"help","message":"if this is intentional, prefix it with an underscore","rendered":null,"spans":[{"byte_end":7236,"byte_start":7235,"column_end":75,"column_start":74,"expansion":null,"file_name":"submodules/cargo/src/cargo/util/command_prelude.rs","is_primary":true,"label":null,"line_end":193,"line_start":193,"suggested_replacement":"_s","suggestion_applicability":"MaybeIncorrect","text":[{"highlight_end":75,"highlight_start":74,"text":"                    .value_parser(clap::builder::ValueParser::from(move |s: &'_ str| get_crate_candidates(TargetKind::Test).map_err(|e| clap::Error::raw(clap::error::ErrorKind::ValueValidation, e.to_string())))),"}]}]}],"code":{"code":"unused_variables","explanation":null},"level":"warning","message":"unused variable: `s`","spans":[{"byte_end":7236,"byte_start":7235,"column_end":75,"column_start":74,"expansion":null,"file_name":"submodules/cargo/src/cargo/util/command_prelude.rs","is_primary":true,"label":null,"line_end":193,"line_start":193,"suggested_replacement":null,"suggestion_applicability":null,"text":[{"highlight_end":75,"highlight_start":74,"text":"                    .value_parser(clap::builder::ValueParser::from(move |s: &'_ str| get_crate_candidates(TargetKind::Test).map_err(|e| clap::Error::raw(clap::error::ErrorKind::ValueValidation, e.to_string())))),"}]}]}}
{"reason":"compiler-message","package_id":"path+file:///mnt/data1/nix/vendor/rust/cargo2nix/submodules/cargo#0.94.0","manifest_path":"/mnt/data1/nix/vendor/rust/cargo2nix/submodules/cargo/Cargo.toml","target":{"kind":["lib"],"crate_types":["lib"],"name":"cargo","src_path":"/mnt/data1/nix/vendor/rust/cargo2nix/submodules/cargo/src/cargo/lib.rs","edition":"2024","doc":true,"doctest":true,"test":true},"message":{"rendered":"warning: unused variable: `s`\n   --> submodules/cargo/src/cargo/util/command_prelude.rs:199:74\n    |\n199 | ...   .value_parser(clap::builder::ValueParser::from(move |s: &'_ str| get_crate_candidates(TargetKind::Bench).map_err(|e| clap::Error::r...\n    |                                                            ^ help: if this is intentional, prefix it with an underscore: `_s`\n\n","$message_type":"diagnostic","children":[{"children":[],"code":null,"level":"help","message":"if this is intentional, prefix it with an underscore","rendered":null,"spans":[{"byte_end":7686,"byte_start":7685,"column_end":75,"column_start":74,"expansion":null,"file_name":"submodules/cargo/src/cargo/util/command_prelude.rs","is_primary":true,"label":null,"line_end":199,"line_start":199,"suggested_replacement":"_s","suggestion_applicability":"MaybeIncorrect","text":[{"highlight_end":75,"highlight_start":74,"text":"                    .value_parser(clap::builder::ValueParser::from(move |s: &'_ str| get_crate_candidates(TargetKind::Bench).map_err(|e| clap::Error::raw(clap::error::ErrorKind::ValueValidation, e.to_string())))),"}]}]}],"code":{"code":"unused_variables","explanation":null},"level":"warning","message":"unused variable: `s`","spans":[{"byte_end":7686,"byte_start":7685,"column_end":75,"column_start":74,"expansion":null,"file_name":"submodules/cargo/src/cargo/util/command_prelude.rs","is_primary":true,"label":null,"line_end":199,"line_start":199,"suggested_replacement":null,"suggestion_applicability":null,"text":[{"highlight_end":75,"highlight_start":74,"text":"                    .value_parser(clap::builder::ValueParser::from(move |s: &'_ str| get_crate_candidates(TargetKind::Bench).map_err(|e| clap::Error::raw(clap::error::ErrorKind::ValueValidation, e.to_string())))),"}]}]}}
{"reason":"compiler-message","package_id":"path+file:///mnt/data1/nix/vendor/rust/cargo2nix/submodules/cargo#0.94.0","manifest_path":"/mnt/data1/nix/vendor/rust/cargo2nix/submodules/cargo/Cargo.toml","target":{"kind":["lib"],"crate_types":["lib"],"name":"cargo","src_path":"/mnt/data1/nix/vendor/rust/cargo2nix/submodules/cargo/src/cargo/lib.rs","edition":"2024","doc":true,"doctest":true,"test":true},"message":{"rendered":"warning: unused variable: `s`\n   --> submodules/cargo/src/cargo/util/command_prelude.rs:217:74\n    |\n217 | ...   .value_parser(clap::builder::ValueParser::from(move |s: &'_ str| get_crate_candidates(TargetKind::Bin).map_err(|e| clap::Error::raw...\n    |                                                            ^ help: if this is intentional, prefix it with an underscore: `_s`\n\n","$message_type":"diagnostic","children":[{"children":[],"code":null,"level":"help","message":"if this is intentional, prefix it with an underscore","rendered":null,"spans":[{"byte_end":8505,"byte_start":8504,"column_end":75,"column_start":74,"expansion":null,"file_name":"submodules/cargo/src/cargo/util/command_prelude.rs","is_primary":true,"label":null,"line_end":217,"line_start":217,"suggested_replacement":"_s","suggestion_applicability":"MaybeIncorrect","text":[{"highlight_end":75,"highlight_start":74,"text":"                    .value_parser(clap::builder::ValueParser::from(move |s: &'_ str| get_crate_candidates(TargetKind::Bin).map_err(|e| clap::Error::raw(clap::error::ErrorKind::ValueValidation, e.to_string())))),"}]}]}],"code":{"code":"unused_variables","explanation":null},"level":"warning","message":"unused variable: `s`","spans":[{"byte_end":8505,"byte_start":8504,"column_end":75,"column_start":74,"expansion":null,"file_name":"submodules/cargo/src/cargo/util/command_prelude.rs","is_primary":true,"label":null,"line_end":217,"line_start":217,"suggested_replacement":null,"suggestion_applicability":null,"text":[{"highlight_end":75,"highlight_start":74,"text":"                    .value_parser(clap::builder::ValueParser::from(move |s: &'_ str| get_crate_candidates(TargetKind::Bin).map_err(|e| clap::Error::raw(clap::error::ErrorKind::ValueValidation, e.to_string())))),"}]}]}}
{"reason":"compiler-message","package_id":"path+file:///mnt/data1/nix/vendor/rust/cargo2nix/submodules/cargo#0.94.0","manifest_path":"/mnt/data1/nix/vendor/rust/cargo2nix/submodules/cargo/Cargo.toml","target":{"kind":["lib"],"crate_types":["lib"],"name":"cargo","src_path":"/mnt/data1/nix/vendor/rust/cargo2nix/submodules/cargo/src/cargo/lib.rs","edition":"2024","doc":true,"doctest":true,"test":true},"message":{"rendered":"warning: unused variable: `s`\n   --> submodules/cargo/src/cargo/util/command_prelude.rs:223:74\n    |\n223 | ...   .value_parser(clap::builder::ValueParser::from(move |s: &'_ str| get_crate_candidates(TargetKind::ExampleBin).map_err(|e| clap::Err...\n    |                                                            ^ help: if this is intentional, prefix it with an underscore: `_s`\n\n","$message_type":"diagnostic","children":[{"children":[],"code":null,"level":"help","message":"if this is intentional, prefix it with an underscore","rendered":null,"spans":[{"byte_end":8960,"byte_start":8959,"column_end":75,"column_start":74,"expansion":null,"file_name":"submodules/cargo/src/cargo/util/command_prelude.rs","is_primary":true,"label":null,"line_end":223,"line_start":223,"suggested_replacement":"_s","suggestion_applicability":"MaybeIncorrect","text":[{"highlight_end":75,"highlight_start":74,"text":"                    .value_parser(clap::builder::ValueParser::from(move |s: &'_ str| get_crate_candidates(TargetKind::ExampleBin).map_err(|e| clap::Error::raw(clap::error::ErrorKind::ValueValidation, e.to_string())))),"}]}]}],"code":{"code":"unused_variables","explanation":null},"level":"warning","message":"unused variable: `s`","spans":[{"byte_end":8960,"byte_start":8959,"column_end":75,"column_start":74,"expansion":null,"file_name":"submodules/cargo/src/cargo/util/command_prelude.rs","is_primary":true,"label":null,"line_end":223,"line_start":223,"suggested_replacement":null,"suggestion_applicability":null,"text":[{"highlight_end":75,"highlight_start":74,"text":"                    .value_parser(clap::builder::ValueParser::from(move |s: &'_ str| get_crate_candidates(TargetKind::ExampleBin).map_err(|e| clap::Error::raw(clap::error::ErrorKind::ValueValidation, e.to_string())))),"}]}]}}
{"reason":"compiler-message","package_id":"path+file:///mnt/data1/nix/vendor/rust/cargo2nix/submodules/cargo#0.94.0","manifest_path":"/mnt/data1/nix/vendor/rust/cargo2nix/submodules/cargo/Cargo.toml","target":{"kind":["lib"],"crate_types":["lib"],"name":"cargo","src_path":"/mnt/data1/nix/vendor/rust/cargo2nix/submodules/cargo/src/cargo/lib.rs","edition":"2024","doc":true,"doctest":true,"test":true},"message":{"rendered":"warning: unused variable: `s`\n   --> submodules/cargo/src/cargo/util/command_prelude.rs:237:70\n    |\n237 | ...   .value_parser(clap::builder::ValueParser::from(move |s: &'_ str| get_crate_candidates(TargetKind::Bin).map_err(|e| clap::Error::raw...\n    |                                                            ^ help: if this is intentional, prefix it with an underscore: `_s`\n\n","$message_type":"diagnostic","children":[{"children":[],"code":null,"level":"help","message":"if this is intentional, prefix it with an underscore","rendered":null,"spans":[{"byte_end":9505,"byte_start":9504,"column_end":71,"column_start":70,"expansion":null,"file_name":"submodules/cargo/src/cargo/util/command_prelude.rs","is_primary":true,"label":null,"line_end":237,"line_start":237,"suggested_replacement":"_s","suggestion_applicability":"MaybeIncorrect","text":[{"highlight_end":71,"highlight_start":70,"text":"                .value_parser(clap::builder::ValueParser::from(move |s: &'_ str| get_crate_candidates(TargetKind::Bin).map_err(|e| clap::Error::raw(clap::error::ErrorKind::ValueValidation, e.to_string())))),"}]}]}],"code":{"code":"unused_variables","explanation":null},"level":"warning","message":"unused variable: `s`","spans":[{"byte_end":9505,"byte_start":9504,"column_end":71,"column_start":70,"expansion":null,"file_name":"submodules/cargo/src/cargo/util/command_prelude.rs","is_primary":true,"label":null,"line_end":237,"line_start":237,"suggested_replacement":null,"suggestion_applicability":null,"text":[{"highlight_end":71,"highlight_start":70,"text":"                .value_parser(clap::builder::ValueParser::from(move |s: &'_ str| get_crate_candidates(TargetKind::Bin).map_err(|e| clap::Error::raw(clap::error::ErrorKind::ValueValidation, e.to_string())))),"}]}]}}
{"reason":"compiler-message","package_id":"path+file:///mnt/data1/nix/vendor/rust/cargo2nix/submodules/cargo#0.94.0","manifest_path":"/mnt/data1/nix/vendor/rust/cargo2nix/submodules/cargo/Cargo.toml","target":{"kind":["lib"],"crate_types":["lib"],"name":"cargo","src_path":"/mnt/data1/nix/vendor/rust/cargo2nix/submodules/cargo/src/cargo/lib.rs","edition":"2024","doc":true,"doctest":true,"test":true},"message":{"rendered":"warning: unused variable: `s`\n   --> submodules/cargo/src/cargo/util/command_prelude.rs:243:70\n    |\n243 | ...   .value_parser(clap::builder::ValueParser::from(move |s: &'_ str| get_crate_candidates(TargetKind::ExampleBin).map_err(|e| clap::Err...\n    |                                                            ^ help: if this is intentional, prefix it with an underscore: `_s`\n\n","$message_type":"diagnostic","children":[{"children":[],"code":null,"level":"help","message":"if this is intentional, prefix it with an underscore","rendered":null,"spans":[{"byte_end":9928,"byte_start":9927,"column_end":71,"column_start":70,"expansion":null,"file_name":"submodules/cargo/src/cargo/util/command_prelude.rs","is_primary":true,"label":null,"line_end":243,"line_start":243,"suggested_replacement":"_s","suggestion_applicability":"MaybeIncorrect","text":[{"highlight_end":71,"highlight_start":70,"text":"                .value_parser(clap::builder::ValueParser::from(move |s: &'_ str| get_crate_candidates(TargetKind::ExampleBin).map_err(|e| clap::Error::raw(clap::error::ErrorKind::ValueValidation, e.to_string())))),"}]}]}],"code":{"code":"unused_variables","explanation":null},"level":"warning","message":"unused variable: `s`","spans":[{"byte_end":9928,"byte_start":9927,"column_end":71,"column_start":70,"expansion":null,"file_name":"submodules/cargo/src/cargo/util/command_prelude.rs","is_primary":true,"label":null,"line_end":243,"line_start":243,"suggested_replacement":null,"suggestion_applicability":null,"text":[{"highlight_end":71,"highlight_start":70,"text":"                .value_parser(clap::builder::ValueParser::from(move |s: &'_ str| get_crate_candidates(TargetKind::ExampleBin).map_err(|e| clap::Error::raw(clap::error::ErrorKind::ValueValidation, e.to_string())))),"}]}]}}
{"reason":"compiler-message","package_id":"path+file:///mnt/data1/nix/vendor/rust/cargo2nix/submodules/cargo#0.94.0","manifest_path":"/mnt/data1/nix/vendor/rust/cargo2nix/submodules/cargo/Cargo.toml","target":{"kind":["lib"],"crate_types":["lib"],"name":"cargo","src_path":"/mnt/data1/nix/vendor/rust/cargo2nix/submodules/cargo/src/cargo/lib.rs","edition":"2024","doc":true,"doctest":true,"test":true},"message":{"rendered":"warning: unused variable: `s`\n   --> submodules/cargo/src/cargo/util/command_prelude.rs:252:70\n    |\n252 | ...   .value_parser(clap::builder::ValueParser::from(move |s: &'_ str| get_crate_candidates(TargetKind::Bin).map_err(|e| clap::Error::raw...\n    |                                                            ^ help: if this is intentional, prefix it with an underscore: `_s`\n\n","$message_type":"diagnostic","children":[{"children":[],"code":null,"level":"help","message":"if this is intentional, prefix it with an underscore","rendered":null,"spans":[{"byte_end":10458,"byte_start":10457,"column_end":71,"column_start":70,"expansion":null,"file_name":"submodules/cargo/src/cargo/util/command_prelude.rs","is_primary":true,"label":null,"line_end":252,"line_start":252,"suggested_replacement":"_s","suggestion_applicability":"MaybeIncorrect","text":[{"highlight_end":71,"highlight_start":70,"text":"                .value_parser(clap::builder::ValueParser::from(move |s: &'_ str| get_crate_candidates(TargetKind::Bin).map_err(|e| clap::Error::raw(clap::error::ErrorKind::ValueValidation, e.to_string())))),"}]}]}],"code":{"code":"unused_variables","explanation":null},"level":"warning","message":"unused variable: `s`","spans":[{"byte_end":10458,"byte_start":10457,"column_end":71,"column_start":70,"expansion":null,"file_name":"submodules/cargo/src/cargo/util/command_prelude.rs","is_primary":true,"label":null,"line_end":252,"line_start":252,"suggested_replacement":null,"suggestion_applicability":null,"text":[{"highlight_end":71,"highlight_start":70,"text":"                .value_parser(clap::builder::ValueParser::from(move |s: &'_ str| get_crate_candidates(TargetKind::Bin).map_err(|e| clap::Error::raw(clap::error::ErrorKind::ValueValidation, e.to_string())))),"}]}]}}
{"reason":"compiler-message","package_id":"path+file:///mnt/data1/nix/vendor/rust/cargo2nix/submodules/cargo#0.94.0","manifest_path":"/mnt/data1/nix/vendor/rust/cargo2nix/submodules/cargo/Cargo.toml","target":{"kind":["lib"],"crate_types":["lib"],"name":"cargo","src_path":"/mnt/data1/nix/vendor/rust/cargo2nix/submodules/cargo/src/cargo/lib.rs","edition":"2024","doc":true,"doctest":true,"test":true},"message":{"rendered":"warning: unused variable: `s`\n   --> submodules/cargo/src/cargo/util/command_prelude.rs:257:70\n    |\n257 | ...   .value_parser(clap::builder::ValueParser::from(move |s: &'_ str| get_crate_candidates(TargetKind::ExampleBin).map_err(|e| clap::Err...\n    |                                                            ^ help: if this is intentional, prefix it with an underscore: `_s`\n\n","$message_type":"diagnostic","children":[{"children":[],"code":null,"level":"help","message":"if this is intentional, prefix it with an underscore","rendered":null,"spans":[{"byte_end":10807,"byte_start":10806,"column_end":71,"column_start":70,"expansion":null,"file_name":"submodules/cargo/src/cargo/util/command_prelude.rs","is_primary":true,"label":null,"line_end":257,"line_start":257,"suggested_replacement":"_s","suggestion_applicability":"MaybeIncorrect","text":[{"highlight_end":71,"highlight_start":70,"text":"                .value_parser(clap::builder::ValueParser::from(move |s: &'_ str| get_crate_candidates(TargetKind::ExampleBin).map_err(|e| clap::Error::raw(clap::error::ErrorKind::ValueValidation, e.to_string())))),"}]}]}],"code":{"code":"unused_variables","explanation":null},"level":"warning","message":"unused variable: `s`","spans":[{"byte_end":10807,"byte_start":10806,"column_end":71,"column_start":70,"expansion":null,"file_name":"submodules/cargo/src/cargo/util/command_prelude.rs","is_primary":true,"label":null,"line_end":257,"line_start":257,"suggested_replacement":null,"suggestion_applicability":null,"text":[{"highlight_end":71,"highlight_start":70,"text":"                .value_parser(clap::builder::ValueParser::from(move |s: &'_ str| get_crate_candidates(TargetKind::ExampleBin).map_err(|e| clap::Error::raw(clap::error::ErrorKind::ValueValidation, e.to_string())))),"}]}]}}
{"reason":"compiler-message","package_id":"path+file:///mnt/data1/nix/vendor/rust/cargo2nix/submodules/cargo#0.94.0","manifest_path":"/mnt/data1/nix/vendor/rust/cargo2nix/submodules/cargo/Cargo.toml","target":{"kind":["lib"],"crate_types":["lib"],"name":"cargo","src_path":"/mnt/data1/nix/vendor/rust/cargo2nix/submodules/cargo/src/cargo/lib.rs","edition":"2024","doc":true,"doctest":true,"test":true},"message":{"rendered":"warning: unused variable: `s`\n   --> submodules/cargo/src/cargo/util/command_prelude.rs:270:66\n    |\n270 | ...   .value_parser(clap::builder::ValueParser::from(move |s: &'_ str| get_feature_candidates().map_err(|e| clap::Error::raw(clap::error:...\n    |                                                            ^ help: if this is intentional, prefix it with an underscore: `_s`\n\n","$message_type":"diagnostic","children":[{"children":[],"code":null,"level":"help","message":"if this is intentional, prefix it with an underscore","rendered":null,"spans":[{"byte_end":11334,"byte_start":11333,"column_end":67,"column_start":66,"expansion":null,"file_name":"submodules/cargo/src/cargo/util/command_prelude.rs","is_primary":true,"label":null,"line_end":270,"line_start":270,"suggested_replacement":"_s","suggestion_applicability":"MaybeIncorrect","text":[{"highlight_end":67,"highlight_start":66,"text":"            .value_parser(clap::builder::ValueParser::from(move |s: &'_ str| get_feature_candidates().map_err(|e| clap::Error::raw(clap::error::ErrorKind::ValueValidation, e.to_string())))),"}]}]}],"code":{"code":"unused_variables","explanation":null},"level":"warning","message":"unused variable: `s`","spans":[{"byte_end":11334,"byte_start":11333,"column_end":67,"column_start":66,"expansion":null,"file_name":"submodules/cargo/src/cargo/util/command_prelude.rs","is_primary":true,"label":null,"line_end":270,"line_start":270,"suggested_replacement":null,"suggestion_applicability":null,"text":[{"highlight_end":67,"highlight_start":66,"text":"            .value_parser(clap::builder::ValueParser::from(move |s: &'_ str| get_feature_candidates().map_err(|e| clap::Error::raw(clap::error::ErrorKind::ValueValidation, e.to_string())))),"}]}]}}
{"reason":"compiler-message","package_id":"path+file:///mnt/data1/nix/vendor/rust/cargo2nix/submodules/cargo#0.94.0","manifest_path":"/mnt/data1/nix/vendor/rust/cargo2nix/submodules/cargo/Cargo.toml","target":{"kind":["lib"],"crate_types":["lib"],"name":"cargo","src_path":"/mnt/data1/nix/vendor/rust/cargo2nix/submodules/cargo/src/cargo/lib.rs","edition":"2024","doc":true,"doctest":true,"test":true},"message":{"rendered":"warning: unused variable: `s`\n   --> submodules/cargo/src/cargo/util/command_prelude.rs:299:70\n    |\n299 |                 .value_parser(clap::builder::ValueParser::from(move |s: &'_ str| Ok::<Vec<String>, clap::Error>(get_profile_candidates()))),\n    |                                                                      ^ help: if this is intentional, prefix it with an underscore: `_s`\n\n","$message_type":"diagnostic","children":[{"children":[],"code":null,"level":"help","message":"if this is intentional, prefix it with an underscore","rendered":null,"spans":[{"byte_end":12386,"byte_start":12385,"column_end":71,"column_start":70,"expansion":null,"file_name":"submodules/cargo/src/cargo/util/command_prelude.rs","is_primary":true,"label":null,"line_end":299,"line_start":299,"suggested_replacement":"_s","suggestion_applicability":"MaybeIncorrect","text":[{"highlight_end":71,"highlight_start":70,"text":"                .value_parser(clap::builder::ValueParser::from(move |s: &'_ str| Ok::<Vec<String>, clap::Error>(get_profile_candidates()))),"}]}]}],"code":{"code":"unused_variables","explanation":null},"level":"warning","message":"unused variable: `s`","spans":[{"byte_end":12386,"byte_start":12385,"column_end":71,"column_start":70,"expansion":null,"file_name":"submodules/cargo/src/cargo/util/command_prelude.rs","is_primary":true,"label":null,"line_end":299,"line_start":299,"suggested_replacement":null,"suggestion_applicability":null,"text":[{"highlight_end":71,"highlight_start":70,"text":"                .value_parser(clap::builder::ValueParser::from(move |s: &'_ str| Ok::<Vec<String>, clap::Error>(get_profile_candidates()))),"}]}]}}
{"reason":"compiler-message","package_id":"path+file:///mnt/data1/nix/vendor/rust/cargo2nix/submodules/cargo#0.94.0","manifest_path":"/mnt/data1/nix/vendor/rust/cargo2nix/submodules/cargo/Cargo.toml","target":{"kind":["lib"],"crate_types":["lib"],"name":"cargo","src_path":"/mnt/data1/nix/vendor/rust/cargo2nix/submodules/cargo/src/cargo/lib.rs","edition":"2024","doc":true,"doctest":true,"test":true},"message":{"rendered":"warning: unused variable: `s`\n   --> submodules/cargo/src/cargo/util/command_prelude.rs:328:70\n    |\n328 |                 .value_parser(clap::builder::ValueParser::from(move |s: &'_ str| target_completion())),\n    |                                                                      ^ help: if this is intentional, prefix it with an underscore: `_s`\n\n","$message_type":"diagnostic","children":[{"children":[],"code":null,"level":"help","message":"if this is intentional, prefix it with an underscore","rendered":null,"spans":[{"byte_end":13457,"byte_start":13456,"column_end":71,"column_start":70,"expansion":null,"file_name":"submodules/cargo/src/cargo/util/command_prelude.rs","is_primary":true,"label":null,"line_end":328,"line_start":328,"suggested_replacement":"_s","suggestion_applicability":"MaybeIncorrect","text":[{"highlight_end":71,"highlight_start":70,"text":"                .value_parser(clap::builder::ValueParser::from(move |s: &'_ str| target_completion())),"}]}]}],"code":{"code":"unused_variables","explanation":null},"level":"warning","message":"unused variable: `s`","spans":[{"byte_end":13457,"byte_start":13456,"column_end":71,"column_start":70,"expansion":null,"file_name":"submodules/cargo/src/cargo/util/command_prelude.rs","is_primary":true,"label":null,"line_end":328,"line_start":328,"suggested_replacement":null,"suggestion_applicability":null,"text":[{"highlight_end":71,"highlight_start":70,"text":"                .value_parser(clap::builder::ValueParser::from(move |s: &'_ str| target_completion())),"}]}]}}
{"reason":"compiler-message","package_id":"path+file:///mnt/data1/nix/vendor/rust/cargo2nix/submodules/cargo#0.94.0","manifest_path":"/mnt/data1/nix/vendor/rust/cargo2nix/submodules/cargo/Cargo.toml","target":{"kind":["lib"],"crate_types":["lib"],"name":"cargo","src_path":"/mnt/data1/nix/vendor/rust/cargo2nix/submodules/cargo/src/cargo/lib.rs","edition":"2024","doc":true,"doctest":true,"test":true},"message":{"rendered":"warning: unused variable: `s`\n   --> submodules/cargo/src/cargo/util/command_prelude.rs:427:52\n    |\n427 | ...   clap::builder::ValueParser::from(move |s: &'_ str| get_registry_candidates().map_err(|e| clap::Error::raw(clap::error::ErrorKind::V...\n    |                                              ^ help: if this is intentional, prefix it with an underscore: `_s`\n\n","$message_type":"diagnostic","children":[{"children":[],"code":null,"level":"help","message":"if this is intentional, prefix it with an underscore","rendered":null,"spans":[{"byte_end":16988,"byte_start":16987,"column_end":53,"column_start":52,"expansion":null,"file_name":"submodules/cargo/src/cargo/util/command_prelude.rs","is_primary":true,"label":null,"line_end":427,"line_start":427,"suggested_replacement":"_s","suggestion_applicability":"MaybeIncorrect","text":[{"highlight_end":53,"highlight_start":52,"text":"            clap::builder::ValueParser::from(move |s: &'_ str| get_registry_candidates().map_err(|e| clap::Error::raw(clap::error::ErrorKind::ValueValidation, e.to_string()))),"}]}]}],"code":{"code":"unused_variables","explanation":null},"level":"warning","message":"unused variable: `s`","spans":[{"byte_end":16988,"byte_start":16987,"column_end":53,"column_start":52,"expansion":null,"file_name":"submodules/cargo/src/cargo/util/command_prelude.rs","is_primary":true,"label":null,"line_end":427,"line_start":427,"suggested_replacement":null,"suggestion_applicability":null,"text":[{"highlight_end":53,"highlight_start":52,"text":"            clap::builder::ValueParser::from(move |s: &'_ str| get_registry_candidates().map_err(|e| clap::Error::raw(clap::error::ErrorKind::ValueValidation, e.to_string()))),"}]}]}}
{"reason":"compiler-message","package_id":"path+file:///mnt/data1/nix/vendor/rust/cargo2nix/submodules/cargo#0.94.0","manifest_path":"/mnt/data1/nix/vendor/rust/cargo2nix/submodules/cargo/Cargo.toml","target":{"kind":["lib"],"crate_types":["lib"],"name":"cargo","src_path":"/mnt/data1/nix/vendor/rust/cargo2nix/submodules/cargo/src/cargo/lib.rs","edition":"2024","doc":true,"doctest":true,"test":true},"message":{"rendered":"warning: variable does not need to be mutable\n    --> submodules/cargo/src/cargo/util/command_prelude.rs:1405:9\n     |\n1405 |     let mut gctx = GlobalContext::new(shell::Shell::new(), cwd.clone(), cargo_home_with_cwd(&cwd)?);\n     |         ----^^^^\n     |         |\n     |         help: remove this `mut`\n\n","$message_type":"diagnostic","children":[{"children":[],"code":null,"level":"help","message":"remove this `mut`","rendered":null,"spans":[{"byte_end":49871,"byte_start":49867,"column_end":13,"column_start":9,"expansion":null,"file_name":"submodules/cargo/src/cargo/util/command_prelude.rs","is_primary":true,"label":null,"line_end":1405,"line_start":1405,"suggested_replacement":"","suggestion_applicability":"MachineApplicable","text":[{"highlight_end":13,"highlight_start":9,"text":"    let mut gctx = GlobalContext::new(shell::Shell::new(), cwd.clone(), cargo_home_with_cwd(&cwd)?);"}]}]}],"code":{"code":"unused_mut","explanation":null},"level":"warning","message":"variable does not need to be mutable","spans":[{"byte_end":49875,"byte_start":49867,"column_end":17,"column_start":9,"expansion":null,"file_name":"submodules/cargo/src/cargo/util/command_prelude.rs","is_primary":true,"label":null,"line_end":1405,"line_start":1405,"suggested_replacement":null,"suggestion_applicability":null,"text":[{"highlight_end":17,"highlight_start":9,"text":"    let mut gctx = GlobalContext::new(shell::Shell::new(), cwd.clone(), cargo_home_with_cwd(&cwd)?);"}]}]}}
   Compiling cargo2nix v0.1.0 (/mnt/data1/nix/vendor/rust/cargo2nix/crates/cargo2nix)
{"reason":"compiler-artifact","package_id":"path+file:///mnt/data1/nix/vendor/rust/cargo2nix/crates/cargo2nix#0.1.0","manifest_path":"/mnt/data1/nix/vendor/rust/cargo2nix/crates/cargo2nix/Cargo.toml","target":{"kind":["lib"],"crate_types":["lib"],"name":"cargo2nix","src_path":"/mnt/data1/nix/vendor/rust/cargo2nix/crates/cargo2nix/src/lib.rs","edition":"2024","doc":true,"doctest":true,"test":true},"profile":{"opt_level":"0","debuginfo":2,"debug_assertions":true,"overflow_checks":true,"test":false},"features":[],"filenames":["/mnt/data1/nix/vendor/rust/cargo2nix/target/debug/libcargo2nix.rlib","/mnt/data1/nix/vendor/rust/cargo2nix/target/debug/deps/libcargo2nix-99f9c33f3316362f.rmeta"],"executable":null,"fresh":false}
{"reason":"compiler-artifact","package_id":"path+file:///mnt/data1/nix/vendor/rust/cargo2nix/submodules/cargo#0.94.0","manifest_path":"/mnt/data1/nix/vendor/rust/cargo2nix/submodules/cargo/Cargo.toml","target":{"kind":["lib"],"crate_types":["lib"],"name":"cargo","src_path":"/mnt/data1/nix/vendor/rust/cargo2nix/submodules/cargo/src/cargo/lib.rs","edition":"2024","doc":true,"doctest":true,"test":true},"profile":{"opt_level":"0","debuginfo":2,"debug_assertions":true,"overflow_checks":true,"test":false},"features":["default","http-transport-curl"],"filenames":["/mnt/data1/nix/vendor/rust/cargo2nix/target/debug/deps/libcargo-39e01c86f13d1243.rlib","/mnt/data1/nix/vendor/rust/cargo2nix/target/debug/deps/libcargo-39e01c86f13d1243.rmeta"],"executable":null,"fresh":false}
{"reason":"compiler-message","package_id":"path+file:///mnt/data1/nix/vendor/rust/cargo2nix/crates/cargo2nix#0.1.0","manifest_path":"/mnt/data1/nix/vendor/rust/cargo2nix/crates/cargo2nix/Cargo.toml","target":{"kind":["bin"],"crate_types":["bin"],"name":"cargo2nix","src_path":"/mnt/data1/nix/vendor/rust/cargo2nix/crates/cargo2nix/src/main.rs","edition":"2024","doc":true,"doctest":false,"test":true},"message":{"rendered":"error: linking with `cc` failed: exit status: 1\n  |\n  = note:  \"cc\" \"-m64\" \"/tmp/nix-shell.S16hYW/nix-shell.hrupWt/nix-shell.Orp0yI/rustcyRVhKV/symbols.o\" \"<69 object files omitted>\" \"-Wl,--as-needed\" \"-Wl,-Bstatic\" \"/mnt/data1/nix/vendor/rust/cargo2nix/target/debug/deps/{libcargo2nix-99f9c33f3316362f,libtera-9454f5f5fbc5f13a,libslug-088e1ce5fdffff5e,libdeunicode-05438b9a241c7cba,libglobwalk-afc750a7e12ad8c5,libpest-30005bf23fcb6ff8,libucd_trie-9dfa6c27d71ea65c,libunicode_segmentation-745c28ea3c19c6e9,liblazy_static-87c02066b6621a70,libhumansize-612af814bc313740,liblibm-53c44c0f5f34ed4f,libchrono_tz-8c65fe990feae61f,libphf-0c3762a8230ad763,libphf_shared-3bec6cf20899c094,libsiphasher-32830ce5181a6184,libchrono-6b3cdd493e15336f,libiana_time_zone-2733d5ab2030ac87,libcolorify-19e2fb52c1662c71,libcargo-39e01c86f13d1243,libcargo_credential_libsecret-57f4ee0a42633bb7,liblibloading-7c4601e24759d8bc,libmemchr-36eb013072bb60fa,libhttp_auth-abd95c71069c2cf4,librand-f9e14dac203efe9f,librand_chacha-a1825f33afa15efe,libppv_lite86-793f8cb0e94f90ec,libhex-20cdb627b9823e3e,libmd5-08a0f59a1a943359,libsha1-f3aadc6eedbe08fb,libopener-ebec6dc5329a117a,libsupports_hyperlinks-9b61ec4df8fea38a,libsupports_unicode-f5498a3dce584fae,libim_rc-f01101d5daf894ff,librand_xoshiro-552dc945ebc189bb,libsized_chunks-43845fb3d834b6c9,libbitmaps-c82adcb0ecac8828,libblake3-54fe2ef3f804a6d0,libconstant_time_eq-d11132ad9d2c657a,libarrayref-00723dadb0b8c66f,libcolor_print-6a0c8f0972874605,libserde_ignored-da8310e7895ce963,libunicode_width-8ab952b0534c4ae9,librand-34e788a7a50b195b,libchacha20-bdb4ad15b4ab92ec,librand_core-6ac5700eace2bdb9,librustc_stable_hash-5bd6922385d19c55,libpasetors-2b5bcc9dbe643234,libed25519_compact-a9a83bc33c12a4cc,libp384-55d89b95668a2c30,libsha2-78347180c6b9db25,libecdsa-f7400ba8fb2182e8,librfc6979-ea0f3d22c7457841,libsignature-9b8177ebc29714ce,libprimeorder-00189e5f1188bc42,libelliptic_curve-2884178392ba1a14,libsec1-349fbb5b16ffdc4b,libpkcs8-7b95a1e11e5a7270,libspki-21d6f159e0723a06,libder-f8b88b11848bccd5,libpem_rfc7468-81d9f45a842a6561,libbase64ct-cf4d1b2a137c45ee,libhkdf-3b9e6f3f196c0211,libhmac-afdaeb9149522399,libcrypto_bigint-1a5ce469dffe232f,libbase16ct-4adf579970370a9e,libgroup-344a371454aac2d4,libff-2ca05bce68258372,librand_core-80a275c305b65e7e,libgetrandom-e89e2ffcacf04188,liborion-7b217b45b55d4c5d,libfiat_crypto-9d33d8f9c0895144,libserde_json-b16bf10ddd3df03c,libct_codecs-98febd4109a65e37,libhome-53ffa024f1b250f3,libhmac-c4d1ed9dfcd7ea76,libgit2-019199e6bf1894e0,liblibgit2_sys-14c1d0bcb54de357,liblibz_sys-f381509691c122f8,libbase64-955b2e3d95fd86c3,libcrates_io-2c12582647f94a3e,libcargo_credential-59d4e96a76c65912,libtime-7d5f42cbb791d206,libtime_core-32cab8ec77da1446,libnum_conv-60bba65b124f05d8,libderanged-873c28ae063a305e,libpowerfmt-72131029f4938bbd,libgix-16a569c1657110ca,libgix_status-b1b0523e8b1d7375,libgix_worktree_state-4e564dc2a58d51c8,libio_close-1fa19421c8087482,libgix_archive-6871d820d7206888,libgix_worktree_stream-f809db37821eaa68,libgix_mailmap-61982582bf9668a5,libgix_submodule-d6c3e728e8cd5154,libgix_config-9332e4b2a9cf8abb,libgix_protocol-18d22c71ad69c4e0,libgix_refspec-df0e1ea3589755be,libgix_revision-384c00459524897e,libgix_shallow-cdcca9d978ae4126,libgix_transport-ebd168f5609c5fe1,libbase64-abef1adde3530447,libgix_odb-9361e064514e0abc,libgix_pack-2e47a31b558ceae0,libuluru-89cc04c1efb97278,libarrayvec-a5e92737053faea4,libclru-0b336f4112188855,libarc_swap-651c46278f2e419e,libgix_negotiate-bb8042f2f4a1ff3c,libgix_dir-ba383b776f6eb4e9,libgix_discover-044e6e0780a02611,libgix_ref-c1af8e55163eba44,libgix_credentials-05d20111e2029962,libgix_url-d79d9db7c69d6bf4,libpercent_encoding-fdb8b4bcafcb590c,libgix_prompt-a5e3abcc9d30abed,libgix_sec-300ee6157fd8ac43,libgix_blame-db6bc4064658bce5,libgix_diff-94789267bf8b5ddf,libgix_worktree-1c130f5fcd31491c,libgix_ignore-4c4978d3d7a7461e,libgix_pathspec-739c1e8f5f8deb56,libgix_config_value-24930267aabd36cd,libgix_index-4fd6815b755f0d4b,libfnv-b4193684a965a7e4,libgix_bitmap-5b0c00d4ed9c195f,libgix_lock-cddd56acc2a958bd,libgix_tempfile-9c060b47be082d88,libsignal_hook-1f9a753dee59b42f,libsignal_hook_registry-2c729a49b4bde3d3,libdashmap-1278beff90b87ceb,liblock_api-dc691c4a0a988f53,libhashbrown-971e1001ea238461,libtempfile-9cec741a611c31a1,libgix_fs-e6e1ed704eafe8a2,libgix_traverse-a9de913af29be526,libgix_revwalk-fc44be628260fd10,libgix_hashtable-69cd53ee29e4dfe1,libgix_commitgraph-b80088dd01155d84,libgix_chunk-5d812806297e83ba,libmemmap2-c6d201bbae31ec23,libimara_diff-9b582b0ef042ad10,libhashbrown-520b28db63ae8a73,libfoldhash-abf39bc0971f8ebd,libgix_filter-d3f45070d3607cc2,libgix_packetline-657e92870333b5e4,libencoding_rs-9ae005407055c38f,libgix_command-d5a201bce1c1a8f0,libshell_words-08f6d23d75b14f63,libgix_object-0be4c59288e478f7,libgix_hash-c63c806f63360ad6,libfaster_hex-a51b206648020e68,libsha1_checked-27b49a7b6b6c8fe4,libsha1-34bfede67eec9fb2,libdigest-3eb8d2928d136262,libconst_oid-a054b1acfb7a9345,libblock_buffer-a9f0049eb7736240,libcrypto_common-7064a5dbf92fd30f,libgeneric_array-1a1db145c4a3f47a,libzeroize-b09a97511c22550a,libgix_attributes-9f2904d7fd8a3f89,libunicode_bom-624cad395bebc465,libgix_quote-bfadd6862e982933,libkstring-9664518f777ccb8a,libstatic_assertions-b23f9456d08c2faf,libgix_glob-b2b2c7746f180c0b,libgix_features-52d7fcf566be8ca8,libcrossbeam_channel-78b8ebc2558cfd29,libgix_path-d0266211c4d4315e,libgix_validate-0c6ece7dbba425b3,libgix_utils-2525c167196f98ab,libgix_trace-7e8c25f23bb961b5,libprodash-d9c19669a7e8608b,libhuman_format-e38730051bc19f53,libparking_lot-17fedce511220db6,libparking_lot_core-7d8f0e80e132691c,libcfg_if-abcd325605cd1772,liblock_api-8a591569431bd593,libbytesize-488cc07f1668fc5b,libbytes-bed3f7f1f917de81,libgix_actor-600856c91e5cd569,libgix_date-b76d9b862cb3c1db,libthiserror-ed4da895ca32c6a9,libjiff-a8a80ffba9b44ea3,libsmallvec-9d112eedee0e16da,libunicase-b31b924e1c692761,libtar-9b1410fd4fa779fe,libxattr-5345046299579998,libflate2-f191e6d7da898123,liblibz_rs_sys-c19086d63599fc14,libzlib_rs-ea00ad3e569bc2e7,libcrc32fast-dd5de0b36b1fc590,libtoml_edit-bcb63407ba3c8af8,libpathdiff-956383100cad21b9,libglob-6c27d5b6697c26da,librustc_hash-fcbf48bc2fa92835,libcurl-c8f964095aa80b8c,libcurl_sys-d43ff4181c59182c,libsocket2-3373d3ae4bebe7a9,librusqlite-60a79037b1e07e57,libhashlink-bea624d60226402c,liblibsqlite3_sys-3f798b5d095a4b19,libfallible_streaming_iterator-9e4c7e4d014cb9a2,libfallible_iterator-157c2a08365849d6,librustfix-fb95c72d031c520e,libserde_json-d6f77b688db9d798,libitoa-a586594d020aa48a,libryu-675674a647ff1eb1,libregex-698dbf5fd73eca9a,libregex_automata-9274171be32427c5,libregex_syntax-95cb2fe354837402,libindexmap-b1365d8812785b78,libquickcheck-c3a898c7e3c28141,libenv_logger-1ce04107ed885af8,libenv_filter-769b0a226a291c39,libregex-5c1b621b4e8c3c91,librand-1543e152e7aca282,librand_core-652221735beaa550,libarbitrary-d2736f9f79c62309,libequivalent-1de7c324bdaa456b,libhashbrown-a6715386766652c6,libitertools-eb983c7c3646b0e9,libeither-856bc1b66589655b,libannotate_snippets-f4df03ba65859d7a,libunicode_width-a6375d3a2a26d1e5,libcargo_platform-a9913c2fb58d5999,libcargo_util-c6a1dd2fc42c96ab,libhex-3530d736d0b829a2,libsame_file-180719e7a47f67e2,libwalkdir-a3c9dd452e94886a,libsha2-3f412a783c38235f,libcpufeatures-241f523369765f8e,libdigest-1b340134d1b4f025,libsubtle-470e7fa4f09071a9,libconst_oid-852636d594e8fde8,libcrypto_common-ead674e9112451b2,libblock_buffer-4516300f20c847ec,libhybrid_array-6f84f41853499980,libtypenum-20c610e90a3dd435,liblibc-ad866c9bba41c836,libshell_escape-b521ec751ec212f2,libjobserver-054ecc3769085bc8,libtempfile-cd6b82501d1be7a1,libgetrandom-557967b41c70d2e5,libfastrand-ecdbacb34276294a,libfiletime-bf46aff1b401a2cc,libignore-6755a2552c0fc956,libwalkdir-e532fdad97697c03,libsame_file-123f710482a8b53b,libcrossbeam_deque-79dd9051b4a7da3b,libcrossbeam_epoch-cebe9333505cdb30,libmemoffset-4e383f14ad0576a3,libscopeguard-cfa69166bd4da734,libcrossbeam_utils-8b1c467854ef33b2,libcfg_if-2262c59ed30cbfdf,libglobset-0acd1136a3890312,liblog-e4c872c580f67c43,libbstr-962eb3333f5bb59c,libregex_automata-799ebac87f0aa797,libregex_syntax-bc020d83057bca35,libaho_corasick-4bffa703183dc54c,libcargo_util_schemas-b19e2e69fe9e0587,libunicode_ident-fbec2c94f037582c,libserde_value-8468d2e48c88fae3,libordered_float-22867a14204f59a4,libnum_traits-b4b42fad3d187aad,libtoml-3a0dcd605ef961a0,libtoml_writer-6e51890047ca0d40,libtoml_parser-48c7a25fc23e583d,libwinnow-7db001e48e612267,libmemchr-5860c3e5f17fe065,libserde_spanned-d50187938a17bbde,libtoml_datetime-43d5b29e23fe9a49,libindexmap-0dc6169001dd3a17,libhashbrown-0023d22c4a36a055,libequivalent-3ff77df1ac69f53a,liballocator_api2-b3ea77bec5fe8fe9,libfoldhash-6299ea0c0019980d,libthiserror-bf04f3fb6889826b,libserde_untagged-3cc476f7bff37bfb,liberased_serde-48bf39eaaf40930c,libtypeid-94e89d59c71b8cfe,liburl-1408c01f45a1add4,libidna-0a0d9661136b4b11,libutf8_iter-f95c390134f4cbfc,libsmallvec-39da6c6240a07e62,libidna_adapter-84f3e13d6fe7510d,libunicode_bidi-3586e8a4da00006a,libidna_mapping-4fc94905e96606bb,libunicode_joining_type-9202722ea8f7421d,libunicode_normalization-f3d12951827734b0,libtinyvec-4c9cb921b4119d38,libtinyvec_macros-dae4282b78017f08,libform_urlencoded-2cabda171b2f5f2a,libpercent_encoding-4fb1cfac32fdf9a1,libserde-e9bab059649c0c3c,libsemver-4ab29965126de8ea,libserde_core-64293d6c18d738b8,libtracing-fe007c4d761a1a5f,libpin_project_lite-8ceaaa5d1655a324,libtracing_core-00e127986a9e5855,libonce_cell-6c5ecd365f058077,libanyhow-73f43dba72686b18,libclap_complete-b2f1624fe9e3484f,libclap-06989d15a2519073,libclap_builder-07deac357db3393e,libterminal_size-e73aa7bde7f1da6d,librustix-42f423eafb68dec0,libbitflags-70d45624af9c1b08,liblinux_raw_sys-12d95df1e9fb328b,libstrsim-b41e943a1164adf9,libanstream-0f97956bbed22243,libanstyle_query-5f675d8d0350e8a3,libis_terminal_polyfill-1a06c3037dba17e6,libis_terminal-54038a17d35b3465,liblibc-9af77698d281ff39,libcolorchoice-d7563322b1b5d10b,libanstyle_parse-d9388cf7c28688b1,libutf8parse-97e8d7c35760ee10,libclap_lex-727f1ac7cd6c89e8,libanstyle-569cd11e8e999ee3}.rlib\" \"<sysroot>/lib/rustlib/x86_64-unknown-linux-gnu/lib/{libstd-*,libpanic_unwind-*,libobject-*,libmemchr-*,libaddr2line-*,libgimli-*,libcfg_if-*,librustc_demangle-*,libstd_detect-*,libhashbrown-*,librustc_std_workspace_alloc-*,libminiz_oxide-*,libadler2-*,libunwind-*,liblibc-*,librustc_std_workspace_core-*,liballoc-*,libcore-*,libcompiler_builtins-*}.rlib\" \"-Wl,-Bdynamic\" \"-ldl\" \"-lgit2\" \"-lz\" \"-lcurl\" \"-lsqlite3\" \"-lgcc_s\" \"-lutil\" \"-lrt\" \"-lpthread\" \"-lm\" \"-ldl\" \"-lc\" \"-L\" \"/tmp/nix-shell.S16hYW/nix-shell.hrupWt/nix-shell.Orp0yI/rustcyRVhKV/raw-dylibs\" \"-B<sysroot>/lib/rustlib/x86_64-unknown-linux-gnu/bin/gcc-ld\" \"-fuse-ld=lld\" \"-Wl,--eh-frame-hdr\" \"-Wl,-z,noexecstack\" \"-L\" \"/mnt/data1/nix/vendor/rust/cargo2nix/target/debug/build/blake3-222b45774dd50b53/out\" \"-L\" \"/mnt/data1/nix/vendor/rust/cargo2nix/target/debug/build/libnghttp2-sys-5b89bc5f0b6d5331/out/i/lib\" \"-L\" \"/nix/store/g3vj4z918zal30klpdd9papkavis01sh-curl-8.14.1/lib\" \"-L\" \"/nix/store/09sifcahf0j1xnw80k9l33jzcs1p2qbw-zlib-1.3.1/lib\" \"-L\" \"/nix/store/jr5j5lk24x265cp9p2fnw1zk17sf6vyf-openssl-1.1.1w/lib\" \"-L\" \"/nix/store/j4qha11wg6bhdv4vfxvcvcb5x129k9yw-libgit2-1.9.1-lib/lib\" \"-L\" \"<sysroot>/lib/rustlib/x86_64-unknown-linux-gnu/lib\" \"-o\" \"/mnt/data1/nix/vendor/rust/cargo2nix/target/debug/deps/cargo2nix-03035f73a625b343\" \"-Wl,--gc-sections\" \"-pie\" \"-Wl,-z,relro,-z,now\" \"-nodefaultlibs\"\n  = note: some arguments are omitted. use `--verbose` to show all linker arguments\n  = note: rust-lld: error: unable to find library -lsqlite3\n          collect2: error: ld returned 1 exit status\n          \n\n","$message_type":"diagnostic","children":[{"children":[],"code":null,"level":"note","message":" \"cc\" \"-m64\" \"/tmp/nix-shell.S16hYW/nix-shell.hrupWt/nix-shell.Orp0yI/rustcyRVhKV/symbols.o\" \"<69 object files omitted>\" \"-Wl,--as-needed\" \"-Wl,-Bstatic\" \"/mnt/data1/nix/vendor/rust/cargo2nix/target/debug/deps/{libcargo2nix-99f9c33f3316362f,libtera-9454f5f5fbc5f13a,libslug-088e1ce5fdffff5e,libdeunicode-05438b9a241c7cba,libglobwalk-afc750a7e12ad8c5,libpest-30005bf23fcb6ff8,libucd_trie-9dfa6c27d71ea65c,libunicode_segmentation-745c28ea3c19c6e9,liblazy_static-87c02066b6621a70,libhumansize-612af814bc313740,liblibm-53c44c0f5f34ed4f,libchrono_tz-8c65fe990feae61f,libphf-0c3762a8230ad763,libphf_shared-3bec6cf20899c094,libsiphasher-32830ce5181a6184,libchrono-6b3cdd493e15336f,libiana_time_zone-2733d5ab2030ac87,libcolorify-19e2fb52c1662c71,libcargo-39e01c86f13d1243,libcargo_credential_libsecret-57f4ee0a42633bb7,liblibloading-7c4601e24759d8bc,libmemchr-36eb013072bb60fa,libhttp_auth-abd95c71069c2cf4,librand-f9e14dac203efe9f,librand_chacha-a1825f33afa15efe,libppv_lite86-793f8cb0e94f90ec,libhex-20cdb627b9823e3e,libmd5-08a0f59a1a943359,libsha1-f3aadc6eedbe08fb,libopener-ebec6dc5329a117a,libsupports_hyperlinks-9b61ec4df8fea38a,libsupports_unicode-f5498a3dce584fae,libim_rc-f01101d5daf894ff,librand_xoshiro-552dc945ebc189bb,libsized_chunks-43845fb3d834b6c9,libbitmaps-c82adcb0ecac8828,libblake3-54fe2ef3f804a6d0,libconstant_time_eq-d11132ad9d2c657a,libarrayref-00723dadb0b8c66f,libcolor_print-6a0c8f0972874605,libserde_ignored-da8310e7895ce963,libunicode_width-8ab952b0534c4ae9,librand-34e788a7a50b195b,libchacha20-bdb4ad15b4ab92ec,librand_core-6ac5700eace2bdb9,librustc_stable_hash-5bd6922385d19c55,libpasetors-2b5bcc9dbe643234,libed25519_compact-a9a83bc33c12a4cc,libp384-55d89b95668a2c30,libsha2-78347180c6b9db25,libecdsa-f7400ba8fb2182e8,librfc6979-ea0f3d22c7457841,libsignature-9b8177ebc29714ce,libprimeorder-00189e5f1188bc42,libelliptic_curve-2884178392ba1a14,libsec1-349fbb5b16ffdc4b,libpkcs8-7b95a1e11e5a7270,libspki-21d6f159e0723a06,libder-f8b88b11848bccd5,libpem_rfc7468-81d9f45a842a6561,libbase64ct-cf4d1b2a137c45ee,libhkdf-3b9e6f3f196c0211,libhmac-afdaeb9149522399,libcrypto_bigint-1a5ce469dffe232f,libbase16ct-4adf579970370a9e,libgroup-344a371454aac2d4,libff-2ca05bce68258372,librand_core-80a275c305b65e7e,libgetrandom-e89e2ffcacf04188,liborion-7b217b45b55d4c5d,libfiat_crypto-9d33d8f9c0895144,libserde_json-b16bf10ddd3df03c,libct_codecs-98febd4109a65e37,libhome-53ffa024f1b250f3,libhmac-c4d1ed9dfcd7ea76,libgit2-019199e6bf1894e0,liblibgit2_sys-14c1d0bcb54de357,liblibz_sys-f381509691c122f8,libbase64-955b2e3d95fd86c3,libcrates_io-2c12582647f94a3e,libcargo_credential-59d4e96a76c65912,libtime-7d5f42cbb791d206,libtime_core-32cab8ec77da1446,libnum_conv-60bba65b124f05d8,libderanged-873c28ae063a305e,libpowerfmt-72131029f4938bbd,libgix-16a569c1657110ca,libgix_status-b1b0523e8b1d7375,libgix_worktree_state-4e564dc2a58d51c8,libio_close-1fa19421c8087482,libgix_archive-6871d820d7206888,libgix_worktree_stream-f809db37821eaa68,libgix_mailmap-61982582bf9668a5,libgix_submodule-d6c3e728e8cd5154,libgix_config-9332e4b2a9cf8abb,libgix_protocol-18d22c71ad69c4e0,libgix_refspec-df0e1ea3589755be,libgix_revision-384c00459524897e,libgix_shallow-cdcca9d978ae4126,libgix_transport-ebd168f5609c5fe1,libbase64-abef1adde3530447,libgix_odb-9361e064514e0abc,libgix_pack-2e47a31b558ceae0,libuluru-89cc04c1efb97278,libarrayvec-a5e92737053faea4,libclru-0b336f4112188855,libarc_swap-651c46278f2e419e,libgix_negotiate-bb8042f2f4a1ff3c,libgix_dir-ba383b776f6eb4e9,libgix_discover-044e6e0780a02611,libgix_ref-c1af8e55163eba44,libgix_credentials-05d20111e2029962,libgix_url-d79d9db7c69d6bf4,libpercent_encoding-fdb8b4bcafcb590c,libgix_prompt-a5e3abcc9d30abed,libgix_sec-300ee6157fd8ac43,libgix_blame-db6bc4064658bce5,libgix_diff-94789267bf8b5ddf,libgix_worktree-1c130f5fcd31491c,libgix_ignore-4c4978d3d7a7461e,libgix_pathspec-739c1e8f5f8deb56,libgix_config_value-24930267aabd36cd,libgix_index-4fd6815b755f0d4b,libfnv-b4193684a965a7e4,libgix_bitmap-5b0c00d4ed9c195f,libgix_lock-cddd56acc2a958bd,libgix_tempfile-9c060b47be082d88,libsignal_hook-1f9a753dee59b42f,libsignal_hook_registry-2c729a49b4bde3d3,libdashmap-1278beff90b87ceb,liblock_api-dc691c4a0a988f53,libhashbrown-971e1001ea238461,libtempfile-9cec741a611c31a1,libgix_fs-e6e1ed704eafe8a2,libgix_traverse-a9de913af29be526,libgix_revwalk-fc44be628260fd10,libgix_hashtable-69cd53ee29e4dfe1,libgix_commitgraph-b80088dd01155d84,libgix_chunk-5d812806297e83ba,libmemmap2-c6d201bbae31ec23,libimara_diff-9b582b0ef042ad10,libhashbrown-520b28db63ae8a73,libfoldhash-abf39bc0971f8ebd,libgix_filter-d3f45070d3607cc2,libgix_packetline-657e92870333b5e4,libencoding_rs-9ae005407055c38f,libgix_command-d5a201bce1c1a8f0,libshell_words-08f6d23d75b14f63,libgix_object-0be4c59288e478f7,libgix_hash-c63c806f63360ad6,libfaster_hex-a51b206648020e68,libsha1_checked-27b49a7b6b6c8fe4,libsha1-34bfede67eec9fb2,libdigest-3eb8d2928d136262,libconst_oid-a054b1acfb7a9345,libblock_buffer-a9f0049eb7736240,libcrypto_common-7064a5dbf92fd30f,libgeneric_array-1a1db145c4a3f47a,libzeroize-b09a97511c22550a,libgix_attributes-9f2904d7fd8a3f89,libunicode_bom-624cad395bebc465,libgix_quote-bfadd6862e982933,libkstring-9664518f777ccb8a,libstatic_assertions-b23f9456d08c2faf,libgix_glob-b2b2c7746f180c0b,libgix_features-52d7fcf566be8ca8,libcrossbeam_channel-78b8ebc2558cfd29,libgix_path-d0266211c4d4315e,libgix_validate-0c6ece7dbba425b3,libgix_utils-2525c167196f98ab,libgix_trace-7e8c25f23bb961b5,libprodash-d9c19669a7e8608b,libhuman_format-e38730051bc19f53,libparking_lot-17fedce511220db6,libparking_lot_core-7d8f0e80e132691c,libcfg_if-abcd325605cd1772,liblock_api-8a591569431bd593,libbytesize-488cc07f1668fc5b,libbytes-bed3f7f1f917de81,libgix_actor-600856c91e5cd569,libgix_date-b76d9b862cb3c1db,libthiserror-ed4da895ca32c6a9,libjiff-a8a80ffba9b44ea3,libsmallvec-9d112eedee0e16da,libunicase-b31b924e1c692761,libtar-9b1410fd4fa779fe,libxattr-5345046299579998,libflate2-f191e6d7da898123,liblibz_rs_sys-c19086d63599fc14,libzlib_rs-ea00ad3e569bc2e7,libcrc32fast-dd5de0b36b1fc590,libtoml_edit-bcb63407ba3c8af8,libpathdiff-956383100cad21b9,libglob-6c27d5b6697c26da,librustc_hash-fcbf48bc2fa92835,libcurl-c8f964095aa80b8c,libcurl_sys-d43ff4181c59182c,libsocket2-3373d3ae4bebe7a9,librusqlite-60a79037b1e07e57,libhashlink-bea624d60226402c,liblibsqlite3_sys-3f798b5d095a4b19,libfallible_streaming_iterator-9e4c7e4d014cb9a2,libfallible_iterator-157c2a08365849d6,librustfix-fb95c72d031c520e,libserde_json-d6f77b688db9d798,libitoa-a586594d020aa48a,libryu-675674a647ff1eb1,libregex-698dbf5fd73eca9a,libregex_automata-9274171be32427c5,libregex_syntax-95cb2fe354837402,libindexmap-b1365d8812785b78,libquickcheck-c3a898c7e3c28141,libenv_logger-1ce04107ed885af8,libenv_filter-769b0a226a291c39,libregex-5c1b621b4e8c3c91,librand-1543e152e7aca282,librand_core-652221735beaa550,libarbitrary-d2736f9f79c62309,libequivalent-1de7c324bdaa456b,libhashbrown-a6715386766652c6,libitertools-eb983c7c3646b0e9,libeither-856bc1b66589655b,libannotate_snippets-f4df03ba65859d7a,libunicode_width-a6375d3a2a26d1e5,libcargo_platform-a9913c2fb58d5999,libcargo_util-c6a1dd2fc42c96ab,libhex-3530d736d0b829a2,libsame_file-180719e7a47f67e2,libwalkdir-a3c9dd452e94886a,libsha2-3f412a783c38235f,libcpufeatures-241f523369765f8e,libdigest-1b340134d1b4f025,libsubtle-470e7fa4f09071a9,libconst_oid-852636d594e8fde8,libcrypto_common-ead674e9112451b2,libblock_buffer-4516300f20c847ec,libhybrid_array-6f84f41853499980,libtypenum-20c610e90a3dd435,liblibc-ad866c9bba41c836,libshell_escape-b521ec751ec212f2,libjobserver-054ecc3769085bc8,libtempfile-cd6b82501d1be7a1,libgetrandom-557967b41c70d2e5,libfastrand-ecdbacb34276294a,libfiletime-bf46aff1b401a2cc,libignore-6755a2552c0fc956,libwalkdir-e532fdad97697c03,libsame_file-123f710482a8b53b,libcrossbeam_deque-79dd9051b4a7da3b,libcrossbeam_epoch-cebe9333505cdb30,libmemoffset-4e383f14ad0576a3,libscopeguard-cfa69166bd4da734,libcrossbeam_utils-8b1c467854ef33b2,libcfg_if-2262c59ed30cbfdf,libglobset-0acd1136a3890312,liblog-e4c872c580f67c43,libbstr-962eb3333f5bb59c,libregex_automata-799ebac87f0aa797,libregex_syntax-bc020d83057bca35,libaho_corasick-4bffa703183dc54c,libcargo_util_schemas-b19e2e69fe9e0587,libunicode_ident-fbec2c94f037582c,libserde_value-8468d2e48c88fae3,libordered_float-22867a14204f59a4,libnum_traits-b4b42fad3d187aad,libtoml-3a0dcd605ef961a0,libtoml_writer-6e51890047ca0d40,libtoml_parser-48c7a25fc23e583d,libwinnow-7db001e48e612267,libmemchr-5860c3e5f17fe065,libserde_spanned-d50187938a17bbde,libtoml_datetime-43d5b29e23fe9a49,libindexmap-0dc6169001dd3a17,libhashbrown-0023d22c4a36a055,libequivalent-3ff77df1ac69f53a,liballocator_api2-b3ea77bec5fe8fe9,libfoldhash-6299ea0c0019980d,libthiserror-bf04f3fb6889826b,libserde_untagged-3cc476f7bff37bfb,liberased_serde-48bf39eaaf40930c,libtypeid-94e89d59c71b8cfe,liburl-1408c01f45a1add4,libidna-0a0d9661136b4b11,libutf8_iter-f95c390134f4cbfc,libsmallvec-39da6c6240a07e62,libidna_adapter-84f3e13d6fe7510d,libunicode_bidi-3586e8a4da00006a,libidna_mapping-4fc94905e96606bb,libunicode_joining_type-9202722ea8f7421d,libunicode_normalization-f3d12951827734b0,libtinyvec-4c9cb921b4119d38,libtinyvec_macros-dae4282b78017f08,libform_urlencoded-2cabda171b2f5f2a,libpercent_encoding-4fb1cfac32fdf9a1,libserde-e9bab059649c0c3c,libsemver-4ab29965126de8ea,libserde_core-64293d6c18d738b8,libtracing-fe007c4d761a1a5f,libpin_project_lite-8ceaaa5d1655a324,libtracing_core-00e127986a9e5855,libonce_cell-6c5ecd365f058077,libanyhow-73f43dba72686b18,libclap_complete-b2f1624fe9e3484f,libclap-06989d15a2519073,libclap_builder-07deac357db3393e,libterminal_size-e73aa7bde7f1da6d,librustix-42f423eafb68dec0,libbitflags-70d45624af9c1b08,liblinux_raw_sys-12d95df1e9fb328b,libstrsim-b41e943a1164adf9,libanstream-0f97956bbed22243,libanstyle_query-5f675d8d0350e8a3,libis_terminal_polyfill-1a06c3037dba17e6,libis_terminal-54038a17d35b3465,liblibc-9af77698d281ff39,libcolorchoice-d7563322b1b5d10b,libanstyle_parse-d9388cf7c28688b1,libutf8parse-97e8d7c35760ee10,libclap_lex-727f1ac7cd6c89e8,libanstyle-569cd11e8e999ee3}.rlib\" \"<sysroot>/lib/rustlib/x86_64-unknown-linux-gnu/lib/{libstd-*,libpanic_unwind-*,libobject-*,libmemchr-*,libaddr2line-*,libgimli-*,libcfg_if-*,librustc_demangle-*,libstd_detect-*,libhashbrown-*,librustc_std_workspace_alloc-*,libminiz_oxide-*,libadler2-*,libunwind-*,liblibc-*,librustc_std_workspace_core-*,liballoc-*,libcore-*,libcompiler_builtins-*}.rlib\" \"-Wl,-Bdynamic\" \"-ldl\" \"-lgit2\" \"-lz\" \"-lcurl\" \"-lsqlite3\" \"-lgcc_s\" \"-lutil\" \"-lrt\" \"-lpthread\" \"-lm\" \"-ldl\" \"-lc\" \"-L\" \"/tmp/nix-shell.S16hYW/nix-shell.hrupWt/nix-shell.Orp0yI/rustcyRVhKV/raw-dylibs\" \"-B<sysroot>/lib/rustlib/x86_64-unknown-linux-gnu/bin/gcc-ld\" \"-fuse-ld=lld\" \"-Wl,--eh-frame-hdr\" \"-Wl,-z,noexecstack\" \"-L\" \"/mnt/data1/nix/vendor/rust/cargo2nix/target/debug/build/blake3-222b45774dd50b53/out\" \"-L\" \"/mnt/data1/nix/vendor/rust/cargo2nix/target/debug/build/libnghttp2-sys-5b89bc5f0b6d5331/out/i/lib\" \"-L\" \"/nix/store/g3vj4z918zal30klpdd9papkavis01sh-curl-8.14.1/lib\" \"-L\" \"/nix/store/09sifcahf0j1xnw80k9l33jzcs1p2qbw-zlib-1.3.1/lib\" \"-L\" \"/nix/store/jr5j5lk24x265cp9p2fnw1zk17sf6vyf-openssl-1.1.1w/lib\" \"-L\" \"/nix/store/j4qha11wg6bhdv4vfxvcvcb5x129k9yw-libgit2-1.9.1-lib/lib\" \"-L\" \"<sysroot>/lib/rustlib/x86_64-unknown-linux-gnu/lib\" \"-o\" \"/mnt/data1/nix/vendor/rust/cargo2nix/target/debug/deps/cargo2nix-03035f73a625b343\" \"-Wl,--gc-sections\" \"-pie\" \"-Wl,-z,relro,-z,now\" \"-nodefaultlibs\"","rendered":null,"spans":[]},{"children":[],"code":null,"level":"note","message":"some arguments are omitted. use `--verbose` to show all linker arguments","rendered":null,"spans":[]},{"children":[],"code":null,"level":"note","message":"rust-lld: error: unable to find library -lsqlite3\ncollect2: error: ld returned 1 exit status\n","rendered":null,"spans":[]}],"code":null,"level":"error","message":"linking with `cc` failed: exit status: 1","spans":[]}}
error: could not compile `cargo2nix` (bin "cargo2nix") due to 1 previous error
{"reason":"build-finished","success":false}
