warning: Git tree '/mnt/data1/nix/vendor/rust/cargo2nix' is dirty
Nix development shell with Rust, libgit2, curl, and OpenSSL 1.1.1w ready.
warning: profiles for the non root package will be ignored, specify profiles at the workspace root:
package:   /mnt/data1/nix/vendor/rust/cargo2nix/submodules/addr2line/Cargo.toml
workspace: /mnt/data1/nix/vendor/rust/cargo2nix/Cargo.toml
warning: profiles for the non root package will be ignored, specify profiles at the workspace root:
package:   /mnt/data1/nix/vendor/rust/cargo2nix/submodules/clap/Cargo.toml
workspace: /mnt/data1/nix/vendor/rust/cargo2nix/Cargo.toml
warning: profiles for the non root package will be ignored, specify profiles at the workspace root:
package:   /mnt/data1/nix/vendor/rust/cargo2nix/submodules/arrayvec/Cargo.toml
workspace: /mnt/data1/nix/vendor/rust/cargo2nix/Cargo.toml
warning: profiles for the non root package will be ignored, specify profiles at the workspace root:
package:   /mnt/data1/nix/vendor/rust/cargo2nix/submodules/ahash/Cargo.toml
workspace: /mnt/data1/nix/vendor/rust/cargo2nix/Cargo.toml
warning: resolver for the non root package will be ignored, specify resolver at the workspace root:
package:   /mnt/data1/nix/vendor/rust/cargo2nix/submodules/tracing-tree/Cargo.toml
workspace: /mnt/data1/nix/vendor/rust/cargo2nix/Cargo.toml
warning: profiles for the non root package will be ignored, specify profiles at the workspace root:
package:   /mnt/data1/nix/vendor/rust/cargo2nix/submodules/aho-corasick/Cargo.toml
workspace: /mnt/data1/nix/vendor/rust/cargo2nix/Cargo.toml
warning: profiles for the non root package will be ignored, specify profiles at the workspace root:
package:   /mnt/data1/nix/vendor/rust/cargo2nix/submodules/annotate-snippets-rs/Cargo.toml
workspace: /mnt/data1/nix/vendor/rust/cargo2nix/Cargo.toml
warning: resolver for the non root package will be ignored, specify resolver at the workspace root:
package:   /mnt/data1/nix/vendor/rust/cargo2nix/submodules/http-auth/Cargo.toml
workspace: /mnt/data1/nix/vendor/rust/cargo2nix/Cargo.toml
warning: profiles for the non root package will be ignored, specify profiles at the workspace root:
package:   /mnt/data1/nix/vendor/rust/cargo2nix/submodules/generic-array/Cargo.toml
workspace: /mnt/data1/nix/vendor/rust/cargo2nix/Cargo.toml
warning: patch for the non root package will be ignored, specify patch at the workspace root:
package:   /mnt/data1/nix/vendor/rust/cargo2nix/tools/cargo-repo-sync/Cargo.toml
workspace: /mnt/data1/nix/vendor/rust/cargo2nix/Cargo.toml
warning: /mnt/data1/nix/vendor/rust/cargo2nix/submodules/io-uring/Cargo.toml: unused manifest key: package.members
warning: /mnt/data1/nix/vendor/rust/cargo2nix/submodules/backtrace-rs/Cargo.toml: unused manifest key: dependencies.cpp_demangle.version
warning: /mnt/data1/nix/vendor/rust/cargo2nix/submodules/backtrace-rs/Cargo.toml: unused manifest key: dependencies.serde.version
warning: /mnt/data1/nix/vendor/rust/cargo2nix/submodules/backtrace-rs/Cargo.toml: unused manifest key: target.cfg(not(all(windows, target_env = "msvc", not(target_vendor = "uwp")))).dependencies.addr2line.version
warning: /mnt/data1/nix/vendor/rust/cargo2nix/submodules/backtrace-rs/Cargo.toml: unused manifest key: target.cfg(not(all(windows, target_env = "msvc", not(target_vendor = "uwp")))).dependencies.libc.version
warning: /mnt/data1/nix/vendor/rust/cargo2nix/submodules/backtrace-rs/Cargo.toml: unused manifest key: target.cfg(not(all(windows, target_env = "msvc", not(target_vendor = "uwp")))).dependencies.miniz_oxide.version
warning: /mnt/data1/nix/vendor/rust/cargo2nix/submodules/backtrace-rs/Cargo.toml: unused manifest key: target.cfg(not(all(windows, target_env = "msvc", not(target_vendor = "uwp")))).dependencies.ruzstd.version
warning: /mnt/data1/nix/vendor/rust/cargo2nix/submodules/scoped-tls/Cargo.toml: no edition set: defaulting to the 2015 edition while the latest is 2024
warning: /mnt/data1/nix/vendor/rust/cargo2nix/submodules/fxhash/Cargo.toml: no edition set: defaulting to the 2015 edition while the latest is 2024
warning: /mnt/data1/nix/vendor/rust/cargo2nix/submodules/defmac/Cargo.toml: no edition set: defaulting to the 2015 edition while the latest is 2024
warning: /mnt/data1/nix/vendor/rust/cargo2nix/submodules/rustc-demangle/Cargo.toml: no edition set: defaulting to the 2015 edition while the latest is 2024
warning: /mnt/data1/nix/vendor/rust/cargo2nix/submodules/rustc-demangle/Cargo.toml: unused manifest key: package.members
warning: /mnt/data1/nix/vendor/rust/cargo2nix/submodules/clap/clap_builder/Cargo.toml: unused manifest key: dependencies.anstream.version
warning: /mnt/data1/nix/vendor/rust/cargo2nix/submodules/clap/clap_builder/Cargo.toml: unused manifest key: dependencies.anstyle.version
warning: /mnt/data1/nix/vendor/rust/cargo2nix/submodules/clap/clap_builder/Cargo.toml: unused manifest key: dependencies.backtrace.version
warning: /mnt/data1/nix/vendor/rust/cargo2nix/submodules/clap/clap_builder/Cargo.toml: unused manifest key: dependencies.strsim.version
warning: /mnt/data1/nix/vendor/rust/cargo2nix/submodules/clap/clap_builder/Cargo.toml: unused manifest key: dependencies.terminal_size.version
warning: /mnt/data1/nix/vendor/rust/cargo2nix/submodules/clap/clap_builder/Cargo.toml: unused manifest key: dependencies.unicase.version
warning: /mnt/data1/nix/vendor/rust/cargo2nix/submodules/clap/clap_builder/Cargo.toml: unused manifest key: dependencies.unicode-width.version
warning: /mnt/data1/nix/vendor/rust/cargo2nix/submodules/clap/clap_builder/Cargo.toml: unused manifest key: dev-dependencies.snapbox.version
warning: /mnt/data1/nix/vendor/rust/cargo2nix/submodules/glob/Cargo.toml: no edition set: defaulting to the 2015 edition while the latest is 2024
warning: /mnt/data1/nix/vendor/rust/cargo2nix/submodules/arbitrary/Cargo.toml: unused manifest key: test.0.members
warning: /mnt/data1/nix/vendor/rust/cargo2nix/submodules/pasetors/Cargo.toml: unused manifest key: dependencies.sha2.serde
warning: /mnt/data1/nix/vendor/rust/cargo2nix/submodules/pasetors/Cargo.toml: unused manifest key: dependencies.sha2.serde_derive
warning: /mnt/data1/nix/vendor/rust/cargo2nix/submodules/git2-rs/Cargo.toml: unused manifest key: examples
warning: /mnt/data1/nix/vendor/rust/cargo2nix/submodules/assert-impl/Cargo.toml: no edition set: defaulting to the 2015 edition while the latest is 2024
warning: /mnt/data1/nix/vendor/rust/cargo2nix/submodules/im-rs/rc/Cargo.toml: unused manifest key: package.metadata.docs.rs
warning: /mnt/data1/nix/vendor/rust/cargo2nix/submodules/text-size/Cargo.toml: `default_features` is deprecated in favor of `default-features` and will not work in the 2024 edition
(in the `serde` dependency)
warning: /mnt/data1/nix/vendor/rust/cargo2nix/submodules/regex/Cargo.toml: unused manifest key: package.members
warning: /mnt/data1/nix/vendor/rust/cargo2nix/submodules/indexmap/Cargo.toml: unused manifest key: dependencies.serde.version
warning: /mnt/data1/nix/vendor/rust/cargo2nix/submodules/indexmap/Cargo.toml: unused manifest key: dependencies.serde_core.version
warning: /mnt/data1/nix/vendor/rust/cargo2nix/submodules/lazy-static/Cargo.toml: no edition set: defaulting to the 2015 edition while the latest is 2024
warning: /mnt/data1/nix/vendor/rust/cargo2nix/submodules/crossbeam/crossbeam-utils/Cargo.toml: unused manifest key: dependencies.atomic-maybe-uninit.version
warning: /mnt/data1/nix/vendor/rust/cargo2nix/submodules/signal-hook/signal-hook-registry/Cargo.toml: no edition set: defaulting to the 2015 edition while the latest is 2024
warning: /mnt/data1/nix/vendor/rust/cargo2nix/submodules/petgraph/Cargo.toml: unused manifest key: dependencies.dot-parser.version
warning: /mnt/data1/nix/vendor/rust/cargo2nix/submodules/petgraph/Cargo.toml: unused manifest key: dependencies.dot-parser-macros.version
warning: /mnt/data1/nix/vendor/rust/cargo2nix/submodules/petgraph/Cargo.toml: unused manifest key: dependencies.fixedbitset.version
warning: /mnt/data1/nix/vendor/rust/cargo2nix/submodules/petgraph/Cargo.toml: unused manifest key: dependencies.hashbrown.version
warning: /mnt/data1/nix/vendor/rust/cargo2nix/submodules/petgraph/Cargo.toml: unused manifest key: dependencies.indexmap.version
warning: /mnt/data1/nix/vendor/rust/cargo2nix/submodules/petgraph/Cargo.toml: unused manifest key: dependencies.quickcheck.version
warning: /mnt/data1/nix/vendor/rust/cargo2nix/submodules/petgraph/Cargo.toml: unused manifest key: dependencies.rayon.version
warning: /mnt/data1/nix/vendor/rust/cargo2nix/submodules/petgraph/Cargo.toml: unused manifest key: dependencies.serde.version
warning: /mnt/data1/nix/vendor/rust/cargo2nix/submodules/petgraph/Cargo.toml: unused manifest key: dependencies.serde_derive.version
warning: /mnt/data1/nix/vendor/rust/cargo2nix/submodules/petgraph/Cargo.toml: unused manifest key: dev-dependencies.itertools.version
warning: /mnt/data1/nix/vendor/rust/cargo2nix/submodules/petgraph/Cargo.toml: unused manifest key: dev-dependencies.odds.version
warning: /mnt/data1/nix/vendor/rust/cargo2nix/submodules/curl-rust/Cargo.toml: `default-features` is ignored for curl-sys, since `default-features` was not specified for `workspace.dependencies.curl-sys`, this could become a hard error in the future
warning: /mnt/data1/nix/vendor/rust/cargo2nix/crates/rust-mcp-server/Cargo.toml: file `/mnt/data1/nix/vendor/rust/cargo2nix/crates/rust-mcp-server/src/main.rs` found to be present in multiple build targets:
  * `lib` target `rust_mcp_server`
  * `bin` target `rust-mcp-server`
warning: /mnt/data1/nix/vendor/rust/cargo2nix/submodules/chrono/Cargo.toml: `default-features` is ignored for serde_derive, since `default-features` was not specified for `workspace.dependencies.serde_derive`, this could become a hard error in the future
warning: /mnt/data1/nix/vendor/rust/cargo2nix/submodules/quickcheck/Cargo.toml: unused manifest key: package.members
warning: /mnt/data1/nix/vendor/rust/cargo2nix/submodules/zstd-rs/ruzstd/Cargo.toml: `default-features` is ignored for twox-hash, since `default-features` was not specified for `workspace.dependencies.twox-hash`, this could become a hard error in the future
warning: /mnt/data1/nix/vendor/rust/cargo2nix/submodules/zstd-rs/ruzstd/Cargo.toml: unused manifest key: dependencies.fastrand.version
warning: /mnt/data1/nix/vendor/rust/cargo2nix/submodules/zstd-rs/ruzstd/Cargo.toml: unused manifest key: dependencies.twox-hash.version
warning: /mnt/data1/nix/vendor/rust/cargo2nix/submodules/zstd-rs/ruzstd/Cargo.toml: unused manifest key: dev-dependencies.rand.version
warning: /mnt/data1/nix/vendor/rust/cargo2nix/submodules/static-assertions-rs/proc/Cargo.toml: no edition set: defaulting to the 2015 edition while the latest is 2024
warning: /mnt/data1/nix/vendor/rust/cargo2nix/submodules/tokio/tokio/Cargo.toml: `default-features` is ignored for mio, since `default-features` was not specified for `workspace.dependencies.mio`, this could become a hard error in the future
warning: /mnt/data1/nix/vendor/rust/cargo2nix/submodules/tokio/tokio/Cargo.toml: `default-features` is ignored for io-uring, since `default-features` was not specified for `workspace.dependencies.io-uring`, this could become a hard error in the future
warning: /mnt/data1/nix/vendor/rust/cargo2nix/submodules/tokio/tokio/Cargo.toml: `default-features` is ignored for mio, since `default-features` was not specified for `workspace.dependencies.mio`, this could become a hard error in the future
warning: /mnt/data1/nix/vendor/rust/cargo2nix/submodules/tokio/tokio/Cargo.toml: `default-features` is ignored for tracing, since `default-features` was not specified for `workspace.dependencies.tracing`, this could become a hard error in the future
warning: /mnt/data1/nix/vendor/rust/cargo2nix/submodules/tokio/tokio/Cargo.toml: `default-features` is ignored for nix, since `default-features` was not specified for `workspace.dependencies.nix`, this could become a hard error in the future
warning: /mnt/data1/nix/vendor/rust/cargo2nix/submodules/tokio/tokio/Cargo.toml: unused manifest key: dependencies.bytes.version
warning: /mnt/data1/nix/vendor/rust/cargo2nix/submodules/tokio/tokio/Cargo.toml: unused manifest key: dependencies.mio.version
warning: /mnt/data1/nix/vendor/rust/cargo2nix/submodules/tokio/tokio/Cargo.toml: unused manifest key: dev-dependencies.futures.version
warning: /mnt/data1/nix/vendor/rust/cargo2nix/submodules/tokio/tokio/Cargo.toml: unused manifest key: dev-dependencies.tokio-stream.path
warning: /mnt/data1/nix/vendor/rust/cargo2nix/submodules/tokio/tokio/Cargo.toml: unused manifest key: dev-dependencies.tokio-stream.version
warning: /mnt/data1/nix/vendor/rust/cargo2nix/submodules/tokio/tokio/Cargo.toml: unused manifest key: dev-dependencies.tokio-test.path
warning: /mnt/data1/nix/vendor/rust/cargo2nix/submodules/tokio/tokio/Cargo.toml: unused manifest key: dev-dependencies.tokio-test.version
warning: /mnt/data1/nix/vendor/rust/cargo2nix/submodules/tokio/tokio/Cargo.toml: unused manifest key: dev-dependencies.tokio-util.path
warning: /mnt/data1/nix/vendor/rust/cargo2nix/submodules/tokio/tokio/Cargo.toml: unused manifest key: dev-dependencies.tokio-util.version
warning: /mnt/data1/nix/vendor/rust/cargo2nix/submodules/tokio/tokio/Cargo.toml: unused manifest key: target.cfg(all(tokio_unstable, target_os = "linux")).dependencies.io-uring.version
warning: /mnt/data1/nix/vendor/rust/cargo2nix/submodules/tokio/tokio/Cargo.toml: unused manifest key: target.cfg(all(tokio_unstable, target_os = "linux")).dependencies.libc.version
warning: /mnt/data1/nix/vendor/rust/cargo2nix/submodules/tokio/tokio/Cargo.toml: unused manifest key: target.cfg(all(tokio_unstable, target_os = "linux")).dependencies.mio.version
warning: /mnt/data1/nix/vendor/rust/cargo2nix/submodules/tokio/tokio/Cargo.toml: unused manifest key: target.cfg(all(tokio_unstable, target_os = "linux")).dependencies.slab.version
warning: /mnt/data1/nix/vendor/rust/cargo2nix/submodules/tokio/tokio/Cargo.toml: unused manifest key: target.cfg(not(target_family = "wasm")).dependencies.socket2.version
warning: /mnt/data1/nix/vendor/rust/cargo2nix/submodules/tokio/tokio/Cargo.toml: unused manifest key: target.cfg(tokio_unstable).dependencies.tracing.version
warning: /mnt/data1/nix/vendor/rust/cargo2nix/submodules/tokio/tokio/Cargo.toml: unused manifest key: target.cfg(unix).dependencies.libc.version
warning: /mnt/data1/nix/vendor/rust/cargo2nix/submodules/tokio/tokio/Cargo.toml: unused manifest key: target.cfg(unix).dependencies.signal-hook-registry.version
warning: /mnt/data1/nix/vendor/rust/cargo2nix/submodules/tokio/tokio/Cargo.toml: unused manifest key: target.cfg(unix).dev-dependencies.libc.version
warning: /mnt/data1/nix/vendor/rust/cargo2nix/submodules/tokio/tokio/Cargo.toml: unused manifest key: target.cfg(unix).dev-dependencies.nix.version
warning: /mnt/data1/nix/vendor/rust/cargo2nix/submodules/tokio/tokio/Cargo.toml: unused manifest key: target.cfg(windows).dependencies.windows-sys.version
warning: /mnt/data1/nix/vendor/rust/cargo2nix/submodules/tokio/tokio/Cargo.toml: unused manifest key: target.cfg(windows).dev-dependencies.windows-sys.version
warning: /mnt/data1/nix/vendor/rust/cargo2nix/submodules/rust-url/url/Cargo.toml: `default-features` is ignored for serde_derive, since `default-features` was not specified for `workspace.dependencies.serde_derive`, this could become a hard error in the future
warning: /mnt/data1/nix/vendor/rust/cargo2nix/submodules/equivalent/Cargo.toml: no edition set: defaulting to the 2015 edition while the latest is 2024
warning: /mnt/data1/nix/vendor/rust/cargo2nix/submodules/memoffset/Cargo.toml: no edition set: defaulting to the 2015 edition while the latest is 2024
warning: /mnt/data1/nix/vendor/rust/cargo2nix/submodules/nix/Cargo.toml: unused manifest key: dependencies.memoffset.version
warning: /mnt/data1/nix/vendor/rust/cargo2nix/submodules/nix/Cargo.toml: unused manifest key: dependencies.pin-utils.version
warning: /mnt/data1/nix/vendor/rust/cargo2nix/submodules/ahash/Cargo.toml: file `/mnt/data1/nix/vendor/rust/cargo2nix/submodules/ahash/tests/map_tests.rs` found to be present in multiple build targets:
  * `integration-test` target `map_tests`
  * `bench` target `map`
warning: /mnt/data1/nix/vendor/rust/cargo2nix/submodules/ahash/Cargo.toml: file `/mnt/data1/nix/vendor/rust/cargo2nix/submodules/ahash/tests/bench.rs` found to be present in multiple build targets:
  * `integration-test` target `bench`
  * `bench` target `ahash`
warning: /mnt/data1/nix/vendor/rust/cargo2nix/submodules/colorify/Cargo.toml: no edition set: defaulting to the 2015 edition while the latest is 2024
warning: /mnt/data1/nix/vendor/rust/cargo2nix/submodules/static-assertions-rs/Cargo.toml: no edition set: defaulting to the 2015 edition while the latest is 2024
warning: /mnt/data1/nix/vendor/rust/cargo2nix/submodules/camino/Cargo.toml: unused manifest key: members
warning: /mnt/data1/nix/vendor/rust/cargo2nix/submodules/tracing-tree/Cargo.toml: `default-features` is ignored for tracing-log, since `default-features` was not specified for `workspace.dependencies.tracing-log`, this could become a hard error in the future
warning: /mnt/data1/nix/vendor/rust/cargo2nix/submodules/tracing-tree/Cargo.toml: `default-features` is ignored for tracing-subscriber, since `default-features` was not specified for `workspace.dependencies.tracing-subscriber`, this could become a hard error in the future
warning: /mnt/data1/nix/vendor/rust/cargo2nix/submodules/unicode-ident/Cargo.toml: unused manifest key: bench.0.members
warning: /mnt/data1/nix/vendor/rust/cargo2nix/submodules/pin-project-lite/Cargo.toml: unused manifest key: dev-dependencies.macrotest.branch
warning: /mnt/data1/nix/vendor/rust/cargo2nix/submodules/pin-project-lite/Cargo.toml: unused manifest key: dev-dependencies.trybuild.branch
warning: /mnt/data1/nix/vendor/rust/cargo2nix/submodules/odds/Cargo.toml: no edition set: defaulting to the 2015 edition while the latest is 2024
warning: /mnt/data1/nix/vendor/rust/cargo2nix/submodules/version_check/Cargo.toml: no edition set: defaulting to the 2015 edition while the latest is 2024
warning: patch for `curl` uses the features mechanism. default-features and features will not take effect because the patch dependency does not support this mechanism
warning: patch for `libc` uses the features mechanism. default-features and features will not take effect because the patch dependency does not support this mechanism
warning: Patch `measureme v0.1.0 (/mnt/data1/nix/vendor/rust/cargo2nix/submodules/measureme/measureme)` was not used in the crate graph.
Patch `tokio-core v0.1.18 (/mnt/data1/nix/vendor/rust/cargo2nix/submodules/tokio-core)` was not used in the crate graph.
Check that the patched package version and available features are compatible
with the dependency requirements. If the patch has a different version from
what is locked in the Cargo.lock file, run `cargo update` to use the new
version. This may also occur with an optional dependency that is not enabled.
{"reason":"compiler-artifact","package_id":"path+file:///mnt/data1/nix/vendor/rust/cargo2nix/submodules/proc-macro2#1.0.103","manifest_path":"/mnt/data1/nix/vendor/rust/cargo2nix/submodules/proc-macro2/Cargo.toml","target":{"kind":["custom-build"],"crate_types":["bin"],"name":"build-script-build","src_path":"/mnt/data1/nix/vendor/rust/cargo2nix/submodules/proc-macro2/build.rs","edition":"2021","doc":false,"doctest":false,"test":false},"profile":{"opt_level":"0","debuginfo":0,"debug_assertions":true,"overflow_checks":true,"test":false},"features":["default","proc-macro"],"filenames":["/mnt/data1/nix/vendor/rust/cargo2nix/target/debug/build/proc-macro2-538acd604755aa46/build-script-build"],"executable":null,"fresh":true}
{"reason":"build-script-executed","package_id":"path+file:///mnt/data1/nix/vendor/rust/cargo2nix/submodules/proc-macro2#1.0.103","linked_libs":[],"linked_paths":[],"cfgs":["wrap_proc_macro","proc_macro_span","proc_macro_span_location","proc_macro_span_file"],"env":[],"out_dir":"/mnt/data1/nix/vendor/rust/cargo2nix/target/debug/build/proc-macro2-1bc4d54aae72c556/out"}
{"reason":"compiler-artifact","package_id":"path+file:///mnt/data1/nix/vendor/rust/cargo2nix/submodules/quote#1.0.42","manifest_path":"/mnt/data1/nix/vendor/rust/cargo2nix/submodules/quote/Cargo.toml","target":{"kind":["custom-build"],"crate_types":["bin"],"name":"build-script-build","src_path":"/mnt/data1/nix/vendor/rust/cargo2nix/submodules/quote/build.rs","edition":"2018","doc":false,"doctest":false,"test":false},"profile":{"opt_level":"0","debuginfo":0,"debug_assertions":true,"overflow_checks":true,"test":false},"features":["default","proc-macro"],"filenames":["/mnt/data1/nix/vendor/rust/cargo2nix/target/debug/build/quote-3eed3cfd68603584/build-script-build"],"executable":null,"fresh":true}
{"reason":"compiler-artifact","package_id":"registry+https://github.com/rust-lang/crates.io-index#unicode-ident@1.0.22","manifest_path":"/home/mdupont/.cargo/registry/src/index.crates.io-1949cf8c6b5b557f/unicode-ident-1.0.22/Cargo.toml","target":{"kind":["lib"],"crate_types":["lib"],"name":"unicode_ident","src_path":"/home/mdupont/.cargo/registry/src/index.crates.io-1949cf8c6b5b557f/unicode-ident-1.0.22/src/lib.rs","edition":"2018","doc":true,"doctest":true,"test":true},"profile":{"opt_level":"0","debuginfo":0,"debug_assertions":true,"overflow_checks":true,"test":false},"features":[],"filenames":["/mnt/data1/nix/vendor/rust/cargo2nix/target/debug/deps/libunicode_ident-12c495887fb81e30.rlib","/mnt/data1/nix/vendor/rust/cargo2nix/target/debug/deps/libunicode_ident-12c495887fb81e30.rmeta"],"executable":null,"fresh":true}
{"reason":"compiler-artifact","package_id":"path+file:///mnt/data1/nix/vendor/rust/cargo2nix/submodules/proc-macro2#1.0.103","manifest_path":"/mnt/data1/nix/vendor/rust/cargo2nix/submodules/proc-macro2/Cargo.toml","target":{"kind":["lib"],"crate_types":["lib"],"name":"proc_macro2","src_path":"/mnt/data1/nix/vendor/rust/cargo2nix/submodules/proc-macro2/src/lib.rs","edition":"2021","doc":true,"doctest":true,"test":true},"profile":{"opt_level":"0","debuginfo":0,"debug_assertions":true,"overflow_checks":true,"test":false},"features":["default","proc-macro"],"filenames":["/mnt/data1/nix/vendor/rust/cargo2nix/target/debug/deps/libproc_macro2-b8a34a4ac2217d44.rlib","/mnt/data1/nix/vendor/rust/cargo2nix/target/debug/deps/libproc_macro2-b8a34a4ac2217d44.rmeta"],"executable":null,"fresh":true}
{"reason":"build-script-executed","package_id":"path+file:///mnt/data1/nix/vendor/rust/cargo2nix/submodules/quote#1.0.42","linked_libs":[],"linked_paths":[],"cfgs":[],"env":[],"out_dir":"/mnt/data1/nix/vendor/rust/cargo2nix/target/debug/build/quote-d0c0c55ba3cc1b00/out"}
{"reason":"compiler-artifact","package_id":"path+file:///mnt/data1/nix/vendor/rust/cargo2nix/submodules/syn#2.0.110","manifest_path":"/mnt/data1/nix/vendor/rust/cargo2nix/submodules/syn/Cargo.toml","target":{"kind":["custom-build"],"crate_types":["bin"],"name":"build-script-build","src_path":"/mnt/data1/nix/vendor/rust/cargo2nix/submodules/syn/build.rs","edition":"2021","doc":false,"doctest":false,"test":false},"profile":{"opt_level":"0","debuginfo":0,"debug_assertions":true,"overflow_checks":true,"test":false},"features":["clone-impls","default","derive","parsing","printing","proc-macro"],"filenames":["/mnt/data1/nix/vendor/rust/cargo2nix/target/debug/build/syn-fc88414814e2e41f/build-script-build"],"executable":null,"fresh":true}
{"reason":"build-script-executed","package_id":"path+file:///mnt/data1/nix/vendor/rust/cargo2nix/submodules/syn#2.0.110","linked_libs":[],"linked_paths":[],"cfgs":["check_cfg"],"env":[],"out_dir":"/mnt/data1/nix/vendor/rust/cargo2nix/target/debug/build/syn-de90365417b22c8f/out"}
{"reason":"compiler-artifact","package_id":"path+file:///mnt/data1/nix/vendor/rust/cargo2nix/submodules/quote#1.0.42","manifest_path":"/mnt/data1/nix/vendor/rust/cargo2nix/submodules/quote/Cargo.toml","target":{"kind":["lib"],"crate_types":["lib"],"name":"quote","src_path":"/mnt/data1/nix/vendor/rust/cargo2nix/submodules/quote/src/lib.rs","edition":"2018","doc":true,"doctest":true,"test":true},"profile":{"opt_level":"0","debuginfo":0,"debug_assertions":true,"overflow_checks":true,"test":false},"features":["default","proc-macro"],"filenames":["/mnt/data1/nix/vendor/rust/cargo2nix/target/debug/deps/libquote-b130b5a8a957718a.rlib","/mnt/data1/nix/vendor/rust/cargo2nix/target/debug/deps/libquote-b130b5a8a957718a.rmeta"],"executable":null,"fresh":true}
{"reason":"compiler-artifact","package_id":"path+file:///mnt/data1/nix/vendor/rust/cargo2nix/submodules/syn#2.0.110","manifest_path":"/mnt/data1/nix/vendor/rust/cargo2nix/submodules/syn/Cargo.toml","target":{"kind":["lib"],"crate_types":["lib"],"name":"syn","src_path":"/mnt/data1/nix/vendor/rust/cargo2nix/submodules/syn/src/lib.rs","edition":"2021","doc":true,"doctest":true,"test":true},"profile":{"opt_level":"0","debuginfo":0,"debug_assertions":true,"overflow_checks":true,"test":false},"features":["clone-impls","default","derive","parsing","printing","proc-macro"],"filenames":["/mnt/data1/nix/vendor/rust/cargo2nix/target/debug/deps/libsyn-a50e06ba86986cec.rlib","/mnt/data1/nix/vendor/rust/cargo2nix/target/debug/deps/libsyn-a50e06ba86986cec.rmeta"],"executable":null,"fresh":true}
{"reason":"compiler-artifact","package_id":"registry+https://github.com/rust-lang/crates.io-index#thiserror@2.0.17","manifest_path":"/home/mdupont/.cargo/registry/src/index.crates.io-1949cf8c6b5b557f/thiserror-2.0.17/Cargo.toml","target":{"kind":["custom-build"],"crate_types":["bin"],"name":"build-script-build","src_path":"/home/mdupont/.cargo/registry/src/index.crates.io-1949cf8c6b5b557f/thiserror-2.0.17/build.rs","edition":"2021","doc":false,"doctest":false,"test":false},"profile":{"opt_level":"0","debuginfo":0,"debug_assertions":true,"overflow_checks":true,"test":false},"features":["default","std"],"filenames":["/mnt/data1/nix/vendor/rust/cargo2nix/target/debug/build/thiserror-c73a6dcbf85ebb6c/build-script-build"],"executable":null,"fresh":true}
{"reason":"compiler-artifact","package_id":"registry+https://github.com/rust-lang/crates.io-index#libc@0.2.178","manifest_path":"/home/mdupont/.cargo/registry/src/index.crates.io-1949cf8c6b5b557f/libc-0.2.178/Cargo.toml","target":{"kind":["custom-build"],"crate_types":["bin"],"name":"build-script-build","src_path":"/home/mdupont/.cargo/registry/src/index.crates.io-1949cf8c6b5b557f/libc-0.2.178/build.rs","edition":"2021","doc":false,"doctest":false,"test":false},"profile":{"opt_level":"0","debuginfo":0,"debug_assertions":true,"overflow_checks":true,"test":false},"features":["default","std"],"filenames":["/mnt/data1/nix/vendor/rust/cargo2nix/target/debug/build/libc-437ff09f19b669dd/build-script-build"],"executable":null,"fresh":true}
{"reason":"compiler-artifact","package_id":"registry+https://github.com/rust-lang/crates.io-index#memchr@2.7.6","manifest_path":"/home/mdupont/.cargo/registry/src/index.crates.io-1949cf8c6b5b557f/memchr-2.7.6/Cargo.toml","target":{"kind":["lib"],"crate_types":["lib"],"name":"memchr","src_path":"/home/mdupont/.cargo/registry/src/index.crates.io-1949cf8c6b5b557f/memchr-2.7.6/src/lib.rs","edition":"2021","doc":true,"doctest":true,"test":true},"profile":{"opt_level":"0","debuginfo":2,"debug_assertions":true,"overflow_checks":true,"test":false},"features":["alloc","std"],"filenames":["/mnt/data1/nix/vendor/rust/cargo2nix/target/debug/deps/libmemchr-3dd7c4eee1e54167.rlib","/mnt/data1/nix/vendor/rust/cargo2nix/target/debug/deps/libmemchr-3dd7c4eee1e54167.rmeta"],"executable":null,"fresh":true}
{"reason":"compiler-artifact","package_id":"registry+https://github.com/rust-lang/crates.io-index#regex-automata@0.4.13","manifest_path":"/home/mdupont/.cargo/registry/src/index.crates.io-1949cf8c6b5b557f/regex-automata-0.4.13/Cargo.toml","target":{"kind":["lib"],"crate_types":["lib"],"name":"regex_automata","src_path":"/home/mdupont/.cargo/registry/src/index.crates.io-1949cf8c6b5b557f/regex-automata-0.4.13/src/lib.rs","edition":"2021","doc":true,"doctest":true,"test":true},"profile":{"opt_level":"0","debuginfo":2,"debug_assertions":true,"overflow_checks":true,"test":false},"features":["dfa-search"],"filenames":["/mnt/data1/nix/vendor/rust/cargo2nix/target/debug/deps/libregex_automata-ebe8d7e8ef3608ad.rlib","/mnt/data1/nix/vendor/rust/cargo2nix/target/debug/deps/libregex_automata-ebe8d7e8ef3608ad.rmeta"],"executable":null,"fresh":true}
{"reason":"compiler-artifact","package_id":"registry+https://github.com/rust-lang/crates.io-index#tinyvec_macros@0.1.1","manifest_path":"/home/mdupont/.cargo/registry/src/index.crates.io-1949cf8c6b5b557f/tinyvec_macros-0.1.1/Cargo.toml","target":{"kind":["lib"],"crate_types":["lib"],"name":"tinyvec_macros","src_path":"/home/mdupont/.cargo/registry/src/index.crates.io-1949cf8c6b5b557f/tinyvec_macros-0.1.1/src/lib.rs","edition":"2018","doc":true,"doctest":true,"test":true},"profile":{"opt_level":"0","debuginfo":2,"debug_assertions":true,"overflow_checks":true,"test":false},"features":[],"filenames":["/mnt/data1/nix/vendor/rust/cargo2nix/target/debug/deps/libtinyvec_macros-dae4282b78017f08.rlib","/mnt/data1/nix/vendor/rust/cargo2nix/target/debug/deps/libtinyvec_macros-dae4282b78017f08.rmeta"],"executable":null,"fresh":true}
{"reason":"compiler-artifact","package_id":"registry+https://github.com/rust-lang/crates.io-index#fastrand@2.3.0","manifest_path":"/home/mdupont/.cargo/registry/src/index.crates.io-1949cf8c6b5b557f/fastrand-2.3.0/Cargo.toml","target":{"kind":["lib"],"crate_types":["lib"],"name":"fastrand","src_path":"/home/mdupont/.cargo/registry/src/index.crates.io-1949cf8c6b5b557f/fastrand-2.3.0/src/lib.rs","edition":"2018","doc":true,"doctest":true,"test":true},"profile":{"opt_level":"0","debuginfo":2,"debug_assertions":true,"overflow_checks":true,"test":false},"features":["alloc","default","std"],"filenames":["/mnt/data1/nix/vendor/rust/cargo2nix/target/debug/deps/libfastrand-ecdbacb34276294a.rlib","/mnt/data1/nix/vendor/rust/cargo2nix/target/debug/deps/libfastrand-ecdbacb34276294a.rmeta"],"executable":null,"fresh":true}
{"reason":"compiler-artifact","package_id":"path+file:///mnt/data1/nix/vendor/rust/cargo2nix/submodules/parking_lot/core#parking_lot_core@0.9.13","manifest_path":"/mnt/data1/nix/vendor/rust/cargo2nix/submodules/parking_lot/core/Cargo.toml","target":{"kind":["custom-build"],"crate_types":["bin"],"name":"build-script-build","src_path":"/mnt/data1/nix/vendor/rust/cargo2nix/submodules/parking_lot/core/build.rs","edition":"2021","doc":false,"doctest":false,"test":false},"profile":{"opt_level":"0","debuginfo":0,"debug_assertions":true,"overflow_checks":true,"test":false},"features":[],"filenames":["/mnt/data1/nix/vendor/rust/cargo2nix/target/debug/build/parking_lot_core-7635933883eff3ca/build-script-build"],"executable":null,"fresh":true}
{"reason":"compiler-artifact","package_id":"registry+https://github.com/rust-lang/crates.io-index#scopeguard@1.2.0","manifest_path":"/home/mdupont/.cargo/registry/src/index.crates.io-1949cf8c6b5b557f/scopeguard-1.2.0/Cargo.toml","target":{"kind":["lib"],"crate_types":["lib"],"name":"scopeguard","src_path":"/home/mdupont/.cargo/registry/src/index.crates.io-1949cf8c6b5b557f/scopeguard-1.2.0/src/lib.rs","edition":"2015","doc":true,"doctest":true,"test":true},"profile":{"opt_level":"0","debuginfo":2,"debug_assertions":true,"overflow_checks":true,"test":false},"features":[],"filenames":["/mnt/data1/nix/vendor/rust/cargo2nix/target/debug/deps/libscopeguard-cfa69166bd4da734.rlib","/mnt/data1/nix/vendor/rust/cargo2nix/target/debug/deps/libscopeguard-cfa69166bd4da734.rmeta"],"executable":null,"fresh":true}
{"reason":"compiler-artifact","package_id":"path+file:///mnt/data1/nix/vendor/rust/cargo2nix/submodules/cfg-if#1.0.4","manifest_path":"/mnt/data1/nix/vendor/rust/cargo2nix/submodules/cfg-if/Cargo.toml","target":{"kind":["lib"],"crate_types":["lib"],"name":"cfg_if","src_path":"/mnt/data1/nix/vendor/rust/cargo2nix/submodules/cfg-if/src/lib.rs","edition":"2018","doc":true,"doctest":true,"test":true},"profile":{"opt_level":"0","debuginfo":2,"debug_assertions":true,"overflow_checks":true,"test":false},"features":[],"filenames":["/mnt/data1/nix/vendor/rust/cargo2nix/target/debug/deps/libcfg_if-abcd325605cd1772.rlib","/mnt/data1/nix/vendor/rust/cargo2nix/target/debug/deps/libcfg_if-abcd325605cd1772.rmeta"],"executable":null,"fresh":true}
{"reason":"compiler-artifact","package_id":"path+file:///mnt/data1/nix/vendor/rust/cargo2nix/submodules/rust-smallvec#smallvec@2.0.0-alpha.12","manifest_path":"/mnt/data1/nix/vendor/rust/cargo2nix/submodules/rust-smallvec/Cargo.toml","target":{"kind":["lib"],"crate_types":["lib"],"name":"smallvec","src_path":"/mnt/data1/nix/vendor/rust/cargo2nix/submodules/rust-smallvec/src/lib.rs","edition":"2021","doc":true,"doctest":true,"test":true},"profile":{"opt_level":"0","debuginfo":2,"debug_assertions":true,"overflow_checks":true,"test":false},"features":[],"filenames":["/mnt/data1/nix/vendor/rust/cargo2nix/target/debug/deps/libsmallvec-39da6c6240a07e62.rlib","/mnt/data1/nix/vendor/rust/cargo2nix/target/debug/deps/libsmallvec-39da6c6240a07e62.rmeta"],"executable":null,"fresh":true}
{"reason":"compiler-artifact","package_id":"path+file:///mnt/data1/nix/vendor/rust/cargo2nix/submodules/gitoxide/gix-trace#0.1.15","manifest_path":"/mnt/data1/nix/vendor/rust/cargo2nix/submodules/gitoxide/gix-trace/Cargo.toml","target":{"kind":["lib"],"crate_types":["lib"],"name":"gix_trace","src_path":"/mnt/data1/nix/vendor/rust/cargo2nix/submodules/gitoxide/gix-trace/src/lib.rs","edition":"2021","doc":true,"doctest":false,"test":false},"profile":{"opt_level":"0","debuginfo":2,"debug_assertions":true,"overflow_checks":true,"test":false},"features":["default"],"filenames":["/mnt/data1/nix/vendor/rust/cargo2nix/target/debug/deps/libgix_trace-7e8c25f23bb961b5.rlib","/mnt/data1/nix/vendor/rust/cargo2nix/target/debug/deps/libgix_trace-7e8c25f23bb961b5.rmeta"],"executable":null,"fresh":true}
{"reason":"compiler-artifact","package_id":"registry+https://github.com/rust-lang/crates.io-index#cfg-if@1.0.4","manifest_path":"/home/mdupont/.cargo/registry/src/index.crates.io-1949cf8c6b5b557f/cfg-if-1.0.4/Cargo.toml","target":{"kind":["lib"],"crate_types":["lib"],"name":"cfg_if","src_path":"/home/mdupont/.cargo/registry/src/index.crates.io-1949cf8c6b5b557f/cfg-if-1.0.4/src/lib.rs","edition":"2018","doc":true,"doctest":true,"test":true},"profile":{"opt_level":"0","debuginfo":2,"debug_assertions":true,"overflow_checks":true,"test":false},"features":[],"filenames":["/mnt/data1/nix/vendor/rust/cargo2nix/target/debug/deps/libcfg_if-2262c59ed30cbfdf.rlib","/mnt/data1/nix/vendor/rust/cargo2nix/target/debug/deps/libcfg_if-2262c59ed30cbfdf.rmeta"],"executable":null,"fresh":true}
{"reason":"compiler-artifact","package_id":"registry+https://github.com/rust-lang/crates.io-index#typenum@1.19.0","manifest_path":"/home/mdupont/.cargo/registry/src/index.crates.io-1949cf8c6b5b557f/typenum-1.19.0/Cargo.toml","target":{"kind":["custom-build"],"crate_types":["bin"],"name":"build-script-build","src_path":"/home/mdupont/.cargo/registry/src/index.crates.io-1949cf8c6b5b557f/typenum-1.19.0/build.rs","edition":"2018","doc":false,"doctest":false,"test":false},"profile":{"opt_level":"0","debuginfo":0,"debug_assertions":true,"overflow_checks":true,"test":false},"features":[],"filenames":["/mnt/data1/nix/vendor/rust/cargo2nix/target/debug/build/typenum-1d112de01353164c/build-script-build"],"executable":null,"fresh":true}
{"reason":"compiler-artifact","package_id":"registry+https://github.com/rust-lang/crates.io-index#version_check@0.9.5","manifest_path":"/home/mdupont/.cargo/registry/src/index.crates.io-1949cf8c6b5b557f/version_check-0.9.5/Cargo.toml","target":{"kind":["lib"],"crate_types":["lib"],"name":"version_check","src_path":"/home/mdupont/.cargo/registry/src/index.crates.io-1949cf8c6b5b557f/version_check-0.9.5/src/lib.rs","edition":"2015","doc":true,"doctest":true,"test":true},"profile":{"opt_level":"0","debuginfo":0,"debug_assertions":true,"overflow_checks":true,"test":false},"features":[],"filenames":["/mnt/data1/nix/vendor/rust/cargo2nix/target/debug/deps/libversion_check-2571cf324060ec01.rlib","/mnt/data1/nix/vendor/rust/cargo2nix/target/debug/deps/libversion_check-2571cf324060ec01.rmeta"],"executable":null,"fresh":true}
{"reason":"compiler-artifact","package_id":"registry+https://github.com/rust-lang/crates.io-index#heapless@0.8.0","manifest_path":"/home/mdupont/.cargo/registry/src/index.crates.io-1949cf8c6b5b557f/heapless-0.8.0/Cargo.toml","target":{"kind":["custom-build"],"crate_types":["bin"],"name":"build-script-build","src_path":"/home/mdupont/.cargo/registry/src/index.crates.io-1949cf8c6b5b557f/heapless-0.8.0/build.rs","edition":"2021","doc":false,"doctest":false,"test":false},"profile":{"opt_level":"0","debuginfo":0,"debug_assertions":true,"overflow_checks":true,"test":false},"features":[],"filenames":["/mnt/data1/nix/vendor/rust/cargo2nix/target/debug/build/heapless-2dd6b63654a8788c/build-script-build"],"executable":null,"fresh":true}
{"reason":"compiler-artifact","package_id":"registry+https://github.com/rust-lang/crates.io-index#byteorder@1.5.0","manifest_path":"/home/mdupont/.cargo/registry/src/index.crates.io-1949cf8c6b5b557f/byteorder-1.5.0/Cargo.toml","target":{"kind":["lib"],"crate_types":["lib"],"name":"byteorder","src_path":"/home/mdupont/.cargo/registry/src/index.crates.io-1949cf8c6b5b557f/byteorder-1.5.0/src/lib.rs","edition":"2021","doc":true,"doctest":true,"test":true},"profile":{"opt_level":"0","debuginfo":2,"debug_assertions":true,"overflow_checks":true,"test":false},"features":[],"filenames":["/mnt/data1/nix/vendor/rust/cargo2nix/target/debug/deps/libbyteorder-7b2246451a749927.rlib","/mnt/data1/nix/vendor/rust/cargo2nix/target/debug/deps/libbyteorder-7b2246451a749927.rmeta"],"executable":null,"fresh":true}
{"reason":"compiler-artifact","package_id":"registry+https://github.com/rust-lang/crates.io-index#bitflags@2.9.1","manifest_path":"/home/mdupont/.cargo/registry/src/index.crates.io-1949cf8c6b5b557f/bitflags-2.9.1/Cargo.toml","target":{"kind":["lib"],"crate_types":["lib"],"name":"bitflags","src_path":"/home/mdupont/.cargo/registry/src/index.crates.io-1949cf8c6b5b557f/bitflags-2.9.1/src/lib.rs","edition":"2021","doc":true,"doctest":true,"test":true},"profile":{"opt_level":"0","debuginfo":2,"debug_assertions":true,"overflow_checks":true,"test":false},"features":["std"],"filenames":["/mnt/data1/nix/vendor/rust/cargo2nix/target/debug/deps/libbitflags-70d45624af9c1b08.rlib","/mnt/data1/nix/vendor/rust/cargo2nix/target/debug/deps/libbitflags-70d45624af9c1b08.rmeta"],"executable":null,"fresh":true}
{"reason":"compiler-artifact","package_id":"registry+https://github.com/rust-lang/crates.io-index#stable_deref_trait@1.2.1","manifest_path":"/home/mdupont/.cargo/registry/src/index.crates.io-1949cf8c6b5b557f/stable_deref_trait-1.2.1/Cargo.toml","target":{"kind":["lib"],"crate_types":["lib"],"name":"stable_deref_trait","src_path":"/home/mdupont/.cargo/registry/src/index.crates.io-1949cf8c6b5b557f/stable_deref_trait-1.2.1/src/lib.rs","edition":"2015","doc":true,"doctest":true,"test":true},"profile":{"opt_level":"0","debuginfo":2,"debug_assertions":true,"overflow_checks":true,"test":false},"features":[],"filenames":["/mnt/data1/nix/vendor/rust/cargo2nix/target/debug/deps/libstable_deref_trait-d13fd163da2fc199.rlib","/mnt/data1/nix/vendor/rust/cargo2nix/target/debug/deps/libstable_deref_trait-d13fd163da2fc199.rmeta"],"executable":null,"fresh":true}
{"reason":"compiler-artifact","package_id":"registry+https://github.com/rust-lang/crates.io-index#cpufeatures@0.2.17","manifest_path":"/home/mdupont/.cargo/registry/src/index.crates.io-1949cf8c6b5b557f/cpufeatures-0.2.17/Cargo.toml","target":{"kind":["lib"],"crate_types":["lib"],"name":"cpufeatures","src_path":"/home/mdupont/.cargo/registry/src/index.crates.io-1949cf8c6b5b557f/cpufeatures-0.2.17/src/lib.rs","edition":"2018","doc":true,"doctest":true,"test":true},"profile":{"opt_level":"0","debuginfo":2,"debug_assertions":true,"overflow_checks":true,"test":false},"features":[],"filenames":["/mnt/data1/nix/vendor/rust/cargo2nix/target/debug/deps/libcpufeatures-241f523369765f8e.rlib","/mnt/data1/nix/vendor/rust/cargo2nix/target/debug/deps/libcpufeatures-241f523369765f8e.rmeta"],"executable":null,"fresh":true}
{"reason":"compiler-artifact","package_id":"registry+https://github.com/rust-lang/crates.io-index#smallvec@1.15.1","manifest_path":"/home/mdupont/.cargo/registry/src/index.crates.io-1949cf8c6b5b557f/smallvec-1.15.1/Cargo.toml","target":{"kind":["lib"],"crate_types":["lib"],"name":"smallvec","src_path":"/home/mdupont/.cargo/registry/src/index.crates.io-1949cf8c6b5b557f/smallvec-1.15.1/src/lib.rs","edition":"2018","doc":true,"doctest":true,"test":true},"profile":{"opt_level":"0","debuginfo":2,"debug_assertions":true,"overflow_checks":true,"test":false},"features":["write"],"filenames":["/mnt/data1/nix/vendor/rust/cargo2nix/target/debug/deps/libsmallvec-9d112eedee0e16da.rlib","/mnt/data1/nix/vendor/rust/cargo2nix/target/debug/deps/libsmallvec-9d112eedee0e16da.rmeta"],"executable":null,"fresh":true}
{"reason":"compiler-artifact","package_id":"registry+https://github.com/rust-lang/crates.io-index#foldhash@0.2.0","manifest_path":"/home/mdupont/.cargo/registry/src/index.crates.io-1949cf8c6b5b557f/foldhash-0.2.0/Cargo.toml","target":{"kind":["lib"],"crate_types":["lib"],"name":"foldhash","src_path":"/home/mdupont/.cargo/registry/src/index.crates.io-1949cf8c6b5b557f/foldhash-0.2.0/src/lib.rs","edition":"2021","doc":true,"doctest":true,"test":true},"profile":{"opt_level":"0","debuginfo":2,"debug_assertions":true,"overflow_checks":true,"test":false},"features":[],"filenames":["/mnt/data1/nix/vendor/rust/cargo2nix/target/debug/deps/libfoldhash-6299ea0c0019980d.rlib","/mnt/data1/nix/vendor/rust/cargo2nix/target/debug/deps/libfoldhash-6299ea0c0019980d.rmeta"],"executable":null,"fresh":true}
{"reason":"compiler-artifact","package_id":"registry+https://github.com/rust-lang/crates.io-index#autocfg@1.5.0","manifest_path":"/home/mdupont/.cargo/registry/src/index.crates.io-1949cf8c6b5b557f/autocfg-1.5.0/Cargo.toml","target":{"kind":["lib"],"crate_types":["lib"],"name":"autocfg","src_path":"/home/mdupont/.cargo/registry/src/index.crates.io-1949cf8c6b5b557f/autocfg-1.5.0/src/lib.rs","edition":"2015","doc":true,"doctest":true,"test":true},"profile":{"opt_level":"0","debuginfo":0,"debug_assertions":true,"overflow_checks":true,"test":false},"features":[],"filenames":["/mnt/data1/nix/vendor/rust/cargo2nix/target/debug/deps/libautocfg-3b49e0afa777d415.rlib","/mnt/data1/nix/vendor/rust/cargo2nix/target/debug/deps/libautocfg-3b49e0afa777d415.rmeta"],"executable":null,"fresh":true}
{"reason":"compiler-artifact","package_id":"registry+https://github.com/rust-lang/crates.io-index#allocator-api2@0.2.18","manifest_path":"/home/mdupont/.cargo/registry/src/index.crates.io-1949cf8c6b5b557f/allocator-api2-0.2.18/Cargo.toml","target":{"kind":["lib"],"crate_types":["lib"],"name":"allocator_api2","src_path":"/home/mdupont/.cargo/registry/src/index.crates.io-1949cf8c6b5b557f/allocator-api2-0.2.18/src/lib.rs","edition":"2018","doc":true,"doctest":true,"test":true},"profile":{"opt_level":"0","debuginfo":2,"debug_assertions":true,"overflow_checks":true,"test":false},"features":["alloc"],"filenames":["/mnt/data1/nix/vendor/rust/cargo2nix/target/debug/deps/liballocator_api2-b3ea77bec5fe8fe9.rlib","/mnt/data1/nix/vendor/rust/cargo2nix/target/debug/deps/liballocator_api2-b3ea77bec5fe8fe9.rmeta"],"executable":null,"fresh":true}
{"reason":"build-script-executed","package_id":"registry+https://github.com/rust-lang/crates.io-index#libc@0.2.178","linked_libs":[],"linked_paths":[],"cfgs":["freebsd12"],"env":[],"out_dir":"/mnt/data1/nix/vendor/rust/cargo2nix/target/debug/build/libc-a543724a99056de3/out"}
{"reason":"compiler-artifact","package_id":"registry+https://github.com/rust-lang/crates.io-index#thiserror-impl@2.0.17","manifest_path":"/home/mdupont/.cargo/registry/src/index.crates.io-1949cf8c6b5b557f/thiserror-impl-2.0.17/Cargo.toml","target":{"kind":["proc-macro"],"crate_types":["proc-macro"],"name":"thiserror_impl","src_path":"/home/mdupont/.cargo/registry/src/index.crates.io-1949cf8c6b5b557f/thiserror-impl-2.0.17/src/lib.rs","edition":"2021","doc":true,"doctest":true,"test":true},"profile":{"opt_level":"0","debuginfo":0,"debug_assertions":true,"overflow_checks":true,"test":false},"features":[],"filenames":["/mnt/data1/nix/vendor/rust/cargo2nix/target/debug/deps/libthiserror_impl-a73425484bdd2869.so"],"executable":null,"fresh":true}
{"reason":"build-script-executed","package_id":"registry+https://github.com/rust-lang/crates.io-index#thiserror@2.0.17","linked_libs":[],"linked_paths":[],"cfgs":["error_generic_member_access"],"env":[],"out_dir":"/mnt/data1/nix/vendor/rust/cargo2nix/target/debug/build/thiserror-431281c637257f87/out"}
{"reason":"compiler-artifact","package_id":"path+file:///mnt/data1/nix/vendor/rust/cargo2nix/submodules/bstr#1.12.1","manifest_path":"/mnt/data1/nix/vendor/rust/cargo2nix/submodules/bstr/Cargo.toml","target":{"kind":["lib"],"crate_types":["lib"],"name":"bstr","src_path":"/mnt/data1/nix/vendor/rust/cargo2nix/submodules/bstr/src/lib.rs","edition":"2021","doc":true,"doctest":true,"test":true},"profile":{"opt_level":"0","debuginfo":2,"debug_assertions":true,"overflow_checks":true,"test":false},"features":["alloc","default","std","unicode"],"filenames":["/mnt/data1/nix/vendor/rust/cargo2nix/target/debug/deps/libbstr-d6c879facbd39a21.rlib","/mnt/data1/nix/vendor/rust/cargo2nix/target/debug/deps/libbstr-d6c879facbd39a21.rmeta"],"executable":null,"fresh":true}
{"reason":"compiler-artifact","package_id":"registry+https://github.com/rust-lang/crates.io-index#tinyvec@1.10.0","manifest_path":"/home/mdupont/.cargo/registry/src/index.crates.io-1949cf8c6b5b557f/tinyvec-1.10.0/Cargo.toml","target":{"kind":["lib"],"crate_types":["lib"],"name":"tinyvec","src_path":"/home/mdupont/.cargo/registry/src/index.crates.io-1949cf8c6b5b557f/tinyvec-1.10.0/src/lib.rs","edition":"2018","doc":true,"doctest":true,"test":true},"profile":{"opt_level":"0","debuginfo":2,"debug_assertions":true,"overflow_checks":true,"test":false},"features":["alloc","default","tinyvec_macros"],"filenames":["/mnt/data1/nix/vendor/rust/cargo2nix/target/debug/deps/libtinyvec-4c9cb921b4119d38.rlib","/mnt/data1/nix/vendor/rust/cargo2nix/target/debug/deps/libtinyvec-4c9cb921b4119d38.rmeta"],"executable":null,"fresh":true}
{"reason":"build-script-executed","package_id":"path+file:///mnt/data1/nix/vendor/rust/cargo2nix/submodules/parking_lot/core#parking_lot_core@0.9.13","linked_libs":[],"linked_paths":[],"cfgs":[],"env":[],"out_dir":"/mnt/data1/nix/vendor/rust/cargo2nix/target/debug/build/parking_lot_core-fe234f826ed00202/out"}
{"reason":"compiler-artifact","package_id":"path+file:///mnt/data1/nix/vendor/rust/cargo2nix/submodules/parking_lot/lock_api#0.4.14","manifest_path":"/mnt/data1/nix/vendor/rust/cargo2nix/submodules/parking_lot/lock_api/Cargo.toml","target":{"kind":["lib"],"crate_types":["lib"],"name":"lock_api","src_path":"/mnt/data1/nix/vendor/rust/cargo2nix/submodules/parking_lot/lock_api/src/lib.rs","edition":"2021","doc":true,"doctest":true,"test":true},"profile":{"opt_level":"0","debuginfo":2,"debug_assertions":true,"overflow_checks":true,"test":false},"features":["atomic_usize","default"],"filenames":["/mnt/data1/nix/vendor/rust/cargo2nix/target/debug/deps/liblock_api-8a591569431bd593.rlib","/mnt/data1/nix/vendor/rust/cargo2nix/target/debug/deps/liblock_api-8a591569431bd593.rmeta"],"executable":null,"fresh":true}
{"reason":"compiler-artifact","package_id":"registry+https://github.com/rust-lang/crates.io-index#generic-array@0.14.7","manifest_path":"/home/mdupont/.cargo/registry/src/index.crates.io-1949cf8c6b5b557f/generic-array-0.14.7/Cargo.toml","target":{"kind":["custom-build"],"crate_types":["bin"],"name":"build-script-build","src_path":"/home/mdupont/.cargo/registry/src/index.crates.io-1949cf8c6b5b557f/generic-array-0.14.7/build.rs","edition":"2015","doc":false,"doctest":false,"test":false},"profile":{"opt_level":"0","debuginfo":0,"debug_assertions":true,"overflow_checks":true,"test":false},"features":["more_lengths"],"filenames":["/mnt/data1/nix/vendor/rust/cargo2nix/target/debug/build/generic-array-8457ed2fe4614263/build-script-build"],"executable":null,"fresh":true}
{"reason":"build-script-executed","package_id":"registry+https://github.com/rust-lang/crates.io-index#typenum@1.19.0","linked_libs":[],"linked_paths":[],"cfgs":[],"env":[],"out_dir":"/mnt/data1/nix/vendor/rust/cargo2nix/target/debug/build/typenum-c98bfe5758206a9e/out"}
{"reason":"compiler-artifact","package_id":"registry+https://github.com/rust-lang/crates.io-index#hash32@0.3.1","manifest_path":"/home/mdupont/.cargo/registry/src/index.crates.io-1949cf8c6b5b557f/hash32-0.3.1/Cargo.toml","target":{"kind":["lib"],"crate_types":["lib"],"name":"hash32","src_path":"/home/mdupont/.cargo/registry/src/index.crates.io-1949cf8c6b5b557f/hash32-0.3.1/src/lib.rs","edition":"2015","doc":true,"doctest":true,"test":true},"profile":{"opt_level":"0","debuginfo":2,"debug_assertions":true,"overflow_checks":true,"test":false},"features":[],"filenames":["/mnt/data1/nix/vendor/rust/cargo2nix/target/debug/deps/libhash32-78642d69c51c1f01.rlib","/mnt/data1/nix/vendor/rust/cargo2nix/target/debug/deps/libhash32-78642d69c51c1f01.rmeta"],"executable":null,"fresh":true}
{"reason":"build-script-executed","package_id":"registry+https://github.com/rust-lang/crates.io-index#heapless@0.8.0","linked_libs":[],"linked_paths":[],"cfgs":[],"env":[],"out_dir":"/mnt/data1/nix/vendor/rust/cargo2nix/target/debug/build/heapless-e3047553a6dd2fc9/out"}
{"reason":"compiler-artifact","package_id":"registry+https://github.com/rust-lang/crates.io-index#jiff@0.2.16","manifest_path":"/home/mdupont/.cargo/registry/src/index.crates.io-1949cf8c6b5b557f/jiff-0.2.16/Cargo.toml","target":{"kind":["lib"],"crate_types":["lib"],"name":"jiff","src_path":"/home/mdupont/.cargo/registry/src/index.crates.io-1949cf8c6b5b557f/jiff-0.2.16/src/lib.rs","edition":"2021","doc":true,"doctest":true,"test":true},"profile":{"opt_level":"0","debuginfo":2,"debug_assertions":true,"overflow_checks":true,"test":false},"features":["alloc","default","perf-inline","std","tz-fat","tz-system","tzdb-bundle-platform","tzdb-concatenated","tzdb-zoneinfo"],"filenames":["/mnt/data1/nix/vendor/rust/cargo2nix/target/debug/deps/libjiff-5cf79e5bc753f30e.rlib","/mnt/data1/nix/vendor/rust/cargo2nix/target/debug/deps/libjiff-5cf79e5bc753f30e.rmeta"],"executable":null,"fresh":true}
{"reason":"compiler-artifact","package_id":"registry+https://github.com/rust-lang/crates.io-index#itoa@1.0.15","manifest_path":"/home/mdupont/.cargo/registry/src/index.crates.io-1949cf8c6b5b557f/itoa-1.0.15/Cargo.toml","target":{"kind":["lib"],"crate_types":["lib"],"name":"itoa","src_path":"/home/mdupont/.cargo/registry/src/index.crates.io-1949cf8c6b5b557f/itoa-1.0.15/src/lib.rs","edition":"2018","doc":true,"doctest":true,"test":true},"profile":{"opt_level":"0","debuginfo":2,"debug_assertions":true,"overflow_checks":true,"test":false},"features":[],"filenames":["/mnt/data1/nix/vendor/rust/cargo2nix/target/debug/deps/libitoa-a586594d020aa48a.rlib","/mnt/data1/nix/vendor/rust/cargo2nix/target/debug/deps/libitoa-a586594d020aa48a.rmeta"],"executable":null,"fresh":true}
{"reason":"compiler-artifact","package_id":"registry+https://github.com/rust-lang/crates.io-index#equivalent@1.0.2","manifest_path":"/home/mdupont/.cargo/registry/src/index.crates.io-1949cf8c6b5b557f/equivalent-1.0.2/Cargo.toml","target":{"kind":["lib"],"crate_types":["lib"],"name":"equivalent","src_path":"/home/mdupont/.cargo/registry/src/index.crates.io-1949cf8c6b5b557f/equivalent-1.0.2/src/lib.rs","edition":"2015","doc":true,"doctest":true,"test":true},"profile":{"opt_level":"0","debuginfo":2,"debug_assertions":true,"overflow_checks":true,"test":false},"features":[],"filenames":["/mnt/data1/nix/vendor/rust/cargo2nix/target/debug/deps/libequivalent-3ff77df1ac69f53a.rlib","/mnt/data1/nix/vendor/rust/cargo2nix/target/debug/deps/libequivalent-3ff77df1ac69f53a.rmeta"],"executable":null,"fresh":true}
{"reason":"compiler-artifact","package_id":"registry+https://github.com/rust-lang/crates.io-index#lock_api@0.4.12","manifest_path":"/home/mdupont/.cargo/registry/src/index.crates.io-1949cf8c6b5b557f/lock_api-0.4.12/Cargo.toml","target":{"kind":["custom-build"],"crate_types":["bin"],"name":"build-script-build","src_path":"/home/mdupont/.cargo/registry/src/index.crates.io-1949cf8c6b5b557f/lock_api-0.4.12/build.rs","edition":"2021","doc":false,"doctest":false,"test":false},"profile":{"opt_level":"0","debuginfo":0,"debug_assertions":true,"overflow_checks":true,"test":false},"features":["atomic_usize","default"],"filenames":["/mnt/data1/nix/vendor/rust/cargo2nix/target/debug/build/lock_api-14f9ea37e4f9d71c/build-script-build"],"executable":null,"fresh":true}
{"reason":"compiler-artifact","package_id":"registry+https://github.com/rust-lang/crates.io-index#winnow@0.7.14","manifest_path":"/home/mdupont/.cargo/registry/src/index.crates.io-1949cf8c6b5b557f/winnow-0.7.14/Cargo.toml","target":{"kind":["lib"],"crate_types":["lib"],"name":"winnow","src_path":"/home/mdupont/.cargo/registry/src/index.crates.io-1949cf8c6b5b557f/winnow-0.7.14/src/lib.rs","edition":"2021","doc":true,"doctest":true,"test":true},"profile":{"opt_level":"0","debuginfo":2,"debug_assertions":true,"overflow_checks":true,"test":false},"features":["alloc","default","simd","std"],"filenames":["/mnt/data1/nix/vendor/rust/cargo2nix/target/debug/deps/libwinnow-4df3d61e3fff0282.rlib","/mnt/data1/nix/vendor/rust/cargo2nix/target/debug/deps/libwinnow-4df3d61e3fff0282.rmeta"],"executable":null,"fresh":true}
{"reason":"compiler-artifact","package_id":"registry+https://github.com/rust-lang/crates.io-index#rustix@1.1.2","manifest_path":"/home/mdupont/.cargo/registry/src/index.crates.io-1949cf8c6b5b557f/rustix-1.1.2/Cargo.toml","target":{"kind":["custom-build"],"crate_types":["bin"],"name":"build-script-build","src_path":"/home/mdupont/.cargo/registry/src/index.crates.io-1949cf8c6b5b557f/rustix-1.1.2/build.rs","edition":"2021","doc":false,"doctest":false,"test":false},"profile":{"opt_level":"0","debuginfo":0,"debug_assertions":true,"overflow_checks":true,"test":false},"features":["alloc","default","fs","std"],"filenames":["/mnt/data1/nix/vendor/rust/cargo2nix/target/debug/build/rustix-e02d02c8e2b5b134/build-script-build"],"executable":null,"fresh":true}
{"reason":"compiler-artifact","package_id":"registry+https://github.com/rust-lang/crates.io-index#crossbeam-utils@0.8.21","manifest_path":"/home/mdupont/.cargo/registry/src/index.crates.io-1949cf8c6b5b557f/crossbeam-utils-0.8.21/Cargo.toml","target":{"kind":["custom-build"],"crate_types":["bin"],"name":"build-script-build","src_path":"/home/mdupont/.cargo/registry/src/index.crates.io-1949cf8c6b5b557f/crossbeam-utils-0.8.21/build.rs","edition":"2021","doc":false,"doctest":false,"test":false},"profile":{"opt_level":"0","debuginfo":0,"debug_assertions":true,"overflow_checks":true,"test":false},"features":["default","std"],"filenames":["/mnt/data1/nix/vendor/rust/cargo2nix/target/debug/build/crossbeam-utils-5887ca59ff28d947/build-script-build"],"executable":null,"fresh":true}
{"reason":"compiler-artifact","package_id":"registry+https://github.com/rust-lang/crates.io-index#getrandom@0.3.4","manifest_path":"/home/mdupont/.cargo/registry/src/index.crates.io-1949cf8c6b5b557f/getrandom-0.3.4/Cargo.toml","target":{"kind":["custom-build"],"crate_types":["bin"],"name":"build-script-build","src_path":"/home/mdupont/.cargo/registry/src/index.crates.io-1949cf8c6b5b557f/getrandom-0.3.4/build.rs","edition":"2021","doc":false,"doctest":false,"test":false},"profile":{"opt_level":"0","debuginfo":0,"debug_assertions":true,"overflow_checks":true,"test":false},"features":[],"filenames":["/mnt/data1/nix/vendor/rust/cargo2nix/target/debug/build/getrandom-0054371bf7b99291/build-script-build"],"executable":null,"fresh":true}
{"reason":"compiler-artifact","package_id":"registry+https://github.com/rust-lang/crates.io-index#linux-raw-sys@0.11.0","manifest_path":"/home/mdupont/.cargo/registry/src/index.crates.io-1949cf8c6b5b557f/linux-raw-sys-0.11.0/Cargo.toml","target":{"kind":["lib"],"crate_types":["lib"],"name":"linux_raw_sys","src_path":"/home/mdupont/.cargo/registry/src/index.crates.io-1949cf8c6b5b557f/linux-raw-sys-0.11.0/src/lib.rs","edition":"2021","doc":true,"doctest":true,"test":true},"profile":{"opt_level":"0","debuginfo":2,"debug_assertions":true,"overflow_checks":true,"test":false},"features":["auxvec","elf","errno","general","ioctl","no_std"],"filenames":["/mnt/data1/nix/vendor/rust/cargo2nix/target/debug/deps/liblinux_raw_sys-12d95df1e9fb328b.rlib","/mnt/data1/nix/vendor/rust/cargo2nix/target/debug/deps/liblinux_raw_sys-12d95df1e9fb328b.rmeta"],"executable":null,"fresh":true}
{"reason":"compiler-artifact","package_id":"registry+https://github.com/rust-lang/crates.io-index#once_cell@1.21.3","manifest_path":"/home/mdupont/.cargo/registry/src/index.crates.io-1949cf8c6b5b557f/once_cell-1.21.3/Cargo.toml","target":{"kind":["lib"],"crate_types":["lib"],"name":"once_cell","src_path":"/home/mdupont/.cargo/registry/src/index.crates.io-1949cf8c6b5b557f/once_cell-1.21.3/src/lib.rs","edition":"2021","doc":true,"doctest":true,"test":true},"profile":{"opt_level":"0","debuginfo":2,"debug_assertions":true,"overflow_checks":true,"test":false},"features":["alloc","default","race","std"],"filenames":["/mnt/data1/nix/vendor/rust/cargo2nix/target/debug/deps/libonce_cell-6c5ecd365f058077.rlib","/mnt/data1/nix/vendor/rust/cargo2nix/target/debug/deps/libonce_cell-6c5ecd365f058077.rmeta"],"executable":null,"fresh":true}
{"reason":"compiler-artifact","package_id":"registry+https://github.com/rust-lang/crates.io-index#static_assertions@1.1.0","manifest_path":"/home/mdupont/.cargo/registry/src/index.crates.io-1949cf8c6b5b557f/static_assertions-1.1.0/Cargo.toml","target":{"kind":["lib"],"crate_types":["lib"],"name":"static_assertions","src_path":"/home/mdupont/.cargo/registry/src/index.crates.io-1949cf8c6b5b557f/static_assertions-1.1.0/src/lib.rs","edition":"2015","doc":true,"doctest":true,"test":true},"profile":{"opt_level":"0","debuginfo":2,"debug_assertions":true,"overflow_checks":true,"test":false},"features":[],"filenames":["/mnt/data1/nix/vendor/rust/cargo2nix/target/debug/deps/libstatic_assertions-b23f9456d08c2faf.rlib","/mnt/data1/nix/vendor/rust/cargo2nix/target/debug/deps/libstatic_assertions-b23f9456d08c2faf.rmeta"],"executable":null,"fresh":true}
{"reason":"compiler-artifact","package_id":"registry+https://github.com/rust-lang/crates.io-index#unicode-bom@2.0.3","manifest_path":"/home/mdupont/.cargo/registry/src/index.crates.io-1949cf8c6b5b557f/unicode-bom-2.0.3/Cargo.toml","target":{"kind":["lib"],"crate_types":["lib"],"name":"unicode_bom","src_path":"/home/mdupont/.cargo/registry/src/index.crates.io-1949cf8c6b5b557f/unicode-bom-2.0.3/src/lib.rs","edition":"2018","doc":true,"doctest":true,"test":true},"profile":{"opt_level":"0","debuginfo":2,"debug_assertions":true,"overflow_checks":true,"test":false},"features":[],"filenames":["/mnt/data1/nix/vendor/rust/cargo2nix/target/debug/deps/libunicode_bom-624cad395bebc465.rlib","/mnt/data1/nix/vendor/rust/cargo2nix/target/debug/deps/libunicode_bom-624cad395bebc465.rmeta"],"executable":null,"fresh":true}
{"reason":"compiler-artifact","package_id":"registry+https://github.com/rust-lang/crates.io-index#hashbrown@0.14.5","manifest_path":"/home/mdupont/.cargo/registry/src/index.crates.io-1949cf8c6b5b557f/hashbrown-0.14.5/Cargo.toml","target":{"kind":["lib"],"crate_types":["lib"],"name":"hashbrown","src_path":"/home/mdupont/.cargo/registry/src/index.crates.io-1949cf8c6b5b557f/hashbrown-0.14.5/src/lib.rs","edition":"2021","doc":true,"doctest":true,"test":true},"profile":{"opt_level":"0","debuginfo":2,"debug_assertions":true,"overflow_checks":true,"test":false},"features":["raw"],"filenames":["/mnt/data1/nix/vendor/rust/cargo2nix/target/debug/deps/libhashbrown-971e1001ea238461.rlib","/mnt/data1/nix/vendor/rust/cargo2nix/target/debug/deps/libhashbrown-971e1001ea238461.rmeta"],"executable":null,"fresh":true}
{"reason":"compiler-artifact","package_id":"registry+https://github.com/rust-lang/crates.io-index#thiserror@2.0.17","manifest_path":"/home/mdupont/.cargo/registry/src/index.crates.io-1949cf8c6b5b557f/thiserror-2.0.17/Cargo.toml","target":{"kind":["lib"],"crate_types":["lib"],"name":"thiserror","src_path":"/home/mdupont/.cargo/registry/src/index.crates.io-1949cf8c6b5b557f/thiserror-2.0.17/src/lib.rs","edition":"2021","doc":true,"doctest":true,"test":true},"profile":{"opt_level":"0","debuginfo":2,"debug_assertions":true,"overflow_checks":true,"test":false},"features":["default","std"],"filenames":["/mnt/data1/nix/vendor/rust/cargo2nix/target/debug/deps/libthiserror-6baa4f112e0737b4.rlib","/mnt/data1/nix/vendor/rust/cargo2nix/target/debug/deps/libthiserror-6baa4f112e0737b4.rmeta"],"executable":null,"fresh":true}
{"reason":"compiler-artifact","package_id":"registry+https://github.com/rust-lang/crates.io-index#libc@0.2.178","manifest_path":"/home/mdupont/.cargo/registry/src/index.crates.io-1949cf8c6b5b557f/libc-0.2.178/Cargo.toml","target":{"kind":["lib"],"crate_types":["lib"],"name":"libc","src_path":"/home/mdupont/.cargo/registry/src/index.crates.io-1949cf8c6b5b557f/libc-0.2.178/src/lib.rs","edition":"2021","doc":true,"doctest":true,"test":true},"profile":{"opt_level":"0","debuginfo":2,"debug_assertions":true,"overflow_checks":true,"test":false},"features":["default","std"],"filenames":["/mnt/data1/nix/vendor/rust/cargo2nix/target/debug/deps/liblibc-c4ebd88dbcc0a736.rlib","/mnt/data1/nix/vendor/rust/cargo2nix/target/debug/deps/liblibc-c4ebd88dbcc0a736.rmeta"],"executable":null,"fresh":true}
{"reason":"compiler-artifact","package_id":"registry+https://github.com/rust-lang/crates.io-index#unicode-normalization@0.1.25","manifest_path":"/home/mdupont/.cargo/registry/src/index.crates.io-1949cf8c6b5b557f/unicode-normalization-0.1.25/Cargo.toml","target":{"kind":["lib"],"crate_types":["lib"],"name":"unicode_normalization","src_path":"/home/mdupont/.cargo/registry/src/index.crates.io-1949cf8c6b5b557f/unicode-normalization-0.1.25/src/lib.rs","edition":"2018","doc":true,"doctest":true,"test":true},"profile":{"opt_level":"0","debuginfo":2,"debug_assertions":true,"overflow_checks":true,"test":false},"features":[],"filenames":["/mnt/data1/nix/vendor/rust/cargo2nix/target/debug/deps/libunicode_normalization-f3d12951827734b0.rlib","/mnt/data1/nix/vendor/rust/cargo2nix/target/debug/deps/libunicode_normalization-f3d12951827734b0.rmeta"],"executable":null,"fresh":true}
{"reason":"compiler-artifact","package_id":"registry+https://github.com/rust-lang/crates.io-index#typenum@1.19.0","manifest_path":"/home/mdupont/.cargo/registry/src/index.crates.io-1949cf8c6b5b557f/typenum-1.19.0/Cargo.toml","target":{"kind":["lib"],"crate_types":["lib"],"name":"typenum","src_path":"/home/mdupont/.cargo/registry/src/index.crates.io-1949cf8c6b5b557f/typenum-1.19.0/src/lib.rs","edition":"2018","doc":true,"doctest":true,"test":true},"profile":{"opt_level":"0","debuginfo":2,"debug_assertions":true,"overflow_checks":true,"test":false},"features":[],"filenames":["/mnt/data1/nix/vendor/rust/cargo2nix/target/debug/deps/libtypenum-e3f905bb714bbc8a.rlib","/mnt/data1/nix/vendor/rust/cargo2nix/target/debug/deps/libtypenum-e3f905bb714bbc8a.rmeta"],"executable":null,"fresh":true}
{"reason":"build-script-executed","package_id":"registry+https://github.com/rust-lang/crates.io-index#generic-array@0.14.7","linked_libs":[],"linked_paths":[],"cfgs":["relaxed_coherence"],"env":[],"out_dir":"/mnt/data1/nix/vendor/rust/cargo2nix/target/debug/build/generic-array-3ae9e17769bb82ee/out"}
{"reason":"compiler-artifact","package_id":"registry+https://github.com/rust-lang/crates.io-index#heapless@0.8.0","manifest_path":"/home/mdupont/.cargo/registry/src/index.crates.io-1949cf8c6b5b557f/heapless-0.8.0/Cargo.toml","target":{"kind":["lib"],"crate_types":["lib"],"name":"heapless","src_path":"/home/mdupont/.cargo/registry/src/index.crates.io-1949cf8c6b5b557f/heapless-0.8.0/src/lib.rs","edition":"2021","doc":true,"doctest":true,"test":true},"profile":{"opt_level":"0","debuginfo":2,"debug_assertions":true,"overflow_checks":true,"test":false},"features":[],"filenames":["/mnt/data1/nix/vendor/rust/cargo2nix/target/debug/deps/libheapless-3dd0d03b1893ab35.rlib","/mnt/data1/nix/vendor/rust/cargo2nix/target/debug/deps/libheapless-3dd0d03b1893ab35.rmeta"],"executable":null,"fresh":true}
{"reason":"compiler-artifact","package_id":"registry+https://github.com/rust-lang/crates.io-index#hashbrown@0.16.1","manifest_path":"/home/mdupont/.cargo/registry/src/index.crates.io-1949cf8c6b5b557f/hashbrown-0.16.1/Cargo.toml","target":{"kind":["lib"],"crate_types":["lib"],"name":"hashbrown","src_path":"/home/mdupont/.cargo/registry/src/index.crates.io-1949cf8c6b5b557f/hashbrown-0.16.1/src/lib.rs","edition":"2021","doc":true,"doctest":true,"test":true},"profile":{"opt_level":"0","debuginfo":2,"debug_assertions":true,"overflow_checks":true,"test":false},"features":["allocator-api2","default","default-hasher","equivalent","inline-more","raw-entry"],"filenames":["/mnt/data1/nix/vendor/rust/cargo2nix/target/debug/deps/libhashbrown-0023d22c4a36a055.rlib","/mnt/data1/nix/vendor/rust/cargo2nix/target/debug/deps/libhashbrown-0023d22c4a36a055.rmeta"],"executable":null,"fresh":true}
{"reason":"build-script-executed","package_id":"registry+https://github.com/rust-lang/crates.io-index#crossbeam-utils@0.8.21","linked_libs":[],"linked_paths":[],"cfgs":[],"env":[],"out_dir":"/mnt/data1/nix/vendor/rust/cargo2nix/target/debug/build/crossbeam-utils-124310733090f593/out"}
{"reason":"build-script-executed","package_id":"registry+https://github.com/rust-lang/crates.io-index#rustix@1.1.2","linked_libs":[],"linked_paths":[],"cfgs":["static_assertions","lower_upper_exp_for_non_zero","rustc_diagnostics","linux_raw_dep","linux_raw","linux_like","linux_kernel"],"env":[],"out_dir":"/mnt/data1/nix/vendor/rust/cargo2nix/target/debug/build/rustix-b469ac74743ee08d/out"}
{"reason":"build-script-executed","package_id":"registry+https://github.com/rust-lang/crates.io-index#getrandom@0.3.4","linked_libs":[],"linked_paths":[],"cfgs":[],"env":[],"out_dir":"/mnt/data1/nix/vendor/rust/cargo2nix/target/debug/build/getrandom-3bb03a3df2befad3/out"}
{"reason":"build-script-executed","package_id":"registry+https://github.com/rust-lang/crates.io-index#lock_api@0.4.12","linked_libs":[],"linked_paths":[],"cfgs":["has_const_fn_trait_bound"],"env":[],"out_dir":"/mnt/data1/nix/vendor/rust/cargo2nix/target/debug/build/lock_api-8543ec8bb724d7bd/out"}
{"reason":"compiler-artifact","package_id":"registry+https://github.com/rust-lang/crates.io-index#kstring@2.0.0","manifest_path":"/home/mdupont/.cargo/registry/src/index.crates.io-1949cf8c6b5b557f/kstring-2.0.0/Cargo.toml","target":{"kind":["lib"],"crate_types":["lib"],"name":"kstring","src_path":"/home/mdupont/.cargo/registry/src/index.crates.io-1949cf8c6b5b557f/kstring-2.0.0/src/lib.rs","edition":"2018","doc":true,"doctest":true,"test":true},"profile":{"opt_level":"0","debuginfo":2,"debug_assertions":true,"overflow_checks":true,"test":false},"features":["default","std","unsafe"],"filenames":["/mnt/data1/nix/vendor/rust/cargo2nix/target/debug/deps/libkstring-9664518f777ccb8a.rlib","/mnt/data1/nix/vendor/rust/cargo2nix/target/debug/deps/libkstring-9664518f777ccb8a.rmeta"],"executable":null,"fresh":true}
{"reason":"compiler-artifact","package_id":"registry+https://github.com/rust-lang/crates.io-index#foldhash@0.1.5","manifest_path":"/home/mdupont/.cargo/registry/src/index.crates.io-1949cf8c6b5b557f/foldhash-0.1.5/Cargo.toml","target":{"kind":["lib"],"crate_types":["lib"],"name":"foldhash","src_path":"/home/mdupont/.cargo/registry/src/index.crates.io-1949cf8c6b5b557f/foldhash-0.1.5/src/lib.rs","edition":"2021","doc":true,"doctest":true,"test":true},"profile":{"opt_level":"0","debuginfo":2,"debug_assertions":true,"overflow_checks":true,"test":false},"features":[],"filenames":["/mnt/data1/nix/vendor/rust/cargo2nix/target/debug/deps/libfoldhash-abf39bc0971f8ebd.rlib","/mnt/data1/nix/vendor/rust/cargo2nix/target/debug/deps/libfoldhash-abf39bc0971f8ebd.rmeta"],"executable":null,"fresh":true}
{"reason":"compiler-artifact","package_id":"registry+https://github.com/rust-lang/crates.io-index#fnv@1.0.7","manifest_path":"/home/mdupont/.cargo/registry/src/index.crates.io-1949cf8c6b5b557f/fnv-1.0.7/Cargo.toml","target":{"kind":["lib"],"crate_types":["lib"],"name":"fnv","src_path":"/home/mdupont/.cargo/registry/src/index.crates.io-1949cf8c6b5b557f/fnv-1.0.7/lib.rs","edition":"2015","doc":true,"doctest":true,"test":true},"profile":{"opt_level":"0","debuginfo":2,"debug_assertions":true,"overflow_checks":true,"test":false},"features":["default","std"],"filenames":["/mnt/data1/nix/vendor/rust/cargo2nix/target/debug/deps/libfnv-b4193684a965a7e4.rlib","/mnt/data1/nix/vendor/rust/cargo2nix/target/debug/deps/libfnv-b4193684a965a7e4.rmeta"],"executable":null,"fresh":true}
{"reason":"compiler-artifact","package_id":"registry+https://github.com/rust-lang/crates.io-index#shell-words@1.1.0","manifest_path":"/home/mdupont/.cargo/registry/src/index.crates.io-1949cf8c6b5b557f/shell-words-1.1.0/Cargo.toml","target":{"kind":["lib"],"crate_types":["lib"],"name":"shell_words","src_path":"/home/mdupont/.cargo/registry/src/index.crates.io-1949cf8c6b5b557f/shell-words-1.1.0/src/lib.rs","edition":"2015","doc":true,"doctest":true,"test":true},"profile":{"opt_level":"0","debuginfo":2,"debug_assertions":true,"overflow_checks":true,"test":false},"features":["default","std"],"filenames":["/mnt/data1/nix/vendor/rust/cargo2nix/target/debug/deps/libshell_words-08f6d23d75b14f63.rlib","/mnt/data1/nix/vendor/rust/cargo2nix/target/debug/deps/libshell_words-08f6d23d75b14f63.rmeta"],"executable":null,"fresh":true}
{"reason":"compiler-artifact","package_id":"registry+https://github.com/rust-lang/crates.io-index#encoding_rs@0.8.35","manifest_path":"/home/mdupont/.cargo/registry/src/index.crates.io-1949cf8c6b5b557f/encoding_rs-0.8.35/Cargo.toml","target":{"kind":["lib"],"crate_types":["lib"],"name":"encoding_rs","src_path":"/home/mdupont/.cargo/registry/src/index.crates.io-1949cf8c6b5b557f/encoding_rs-0.8.35/src/lib.rs","edition":"2018","doc":true,"doctest":true,"test":true},"profile":{"opt_level":"0","debuginfo":2,"debug_assertions":true,"overflow_checks":true,"test":false},"features":["alloc","default"],"filenames":["/mnt/data1/nix/vendor/rust/cargo2nix/target/debug/deps/libencoding_rs-9ae005407055c38f.rlib","/mnt/data1/nix/vendor/rust/cargo2nix/target/debug/deps/libencoding_rs-9ae005407055c38f.rmeta"],"executable":null,"fresh":true}
{"reason":"compiler-message","package_id":"path+file:///mnt/data1/nix/vendor/rust/cargo2nix/submodules/parking_lot/core#parking_lot_core@0.9.13","manifest_path":"/mnt/data1/nix/vendor/rust/cargo2nix/submodules/parking_lot/core/Cargo.toml","target":{"kind":["lib"],"crate_types":["lib"],"name":"parking_lot_core","src_path":"/mnt/data1/nix/vendor/rust/cargo2nix/submodules/parking_lot/core/src/lib.rs","edition":"2021","doc":true,"doctest":true,"test":true},"message":{"rendered":"warning: type `word_lock::ThreadData` is more private than the item `word_lock::with_thread_data`\n  --> submodules/parking_lot/core/src/word_lock.rs:51:1\n   |\n51 | pub fn with_thread_data<T>(f: impl FnOnce(&ThreadData) -> T) -> T {\n   | ^^^^^^^^^^^^^^^^^^^^^^^^^^^^^^^^^^^^^^^^^^^^^^^^^^^^^^^^^^^^^^^^^ function `word_lock::with_thread_data` is reachable at visibility `pub(crate)`\n   |\nnote: but type `word_lock::ThreadData` is only usable at visibility `pub(self)`\n  --> submodules/parking_lot/core/src/word_lock.rs:16:1\n   |\n16 | struct ThreadData {\n   | ^^^^^^^^^^^^^^^^^\n   = note: `#[warn(private_bounds)]` on by default\n\n","$message_type":"diagnostic","children":[{"children":[],"code":null,"level":"note","message":"but type `word_lock::ThreadData` is only usable at visibility `pub(self)`","rendered":null,"spans":[{"byte_end":549,"byte_start":532,"column_end":18,"column_start":1,"expansion":null,"file_name":"submodules/parking_lot/core/src/word_lock.rs","is_primary":true,"label":null,"line_end":16,"line_start":16,"suggested_replacement":null,"suggestion_applicability":null,"text":[{"highlight_end":18,"highlight_start":1,"text":"struct ThreadData {"}]}]},{"children":[],"code":null,"level":"note","message":"`#[warn(private_bounds)]` on by default","rendered":null,"spans":[]}],"code":{"code":"private_bounds","explanation":null},"level":"warning","message":"type `word_lock::ThreadData` is more private than the item `word_lock::with_thread_data`","spans":[{"byte_end":1934,"byte_start":1869,"column_end":66,"column_start":1,"expansion":null,"file_name":"submodules/parking_lot/core/src/word_lock.rs","is_primary":true,"label":"function `word_lock::with_thread_data` is reachable at visibility `pub(crate)`","line_end":51,"line_start":51,"suggested_replacement":null,"suggestion_applicability":null,"text":[{"highlight_end":66,"highlight_start":1,"text":"pub fn with_thread_data<T>(f: impl FnOnce(&ThreadData) -> T) -> T {"}]}]}}
{"reason":"compiler-artifact","package_id":"path+file:///mnt/data1/nix/vendor/rust/cargo2nix/submodules/parking_lot/core#parking_lot_core@0.9.13","manifest_path":"/mnt/data1/nix/vendor/rust/cargo2nix/submodules/parking_lot/core/Cargo.toml","target":{"kind":["lib"],"crate_types":["lib"],"name":"parking_lot_core","src_path":"/mnt/data1/nix/vendor/rust/cargo2nix/submodules/parking_lot/core/src/lib.rs","edition":"2021","doc":true,"doctest":true,"test":true},"profile":{"opt_level":"0","debuginfo":2,"debug_assertions":true,"overflow_checks":true,"test":false},"features":[],"filenames":["/mnt/data1/nix/vendor/rust/cargo2nix/target/debug/deps/libparking_lot_core-9be775b69d4a0863.rlib","/mnt/data1/nix/vendor/rust/cargo2nix/target/debug/deps/libparking_lot_core-9be775b69d4a0863.rmeta"],"executable":null,"fresh":true}
{"reason":"compiler-artifact","package_id":"path+file:///mnt/data1/nix/vendor/rust/cargo2nix/submodules/gitoxide/gix-utils#0.3.1","manifest_path":"/mnt/data1/nix/vendor/rust/cargo2nix/submodules/gitoxide/gix-utils/Cargo.toml","target":{"kind":["lib"],"crate_types":["lib"],"name":"gix_utils","src_path":"/mnt/data1/nix/vendor/rust/cargo2nix/submodules/gitoxide/gix-utils/src/lib.rs","edition":"2021","doc":true,"doctest":true,"test":true},"profile":{"opt_level":"0","debuginfo":2,"debug_assertions":true,"overflow_checks":true,"test":false},"features":[],"filenames":["/mnt/data1/nix/vendor/rust/cargo2nix/target/debug/deps/libgix_utils-145255103f9387bb.rlib","/mnt/data1/nix/vendor/rust/cargo2nix/target/debug/deps/libgix_utils-145255103f9387bb.rmeta"],"executable":null,"fresh":true}
   Compiling gix-validate v0.10.1 (/mnt/data1/nix/vendor/rust/cargo2nix/submodules/gitoxide/gix-validate)
{"reason":"compiler-artifact","package_id":"registry+https://github.com/rust-lang/crates.io-index#generic-array@0.14.7","manifest_path":"/home/mdupont/.cargo/registry/src/index.crates.io-1949cf8c6b5b557f/generic-array-0.14.7/Cargo.toml","target":{"kind":["lib"],"crate_types":["lib"],"name":"generic_array","src_path":"/home/mdupont/.cargo/registry/src/index.crates.io-1949cf8c6b5b557f/generic-array-0.14.7/src/lib.rs","edition":"2015","doc":true,"doctest":true,"test":true},"profile":{"opt_level":"0","debuginfo":2,"debug_assertions":true,"overflow_checks":true,"test":false},"features":["more_lengths"],"filenames":["/mnt/data1/nix/vendor/rust/cargo2nix/target/debug/deps/libgeneric_array-25f7b09caa2d094b.rlib","/mnt/data1/nix/vendor/rust/cargo2nix/target/debug/deps/libgeneric_array-25f7b09caa2d094b.rmeta"],"executable":null,"fresh":true}
{"reason":"compiler-artifact","package_id":"registry+https://github.com/rust-lang/crates.io-index#faster-hex@0.10.0","manifest_path":"/home/mdupont/.cargo/registry/src/index.crates.io-1949cf8c6b5b557f/faster-hex-0.10.0/Cargo.toml","target":{"kind":["lib"],"crate_types":["lib"],"name":"faster_hex","src_path":"/home/mdupont/.cargo/registry/src/index.crates.io-1949cf8c6b5b557f/faster-hex-0.10.0/src/lib.rs","edition":"2018","doc":true,"doctest":true,"test":true},"profile":{"opt_level":"0","debuginfo":2,"debug_assertions":true,"overflow_checks":true,"test":false},"features":["alloc","std"],"filenames":["/mnt/data1/nix/vendor/rust/cargo2nix/target/debug/deps/libfaster_hex-a51b206648020e68.rlib","/mnt/data1/nix/vendor/rust/cargo2nix/target/debug/deps/libfaster_hex-a51b206648020e68.rmeta"],"executable":null,"fresh":true}
   Compiling gix-date v0.11.0 (/mnt/data1/nix/vendor/rust/cargo2nix/submodules/gitoxide/gix-date)
{"reason":"compiler-artifact","package_id":"registry+https://github.com/rust-lang/crates.io-index#memmap2@0.9.9","manifest_path":"/home/mdupont/.cargo/registry/src/index.crates.io-1949cf8c6b5b557f/memmap2-0.9.9/Cargo.toml","target":{"kind":["lib"],"crate_types":["lib"],"name":"memmap2","src_path":"/home/mdupont/.cargo/registry/src/index.crates.io-1949cf8c6b5b557f/memmap2-0.9.9/src/lib.rs","edition":"2021","doc":true,"doctest":true,"test":true},"profile":{"opt_level":"0","debuginfo":2,"debug_assertions":true,"overflow_checks":true,"test":false},"features":[],"filenames":["/mnt/data1/nix/vendor/rust/cargo2nix/target/debug/deps/libmemmap2-a452551810587dc5.rlib","/mnt/data1/nix/vendor/rust/cargo2nix/target/debug/deps/libmemmap2-a452551810587dc5.rmeta"],"executable":null,"fresh":true}
{"reason":"compiler-artifact","package_id":"registry+https://github.com/rust-lang/crates.io-index#crossbeam-utils@0.8.21","manifest_path":"/home/mdupont/.cargo/registry/src/index.crates.io-1949cf8c6b5b557f/crossbeam-utils-0.8.21/Cargo.toml","target":{"kind":["lib"],"crate_types":["lib"],"name":"crossbeam_utils","src_path":"/home/mdupont/.cargo/registry/src/index.crates.io-1949cf8c6b5b557f/crossbeam-utils-0.8.21/src/lib.rs","edition":"2021","doc":true,"doctest":true,"test":true},"profile":{"opt_level":"0","debuginfo":2,"debug_assertions":true,"overflow_checks":true,"test":false},"features":["default","std"],"filenames":["/mnt/data1/nix/vendor/rust/cargo2nix/target/debug/deps/libcrossbeam_utils-8b1c467854ef33b2.rlib","/mnt/data1/nix/vendor/rust/cargo2nix/target/debug/deps/libcrossbeam_utils-8b1c467854ef33b2.rmeta"],"executable":null,"fresh":true}
{"reason":"compiler-artifact","package_id":"registry+https://github.com/rust-lang/crates.io-index#rustix@1.1.2","manifest_path":"/home/mdupont/.cargo/registry/src/index.crates.io-1949cf8c6b5b557f/rustix-1.1.2/Cargo.toml","target":{"kind":["lib"],"crate_types":["lib"],"name":"rustix","src_path":"/home/mdupont/.cargo/registry/src/index.crates.io-1949cf8c6b5b557f/rustix-1.1.2/src/lib.rs","edition":"2021","doc":true,"doctest":true,"test":true},"profile":{"opt_level":"0","debuginfo":2,"debug_assertions":true,"overflow_checks":true,"test":false},"features":["alloc","default","fs","std"],"filenames":["/mnt/data1/nix/vendor/rust/cargo2nix/target/debug/deps/librustix-fa47042f1eab7cf7.rlib","/mnt/data1/nix/vendor/rust/cargo2nix/target/debug/deps/librustix-fa47042f1eab7cf7.rmeta"],"executable":null,"fresh":true}
{"reason":"compiler-artifact","package_id":"registry+https://github.com/rust-lang/crates.io-index#getrandom@0.3.4","manifest_path":"/home/mdupont/.cargo/registry/src/index.crates.io-1949cf8c6b5b557f/getrandom-0.3.4/Cargo.toml","target":{"kind":["lib"],"crate_types":["lib"],"name":"getrandom","src_path":"/home/mdupont/.cargo/registry/src/index.crates.io-1949cf8c6b5b557f/getrandom-0.3.4/src/lib.rs","edition":"2021","doc":true,"doctest":true,"test":true},"profile":{"opt_level":"0","debuginfo":2,"debug_assertions":true,"overflow_checks":true,"test":false},"features":[],"filenames":["/mnt/data1/nix/vendor/rust/cargo2nix/target/debug/deps/libgetrandom-1d379f1c27037172.rlib","/mnt/data1/nix/vendor/rust/cargo2nix/target/debug/deps/libgetrandom-1d379f1c27037172.rmeta"],"executable":null,"fresh":true}
{"reason":"compiler-artifact","package_id":"registry+https://github.com/rust-lang/crates.io-index#lock_api@0.4.12","manifest_path":"/home/mdupont/.cargo/registry/src/index.crates.io-1949cf8c6b5b557f/lock_api-0.4.12/Cargo.toml","target":{"kind":["lib"],"crate_types":["lib"],"name":"lock_api","src_path":"/home/mdupont/.cargo/registry/src/index.crates.io-1949cf8c6b5b557f/lock_api-0.4.12/src/lib.rs","edition":"2021","doc":true,"doctest":true,"test":true},"profile":{"opt_level":"0","debuginfo":2,"debug_assertions":true,"overflow_checks":true,"test":false},"features":["atomic_usize","default"],"filenames":["/mnt/data1/nix/vendor/rust/cargo2nix/target/debug/deps/liblock_api-dc691c4a0a988f53.rlib","/mnt/data1/nix/vendor/rust/cargo2nix/target/debug/deps/liblock_api-dc691c4a0a988f53.rmeta"],"executable":null,"fresh":true}
{"reason":"compiler-artifact","package_id":"path+file:///mnt/data1/nix/vendor/rust/cargo2nix/submodules/gitoxide/gix-chunk#0.4.12","manifest_path":"/mnt/data1/nix/vendor/rust/cargo2nix/submodules/gitoxide/gix-chunk/Cargo.toml","target":{"kind":["lib"],"crate_types":["lib"],"name":"gix_chunk","src_path":"/mnt/data1/nix/vendor/rust/cargo2nix/submodules/gitoxide/gix-chunk/src/lib.rs","edition":"2021","doc":true,"doctest":false,"test":false},"profile":{"opt_level":"0","debuginfo":2,"debug_assertions":true,"overflow_checks":true,"test":false},"features":[],"filenames":["/mnt/data1/nix/vendor/rust/cargo2nix/target/debug/deps/libgix_chunk-cdff767836561b58.rlib","/mnt/data1/nix/vendor/rust/cargo2nix/target/debug/deps/libgix_chunk-cdff767836561b58.rmeta"],"executable":null,"fresh":true}
{"reason":"compiler-artifact","package_id":"registry+https://github.com/rust-lang/crates.io-index#filetime@0.2.26","manifest_path":"/home/mdupont/.cargo/registry/src/index.crates.io-1949cf8c6b5b557f/filetime-0.2.26/Cargo.toml","target":{"kind":["lib"],"crate_types":["lib"],"name":"filetime","src_path":"/home/mdupont/.cargo/registry/src/index.crates.io-1949cf8c6b5b557f/filetime-0.2.26/src/lib.rs","edition":"2018","doc":true,"doctest":true,"test":true},"profile":{"opt_level":"0","debuginfo":2,"debug_assertions":true,"overflow_checks":true,"test":false},"features":[],"filenames":["/mnt/data1/nix/vendor/rust/cargo2nix/target/debug/deps/libfiletime-49d999300d5d5e7e.rlib","/mnt/data1/nix/vendor/rust/cargo2nix/target/debug/deps/libfiletime-49d999300d5d5e7e.rmeta"],"executable":null,"fresh":true}
{"reason":"compiler-artifact","package_id":"path+file:///mnt/data1/nix/vendor/rust/cargo2nix/submodules/gitoxide/gix-bitmap#0.2.15","manifest_path":"/mnt/data1/nix/vendor/rust/cargo2nix/submodules/gitoxide/gix-bitmap/Cargo.toml","target":{"kind":["lib"],"crate_types":["lib"],"name":"gix_bitmap","src_path":"/mnt/data1/nix/vendor/rust/cargo2nix/submodules/gitoxide/gix-bitmap/src/lib.rs","edition":"2021","doc":true,"doctest":false,"test":true},"profile":{"opt_level":"0","debuginfo":2,"debug_assertions":true,"overflow_checks":true,"test":false},"features":[],"filenames":["/mnt/data1/nix/vendor/rust/cargo2nix/target/debug/deps/libgix_bitmap-e803e24902d72072.rlib","/mnt/data1/nix/vendor/rust/cargo2nix/target/debug/deps/libgix_bitmap-e803e24902d72072.rmeta"],"executable":null,"fresh":true}
{"reason":"compiler-artifact","package_id":"registry+https://github.com/rust-lang/crates.io-index#hashbrown@0.15.5","manifest_path":"/home/mdupont/.cargo/registry/src/index.crates.io-1949cf8c6b5b557f/hashbrown-0.15.5/Cargo.toml","target":{"kind":["lib"],"crate_types":["lib"],"name":"hashbrown","src_path":"/home/mdupont/.cargo/registry/src/index.crates.io-1949cf8c6b5b557f/hashbrown-0.15.5/src/lib.rs","edition":"2021","doc":true,"doctest":true,"test":true},"profile":{"opt_level":"0","debuginfo":2,"debug_assertions":true,"overflow_checks":true,"test":false},"features":["default-hasher","inline-more"],"filenames":["/mnt/data1/nix/vendor/rust/cargo2nix/target/debug/deps/libhashbrown-520b28db63ae8a73.rlib","/mnt/data1/nix/vendor/rust/cargo2nix/target/debug/deps/libhashbrown-520b28db63ae8a73.rmeta"],"executable":null,"fresh":true}
   Compiling parking_lot v0.12.6 (/mnt/data1/nix/vendor/rust/cargo2nix/submodules/parking_lot)
{"reason":"compiler-artifact","package_id":"registry+https://github.com/rust-lang/crates.io-index#block-buffer@0.10.4","manifest_path":"/home/mdupont/.cargo/registry/src/index.crates.io-1949cf8c6b5b557f/block-buffer-0.10.4/Cargo.toml","target":{"kind":["lib"],"crate_types":["lib"],"name":"block_buffer","src_path":"/home/mdupont/.cargo/registry/src/index.crates.io-1949cf8c6b5b557f/block-buffer-0.10.4/src/lib.rs","edition":"2018","doc":true,"doctest":true,"test":true},"profile":{"opt_level":"0","debuginfo":2,"debug_assertions":true,"overflow_checks":true,"test":false},"features":[],"filenames":["/mnt/data1/nix/vendor/rust/cargo2nix/target/debug/deps/libblock_buffer-093f74dbed6b7a3a.rlib","/mnt/data1/nix/vendor/rust/cargo2nix/target/debug/deps/libblock_buffer-093f74dbed6b7a3a.rmeta"],"executable":null,"fresh":true}
{"reason":"compiler-artifact","package_id":"registry+https://github.com/rust-lang/crates.io-index#crypto-common@0.1.7","manifest_path":"/home/mdupont/.cargo/registry/src/index.crates.io-1949cf8c6b5b557f/crypto-common-0.1.7/Cargo.toml","target":{"kind":["lib"],"crate_types":["lib"],"name":"crypto_common","src_path":"/home/mdupont/.cargo/registry/src/index.crates.io-1949cf8c6b5b557f/crypto-common-0.1.7/src/lib.rs","edition":"2018","doc":true,"doctest":true,"test":true},"profile":{"opt_level":"0","debuginfo":2,"debug_assertions":true,"overflow_checks":true,"test":false},"features":[],"filenames":["/mnt/data1/nix/vendor/rust/cargo2nix/target/debug/deps/libcrypto_common-6a2bc44f3b4a6969.rlib","/mnt/data1/nix/vendor/rust/cargo2nix/target/debug/deps/libcrypto_common-6a2bc44f3b4a6969.rmeta"],"executable":null,"fresh":true}
   Compiling gix-quote v0.6.1 (/mnt/data1/nix/vendor/rust/cargo2nix/submodules/gitoxide/gix-quote)
   Compiling dashmap v6.1.0
{"reason":"compiler-artifact","package_id":"registry+https://github.com/rust-lang/crates.io-index#tempfile@3.23.0","manifest_path":"/home/mdupont/.cargo/registry/src/index.crates.io-1949cf8c6b5b557f/tempfile-3.23.0/Cargo.toml","target":{"kind":["lib"],"crate_types":["lib"],"name":"tempfile","src_path":"/home/mdupont/.cargo/registry/src/index.crates.io-1949cf8c6b5b557f/tempfile-3.23.0/src/lib.rs","edition":"2021","doc":true,"doctest":true,"test":true},"profile":{"opt_level":"0","debuginfo":2,"debug_assertions":true,"overflow_checks":true,"test":false},"features":["default","getrandom"],"filenames":["/mnt/data1/nix/vendor/rust/cargo2nix/target/debug/deps/libtempfile-40e862ad44e59d3d.rlib","/mnt/data1/nix/vendor/rust/cargo2nix/target/debug/deps/libtempfile-40e862ad44e59d3d.rmeta"],"executable":null,"fresh":true}
   Compiling gix-packetline v0.20.0 (/mnt/data1/nix/vendor/rust/cargo2nix/submodules/gitoxide/gix-packetline)
{"reason":"compiler-artifact","package_id":"registry+https://github.com/rust-lang/crates.io-index#imara-diff@0.1.8","manifest_path":"/home/mdupont/.cargo/registry/src/index.crates.io-1949cf8c6b5b557f/imara-diff-0.1.8/Cargo.toml","target":{"kind":["lib"],"crate_types":["lib"],"name":"imara_diff","src_path":"/home/mdupont/.cargo/registry/src/index.crates.io-1949cf8c6b5b557f/imara-diff-0.1.8/src/lib.rs","edition":"2021","doc":true,"doctest":true,"test":true},"profile":{"opt_level":"0","debuginfo":2,"debug_assertions":true,"overflow_checks":true,"test":false},"features":["default","unified_diff"],"filenames":["/mnt/data1/nix/vendor/rust/cargo2nix/target/debug/deps/libimara_diff-9b582b0ef042ad10.rlib","/mnt/data1/nix/vendor/rust/cargo2nix/target/debug/deps/libimara_diff-9b582b0ef042ad10.rmeta"],"executable":null,"fresh":true}
{"reason":"compiler-artifact","package_id":"registry+https://github.com/rust-lang/crates.io-index#digest@0.10.7","manifest_path":"/home/mdupont/.cargo/registry/src/index.crates.io-1949cf8c6b5b557f/digest-0.10.7/Cargo.toml","target":{"kind":["lib"],"crate_types":["lib"],"name":"digest","src_path":"/home/mdupont/.cargo/registry/src/index.crates.io-1949cf8c6b5b557f/digest-0.10.7/src/lib.rs","edition":"2018","doc":true,"doctest":true,"test":true},"profile":{"opt_level":"0","debuginfo":2,"debug_assertions":true,"overflow_checks":true,"test":false},"features":["block-buffer","core-api","default"],"filenames":["/mnt/data1/nix/vendor/rust/cargo2nix/target/debug/deps/libdigest-3b334d0517c894d1.rlib","/mnt/data1/nix/vendor/rust/cargo2nix/target/debug/deps/libdigest-3b334d0517c894d1.rmeta"],"executable":null,"fresh":true}
   Compiling sha1 v0.10.6
   Compiling sha1-checked v0.10.0
{"reason":"compiler-artifact","package_id":"registry+https://github.com/rust-lang/crates.io-index#sha1@0.10.6","manifest_path":"/home/mdupont/.cargo/registry/src/index.crates.io-1949cf8c6b5b557f/sha1-0.10.6/Cargo.toml","target":{"kind":["lib"],"crate_types":["lib"],"name":"sha1","src_path":"/home/mdupont/.cargo/registry/src/index.crates.io-1949cf8c6b5b557f/sha1-0.10.6/src/lib.rs","edition":"2018","doc":true,"doctest":true,"test":true},"profile":{"opt_level":"0","debuginfo":2,"debug_assertions":true,"overflow_checks":true,"test":false},"features":["compress"],"filenames":["/mnt/data1/nix/vendor/rust/cargo2nix/target/debug/deps/libsha1-6131abc4f75df04a.rlib","/mnt/data1/nix/vendor/rust/cargo2nix/target/debug/deps/libsha1-6131abc4f75df04a.rmeta"],"executable":null,"fresh":false}
   Compiling gix-path v0.10.22 (/mnt/data1/nix/vendor/rust/cargo2nix/submodules/gitoxide/gix-path)
{"reason":"compiler-message","package_id":"path+file:///mnt/data1/nix/vendor/rust/cargo2nix/submodules/parking_lot#0.12.6","manifest_path":"/mnt/data1/nix/vendor/rust/cargo2nix/submodules/parking_lot/Cargo.toml","target":{"kind":["lib"],"crate_types":["lib"],"name":"parking_lot","src_path":"/mnt/data1/nix/vendor/rust/cargo2nix/submodules/parking_lot/src/lib.rs","edition":"2021","doc":true,"doctest":true,"test":true},"message":{"rendered":"warning: unused import: `deadlock`\n  --> submodules/parking_lot/src/condvar.rs:10:13\n   |\n10 | use crate::{deadlock, util};\n   |             ^^^^^^^^\n   |\n   = note: `#[warn(unused_imports)]` (part of `#[warn(unused)]`) on by default\n\n","$message_type":"diagnostic","children":[{"children":[],"code":null,"level":"note","message":"`#[warn(unused_imports)]` (part of `#[warn(unused)]`) on by default","rendered":null,"spans":[]},{"children":[],"code":null,"level":"help","message":"remove the unused import","rendered":null,"spans":[{"byte_end":448,"byte_start":438,"column_end":23,"column_start":13,"expansion":null,"file_name":"submodules/parking_lot/src/condvar.rs","is_primary":true,"label":null,"line_end":10,"line_start":10,"suggested_replacement":"","suggestion_applicability":"MachineApplicable","text":[{"highlight_end":23,"highlight_start":13,"text":"use crate::{deadlock, util};"}]},{"byte_end":438,"byte_start":437,"column_end":13,"column_start":12,"expansion":null,"file_name":"submodules/parking_lot/src/condvar.rs","is_primary":true,"label":null,"line_end":10,"line_start":10,"suggested_replacement":"","suggestion_applicability":"MachineApplicable","text":[{"highlight_end":13,"highlight_start":12,"text":"use crate::{deadlock, util};"}]},{"byte_end":453,"byte_start":452,"column_end":28,"column_start":27,"expansion":null,"file_name":"submodules/parking_lot/src/condvar.rs","is_primary":true,"label":null,"line_end":10,"line_start":10,"suggested_replacement":"","suggestion_applicability":"MachineApplicable","text":[{"highlight_end":28,"highlight_start":27,"text":"use crate::{deadlock, util};"}]}]}],"code":{"code":"unused_imports","explanation":null},"level":"warning","message":"unused import: `deadlock`","spans":[{"byte_end":446,"byte_start":438,"column_end":21,"column_start":13,"expansion":null,"file_name":"submodules/parking_lot/src/condvar.rs","is_primary":true,"label":null,"line_end":10,"line_start":10,"suggested_replacement":null,"suggestion_applicability":null,"text":[{"highlight_end":21,"highlight_start":13,"text":"use crate::{deadlock, util};"}]}]}}
{"reason":"compiler-message","package_id":"path+file:///mnt/data1/nix/vendor/rust/cargo2nix/submodules/parking_lot#0.12.6","manifest_path":"/mnt/data1/nix/vendor/rust/cargo2nix/submodules/parking_lot/Cargo.toml","target":{"kind":["lib"],"crate_types":["lib"],"name":"parking_lot","src_path":"/mnt/data1/nix/vendor/rust/cargo2nix/submodules/parking_lot/src/lib.rs","edition":"2021","doc":true,"doctest":true,"test":true},"message":{"rendered":"warning: unused import: `crate::deadlock`\n  --> submodules/parking_lot/src/raw_mutex.rs:11:5\n   |\n11 | use crate::deadlock;\n   |     ^^^^^^^^^^^^^^^\n\n","$message_type":"diagnostic","children":[{"children":[],"code":null,"level":"help","message":"remove the whole `use` item","rendered":null,"spans":[{"byte_end":496,"byte_start":431,"column_end":1,"column_start":1,"expansion":null,"file_name":"submodules/parking_lot/src/raw_mutex.rs","is_primary":true,"label":null,"line_end":12,"line_start":10,"suggested_replacement":"","suggestion_applicability":"MachineApplicable","text":[{"highlight_end":44,"highlight_start":1,"text":"#[cfg(not(feature = \"deadlock_detection\"))]"},{"highlight_end":21,"highlight_start":1,"text":"use crate::deadlock;"},{"highlight_end":1,"highlight_start":1,"text":"use crate::util;"}]}]}],"code":{"code":"unused_imports","explanation":null},"level":"warning","message":"unused import: `crate::deadlock`","spans":[{"byte_end":494,"byte_start":479,"column_end":20,"column_start":5,"expansion":null,"file_name":"submodules/parking_lot/src/raw_mutex.rs","is_primary":true,"label":null,"line_end":11,"line_start":11,"suggested_replacement":null,"suggestion_applicability":null,"text":[{"highlight_end":20,"highlight_start":5,"text":"use crate::deadlock;"}]}]}}
{"reason":"compiler-message","package_id":"path+file:///mnt/data1/nix/vendor/rust/cargo2nix/submodules/parking_lot#0.12.6","manifest_path":"/mnt/data1/nix/vendor/rust/cargo2nix/submodules/parking_lot/Cargo.toml","target":{"kind":["lib"],"crate_types":["lib"],"name":"parking_lot","src_path":"/mnt/data1/nix/vendor/rust/cargo2nix/submodules/parking_lot/src/lib.rs","edition":"2021","doc":true,"doctest":true,"test":true},"message":{"rendered":"warning: unused import: `parking_lot_core::deadlock`\n  --> submodules/parking_lot/src/deadlock.rs:38:16\n   |\n38 | pub(crate) use parking_lot_core::deadlock;\n   |                ^^^^^^^^^^^^^^^^^^^^^^^^^^\n\n","$message_type":"diagnostic","children":[{"children":[],"code":null,"level":"help","message":"remove the whole `use` item","rendered":null,"spans":[{"byte_end":1165,"byte_start":1122,"column_end":1,"column_start":1,"expansion":null,"file_name":"submodules/parking_lot/src/deadlock.rs","is_primary":true,"label":null,"line_end":39,"line_start":38,"suggested_replacement":"","suggestion_applicability":"MachineApplicable","text":[{"highlight_end":43,"highlight_start":1,"text":"pub(crate) use parking_lot_core::deadlock;"},{"highlight_end":1,"highlight_start":1,"text":""}]}]}],"code":{"code":"unused_imports","explanation":null},"level":"warning","message":"unused import: `parking_lot_core::deadlock`","spans":[{"byte_end":1163,"byte_start":1137,"column_end":42,"column_start":16,"expansion":null,"file_name":"submodules/parking_lot/src/deadlock.rs","is_primary":true,"label":null,"line_end":38,"line_start":38,"suggested_replacement":null,"suggestion_applicability":null,"text":[{"highlight_end":42,"highlight_start":16,"text":"pub(crate) use parking_lot_core::deadlock;"}]}]}}
{"reason":"compiler-artifact","package_id":"path+file:///mnt/data1/nix/vendor/rust/cargo2nix/submodules/gitoxide/gix-quote#0.6.1","manifest_path":"/mnt/data1/nix/vendor/rust/cargo2nix/submodules/gitoxide/gix-quote/Cargo.toml","target":{"kind":["lib"],"crate_types":["lib"],"name":"gix_quote","src_path":"/mnt/data1/nix/vendor/rust/cargo2nix/submodules/gitoxide/gix-quote/src/lib.rs","edition":"2021","doc":true,"doctest":false,"test":true},"profile":{"opt_level":"0","debuginfo":2,"debug_assertions":true,"overflow_checks":true,"test":false},"features":[],"filenames":["/mnt/data1/nix/vendor/rust/cargo2nix/target/debug/deps/libgix_quote-fa2e1a7b69b0e21e.rlib","/mnt/data1/nix/vendor/rust/cargo2nix/target/debug/deps/libgix_quote-fa2e1a7b69b0e21e.rmeta"],"executable":null,"fresh":false}
{"reason":"compiler-artifact","package_id":"path+file:///mnt/data1/nix/vendor/rust/cargo2nix/submodules/gitoxide/gix-validate#0.10.1","manifest_path":"/mnt/data1/nix/vendor/rust/cargo2nix/submodules/gitoxide/gix-validate/Cargo.toml","target":{"kind":["lib"],"crate_types":["lib"],"name":"gix_validate","src_path":"/mnt/data1/nix/vendor/rust/cargo2nix/submodules/gitoxide/gix-validate/src/lib.rs","edition":"2021","doc":true,"doctest":false,"test":true},"profile":{"opt_level":"0","debuginfo":2,"debug_assertions":true,"overflow_checks":true,"test":false},"features":[],"filenames":["/mnt/data1/nix/vendor/rust/cargo2nix/target/debug/deps/libgix_validate-3b3d0b99278f3c77.rlib","/mnt/data1/nix/vendor/rust/cargo2nix/target/debug/deps/libgix_validate-3b3d0b99278f3c77.rmeta"],"executable":null,"fresh":false}
{"reason":"compiler-artifact","package_id":"path+file:///mnt/data1/nix/vendor/rust/cargo2nix/submodules/gitoxide/gix-packetline#0.20.0","manifest_path":"/mnt/data1/nix/vendor/rust/cargo2nix/submodules/gitoxide/gix-packetline/Cargo.toml","target":{"kind":["lib"],"crate_types":["lib"],"name":"gix_packetline","src_path":"/mnt/data1/nix/vendor/rust/cargo2nix/submodules/gitoxide/gix-packetline/src/lib.rs","edition":"2021","doc":true,"doctest":false,"test":true},"profile":{"opt_level":"0","debuginfo":2,"debug_assertions":true,"overflow_checks":true,"test":false},"features":["blocking-io","default"],"filenames":["/mnt/data1/nix/vendor/rust/cargo2nix/target/debug/deps/libgix_packetline-a8a7500240cee711.rlib","/mnt/data1/nix/vendor/rust/cargo2nix/target/debug/deps/libgix_packetline-a8a7500240cee711.rmeta"],"executable":null,"fresh":false}
{"reason":"compiler-artifact","package_id":"registry+https://github.com/rust-lang/crates.io-index#sha1-checked@0.10.0","manifest_path":"/home/mdupont/.cargo/registry/src/index.crates.io-1949cf8c6b5b557f/sha1-checked-0.10.0/Cargo.toml","target":{"kind":["lib"],"crate_types":["lib"],"name":"sha1_checked","src_path":"/home/mdupont/.cargo/registry/src/index.crates.io-1949cf8c6b5b557f/sha1-checked-0.10.0/src/lib.rs","edition":"2021","doc":true,"doctest":true,"test":true},"profile":{"opt_level":"0","debuginfo":2,"debug_assertions":true,"overflow_checks":true,"test":false},"features":[],"filenames":["/mnt/data1/nix/vendor/rust/cargo2nix/target/debug/deps/libsha1_checked-8551a76533c64017.rlib","/mnt/data1/nix/vendor/rust/cargo2nix/target/debug/deps/libsha1_checked-8551a76533c64017.rmeta"],"executable":null,"fresh":false}
{"reason":"compiler-artifact","package_id":"registry+https://github.com/rust-lang/crates.io-index#dashmap@6.1.0","manifest_path":"/home/mdupont/.cargo/registry/src/index.crates.io-1949cf8c6b5b557f/dashmap-6.1.0/Cargo.toml","target":{"kind":["lib"],"crate_types":["lib"],"name":"dashmap","src_path":"/home/mdupont/.cargo/registry/src/index.crates.io-1949cf8c6b5b557f/dashmap-6.1.0/src/lib.rs","edition":"2018","doc":true,"doctest":true,"test":true},"profile":{"opt_level":"0","debuginfo":2,"debug_assertions":true,"overflow_checks":true,"test":false},"features":[],"filenames":["/mnt/data1/nix/vendor/rust/cargo2nix/target/debug/deps/libdashmap-454f4f8e541bee05.rlib","/mnt/data1/nix/vendor/rust/cargo2nix/target/debug/deps/libdashmap-454f4f8e541bee05.rmeta"],"executable":null,"fresh":false}
   Compiling prodash v30.0.1
   Compiling gix-command v0.6.3 (/mnt/data1/nix/vendor/rust/cargo2nix/submodules/gitoxide/gix-command)
   Compiling gix-config-value v0.15.3 (/mnt/data1/nix/vendor/rust/cargo2nix/submodules/gitoxide/gix-config-value)
{"reason":"compiler-artifact","package_id":"path+file:///mnt/data1/nix/vendor/rust/cargo2nix/submodules/parking_lot#0.12.6","manifest_path":"/mnt/data1/nix/vendor/rust/cargo2nix/submodules/parking_lot/Cargo.toml","target":{"kind":["lib"],"crate_types":["lib"],"name":"parking_lot","src_path":"/mnt/data1/nix/vendor/rust/cargo2nix/submodules/parking_lot/src/lib.rs","edition":"2021","doc":true,"doctest":true,"test":true},"profile":{"opt_level":"0","debuginfo":2,"debug_assertions":true,"overflow_checks":true,"test":false},"features":["default"],"filenames":["/mnt/data1/nix/vendor/rust/cargo2nix/target/debug/deps/libparking_lot-1d1f0f1d2441c680.rlib","/mnt/data1/nix/vendor/rust/cargo2nix/target/debug/deps/libparking_lot-1d1f0f1d2441c680.rmeta"],"executable":null,"fresh":false}
{"reason":"compiler-artifact","package_id":"path+file:///mnt/data1/nix/vendor/rust/cargo2nix/submodules/gitoxide/gix-path#0.10.22","manifest_path":"/mnt/data1/nix/vendor/rust/cargo2nix/submodules/gitoxide/gix-path/Cargo.toml","target":{"kind":["lib"],"crate_types":["lib"],"name":"gix_path","src_path":"/mnt/data1/nix/vendor/rust/cargo2nix/submodules/gitoxide/gix-path/src/lib.rs","edition":"2021","doc":true,"doctest":true,"test":true},"profile":{"opt_level":"0","debuginfo":2,"debug_assertions":true,"overflow_checks":true,"test":false},"features":[],"filenames":["/mnt/data1/nix/vendor/rust/cargo2nix/target/debug/deps/libgix_path-4264e57fc3e49475.rlib","/mnt/data1/nix/vendor/rust/cargo2nix/target/debug/deps/libgix_path-4264e57fc3e49475.rmeta"],"executable":null,"fresh":false}
{"reason":"compiler-artifact","package_id":"path+file:///mnt/data1/nix/vendor/rust/cargo2nix/submodules/gitoxide/gix-command#0.6.3","manifest_path":"/mnt/data1/nix/vendor/rust/cargo2nix/submodules/gitoxide/gix-command/Cargo.toml","target":{"kind":["lib"],"crate_types":["lib"],"name":"gix_command","src_path":"/mnt/data1/nix/vendor/rust/cargo2nix/submodules/gitoxide/gix-command/src/lib.rs","edition":"2021","doc":true,"doctest":false,"test":true},"profile":{"opt_level":"0","debuginfo":2,"debug_assertions":true,"overflow_checks":true,"test":false},"features":[],"filenames":["/mnt/data1/nix/vendor/rust/cargo2nix/target/debug/deps/libgix_command-0ef3333b34cbaf01.rlib","/mnt/data1/nix/vendor/rust/cargo2nix/target/debug/deps/libgix_command-0ef3333b34cbaf01.rmeta"],"executable":null,"fresh":false}
   Compiling gix-features v0.44.1 (/mnt/data1/nix/vendor/rust/cargo2nix/submodules/gitoxide/gix-features)
{"reason":"compiler-artifact","package_id":"registry+https://github.com/rust-lang/crates.io-index#prodash@30.0.1","manifest_path":"/home/mdupont/.cargo/registry/src/index.crates.io-1949cf8c6b5b557f/prodash-30.0.1/Cargo.toml","target":{"kind":["lib"],"crate_types":["lib"],"name":"prodash","src_path":"/home/mdupont/.cargo/registry/src/index.crates.io-1949cf8c6b5b557f/prodash-30.0.1/src/lib.rs","edition":"2021","doc":true,"doctest":true,"test":true},"profile":{"opt_level":"0","debuginfo":2,"debug_assertions":true,"overflow_checks":true,"test":false},"features":["default","parking_lot","progress-tree"],"filenames":["/mnt/data1/nix/vendor/rust/cargo2nix/target/debug/deps/libprodash-959a3bab013e012e.rlib","/mnt/data1/nix/vendor/rust/cargo2nix/target/debug/deps/libprodash-959a3bab013e012e.rmeta"],"executable":null,"fresh":false}
   Compiling gix-hash v0.20.1 (/mnt/data1/nix/vendor/rust/cargo2nix/submodules/gitoxide/gix-hash)
   Compiling gix-glob v0.22.1 (/mnt/data1/nix/vendor/rust/cargo2nix/submodules/gitoxide/gix-glob)
   Compiling gix-fs v0.17.0 (/mnt/data1/nix/vendor/rust/cargo2nix/submodules/gitoxide/gix-fs)
{"reason":"compiler-artifact","package_id":"path+file:///mnt/data1/nix/vendor/rust/cargo2nix/submodules/gitoxide/gix-features#0.44.1","manifest_path":"/mnt/data1/nix/vendor/rust/cargo2nix/submodules/gitoxide/gix-features/Cargo.toml","target":{"kind":["lib"],"crate_types":["lib"],"name":"gix_features","src_path":"/mnt/data1/nix/vendor/rust/cargo2nix/submodules/gitoxide/gix-features/src/lib.rs","edition":"2021","doc":true,"doctest":false,"test":false},"profile":{"opt_level":"0","debuginfo":2,"debug_assertions":true,"overflow_checks":true,"test":false},"features":["default","fs-read-dir","prodash","progress"],"filenames":["/mnt/data1/nix/vendor/rust/cargo2nix/target/debug/deps/libgix_features-c747db6b2b8b4dc3.rlib","/mnt/data1/nix/vendor/rust/cargo2nix/target/debug/deps/libgix_features-c747db6b2b8b4dc3.rmeta"],"executable":null,"fresh":false}
   Compiling gix-tempfile v19.0.1 (/mnt/data1/nix/vendor/rust/cargo2nix/submodules/gitoxide/gix-tempfile)
{"reason":"compiler-artifact","package_id":"path+file:///mnt/data1/nix/vendor/rust/cargo2nix/submodules/gitoxide/gix-config-value#0.15.3","manifest_path":"/mnt/data1/nix/vendor/rust/cargo2nix/submodules/gitoxide/gix-config-value/Cargo.toml","target":{"kind":["lib"],"crate_types":["lib"],"name":"gix_config_value","src_path":"/mnt/data1/nix/vendor/rust/cargo2nix/submodules/gitoxide/gix-config-value/src/lib.rs","edition":"2021","doc":true,"doctest":false,"test":true},"profile":{"opt_level":"0","debuginfo":2,"debug_assertions":true,"overflow_checks":true,"test":false},"features":[],"filenames":["/mnt/data1/nix/vendor/rust/cargo2nix/target/debug/deps/libgix_config_value-7dbb5f2ec6a4622b.rlib","/mnt/data1/nix/vendor/rust/cargo2nix/target/debug/deps/libgix_config_value-7dbb5f2ec6a4622b.rmeta"],"executable":null,"fresh":false}
   Compiling gix-hashtable v0.10.0 (/mnt/data1/nix/vendor/rust/cargo2nix/submodules/gitoxide/gix-hashtable)
   Compiling gix-commitgraph v0.30.1 (/mnt/data1/nix/vendor/rust/cargo2nix/submodules/gitoxide/gix-commitgraph)
{"reason":"compiler-artifact","package_id":"path+file:///mnt/data1/nix/vendor/rust/cargo2nix/submodules/gitoxide/gix-fs#0.17.0","manifest_path":"/mnt/data1/nix/vendor/rust/cargo2nix/submodules/gitoxide/gix-fs/Cargo.toml","target":{"kind":["lib"],"crate_types":["lib"],"name":"gix_fs","src_path":"/mnt/data1/nix/vendor/rust/cargo2nix/submodules/gitoxide/gix-fs/src/lib.rs","edition":"2021","doc":true,"doctest":false,"test":true},"profile":{"opt_level":"0","debuginfo":2,"debug_assertions":true,"overflow_checks":true,"test":false},"features":[],"filenames":["/mnt/data1/nix/vendor/rust/cargo2nix/target/debug/deps/libgix_fs-11f52f20eb51fa59.rlib","/mnt/data1/nix/vendor/rust/cargo2nix/target/debug/deps/libgix_fs-11f52f20eb51fa59.rmeta"],"executable":null,"fresh":false}
   Compiling gix-attributes v0.28.1 (/mnt/data1/nix/vendor/rust/cargo2nix/submodules/gitoxide/gix-attributes)
   Compiling gix-ignore v0.17.1 (/mnt/data1/nix/vendor/rust/cargo2nix/submodules/gitoxide/gix-ignore)
{"reason":"compiler-artifact","package_id":"path+file:///mnt/data1/nix/vendor/rust/cargo2nix/submodules/gitoxide/gix-hash#0.20.1","manifest_path":"/mnt/data1/nix/vendor/rust/cargo2nix/submodules/gitoxide/gix-hash/Cargo.toml","target":{"kind":["lib"],"crate_types":["lib"],"name":"gix_hash","src_path":"/mnt/data1/nix/vendor/rust/cargo2nix/submodules/gitoxide/gix-hash/src/lib.rs","edition":"2021","doc":true,"doctest":false,"test":false},"profile":{"opt_level":"0","debuginfo":2,"debug_assertions":true,"overflow_checks":true,"test":false},"features":["default","sha1"],"filenames":["/mnt/data1/nix/vendor/rust/cargo2nix/target/debug/deps/libgix_hash-6b54080a888a080d.rlib","/mnt/data1/nix/vendor/rust/cargo2nix/target/debug/deps/libgix_hash-6b54080a888a080d.rmeta"],"executable":null,"fresh":false}
{"reason":"compiler-artifact","package_id":"path+file:///mnt/data1/nix/vendor/rust/cargo2nix/submodules/gitoxide/gix-glob#0.22.1","manifest_path":"/mnt/data1/nix/vendor/rust/cargo2nix/submodules/gitoxide/gix-glob/Cargo.toml","target":{"kind":["lib"],"crate_types":["lib"],"name":"gix_glob","src_path":"/mnt/data1/nix/vendor/rust/cargo2nix/submodules/gitoxide/gix-glob/src/lib.rs","edition":"2021","doc":true,"doctest":false,"test":true},"profile":{"opt_level":"0","debuginfo":2,"debug_assertions":true,"overflow_checks":true,"test":false},"features":[],"filenames":["/mnt/data1/nix/vendor/rust/cargo2nix/target/debug/deps/libgix_glob-990911448b5c731d.rlib","/mnt/data1/nix/vendor/rust/cargo2nix/target/debug/deps/libgix_glob-990911448b5c731d.rmeta"],"executable":null,"fresh":false}
{"reason":"compiler-artifact","package_id":"path+file:///mnt/data1/nix/vendor/rust/cargo2nix/submodules/gitoxide/gix-hashtable#0.10.0","manifest_path":"/mnt/data1/nix/vendor/rust/cargo2nix/submodules/gitoxide/gix-hashtable/Cargo.toml","target":{"kind":["lib"],"crate_types":["lib"],"name":"gix_hashtable","src_path":"/mnt/data1/nix/vendor/rust/cargo2nix/submodules/gitoxide/gix-hashtable/src/lib.rs","edition":"2021","doc":true,"doctest":false,"test":true},"profile":{"opt_level":"0","debuginfo":2,"debug_assertions":true,"overflow_checks":true,"test":false},"features":[],"filenames":["/mnt/data1/nix/vendor/rust/cargo2nix/target/debug/deps/libgix_hashtable-77821f35a1069871.rlib","/mnt/data1/nix/vendor/rust/cargo2nix/target/debug/deps/libgix_hashtable-77821f35a1069871.rmeta"],"executable":null,"fresh":false}
   Compiling gix-lock v19.0.0 (/mnt/data1/nix/vendor/rust/cargo2nix/submodules/gitoxide/gix-lock)
{"reason":"compiler-artifact","package_id":"path+file:///mnt/data1/nix/vendor/rust/cargo2nix/submodules/gitoxide/gix-ignore#0.17.1","manifest_path":"/mnt/data1/nix/vendor/rust/cargo2nix/submodules/gitoxide/gix-ignore/Cargo.toml","target":{"kind":["lib"],"crate_types":["lib"],"name":"gix_ignore","src_path":"/mnt/data1/nix/vendor/rust/cargo2nix/submodules/gitoxide/gix-ignore/src/lib.rs","edition":"2021","doc":true,"doctest":false,"test":true},"profile":{"opt_level":"0","debuginfo":2,"debug_assertions":true,"overflow_checks":true,"test":false},"features":[],"filenames":["/mnt/data1/nix/vendor/rust/cargo2nix/target/debug/deps/libgix_ignore-917b7c1cfd273a0d.rlib","/mnt/data1/nix/vendor/rust/cargo2nix/target/debug/deps/libgix_ignore-917b7c1cfd273a0d.rmeta"],"executable":null,"fresh":false}
   Compiling gix-actor v0.36.0 (/mnt/data1/nix/vendor/rust/cargo2nix/submodules/gitoxide/gix-actor)
{"reason":"compiler-artifact","package_id":"path+file:///mnt/data1/nix/vendor/rust/cargo2nix/submodules/gitoxide/gix-tempfile#19.0.1","manifest_path":"/mnt/data1/nix/vendor/rust/cargo2nix/submodules/gitoxide/gix-tempfile/Cargo.toml","target":{"kind":["lib"],"crate_types":["lib"],"name":"gix_tempfile","src_path":"/mnt/data1/nix/vendor/rust/cargo2nix/submodules/gitoxide/gix-tempfile/src/lib.rs","edition":"2021","doc":true,"doctest":false,"test":true},"profile":{"opt_level":"0","debuginfo":2,"debug_assertions":true,"overflow_checks":true,"test":false},"features":["default","hp-hashmap"],"filenames":["/mnt/data1/nix/vendor/rust/cargo2nix/target/debug/deps/libgix_tempfile-8a3573c0f73889b5.rlib","/mnt/data1/nix/vendor/rust/cargo2nix/target/debug/deps/libgix_tempfile-8a3573c0f73889b5.rmeta"],"executable":null,"fresh":false}
{"reason":"compiler-artifact","package_id":"path+file:///mnt/data1/nix/vendor/rust/cargo2nix/submodules/gitoxide/gix-date#0.11.0","manifest_path":"/mnt/data1/nix/vendor/rust/cargo2nix/submodules/gitoxide/gix-date/Cargo.toml","target":{"kind":["lib"],"crate_types":["lib"],"name":"gix_date","src_path":"/mnt/data1/nix/vendor/rust/cargo2nix/submodules/gitoxide/gix-date/src/lib.rs","edition":"2021","doc":true,"doctest":false,"test":true},"profile":{"opt_level":"0","debuginfo":2,"debug_assertions":true,"overflow_checks":true,"test":false},"features":[],"filenames":["/mnt/data1/nix/vendor/rust/cargo2nix/target/debug/deps/libgix_date-1ac491a47d5a2fc3.rlib","/mnt/data1/nix/vendor/rust/cargo2nix/target/debug/deps/libgix_date-1ac491a47d5a2fc3.rmeta"],"executable":null,"fresh":false}
   Compiling gix-pathspec v0.13.0 (/mnt/data1/nix/vendor/rust/cargo2nix/submodules/gitoxide/gix-pathspec)
{"reason":"compiler-artifact","package_id":"path+file:///mnt/data1/nix/vendor/rust/cargo2nix/submodules/gitoxide/gix-commitgraph#0.30.1","manifest_path":"/mnt/data1/nix/vendor/rust/cargo2nix/submodules/gitoxide/gix-commitgraph/Cargo.toml","target":{"kind":["lib"],"crate_types":["lib"],"name":"gix_commitgraph","src_path":"/mnt/data1/nix/vendor/rust/cargo2nix/submodules/gitoxide/gix-commitgraph/src/lib.rs","edition":"2021","doc":true,"doctest":false,"test":true},"profile":{"opt_level":"0","debuginfo":2,"debug_assertions":true,"overflow_checks":true,"test":false},"features":[],"filenames":["/mnt/data1/nix/vendor/rust/cargo2nix/target/debug/deps/libgix_commitgraph-9b0069d28a6200b3.rlib","/mnt/data1/nix/vendor/rust/cargo2nix/target/debug/deps/libgix_commitgraph-9b0069d28a6200b3.rmeta"],"executable":null,"fresh":false}
{"reason":"compiler-artifact","package_id":"path+file:///mnt/data1/nix/vendor/rust/cargo2nix/submodules/gitoxide/gix-lock#19.0.0","manifest_path":"/mnt/data1/nix/vendor/rust/cargo2nix/submodules/gitoxide/gix-lock/Cargo.toml","target":{"kind":["lib"],"crate_types":["lib"],"name":"gix_lock","src_path":"/mnt/data1/nix/vendor/rust/cargo2nix/submodules/gitoxide/gix-lock/src/lib.rs","edition":"2021","doc":true,"doctest":false,"test":true},"profile":{"opt_level":"0","debuginfo":2,"debug_assertions":true,"overflow_checks":true,"test":false},"features":[],"filenames":["/mnt/data1/nix/vendor/rust/cargo2nix/target/debug/deps/libgix_lock-cf11c7728600dbc9.rlib","/mnt/data1/nix/vendor/rust/cargo2nix/target/debug/deps/libgix_lock-cf11c7728600dbc9.rmeta"],"executable":null,"fresh":false}
   Compiling gix-object v0.52.0 (/mnt/data1/nix/vendor/rust/cargo2nix/submodules/gitoxide/gix-object)
{"reason":"compiler-artifact","package_id":"path+file:///mnt/data1/nix/vendor/rust/cargo2nix/submodules/gitoxide/gix-actor#0.36.0","manifest_path":"/mnt/data1/nix/vendor/rust/cargo2nix/submodules/gitoxide/gix-actor/Cargo.toml","target":{"kind":["lib"],"crate_types":["lib"],"name":"gix_actor","src_path":"/mnt/data1/nix/vendor/rust/cargo2nix/submodules/gitoxide/gix-actor/src/lib.rs","edition":"2021","doc":true,"doctest":false,"test":true},"profile":{"opt_level":"0","debuginfo":2,"debug_assertions":true,"overflow_checks":true,"test":false},"features":[],"filenames":["/mnt/data1/nix/vendor/rust/cargo2nix/target/debug/deps/libgix_actor-5dd41d4c59c8d2a4.rlib","/mnt/data1/nix/vendor/rust/cargo2nix/target/debug/deps/libgix_actor-5dd41d4c59c8d2a4.rmeta"],"executable":null,"fresh":false}
{"reason":"compiler-artifact","package_id":"path+file:///mnt/data1/nix/vendor/rust/cargo2nix/submodules/gitoxide/gix-attributes#0.28.1","manifest_path":"/mnt/data1/nix/vendor/rust/cargo2nix/submodules/gitoxide/gix-attributes/Cargo.toml","target":{"kind":["lib"],"crate_types":["lib"],"name":"gix_attributes","src_path":"/mnt/data1/nix/vendor/rust/cargo2nix/submodules/gitoxide/gix-attributes/src/lib.rs","edition":"2021","doc":true,"doctest":false,"test":true},"profile":{"opt_level":"0","debuginfo":2,"debug_assertions":true,"overflow_checks":true,"test":false},"features":[],"filenames":["/mnt/data1/nix/vendor/rust/cargo2nix/target/debug/deps/libgix_attributes-ad21e78235334c67.rlib","/mnt/data1/nix/vendor/rust/cargo2nix/target/debug/deps/libgix_attributes-ad21e78235334c67.rmeta"],"executable":null,"fresh":false}
{"reason":"compiler-artifact","package_id":"path+file:///mnt/data1/nix/vendor/rust/cargo2nix/submodules/gitoxide/gix-pathspec#0.13.0","manifest_path":"/mnt/data1/nix/vendor/rust/cargo2nix/submodules/gitoxide/gix-pathspec/Cargo.toml","target":{"kind":["lib"],"crate_types":["lib"],"name":"gix_pathspec","src_path":"/mnt/data1/nix/vendor/rust/cargo2nix/submodules/gitoxide/gix-pathspec/src/lib.rs","edition":"2021","doc":true,"doctest":false,"test":true},"profile":{"opt_level":"0","debuginfo":2,"debug_assertions":true,"overflow_checks":true,"test":false},"features":[],"filenames":["/mnt/data1/nix/vendor/rust/cargo2nix/target/debug/deps/libgix_pathspec-5e6f3ec0620d650d.rlib","/mnt/data1/nix/vendor/rust/cargo2nix/target/debug/deps/libgix_pathspec-5e6f3ec0620d650d.rmeta"],"executable":null,"fresh":false}
   Compiling gix-revwalk v0.23.0 (/mnt/data1/nix/vendor/rust/cargo2nix/submodules/gitoxide/gix-revwalk)
   Compiling gix-filter v0.22.0 (/mnt/data1/nix/vendor/rust/cargo2nix/submodules/gitoxide/gix-filter)
   Compiling gix-traverse v0.49.0 (/mnt/data1/nix/vendor/rust/cargo2nix/submodules/gitoxide/gix-traverse)
{"reason":"compiler-artifact","package_id":"path+file:///mnt/data1/nix/vendor/rust/cargo2nix/submodules/gitoxide/gix-revwalk#0.23.0","manifest_path":"/mnt/data1/nix/vendor/rust/cargo2nix/submodules/gitoxide/gix-revwalk/Cargo.toml","target":{"kind":["lib"],"crate_types":["lib"],"name":"gix_revwalk","src_path":"/mnt/data1/nix/vendor/rust/cargo2nix/submodules/gitoxide/gix-revwalk/src/lib.rs","edition":"2021","doc":true,"doctest":false,"test":true},"profile":{"opt_level":"0","debuginfo":2,"debug_assertions":true,"overflow_checks":true,"test":false},"features":[],"filenames":["/mnt/data1/nix/vendor/rust/cargo2nix/target/debug/deps/libgix_revwalk-20f671688637c19f.rlib","/mnt/data1/nix/vendor/rust/cargo2nix/target/debug/deps/libgix_revwalk-20f671688637c19f.rmeta"],"executable":null,"fresh":false}
{"reason":"compiler-artifact","package_id":"path+file:///mnt/data1/nix/vendor/rust/cargo2nix/submodules/gitoxide/gix-object#0.52.0","manifest_path":"/mnt/data1/nix/vendor/rust/cargo2nix/submodules/gitoxide/gix-object/Cargo.toml","target":{"kind":["lib"],"crate_types":["lib"],"name":"gix_object","src_path":"/mnt/data1/nix/vendor/rust/cargo2nix/submodules/gitoxide/gix-object/src/lib.rs","edition":"2021","doc":true,"doctest":false,"test":true},"profile":{"opt_level":"0","debuginfo":2,"debug_assertions":true,"overflow_checks":true,"test":false},"features":[],"filenames":["/mnt/data1/nix/vendor/rust/cargo2nix/target/debug/deps/libgix_object-c9ffa2d2dc966a05.rlib","/mnt/data1/nix/vendor/rust/cargo2nix/target/debug/deps/libgix_object-c9ffa2d2dc966a05.rmeta"],"executable":null,"fresh":false}
   Compiling gix-index v0.43.0 (/mnt/data1/nix/vendor/rust/cargo2nix/submodules/gitoxide/gix-index)
{"reason":"compiler-artifact","package_id":"path+file:///mnt/data1/nix/vendor/rust/cargo2nix/submodules/gitoxide/gix-traverse#0.49.0","manifest_path":"/mnt/data1/nix/vendor/rust/cargo2nix/submodules/gitoxide/gix-traverse/Cargo.toml","target":{"kind":["lib"],"crate_types":["lib"],"name":"gix_traverse","src_path":"/mnt/data1/nix/vendor/rust/cargo2nix/submodules/gitoxide/gix-traverse/src/lib.rs","edition":"2021","doc":true,"doctest":false,"test":true},"profile":{"opt_level":"0","debuginfo":2,"debug_assertions":true,"overflow_checks":true,"test":false},"features":[],"filenames":["/mnt/data1/nix/vendor/rust/cargo2nix/target/debug/deps/libgix_traverse-434b06fa1f0c842b.rlib","/mnt/data1/nix/vendor/rust/cargo2nix/target/debug/deps/libgix_traverse-434b06fa1f0c842b.rmeta"],"executable":null,"fresh":false}
{"reason":"compiler-artifact","package_id":"path+file:///mnt/data1/nix/vendor/rust/cargo2nix/submodules/gitoxide/gix-filter#0.22.0","manifest_path":"/mnt/data1/nix/vendor/rust/cargo2nix/submodules/gitoxide/gix-filter/Cargo.toml","target":{"kind":["lib"],"crate_types":["lib"],"name":"gix_filter","src_path":"/mnt/data1/nix/vendor/rust/cargo2nix/submodules/gitoxide/gix-filter/src/lib.rs","edition":"2021","doc":true,"doctest":false,"test":true},"profile":{"opt_level":"0","debuginfo":2,"debug_assertions":true,"overflow_checks":true,"test":false},"features":[],"filenames":["/mnt/data1/nix/vendor/rust/cargo2nix/target/debug/deps/libgix_filter-622a8edaff7b27ce.rlib","/mnt/data1/nix/vendor/rust/cargo2nix/target/debug/deps/libgix_filter-622a8edaff7b27ce.rmeta"],"executable":null,"fresh":false}
   Compiling gix-worktree v0.44.0 (/mnt/data1/nix/vendor/rust/cargo2nix/submodules/gitoxide/gix-worktree)
   Compiling gix-diff v0.55.0 (/mnt/data1/nix/vendor/rust/cargo2nix/submodules/gitoxide/gix-diff)
{"reason":"compiler-artifact","package_id":"path+file:///mnt/data1/nix/vendor/rust/cargo2nix/submodules/gitoxide/gix-worktree#0.44.0","manifest_path":"/mnt/data1/nix/vendor/rust/cargo2nix/submodules/gitoxide/gix-worktree/Cargo.toml","target":{"kind":["lib"],"crate_types":["lib"],"name":"gix_worktree","src_path":"/mnt/data1/nix/vendor/rust/cargo2nix/submodules/gitoxide/gix-worktree/src/lib.rs","edition":"2021","doc":true,"doctest":false,"test":true},"profile":{"opt_level":"0","debuginfo":2,"debug_assertions":true,"overflow_checks":true,"test":false},"features":["attributes"],"filenames":["/mnt/data1/nix/vendor/rust/cargo2nix/target/debug/deps/libgix_worktree-c105d86776b61ada.rlib","/mnt/data1/nix/vendor/rust/cargo2nix/target/debug/deps/libgix_worktree-c105d86776b61ada.rmeta"],"executable":null,"fresh":false}
{"reason":"compiler-artifact","package_id":"path+file:///mnt/data1/nix/vendor/rust/cargo2nix/submodules/gitoxide/gix-index#0.43.0","manifest_path":"/mnt/data1/nix/vendor/rust/cargo2nix/submodules/gitoxide/gix-index/Cargo.toml","target":{"kind":["lib"],"crate_types":["lib"],"name":"gix_index","src_path":"/mnt/data1/nix/vendor/rust/cargo2nix/submodules/gitoxide/gix-index/src/lib.rs","edition":"2021","doc":true,"doctest":false,"test":true},"profile":{"opt_level":"0","debuginfo":2,"debug_assertions":true,"overflow_checks":true,"test":false},"features":[],"filenames":["/mnt/data1/nix/vendor/rust/cargo2nix/target/debug/deps/libgix_index-8b4a77c6351fd8ac.rlib","/mnt/data1/nix/vendor/rust/cargo2nix/target/debug/deps/libgix_index-8b4a77c6351fd8ac.rmeta"],"executable":null,"fresh":false}
{"reason":"compiler-artifact","package_id":"path+file:///mnt/data1/nix/vendor/rust/cargo2nix/submodules/gitoxide/gix-diff#0.55.0","manifest_path":"/mnt/data1/nix/vendor/rust/cargo2nix/submodules/gitoxide/gix-diff/Cargo.toml","target":{"kind":["lib"],"crate_types":["lib"],"name":"gix_diff","src_path":"/mnt/data1/nix/vendor/rust/cargo2nix/submodules/gitoxide/gix-diff/src/lib.rs","edition":"2021","doc":true,"doctest":false,"test":true},"profile":{"opt_level":"0","debuginfo":2,"debug_assertions":true,"overflow_checks":true,"test":false},"features":["blob","default","index"],"filenames":["/mnt/data1/nix/vendor/rust/cargo2nix/target/debug/libgix_diff.rlib","/mnt/data1/nix/vendor/rust/cargo2nix/target/debug/deps/libgix_diff-e645c81c77429d00.rmeta"],"executable":null,"fresh":false}
{"reason":"build-finished","success":true}
    Finished `dev` profile [unoptimized + debuginfo] target(s) in 3.61s
