warning: Git tree '/mnt/data1/nix/vendor/rust/cargo2nix' is dirty
Nix development shell with Rust, libgit2, curl, and OpenSSL 1.1.1w ready.
warning: profiles for the non root package will be ignored, specify profiles at the workspace root:
package:   /mnt/data1/nix/vendor/rust/cargo2nix/submodules/addr2line/Cargo.toml
workspace: /mnt/data1/nix/vendor/rust/cargo2nix/Cargo.toml
warning: profiles for the non root package will be ignored, specify profiles at the workspace root:
package:   /mnt/data1/nix/vendor/rust/cargo2nix/submodules/clap/Cargo.toml
workspace: /mnt/data1/nix/vendor/rust/cargo2nix/Cargo.toml
warning: profiles for the non root package will be ignored, specify profiles at the workspace root:
package:   /mnt/data1/nix/vendor/rust/cargo2nix/submodules/arrayvec/Cargo.toml
workspace: /mnt/data1/nix/vendor/rust/cargo2nix/Cargo.toml
warning: profiles for the non root package will be ignored, specify profiles at the workspace root:
package:   /mnt/data1/nix/vendor/rust/cargo2nix/submodules/ahash/Cargo.toml
workspace: /mnt/data1/nix/vendor/rust/cargo2nix/Cargo.toml
warning: resolver for the non root package will be ignored, specify resolver at the workspace root:
package:   /mnt/data1/nix/vendor/rust/cargo2nix/submodules/tracing-tree/Cargo.toml
workspace: /mnt/data1/nix/vendor/rust/cargo2nix/Cargo.toml
warning: profiles for the non root package will be ignored, specify profiles at the workspace root:
package:   /mnt/data1/nix/vendor/rust/cargo2nix/submodules/aho-corasick/Cargo.toml
workspace: /mnt/data1/nix/vendor/rust/cargo2nix/Cargo.toml
warning: profiles for the non root package will be ignored, specify profiles at the workspace root:
package:   /mnt/data1/nix/vendor/rust/cargo2nix/submodules/annotate-snippets-rs/Cargo.toml
workspace: /mnt/data1/nix/vendor/rust/cargo2nix/Cargo.toml
warning: resolver for the non root package will be ignored, specify resolver at the workspace root:
package:   /mnt/data1/nix/vendor/rust/cargo2nix/submodules/http-auth/Cargo.toml
workspace: /mnt/data1/nix/vendor/rust/cargo2nix/Cargo.toml
warning: profiles for the non root package will be ignored, specify profiles at the workspace root:
package:   /mnt/data1/nix/vendor/rust/cargo2nix/submodules/generic-array/Cargo.toml
workspace: /mnt/data1/nix/vendor/rust/cargo2nix/Cargo.toml
warning: patch for the non root package will be ignored, specify patch at the workspace root:
package:   /mnt/data1/nix/vendor/rust/cargo2nix/tools/cargo-repo-sync/Cargo.toml
workspace: /mnt/data1/nix/vendor/rust/cargo2nix/Cargo.toml
warning: /mnt/data1/nix/vendor/rust/cargo2nix/submodules/text-size/Cargo.toml: `default_features` is deprecated in favor of `default-features` and will not work in the 2024 edition
(in the `serde` dependency)
warning: /mnt/data1/nix/vendor/rust/cargo2nix/submodules/tracing-tree/Cargo.toml: `default-features` is ignored for tracing-log, since `default-features` was not specified for `workspace.dependencies.tracing-log`, this could become a hard error in the future
warning: /mnt/data1/nix/vendor/rust/cargo2nix/submodules/tracing-tree/Cargo.toml: `default-features` is ignored for tracing-subscriber, since `default-features` was not specified for `workspace.dependencies.tracing-subscriber`, this could become a hard error in the future
warning: /mnt/data1/nix/vendor/rust/cargo2nix/crates/rust-mcp-server/Cargo.toml: file `/mnt/data1/nix/vendor/rust/cargo2nix/crates/rust-mcp-server/src/main.rs` found to be present in multiple build targets:
  * `lib` target `rust_mcp_server`
  * `bin` target `rust-mcp-server`
warning: /mnt/data1/nix/vendor/rust/cargo2nix/submodules/signal-hook/signal-hook-registry/Cargo.toml: no edition set: defaulting to the 2015 edition while the latest is 2024
warning: /mnt/data1/nix/vendor/rust/cargo2nix/submodules/crossbeam/crossbeam-utils/Cargo.toml: unused manifest key: dependencies.atomic-maybe-uninit.version
warning: /mnt/data1/nix/vendor/rust/cargo2nix/submodules/chrono/Cargo.toml: `default-features` is ignored for serde_derive, since `default-features` was not specified for `workspace.dependencies.serde_derive`, this could become a hard error in the future
warning: /mnt/data1/nix/vendor/rust/cargo2nix/submodules/odds/Cargo.toml: no edition set: defaulting to the 2015 edition while the latest is 2024
warning: /mnt/data1/nix/vendor/rust/cargo2nix/submodules/regex/Cargo.toml: unused manifest key: package.members
warning: /mnt/data1/nix/vendor/rust/cargo2nix/submodules/camino/Cargo.toml: unused manifest key: members
warning: /mnt/data1/nix/vendor/rust/cargo2nix/submodules/backtrace-rs/Cargo.toml: unused manifest key: dependencies.cpp_demangle.version
warning: /mnt/data1/nix/vendor/rust/cargo2nix/submodules/backtrace-rs/Cargo.toml: unused manifest key: dependencies.serde.version
warning: /mnt/data1/nix/vendor/rust/cargo2nix/submodules/backtrace-rs/Cargo.toml: unused manifest key: target.cfg(not(all(windows, target_env = "msvc", not(target_vendor = "uwp")))).dependencies.addr2line.version
warning: /mnt/data1/nix/vendor/rust/cargo2nix/submodules/backtrace-rs/Cargo.toml: unused manifest key: target.cfg(not(all(windows, target_env = "msvc", not(target_vendor = "uwp")))).dependencies.libc.version
warning: /mnt/data1/nix/vendor/rust/cargo2nix/submodules/backtrace-rs/Cargo.toml: unused manifest key: target.cfg(not(all(windows, target_env = "msvc", not(target_vendor = "uwp")))).dependencies.miniz_oxide.version
warning: /mnt/data1/nix/vendor/rust/cargo2nix/submodules/backtrace-rs/Cargo.toml: unused manifest key: target.cfg(not(all(windows, target_env = "msvc", not(target_vendor = "uwp")))).dependencies.ruzstd.version
warning: /mnt/data1/nix/vendor/rust/cargo2nix/submodules/nix/Cargo.toml: unused manifest key: dependencies.memoffset.version
warning: /mnt/data1/nix/vendor/rust/cargo2nix/submodules/nix/Cargo.toml: unused manifest key: dependencies.pin-utils.version
warning: /mnt/data1/nix/vendor/rust/cargo2nix/submodules/equivalent/Cargo.toml: no edition set: defaulting to the 2015 edition while the latest is 2024
warning: /mnt/data1/nix/vendor/rust/cargo2nix/submodules/pin-project-lite/Cargo.toml: unused manifest key: dev-dependencies.macrotest.branch
warning: /mnt/data1/nix/vendor/rust/cargo2nix/submodules/pin-project-lite/Cargo.toml: unused manifest key: dev-dependencies.trybuild.branch
warning: /mnt/data1/nix/vendor/rust/cargo2nix/submodules/version_check/Cargo.toml: no edition set: defaulting to the 2015 edition while the latest is 2024
warning: /mnt/data1/nix/vendor/rust/cargo2nix/submodules/git2-rs/Cargo.toml: unused manifest key: examples
warning: /mnt/data1/nix/vendor/rust/cargo2nix/submodules/arbitrary/Cargo.toml: unused manifest key: test.0.members
warning: /mnt/data1/nix/vendor/rust/cargo2nix/submodules/curl-rust/Cargo.toml: `default-features` is ignored for curl-sys, since `default-features` was not specified for `workspace.dependencies.curl-sys`, this could become a hard error in the future
warning: /mnt/data1/nix/vendor/rust/cargo2nix/submodules/fxhash/Cargo.toml: no edition set: defaulting to the 2015 edition while the latest is 2024
warning: /mnt/data1/nix/vendor/rust/cargo2nix/submodules/io-uring/Cargo.toml: unused manifest key: package.members
warning: /mnt/data1/nix/vendor/rust/cargo2nix/submodules/pasetors/Cargo.toml: unused manifest key: dependencies.sha2.serde
warning: /mnt/data1/nix/vendor/rust/cargo2nix/submodules/pasetors/Cargo.toml: unused manifest key: dependencies.sha2.serde_derive
warning: /mnt/data1/nix/vendor/rust/cargo2nix/submodules/defmac/Cargo.toml: no edition set: defaulting to the 2015 edition while the latest is 2024
warning: /mnt/data1/nix/vendor/rust/cargo2nix/submodules/colorify/Cargo.toml: no edition set: defaulting to the 2015 edition while the latest is 2024
warning: /mnt/data1/nix/vendor/rust/cargo2nix/submodules/static-assertions-rs/Cargo.toml: no edition set: defaulting to the 2015 edition while the latest is 2024
warning: /mnt/data1/nix/vendor/rust/cargo2nix/submodules/quickcheck/Cargo.toml: unused manifest key: package.members
warning: /mnt/data1/nix/vendor/rust/cargo2nix/submodules/im-rs/rc/Cargo.toml: unused manifest key: package.metadata.docs.rs
warning: /mnt/data1/nix/vendor/rust/cargo2nix/submodules/ahash/Cargo.toml: file `/mnt/data1/nix/vendor/rust/cargo2nix/submodules/ahash/tests/bench.rs` found to be present in multiple build targets:
  * `integration-test` target `bench`
  * `bench` target `ahash`
warning: /mnt/data1/nix/vendor/rust/cargo2nix/submodules/ahash/Cargo.toml: file `/mnt/data1/nix/vendor/rust/cargo2nix/submodules/ahash/tests/map_tests.rs` found to be present in multiple build targets:
  * `integration-test` target `map_tests`
  * `bench` target `map`
warning: /mnt/data1/nix/vendor/rust/cargo2nix/submodules/zstd-rs/ruzstd/Cargo.toml: `default-features` is ignored for twox-hash, since `default-features` was not specified for `workspace.dependencies.twox-hash`, this could become a hard error in the future
warning: /mnt/data1/nix/vendor/rust/cargo2nix/submodules/zstd-rs/ruzstd/Cargo.toml: unused manifest key: dependencies.fastrand.version
warning: /mnt/data1/nix/vendor/rust/cargo2nix/submodules/zstd-rs/ruzstd/Cargo.toml: unused manifest key: dependencies.twox-hash.version
warning: /mnt/data1/nix/vendor/rust/cargo2nix/submodules/zstd-rs/ruzstd/Cargo.toml: unused manifest key: dev-dependencies.rand.version
warning: /mnt/data1/nix/vendor/rust/cargo2nix/submodules/clap/clap_builder/Cargo.toml: unused manifest key: dependencies.anstream.version
warning: /mnt/data1/nix/vendor/rust/cargo2nix/submodules/clap/clap_builder/Cargo.toml: unused manifest key: dependencies.anstyle.version
warning: /mnt/data1/nix/vendor/rust/cargo2nix/submodules/clap/clap_builder/Cargo.toml: unused manifest key: dependencies.backtrace.version
warning: /mnt/data1/nix/vendor/rust/cargo2nix/submodules/clap/clap_builder/Cargo.toml: unused manifest key: dependencies.strsim.version
warning: /mnt/data1/nix/vendor/rust/cargo2nix/submodules/clap/clap_builder/Cargo.toml: unused manifest key: dependencies.terminal_size.version
warning: /mnt/data1/nix/vendor/rust/cargo2nix/submodules/clap/clap_builder/Cargo.toml: unused manifest key: dependencies.unicase.version
warning: /mnt/data1/nix/vendor/rust/cargo2nix/submodules/clap/clap_builder/Cargo.toml: unused manifest key: dependencies.unicode-width.version
warning: /mnt/data1/nix/vendor/rust/cargo2nix/submodules/clap/clap_builder/Cargo.toml: unused manifest key: dev-dependencies.snapbox.version
warning: /mnt/data1/nix/vendor/rust/cargo2nix/submodules/unicode-ident/Cargo.toml: unused manifest key: bench.0.members
warning: /mnt/data1/nix/vendor/rust/cargo2nix/submodules/assert-impl/Cargo.toml: no edition set: defaulting to the 2015 edition while the latest is 2024
warning: /mnt/data1/nix/vendor/rust/cargo2nix/submodules/rustc-demangle/Cargo.toml: no edition set: defaulting to the 2015 edition while the latest is 2024
warning: /mnt/data1/nix/vendor/rust/cargo2nix/submodules/rustc-demangle/Cargo.toml: unused manifest key: package.members
warning: /mnt/data1/nix/vendor/rust/cargo2nix/submodules/indexmap/Cargo.toml: unused manifest key: dependencies.serde.version
warning: /mnt/data1/nix/vendor/rust/cargo2nix/submodules/indexmap/Cargo.toml: unused manifest key: dependencies.serde_core.version
warning: /mnt/data1/nix/vendor/rust/cargo2nix/submodules/tokio/tokio/Cargo.toml: `default-features` is ignored for mio, since `default-features` was not specified for `workspace.dependencies.mio`, this could become a hard error in the future
warning: /mnt/data1/nix/vendor/rust/cargo2nix/submodules/tokio/tokio/Cargo.toml: `default-features` is ignored for io-uring, since `default-features` was not specified for `workspace.dependencies.io-uring`, this could become a hard error in the future
warning: /mnt/data1/nix/vendor/rust/cargo2nix/submodules/tokio/tokio/Cargo.toml: `default-features` is ignored for mio, since `default-features` was not specified for `workspace.dependencies.mio`, this could become a hard error in the future
warning: /mnt/data1/nix/vendor/rust/cargo2nix/submodules/tokio/tokio/Cargo.toml: `default-features` is ignored for tracing, since `default-features` was not specified for `workspace.dependencies.tracing`, this could become a hard error in the future
warning: /mnt/data1/nix/vendor/rust/cargo2nix/submodules/tokio/tokio/Cargo.toml: `default-features` is ignored for nix, since `default-features` was not specified for `workspace.dependencies.nix`, this could become a hard error in the future
warning: /mnt/data1/nix/vendor/rust/cargo2nix/submodules/tokio/tokio/Cargo.toml: unused manifest key: dependencies.bytes.version
warning: /mnt/data1/nix/vendor/rust/cargo2nix/submodules/tokio/tokio/Cargo.toml: unused manifest key: dependencies.mio.version
warning: /mnt/data1/nix/vendor/rust/cargo2nix/submodules/tokio/tokio/Cargo.toml: unused manifest key: dev-dependencies.futures.version
warning: /mnt/data1/nix/vendor/rust/cargo2nix/submodules/tokio/tokio/Cargo.toml: unused manifest key: dev-dependencies.tokio-stream.path
warning: /mnt/data1/nix/vendor/rust/cargo2nix/submodules/tokio/tokio/Cargo.toml: unused manifest key: dev-dependencies.tokio-stream.version
warning: /mnt/data1/nix/vendor/rust/cargo2nix/submodules/tokio/tokio/Cargo.toml: unused manifest key: dev-dependencies.tokio-test.path
warning: /mnt/data1/nix/vendor/rust/cargo2nix/submodules/tokio/tokio/Cargo.toml: unused manifest key: dev-dependencies.tokio-test.version
warning: /mnt/data1/nix/vendor/rust/cargo2nix/submodules/tokio/tokio/Cargo.toml: unused manifest key: dev-dependencies.tokio-util.path
warning: /mnt/data1/nix/vendor/rust/cargo2nix/submodules/tokio/tokio/Cargo.toml: unused manifest key: dev-dependencies.tokio-util.version
warning: /mnt/data1/nix/vendor/rust/cargo2nix/submodules/tokio/tokio/Cargo.toml: unused manifest key: target.cfg(all(tokio_unstable, target_os = "linux")).dependencies.io-uring.version
warning: /mnt/data1/nix/vendor/rust/cargo2nix/submodules/tokio/tokio/Cargo.toml: unused manifest key: target.cfg(all(tokio_unstable, target_os = "linux")).dependencies.libc.version
warning: /mnt/data1/nix/vendor/rust/cargo2nix/submodules/tokio/tokio/Cargo.toml: unused manifest key: target.cfg(all(tokio_unstable, target_os = "linux")).dependencies.mio.version
warning: /mnt/data1/nix/vendor/rust/cargo2nix/submodules/tokio/tokio/Cargo.toml: unused manifest key: target.cfg(all(tokio_unstable, target_os = "linux")).dependencies.slab.version
warning: /mnt/data1/nix/vendor/rust/cargo2nix/submodules/tokio/tokio/Cargo.toml: unused manifest key: target.cfg(not(target_family = "wasm")).dependencies.socket2.version
warning: /mnt/data1/nix/vendor/rust/cargo2nix/submodules/tokio/tokio/Cargo.toml: unused manifest key: target.cfg(tokio_unstable).dependencies.tracing.version
warning: /mnt/data1/nix/vendor/rust/cargo2nix/submodules/tokio/tokio/Cargo.toml: unused manifest key: target.cfg(unix).dependencies.libc.version
warning: /mnt/data1/nix/vendor/rust/cargo2nix/submodules/tokio/tokio/Cargo.toml: unused manifest key: target.cfg(unix).dependencies.signal-hook-registry.version
warning: /mnt/data1/nix/vendor/rust/cargo2nix/submodules/tokio/tokio/Cargo.toml: unused manifest key: target.cfg(unix).dev-dependencies.libc.version
warning: /mnt/data1/nix/vendor/rust/cargo2nix/submodules/tokio/tokio/Cargo.toml: unused manifest key: target.cfg(unix).dev-dependencies.nix.version
warning: /mnt/data1/nix/vendor/rust/cargo2nix/submodules/tokio/tokio/Cargo.toml: unused manifest key: target.cfg(windows).dependencies.windows-sys.version
warning: /mnt/data1/nix/vendor/rust/cargo2nix/submodules/tokio/tokio/Cargo.toml: unused manifest key: target.cfg(windows).dev-dependencies.windows-sys.version
warning: /mnt/data1/nix/vendor/rust/cargo2nix/submodules/petgraph/Cargo.toml: unused manifest key: dependencies.dot-parser.version
warning: /mnt/data1/nix/vendor/rust/cargo2nix/submodules/petgraph/Cargo.toml: unused manifest key: dependencies.dot-parser-macros.version
warning: /mnt/data1/nix/vendor/rust/cargo2nix/submodules/petgraph/Cargo.toml: unused manifest key: dependencies.fixedbitset.version
warning: /mnt/data1/nix/vendor/rust/cargo2nix/submodules/petgraph/Cargo.toml: unused manifest key: dependencies.hashbrown.version
warning: /mnt/data1/nix/vendor/rust/cargo2nix/submodules/petgraph/Cargo.toml: unused manifest key: dependencies.indexmap.version
warning: /mnt/data1/nix/vendor/rust/cargo2nix/submodules/petgraph/Cargo.toml: unused manifest key: dependencies.quickcheck.version
warning: /mnt/data1/nix/vendor/rust/cargo2nix/submodules/petgraph/Cargo.toml: unused manifest key: dependencies.rayon.version
warning: /mnt/data1/nix/vendor/rust/cargo2nix/submodules/petgraph/Cargo.toml: unused manifest key: dependencies.serde.version
warning: /mnt/data1/nix/vendor/rust/cargo2nix/submodules/petgraph/Cargo.toml: unused manifest key: dependencies.serde_derive.version
warning: /mnt/data1/nix/vendor/rust/cargo2nix/submodules/petgraph/Cargo.toml: unused manifest key: dev-dependencies.itertools.version
warning: /mnt/data1/nix/vendor/rust/cargo2nix/submodules/petgraph/Cargo.toml: unused manifest key: dev-dependencies.odds.version
warning: /mnt/data1/nix/vendor/rust/cargo2nix/submodules/memoffset/Cargo.toml: no edition set: defaulting to the 2015 edition while the latest is 2024
warning: /mnt/data1/nix/vendor/rust/cargo2nix/submodules/scoped-tls/Cargo.toml: no edition set: defaulting to the 2015 edition while the latest is 2024
warning: /mnt/data1/nix/vendor/rust/cargo2nix/submodules/rust-url/url/Cargo.toml: `default-features` is ignored for serde_derive, since `default-features` was not specified for `workspace.dependencies.serde_derive`, this could become a hard error in the future
warning: /mnt/data1/nix/vendor/rust/cargo2nix/submodules/static-assertions-rs/proc/Cargo.toml: no edition set: defaulting to the 2015 edition while the latest is 2024
warning: /mnt/data1/nix/vendor/rust/cargo2nix/submodules/lazy-static/Cargo.toml: no edition set: defaulting to the 2015 edition while the latest is 2024
warning: /mnt/data1/nix/vendor/rust/cargo2nix/submodules/glob/Cargo.toml: no edition set: defaulting to the 2015 edition while the latest is 2024
warning: patch for `curl` uses the features mechanism. default-features and features will not take effect because the patch dependency does not support this mechanism
warning: patch for `libc` uses the features mechanism. default-features and features will not take effect because the patch dependency does not support this mechanism
warning: Patch `measureme v0.1.0 (/mnt/data1/nix/vendor/rust/cargo2nix/submodules/measureme/measureme)` was not used in the crate graph.
Patch `tokio-core v0.1.18 (/mnt/data1/nix/vendor/rust/cargo2nix/submodules/tokio-core)` was not used in the crate graph.
Check that the patched package version and available features are compatible
with the dependency requirements. If the patch has a different version from
what is locked in the Cargo.lock file, run `cargo update` to use the new
version. This may also occur with an optional dependency that is not enabled.
{"reason":"compiler-artifact","package_id":"path+file:///mnt/data1/nix/vendor/rust/cargo2nix/submodules/proc-macro2#1.0.103","manifest_path":"/mnt/data1/nix/vendor/rust/cargo2nix/submodules/proc-macro2/Cargo.toml","target":{"kind":["custom-build"],"crate_types":["bin"],"name":"build-script-build","src_path":"/mnt/data1/nix/vendor/rust/cargo2nix/submodules/proc-macro2/build.rs","edition":"2021","doc":false,"doctest":false,"test":false},"profile":{"opt_level":"0","debuginfo":0,"debug_assertions":true,"overflow_checks":true,"test":false},"features":["default","proc-macro"],"filenames":["/mnt/data1/nix/vendor/rust/cargo2nix/target/debug/build/proc-macro2-538acd604755aa46/build-script-build"],"executable":null,"fresh":true}
{"reason":"build-script-executed","package_id":"path+file:///mnt/data1/nix/vendor/rust/cargo2nix/submodules/proc-macro2#1.0.103","linked_libs":[],"linked_paths":[],"cfgs":["wrap_proc_macro","proc_macro_span","proc_macro_span_location","proc_macro_span_file"],"env":[],"out_dir":"/mnt/data1/nix/vendor/rust/cargo2nix/target/debug/build/proc-macro2-1bc4d54aae72c556/out"}
{"reason":"compiler-artifact","package_id":"path+file:///mnt/data1/nix/vendor/rust/cargo2nix/submodules/quote#1.0.42","manifest_path":"/mnt/data1/nix/vendor/rust/cargo2nix/submodules/quote/Cargo.toml","target":{"kind":["custom-build"],"crate_types":["bin"],"name":"build-script-build","src_path":"/mnt/data1/nix/vendor/rust/cargo2nix/submodules/quote/build.rs","edition":"2018","doc":false,"doctest":false,"test":false},"profile":{"opt_level":"0","debuginfo":0,"debug_assertions":true,"overflow_checks":true,"test":false},"features":["default","proc-macro"],"filenames":["/mnt/data1/nix/vendor/rust/cargo2nix/target/debug/build/quote-3eed3cfd68603584/build-script-build"],"executable":null,"fresh":true}
{"reason":"compiler-artifact","package_id":"registry+https://github.com/rust-lang/crates.io-index#unicode-ident@1.0.22","manifest_path":"/home/mdupont/.cargo/registry/src/index.crates.io-1949cf8c6b5b557f/unicode-ident-1.0.22/Cargo.toml","target":{"kind":["lib"],"crate_types":["lib"],"name":"unicode_ident","src_path":"/home/mdupont/.cargo/registry/src/index.crates.io-1949cf8c6b5b557f/unicode-ident-1.0.22/src/lib.rs","edition":"2018","doc":true,"doctest":true,"test":true},"profile":{"opt_level":"0","debuginfo":0,"debug_assertions":true,"overflow_checks":true,"test":false},"features":[],"filenames":["/mnt/data1/nix/vendor/rust/cargo2nix/target/debug/deps/libunicode_ident-12c495887fb81e30.rlib","/mnt/data1/nix/vendor/rust/cargo2nix/target/debug/deps/libunicode_ident-12c495887fb81e30.rmeta"],"executable":null,"fresh":true}
{"reason":"build-script-executed","package_id":"path+file:///mnt/data1/nix/vendor/rust/cargo2nix/submodules/quote#1.0.42","linked_libs":[],"linked_paths":[],"cfgs":[],"env":[],"out_dir":"/mnt/data1/nix/vendor/rust/cargo2nix/target/debug/build/quote-d0c0c55ba3cc1b00/out"}
{"reason":"compiler-artifact","package_id":"path+file:///mnt/data1/nix/vendor/rust/cargo2nix/submodules/syn#2.0.110","manifest_path":"/mnt/data1/nix/vendor/rust/cargo2nix/submodules/syn/Cargo.toml","target":{"kind":["custom-build"],"crate_types":["bin"],"name":"build-script-build","src_path":"/mnt/data1/nix/vendor/rust/cargo2nix/submodules/syn/build.rs","edition":"2021","doc":false,"doctest":false,"test":false},"profile":{"opt_level":"0","debuginfo":0,"debug_assertions":true,"overflow_checks":true,"test":false},"features":["clone-impls","default","derive","extra-traits","full","parsing","printing","proc-macro","visit","visit-mut"],"filenames":["/mnt/data1/nix/vendor/rust/cargo2nix/target/debug/build/syn-08f71aa103ce0514/build-script-build"],"executable":null,"fresh":true}
{"reason":"compiler-artifact","package_id":"path+file:///mnt/data1/nix/vendor/rust/cargo2nix/submodules/atomic-maybe-uninit#0.3.12","manifest_path":"/mnt/data1/nix/vendor/rust/cargo2nix/submodules/atomic-maybe-uninit/Cargo.toml","target":{"kind":["custom-build"],"crate_types":["bin"],"name":"build-script-build","src_path":"/mnt/data1/nix/vendor/rust/cargo2nix/submodules/atomic-maybe-uninit/build.rs","edition":"2021","doc":false,"doctest":false,"test":false},"profile":{"opt_level":"0","debuginfo":0,"debug_assertions":true,"overflow_checks":true,"test":false},"features":[],"filenames":["/mnt/data1/nix/vendor/rust/cargo2nix/target/debug/build/atomic-maybe-uninit-11fb5bc119d1e6f0/build-script-build"],"executable":null,"fresh":true}
{"reason":"compiler-artifact","package_id":"path+file:///mnt/data1/nix/vendor/rust/cargo2nix/submodules/crossbeam/crossbeam-utils#0.8.21","manifest_path":"/mnt/data1/nix/vendor/rust/cargo2nix/submodules/crossbeam/crossbeam-utils/Cargo.toml","target":{"kind":["custom-build"],"crate_types":["bin"],"name":"build-script-build","src_path":"/mnt/data1/nix/vendor/rust/cargo2nix/submodules/crossbeam/crossbeam-utils/build.rs","edition":"2021","doc":false,"doctest":false,"test":false},"profile":{"opt_level":"0","debuginfo":0,"debug_assertions":true,"overflow_checks":true,"test":false},"features":["atomic","atomic-maybe-uninit","default","std"],"filenames":["/mnt/data1/nix/vendor/rust/cargo2nix/target/debug/build/crossbeam-utils-fe3b9da2a21873d5/build-script-build"],"executable":null,"fresh":true}
{"reason":"compiler-artifact","package_id":"registry+https://github.com/rust-lang/crates.io-index#libc@0.2.178","manifest_path":"/home/mdupont/.cargo/registry/src/index.crates.io-1949cf8c6b5b557f/libc-0.2.178/Cargo.toml","target":{"kind":["custom-build"],"crate_types":["bin"],"name":"build-script-build","src_path":"/home/mdupont/.cargo/registry/src/index.crates.io-1949cf8c6b5b557f/libc-0.2.178/build.rs","edition":"2021","doc":false,"doctest":false,"test":false},"profile":{"opt_level":"0","debuginfo":0,"debug_assertions":true,"overflow_checks":true,"test":false},"features":["default","std"],"filenames":["/mnt/data1/nix/vendor/rust/cargo2nix/target/debug/build/libc-437ff09f19b669dd/build-script-build"],"executable":null,"fresh":true}
{"reason":"compiler-artifact","package_id":"registry+https://github.com/rust-lang/crates.io-index#memchr@2.7.6","manifest_path":"/home/mdupont/.cargo/registry/src/index.crates.io-1949cf8c6b5b557f/memchr-2.7.6/Cargo.toml","target":{"kind":["lib"],"crate_types":["lib"],"name":"memchr","src_path":"/home/mdupont/.cargo/registry/src/index.crates.io-1949cf8c6b5b557f/memchr-2.7.6/src/lib.rs","edition":"2021","doc":true,"doctest":true,"test":true},"profile":{"opt_level":"0","debuginfo":2,"debug_assertions":true,"overflow_checks":true,"test":false},"features":["alloc","default","std"],"filenames":["/mnt/data1/nix/vendor/rust/cargo2nix/target/debug/deps/libmemchr-5860c3e5f17fe065.rlib","/mnt/data1/nix/vendor/rust/cargo2nix/target/debug/deps/libmemchr-5860c3e5f17fe065.rmeta"],"executable":null,"fresh":true}
{"reason":"compiler-artifact","package_id":"registry+https://github.com/rust-lang/crates.io-index#equivalent@1.0.2","manifest_path":"/home/mdupont/.cargo/registry/src/index.crates.io-1949cf8c6b5b557f/equivalent-1.0.2/Cargo.toml","target":{"kind":["lib"],"crate_types":["lib"],"name":"equivalent","src_path":"/home/mdupont/.cargo/registry/src/index.crates.io-1949cf8c6b5b557f/equivalent-1.0.2/src/lib.rs","edition":"2015","doc":true,"doctest":true,"test":true},"profile":{"opt_level":"0","debuginfo":2,"debug_assertions":true,"overflow_checks":true,"test":false},"features":[],"filenames":["/mnt/data1/nix/vendor/rust/cargo2nix/target/debug/deps/libequivalent-3ff77df1ac69f53a.rlib","/mnt/data1/nix/vendor/rust/cargo2nix/target/debug/deps/libequivalent-3ff77df1ac69f53a.rmeta"],"executable":null,"fresh":true}
{"reason":"compiler-artifact","package_id":"registry+https://github.com/rust-lang/crates.io-index#allocator-api2@0.2.18","manifest_path":"/home/mdupont/.cargo/registry/src/index.crates.io-1949cf8c6b5b557f/allocator-api2-0.2.18/Cargo.toml","target":{"kind":["lib"],"crate_types":["lib"],"name":"allocator_api2","src_path":"/home/mdupont/.cargo/registry/src/index.crates.io-1949cf8c6b5b557f/allocator-api2-0.2.18/src/lib.rs","edition":"2018","doc":true,"doctest":true,"test":true},"profile":{"opt_level":"0","debuginfo":2,"debug_assertions":true,"overflow_checks":true,"test":false},"features":["alloc"],"filenames":["/mnt/data1/nix/vendor/rust/cargo2nix/target/debug/deps/liballocator_api2-b3ea77bec5fe8fe9.rlib","/mnt/data1/nix/vendor/rust/cargo2nix/target/debug/deps/liballocator_api2-b3ea77bec5fe8fe9.rmeta"],"executable":null,"fresh":true}
{"reason":"compiler-artifact","package_id":"registry+https://github.com/rust-lang/crates.io-index#once_cell@1.21.3","manifest_path":"/home/mdupont/.cargo/registry/src/index.crates.io-1949cf8c6b5b557f/once_cell-1.21.3/Cargo.toml","target":{"kind":["lib"],"crate_types":["lib"],"name":"once_cell","src_path":"/home/mdupont/.cargo/registry/src/index.crates.io-1949cf8c6b5b557f/once_cell-1.21.3/src/lib.rs","edition":"2021","doc":true,"doctest":true,"test":true},"profile":{"opt_level":"0","debuginfo":2,"debug_assertions":true,"overflow_checks":true,"test":false},"features":["alloc","default","race","std"],"filenames":["/mnt/data1/nix/vendor/rust/cargo2nix/target/debug/deps/libonce_cell-6c5ecd365f058077.rlib","/mnt/data1/nix/vendor/rust/cargo2nix/target/debug/deps/libonce_cell-6c5ecd365f058077.rmeta"],"executable":null,"fresh":true}
{"reason":"compiler-artifact","package_id":"path+file:///mnt/data1/nix/vendor/rust/cargo2nix/submodules/proc-macro2#1.0.103","manifest_path":"/mnt/data1/nix/vendor/rust/cargo2nix/submodules/proc-macro2/Cargo.toml","target":{"kind":["lib"],"crate_types":["lib"],"name":"proc_macro2","src_path":"/mnt/data1/nix/vendor/rust/cargo2nix/submodules/proc-macro2/src/lib.rs","edition":"2021","doc":true,"doctest":true,"test":true},"profile":{"opt_level":"0","debuginfo":0,"debug_assertions":true,"overflow_checks":true,"test":false},"features":["default","proc-macro"],"filenames":["/mnt/data1/nix/vendor/rust/cargo2nix/target/debug/deps/libproc_macro2-b8a34a4ac2217d44.rlib","/mnt/data1/nix/vendor/rust/cargo2nix/target/debug/deps/libproc_macro2-b8a34a4ac2217d44.rmeta"],"executable":null,"fresh":true}
{"reason":"build-script-executed","package_id":"path+file:///mnt/data1/nix/vendor/rust/cargo2nix/submodules/syn#2.0.110","linked_libs":[],"linked_paths":[],"cfgs":["check_cfg"],"env":[],"out_dir":"/mnt/data1/nix/vendor/rust/cargo2nix/target/debug/build/syn-57b7672eed69344f/out"}
{"reason":"build-script-executed","package_id":"path+file:///mnt/data1/nix/vendor/rust/cargo2nix/submodules/atomic-maybe-uninit#0.3.12","linked_libs":[],"linked_paths":[],"cfgs":[],"env":[],"out_dir":"/mnt/data1/nix/vendor/rust/cargo2nix/target/debug/build/atomic-maybe-uninit-0cf1e9a97dcaf06f/out"}
{"reason":"build-script-executed","package_id":"registry+https://github.com/rust-lang/crates.io-index#libc@0.2.178","linked_libs":[],"linked_paths":[],"cfgs":["freebsd12"],"env":[],"out_dir":"/mnt/data1/nix/vendor/rust/cargo2nix/target/debug/build/libc-a543724a99056de3/out"}
{"reason":"build-script-executed","package_id":"path+file:///mnt/data1/nix/vendor/rust/cargo2nix/submodules/crossbeam/crossbeam-utils#0.8.21","linked_libs":[],"linked_paths":[],"cfgs":[],"env":[],"out_dir":"/mnt/data1/nix/vendor/rust/cargo2nix/target/debug/build/crossbeam-utils-16ea47878fb9757b/out"}
{"reason":"compiler-artifact","package_id":"path+file:///mnt/data1/nix/vendor/rust/cargo2nix/submodules/parking_lot/core#parking_lot_core@0.9.13","manifest_path":"/mnt/data1/nix/vendor/rust/cargo2nix/submodules/parking_lot/core/Cargo.toml","target":{"kind":["custom-build"],"crate_types":["bin"],"name":"build-script-build","src_path":"/mnt/data1/nix/vendor/rust/cargo2nix/submodules/parking_lot/core/build.rs","edition":"2021","doc":false,"doctest":false,"test":false},"profile":{"opt_level":"0","debuginfo":0,"debug_assertions":true,"overflow_checks":true,"test":false},"features":[],"filenames":["/mnt/data1/nix/vendor/rust/cargo2nix/target/debug/build/parking_lot_core-7635933883eff3ca/build-script-build"],"executable":null,"fresh":true}
{"reason":"compiler-artifact","package_id":"path+file:///mnt/data1/nix/vendor/rust/cargo2nix/submodules/rust-smallvec#smallvec@2.0.0-alpha.12","manifest_path":"/mnt/data1/nix/vendor/rust/cargo2nix/submodules/rust-smallvec/Cargo.toml","target":{"kind":["lib"],"crate_types":["lib"],"name":"smallvec","src_path":"/mnt/data1/nix/vendor/rust/cargo2nix/submodules/rust-smallvec/src/lib.rs","edition":"2021","doc":true,"doctest":true,"test":true},"profile":{"opt_level":"0","debuginfo":2,"debug_assertions":true,"overflow_checks":true,"test":false},"features":[],"filenames":["/mnt/data1/nix/vendor/rust/cargo2nix/target/debug/deps/libsmallvec-39da6c6240a07e62.rlib","/mnt/data1/nix/vendor/rust/cargo2nix/target/debug/deps/libsmallvec-39da6c6240a07e62.rmeta"],"executable":null,"fresh":true}
{"reason":"compiler-artifact","package_id":"path+file:///mnt/data1/nix/vendor/rust/cargo2nix/submodules/rayon/rayon-core#1.13.0","manifest_path":"/mnt/data1/nix/vendor/rust/cargo2nix/submodules/rayon/rayon-core/Cargo.toml","target":{"kind":["custom-build"],"crate_types":["bin"],"name":"build-script-build","src_path":"/mnt/data1/nix/vendor/rust/cargo2nix/submodules/rayon/rayon-core/build.rs","edition":"2024","doc":false,"doctest":false,"test":false},"profile":{"opt_level":"0","debuginfo":0,"debug_assertions":true,"overflow_checks":true,"test":false},"features":[],"filenames":["/mnt/data1/nix/vendor/rust/cargo2nix/target/debug/build/rayon-core-ee883b8bb5ce3266/build-script-build"],"executable":null,"fresh":true}
{"reason":"compiler-artifact","package_id":"path+file:///mnt/data1/nix/vendor/rust/cargo2nix/submodules/cfg-if#1.0.4","manifest_path":"/mnt/data1/nix/vendor/rust/cargo2nix/submodules/cfg-if/Cargo.toml","target":{"kind":["lib"],"crate_types":["lib"],"name":"cfg_if","src_path":"/mnt/data1/nix/vendor/rust/cargo2nix/submodules/cfg-if/src/lib.rs","edition":"2018","doc":true,"doctest":true,"test":true},"profile":{"opt_level":"0","debuginfo":2,"debug_assertions":true,"overflow_checks":true,"test":false},"features":[],"filenames":["/mnt/data1/nix/vendor/rust/cargo2nix/target/debug/deps/libcfg_if-abcd325605cd1772.rlib","/mnt/data1/nix/vendor/rust/cargo2nix/target/debug/deps/libcfg_if-abcd325605cd1772.rmeta"],"executable":null,"fresh":true}
{"reason":"compiler-artifact","package_id":"path+file:///mnt/data1/nix/vendor/rust/cargo2nix/submodules/serde/serde_core#1.0.228","manifest_path":"/mnt/data1/nix/vendor/rust/cargo2nix/submodules/serde/serde_core/Cargo.toml","target":{"kind":["custom-build"],"crate_types":["bin"],"name":"build-script-build","src_path":"/mnt/data1/nix/vendor/rust/cargo2nix/submodules/serde/serde_core/build.rs","edition":"2021","doc":false,"doctest":false,"test":false},"profile":{"opt_level":"0","debuginfo":0,"debug_assertions":true,"overflow_checks":true,"test":false},"features":["result","std"],"filenames":["/mnt/data1/nix/vendor/rust/cargo2nix/target/debug/build/serde_core-d0cd9cb7337a9bf9/build-script-build"],"executable":null,"fresh":true}
{"reason":"compiler-artifact","package_id":"registry+https://github.com/rust-lang/crates.io-index#pin-project-lite@0.2.16","manifest_path":"/home/mdupont/.cargo/registry/src/index.crates.io-1949cf8c6b5b557f/pin-project-lite-0.2.16/Cargo.toml","target":{"kind":["lib"],"crate_types":["lib"],"name":"pin_project_lite","src_path":"/home/mdupont/.cargo/registry/src/index.crates.io-1949cf8c6b5b557f/pin-project-lite-0.2.16/src/lib.rs","edition":"2018","doc":true,"doctest":true,"test":true},"profile":{"opt_level":"0","debuginfo":2,"debug_assertions":true,"overflow_checks":true,"test":false},"features":[],"filenames":["/mnt/data1/nix/vendor/rust/cargo2nix/target/debug/deps/libpin_project_lite-8ceaaa5d1655a324.rlib","/mnt/data1/nix/vendor/rust/cargo2nix/target/debug/deps/libpin_project_lite-8ceaaa5d1655a324.rmeta"],"executable":null,"fresh":true}
{"reason":"compiler-artifact","package_id":"path+file:///mnt/data1/nix/vendor/rust/cargo2nix/submodules/serde/serde_derive#1.0.228","manifest_path":"/mnt/data1/nix/vendor/rust/cargo2nix/submodules/serde/serde_derive/Cargo.toml","target":{"kind":["custom-build"],"crate_types":["bin"],"name":"build-script-build","src_path":"/mnt/data1/nix/vendor/rust/cargo2nix/submodules/serde/serde_derive/build.rs","edition":"2021","doc":false,"doctest":false,"test":false},"profile":{"opt_level":"0","debuginfo":0,"debug_assertions":true,"overflow_checks":true,"test":false},"features":["default"],"filenames":["/mnt/data1/nix/vendor/rust/cargo2nix/target/debug/build/serde_derive-506d997c95177add/build-script-build"],"executable":null,"fresh":true}
{"reason":"compiler-artifact","package_id":"registry+https://github.com/rust-lang/crates.io-index#crossbeam-utils@0.8.21","manifest_path":"/home/mdupont/.cargo/registry/src/index.crates.io-1949cf8c6b5b557f/crossbeam-utils-0.8.21/Cargo.toml","target":{"kind":["custom-build"],"crate_types":["bin"],"name":"build-script-build","src_path":"/home/mdupont/.cargo/registry/src/index.crates.io-1949cf8c6b5b557f/crossbeam-utils-0.8.21/build.rs","edition":"2021","doc":false,"doctest":false,"test":false},"profile":{"opt_level":"0","debuginfo":0,"debug_assertions":true,"overflow_checks":true,"test":false},"features":["default","std"],"filenames":["/mnt/data1/nix/vendor/rust/cargo2nix/target/debug/build/crossbeam-utils-5887ca59ff28d947/build-script-build"],"executable":null,"fresh":true}
{"reason":"compiler-artifact","package_id":"path+file:///mnt/data1/nix/vendor/rust/cargo2nix/submodules/either#1.15.0","manifest_path":"/mnt/data1/nix/vendor/rust/cargo2nix/submodules/either/Cargo.toml","target":{"kind":["lib"],"crate_types":["lib"],"name":"either","src_path":"/mnt/data1/nix/vendor/rust/cargo2nix/submodules/either/src/lib.rs","edition":"2021","doc":true,"doctest":true,"test":true},"profile":{"opt_level":"0","debuginfo":2,"debug_assertions":true,"overflow_checks":true,"test":false},"features":["default","std"],"filenames":["/mnt/data1/nix/vendor/rust/cargo2nix/target/debug/deps/libeither-74f5a3a348f61652.rlib","/mnt/data1/nix/vendor/rust/cargo2nix/target/debug/deps/libeither-74f5a3a348f61652.rmeta"],"executable":null,"fresh":true}
{"reason":"compiler-artifact","package_id":"path+file:///mnt/data1/nix/vendor/rust/cargo2nix/submodules/serde/serde#1.0.228","manifest_path":"/mnt/data1/nix/vendor/rust/cargo2nix/submodules/serde/serde/Cargo.toml","target":{"kind":["custom-build"],"crate_types":["bin"],"name":"build-script-build","src_path":"/mnt/data1/nix/vendor/rust/cargo2nix/submodules/serde/serde/build.rs","edition":"2021","doc":false,"doctest":false,"test":false},"profile":{"opt_level":"0","debuginfo":0,"debug_assertions":true,"overflow_checks":true,"test":false},"features":["default","derive","serde_derive","std"],"filenames":["/mnt/data1/nix/vendor/rust/cargo2nix/target/debug/build/serde-2e41805b6ced4e41/build-script-build"],"executable":null,"fresh":true}
{"reason":"compiler-artifact","package_id":"registry+https://github.com/rust-lang/crates.io-index#aho-corasick@1.1.4","manifest_path":"/home/mdupont/.cargo/registry/src/index.crates.io-1949cf8c6b5b557f/aho-corasick-1.1.4/Cargo.toml","target":{"kind":["lib"],"crate_types":["lib"],"name":"aho_corasick","src_path":"/home/mdupont/.cargo/registry/src/index.crates.io-1949cf8c6b5b557f/aho-corasick-1.1.4/src/lib.rs","edition":"2021","doc":true,"doctest":true,"test":true},"profile":{"opt_level":"0","debuginfo":2,"debug_assertions":true,"overflow_checks":true,"test":false},"features":["perf-literal","std"],"filenames":["/mnt/data1/nix/vendor/rust/cargo2nix/target/debug/deps/libaho_corasick-57caa7e68bdce8a0.rlib","/mnt/data1/nix/vendor/rust/cargo2nix/target/debug/deps/libaho_corasick-57caa7e68bdce8a0.rmeta"],"executable":null,"fresh":true}
{"reason":"compiler-artifact","package_id":"path+file:///mnt/data1/nix/vendor/rust/cargo2nix/submodules/tracing/tracing-core#0.1.34","manifest_path":"/mnt/data1/nix/vendor/rust/cargo2nix/submodules/tracing/tracing-core/Cargo.toml","target":{"kind":["lib"],"crate_types":["lib"],"name":"tracing_core","src_path":"/mnt/data1/nix/vendor/rust/cargo2nix/submodules/tracing/tracing-core/src/lib.rs","edition":"2018","doc":true,"doctest":true,"test":true},"profile":{"opt_level":"0","debuginfo":2,"debug_assertions":true,"overflow_checks":true,"test":false},"features":["once_cell","std"],"filenames":["/mnt/data1/nix/vendor/rust/cargo2nix/target/debug/deps/libtracing_core-e39266f541afcce3.rlib","/mnt/data1/nix/vendor/rust/cargo2nix/target/debug/deps/libtracing_core-e39266f541afcce3.rmeta"],"executable":null,"fresh":true}
{"reason":"compiler-artifact","package_id":"registry+https://github.com/rust-lang/crates.io-index#foldhash@0.2.0","manifest_path":"/home/mdupont/.cargo/registry/src/index.crates.io-1949cf8c6b5b557f/foldhash-0.2.0/Cargo.toml","target":{"kind":["lib"],"crate_types":["lib"],"name":"foldhash","src_path":"/home/mdupont/.cargo/registry/src/index.crates.io-1949cf8c6b5b557f/foldhash-0.2.0/src/lib.rs","edition":"2021","doc":true,"doctest":true,"test":true},"profile":{"opt_level":"0","debuginfo":2,"debug_assertions":true,"overflow_checks":true,"test":false},"features":[],"filenames":["/mnt/data1/nix/vendor/rust/cargo2nix/target/debug/deps/libfoldhash-6299ea0c0019980d.rlib","/mnt/data1/nix/vendor/rust/cargo2nix/target/debug/deps/libfoldhash-6299ea0c0019980d.rmeta"],"executable":null,"fresh":true}
{"reason":"compiler-artifact","package_id":"registry+https://github.com/rust-lang/crates.io-index#regex-syntax@0.8.8","manifest_path":"/home/mdupont/.cargo/registry/src/index.crates.io-1949cf8c6b5b557f/regex-syntax-0.8.8/Cargo.toml","target":{"kind":["lib"],"crate_types":["lib"],"name":"regex_syntax","src_path":"/home/mdupont/.cargo/registry/src/index.crates.io-1949cf8c6b5b557f/regex-syntax-0.8.8/src/lib.rs","edition":"2021","doc":true,"doctest":true,"test":true},"profile":{"opt_level":"0","debuginfo":2,"debug_assertions":true,"overflow_checks":true,"test":false},"features":["std"],"filenames":["/mnt/data1/nix/vendor/rust/cargo2nix/target/debug/deps/libregex_syntax-8c709eb87155f868.rlib","/mnt/data1/nix/vendor/rust/cargo2nix/target/debug/deps/libregex_syntax-8c709eb87155f868.rmeta"],"executable":null,"fresh":true}
{"reason":"compiler-artifact","package_id":"registry+https://github.com/rust-lang/crates.io-index#getrandom@0.3.4","manifest_path":"/home/mdupont/.cargo/registry/src/index.crates.io-1949cf8c6b5b557f/getrandom-0.3.4/Cargo.toml","target":{"kind":["custom-build"],"crate_types":["bin"],"name":"build-script-build","src_path":"/home/mdupont/.cargo/registry/src/index.crates.io-1949cf8c6b5b557f/getrandom-0.3.4/build.rs","edition":"2021","doc":false,"doctest":false,"test":false},"profile":{"opt_level":"0","debuginfo":0,"debug_assertions":true,"overflow_checks":true,"test":false},"features":[],"filenames":["/mnt/data1/nix/vendor/rust/cargo2nix/target/debug/build/getrandom-0054371bf7b99291/build-script-build"],"executable":null,"fresh":true}
{"reason":"compiler-artifact","package_id":"path+file:///mnt/data1/nix/vendor/rust/cargo2nix/submodules/libc#0.2.175","manifest_path":"/mnt/data1/nix/vendor/rust/cargo2nix/submodules/libc/Cargo.toml","target":{"kind":["custom-build"],"crate_types":["bin"],"name":"build-script-build","src_path":"/mnt/data1/nix/vendor/rust/cargo2nix/submodules/libc/build.rs","edition":"2021","doc":false,"doctest":false,"test":false},"profile":{"opt_level":"0","debuginfo":0,"debug_assertions":true,"overflow_checks":true,"test":false},"features":["default","extra_traits","std"],"filenames":["/mnt/data1/nix/vendor/rust/cargo2nix/target/debug/build/libc-f172682e19dc9b35/build-script-build"],"executable":null,"fresh":true}
{"reason":"compiler-artifact","package_id":"registry+https://github.com/rust-lang/crates.io-index#scopeguard@1.2.0","manifest_path":"/home/mdupont/.cargo/registry/src/index.crates.io-1949cf8c6b5b557f/scopeguard-1.2.0/Cargo.toml","target":{"kind":["lib"],"crate_types":["lib"],"name":"scopeguard","src_path":"/home/mdupont/.cargo/registry/src/index.crates.io-1949cf8c6b5b557f/scopeguard-1.2.0/src/lib.rs","edition":"2015","doc":true,"doctest":true,"test":true},"profile":{"opt_level":"0","debuginfo":2,"debug_assertions":true,"overflow_checks":true,"test":false},"features":[],"filenames":["/mnt/data1/nix/vendor/rust/cargo2nix/target/debug/deps/libscopeguard-cfa69166bd4da734.rlib","/mnt/data1/nix/vendor/rust/cargo2nix/target/debug/deps/libscopeguard-cfa69166bd4da734.rmeta"],"executable":null,"fresh":true}
{"reason":"compiler-artifact","package_id":"path+file:///mnt/data1/nix/vendor/rust/cargo2nix/submodules/equivalent#1.0.2","manifest_path":"/mnt/data1/nix/vendor/rust/cargo2nix/submodules/equivalent/Cargo.toml","target":{"kind":["lib"],"crate_types":["lib"],"name":"equivalent","src_path":"/mnt/data1/nix/vendor/rust/cargo2nix/submodules/equivalent/src/lib.rs","edition":"2015","doc":true,"doctest":true,"test":true},"profile":{"opt_level":"0","debuginfo":2,"debug_assertions":true,"overflow_checks":true,"test":false},"features":[],"filenames":["/mnt/data1/nix/vendor/rust/cargo2nix/target/debug/deps/libequivalent-1de7c324bdaa456b.rlib","/mnt/data1/nix/vendor/rust/cargo2nix/target/debug/deps/libequivalent-1de7c324bdaa456b.rmeta"],"executable":null,"fresh":true}
{"reason":"compiler-artifact","package_id":"registry+https://github.com/rust-lang/crates.io-index#either@1.13.0","manifest_path":"/home/mdupont/.cargo/registry/src/index.crates.io-1949cf8c6b5b557f/either-1.13.0/Cargo.toml","target":{"kind":["lib"],"crate_types":["lib"],"name":"either","src_path":"/home/mdupont/.cargo/registry/src/index.crates.io-1949cf8c6b5b557f/either-1.13.0/src/lib.rs","edition":"2018","doc":true,"doctest":true,"test":true},"profile":{"opt_level":"0","debuginfo":2,"debug_assertions":true,"overflow_checks":true,"test":false},"features":["use_std"],"filenames":["/mnt/data1/nix/vendor/rust/cargo2nix/target/debug/deps/libeither-856bc1b66589655b.rlib","/mnt/data1/nix/vendor/rust/cargo2nix/target/debug/deps/libeither-856bc1b66589655b.rmeta"],"executable":null,"fresh":true}
{"reason":"compiler-artifact","package_id":"path+file:///mnt/data1/nix/vendor/rust/cargo2nix/submodules/quote#1.0.42","manifest_path":"/mnt/data1/nix/vendor/rust/cargo2nix/submodules/quote/Cargo.toml","target":{"kind":["lib"],"crate_types":["lib"],"name":"quote","src_path":"/mnt/data1/nix/vendor/rust/cargo2nix/submodules/quote/src/lib.rs","edition":"2018","doc":true,"doctest":true,"test":true},"profile":{"opt_level":"0","debuginfo":0,"debug_assertions":true,"overflow_checks":true,"test":false},"features":["default","proc-macro"],"filenames":["/mnt/data1/nix/vendor/rust/cargo2nix/target/debug/deps/libquote-b130b5a8a957718a.rlib","/mnt/data1/nix/vendor/rust/cargo2nix/target/debug/deps/libquote-b130b5a8a957718a.rmeta"],"executable":null,"fresh":true}
{"reason":"compiler-message","package_id":"path+file:///mnt/data1/nix/vendor/rust/cargo2nix/submodules/atomic-maybe-uninit#0.3.12","manifest_path":"/mnt/data1/nix/vendor/rust/cargo2nix/submodules/atomic-maybe-uninit/Cargo.toml","target":{"kind":["lib"],"crate_types":["lib"],"name":"atomic_maybe_uninit","src_path":"/mnt/data1/nix/vendor/rust/cargo2nix/submodules/atomic-maybe-uninit/src/lib.rs","edition":"2021","doc":true,"doctest":true,"test":true},"message":{"rendered":"warning: unexpected `cfg` condition value: `128`\n   --> submodules/atomic-maybe-uninit/src/lib.rs:806:7\n    |\n806 | #[cfg(target_pointer_width = \"128\")]\n    |       ^^^^^^^^^^^^^^^^^^^^^^^^^^^^\n    |\n    = note: expected values for `target_pointer_width` are: `16`, `32`, and `64`\n    = help: consider using a Cargo feature instead\n    = help: or consider adding in `Cargo.toml` the `check-cfg` lint config for the lint:\n             [lints.rust]\n             unexpected_cfgs = { level = \"warn\", check-cfg = ['cfg(target_pointer_width, values(\"128\"))'] }\n    = help: or consider adding `println!(\"cargo::rustc-check-cfg=cfg(target_pointer_width, values(\\\"128\\\"))\");` to the top of the `build.rs`\n    = note: see <https://doc.rust-lang.org/nightly/rustc/check-cfg/cargo-specifics.html> for more information about checking conditional configuration\n    = note: `#[warn(unexpected_cfgs)]` on by default\n\n","$message_type":"diagnostic","children":[{"children":[],"code":null,"level":"note","message":"expected values for `target_pointer_width` are: `16`, `32`, and `64`","rendered":null,"spans":[]},{"children":[],"code":null,"level":"help","message":"consider using a Cargo feature instead","rendered":null,"spans":[]},{"children":[],"code":null,"level":"help","message":"or consider adding in `Cargo.toml` the `check-cfg` lint config for the lint:\n [lints.rust]\n unexpected_cfgs = { level = \"warn\", check-cfg = ['cfg(target_pointer_width, values(\"128\"))'] }","rendered":null,"spans":[]},{"children":[],"code":null,"level":"help","message":"or consider adding `println!(\"cargo::rustc-check-cfg=cfg(target_pointer_width, values(\\\"128\\\"))\");` to the top of the `build.rs`","rendered":null,"spans":[]},{"children":[],"code":null,"level":"note","message":"see <https://doc.rust-lang.org/nightly/rustc/check-cfg/cargo-specifics.html> for more information about checking conditional configuration","rendered":null,"spans":[]},{"children":[],"code":null,"level":"note","message":"`#[warn(unexpected_cfgs)]` on by default","rendered":null,"spans":[]}],"code":{"code":"unexpected_cfgs","explanation":null},"level":"warning","message":"unexpected `cfg` condition value: `128`","spans":[{"byte_end":34801,"byte_start":34773,"column_end":35,"column_start":7,"expansion":null,"file_name":"submodules/atomic-maybe-uninit/src/lib.rs","is_primary":true,"label":null,"line_end":806,"line_start":806,"suggested_replacement":null,"suggestion_applicability":null,"text":[{"highlight_end":35,"highlight_start":7,"text":"#[cfg(target_pointer_width = \"128\")]"}]}]}}
{"reason":"compiler-message","package_id":"path+file:///mnt/data1/nix/vendor/rust/cargo2nix/submodules/atomic-maybe-uninit#0.3.12","manifest_path":"/mnt/data1/nix/vendor/rust/cargo2nix/submodules/atomic-maybe-uninit/Cargo.toml","target":{"kind":["lib"],"crate_types":["lib"],"name":"atomic_maybe_uninit","src_path":"/mnt/data1/nix/vendor/rust/cargo2nix/submodules/atomic-maybe-uninit/src/lib.rs","edition":"2021","doc":true,"doctest":true,"test":true},"message":{"rendered":"warning: unexpected `cfg` condition name: `atomic_maybe_uninit_test_prefer_kuser_cmpxchg`\n   --> submodules/atomic-maybe-uninit/src/lib.rs:825:13\n    |\n825 |             atomic_maybe_uninit_test_prefer_kuser_cmpxchg,\n    |             ^^^^^^^^^^^^^^^^^^^^^^^^^^^^^^^^^^^^^^^^^^^^^\n    |\n    = help: expected names are: `atomic_maybe_uninit_no_asm`, `atomic_maybe_uninit_no_cmpxchg`, `atomic_maybe_uninit_no_cmpxchg8b`, `atomic_maybe_uninit_no_const_mut_refs`, `atomic_maybe_uninit_no_diagnostic_namespace`, `atomic_maybe_uninit_no_ldex_stex`, `atomic_maybe_uninit_no_strict_provenance`, `atomic_maybe_uninit_no_sync`, `atomic_maybe_uninit_pre_llvm_20`, `atomic_maybe_uninit_target_feature`, `atomic_maybe_uninit_unstable_asm_experimental_arch`, `docsrs`, `feature`, and `test` and 31 more\n    = help: consider using a Cargo feature instead\n    = help: or consider adding in `Cargo.toml` the `check-cfg` lint config for the lint:\n             [lints.rust]\n             unexpected_cfgs = { level = \"warn\", check-cfg = ['cfg(atomic_maybe_uninit_test_prefer_kuser_cmpxchg)'] }\n    = help: or consider adding `println!(\"cargo::rustc-check-cfg=cfg(atomic_maybe_uninit_test_prefer_kuser_cmpxchg)\");` to the top of the `build.rs`\n    = note: see <https://doc.rust-lang.org/nightly/rustc/check-cfg/cargo-specifics.html> for more information about checking conditional configuration\n\n","$message_type":"diagnostic","children":[{"children":[],"code":null,"level":"help","message":"expected names are: `atomic_maybe_uninit_no_asm`, `atomic_maybe_uninit_no_cmpxchg`, `atomic_maybe_uninit_no_cmpxchg8b`, `atomic_maybe_uninit_no_const_mut_refs`, `atomic_maybe_uninit_no_diagnostic_namespace`, `atomic_maybe_uninit_no_ldex_stex`, `atomic_maybe_uninit_no_strict_provenance`, `atomic_maybe_uninit_no_sync`, `atomic_maybe_uninit_pre_llvm_20`, `atomic_maybe_uninit_target_feature`, `atomic_maybe_uninit_unstable_asm_experimental_arch`, `docsrs`, `feature`, and `test` and 31 more","rendered":null,"spans":[]},{"children":[],"code":null,"level":"help","message":"consider using a Cargo feature instead","rendered":null,"spans":[]},{"children":[],"code":null,"level":"help","message":"or consider adding in `Cargo.toml` the `check-cfg` lint config for the lint:\n [lints.rust]\n unexpected_cfgs = { level = \"warn\", check-cfg = ['cfg(atomic_maybe_uninit_test_prefer_kuser_cmpxchg)'] }","rendered":null,"spans":[]},{"children":[],"code":null,"level":"help","message":"or consider adding `println!(\"cargo::rustc-check-cfg=cfg(atomic_maybe_uninit_test_prefer_kuser_cmpxchg)\");` to the top of the `build.rs`","rendered":null,"spans":[]},{"children":[],"code":null,"level":"note","message":"see <https://doc.rust-lang.org/nightly/rustc/check-cfg/cargo-specifics.html> for more information about checking conditional configuration","rendered":null,"spans":[]}],"code":{"code":"unexpected_cfgs","explanation":null},"level":"warning","message":"unexpected `cfg` condition name: `atomic_maybe_uninit_test_prefer_kuser_cmpxchg`","spans":[{"byte_end":35518,"byte_start":35473,"column_end":58,"column_start":13,"expansion":null,"file_name":"submodules/atomic-maybe-uninit/src/lib.rs","is_primary":true,"label":null,"line_end":825,"line_start":825,"suggested_replacement":null,"suggestion_applicability":null,"text":[{"highlight_end":58,"highlight_start":13,"text":"            atomic_maybe_uninit_test_prefer_kuser_cmpxchg,"}]}]}}
{"reason":"compiler-message","package_id":"path+file:///mnt/data1/nix/vendor/rust/cargo2nix/submodules/atomic-maybe-uninit#0.3.12","manifest_path":"/mnt/data1/nix/vendor/rust/cargo2nix/submodules/atomic-maybe-uninit/Cargo.toml","target":{"kind":["lib"],"crate_types":["lib"],"name":"atomic_maybe_uninit","src_path":"/mnt/data1/nix/vendor/rust/cargo2nix/submodules/atomic-maybe-uninit/src/lib.rs","edition":"2021","doc":true,"doctest":true,"test":true},"message":{"rendered":"warning: unexpected `cfg` condition name: `atomic_maybe_uninit_test_prefer_kuser_cmpxchg`\n   --> submodules/atomic-maybe-uninit/src/lib.rs:836:13\n    |\n836 |             atomic_maybe_uninit_test_prefer_kuser_cmpxchg,\n    |             ^^^^^^^^^^^^^^^^^^^^^^^^^^^^^^^^^^^^^^^^^^^^^\n    |\n    = help: consider using a Cargo feature instead\n    = help: or consider adding in `Cargo.toml` the `check-cfg` lint config for the lint:\n             [lints.rust]\n             unexpected_cfgs = { level = \"warn\", check-cfg = ['cfg(atomic_maybe_uninit_test_prefer_kuser_cmpxchg)'] }\n    = help: or consider adding `println!(\"cargo::rustc-check-cfg=cfg(atomic_maybe_uninit_test_prefer_kuser_cmpxchg)\");` to the top of the `build.rs`\n    = note: see <https://doc.rust-lang.org/nightly/rustc/check-cfg/cargo-specifics.html> for more information about checking conditional configuration\n\n","$message_type":"diagnostic","children":[{"children":[],"code":null,"level":"help","message":"consider using a Cargo feature instead","rendered":null,"spans":[]},{"children":[],"code":null,"level":"help","message":"or consider adding in `Cargo.toml` the `check-cfg` lint config for the lint:\n [lints.rust]\n unexpected_cfgs = { level = \"warn\", check-cfg = ['cfg(atomic_maybe_uninit_test_prefer_kuser_cmpxchg)'] }","rendered":null,"spans":[]},{"children":[],"code":null,"level":"help","message":"or consider adding `println!(\"cargo::rustc-check-cfg=cfg(atomic_maybe_uninit_test_prefer_kuser_cmpxchg)\");` to the top of the `build.rs`","rendered":null,"spans":[]},{"children":[],"code":null,"level":"note","message":"see <https://doc.rust-lang.org/nightly/rustc/check-cfg/cargo-specifics.html> for more information about checking conditional configuration","rendered":null,"spans":[]}],"code":{"code":"unexpected_cfgs","explanation":null},"level":"warning","message":"unexpected `cfg` condition name: `atomic_maybe_uninit_test_prefer_kuser_cmpxchg`","spans":[{"byte_end":35832,"byte_start":35787,"column_end":58,"column_start":13,"expansion":null,"file_name":"submodules/atomic-maybe-uninit/src/lib.rs","is_primary":true,"label":null,"line_end":836,"line_start":836,"suggested_replacement":null,"suggestion_applicability":null,"text":[{"highlight_end":58,"highlight_start":13,"text":"            atomic_maybe_uninit_test_prefer_kuser_cmpxchg,"}]}]}}
{"reason":"compiler-message","package_id":"path+file:///mnt/data1/nix/vendor/rust/cargo2nix/submodules/atomic-maybe-uninit#0.3.12","manifest_path":"/mnt/data1/nix/vendor/rust/cargo2nix/submodules/atomic-maybe-uninit/Cargo.toml","target":{"kind":["lib"],"crate_types":["lib"],"name":"atomic_maybe_uninit","src_path":"/mnt/data1/nix/vendor/rust/cargo2nix/submodules/atomic-maybe-uninit/src/lib.rs","edition":"2021","doc":true,"doctest":true,"test":true},"message":{"rendered":"warning: unexpected `cfg` condition value: `128`\n  --> submodules/atomic-maybe-uninit/src/gen/utils.rs:96:11\n   |\n96 |     #[cfg(target_pointer_width = \"128\")]\n   |           ^^^^^^^^^^^^^^^^^^^^^^^^^^^^\n   |\n   = note: expected values for `target_pointer_width` are: `16`, `32`, and `64`\n   = help: consider using a Cargo feature instead\n   = help: or consider adding in `Cargo.toml` the `check-cfg` lint config for the lint:\n            [lints.rust]\n            unexpected_cfgs = { level = \"warn\", check-cfg = ['cfg(target_pointer_width, values(\"128\"))'] }\n   = help: or consider adding `println!(\"cargo::rustc-check-cfg=cfg(target_pointer_width, values(\\\"128\\\"))\");` to the top of the `build.rs`\n   = note: see <https://doc.rust-lang.org/nightly/rustc/check-cfg/cargo-specifics.html> for more information about checking conditional configuration\n\n","$message_type":"diagnostic","children":[{"children":[],"code":null,"level":"note","message":"expected values for `target_pointer_width` are: `16`, `32`, and `64`","rendered":null,"spans":[]},{"children":[],"code":null,"level":"help","message":"consider using a Cargo feature instead","rendered":null,"spans":[]},{"children":[],"code":null,"level":"help","message":"or consider adding in `Cargo.toml` the `check-cfg` lint config for the lint:\n [lints.rust]\n unexpected_cfgs = { level = \"warn\", check-cfg = ['cfg(target_pointer_width, values(\"128\"))'] }","rendered":null,"spans":[]},{"children":[],"code":null,"level":"help","message":"or consider adding `println!(\"cargo::rustc-check-cfg=cfg(target_pointer_width, values(\\\"128\\\"))\");` to the top of the `build.rs`","rendered":null,"spans":[]},{"children":[],"code":null,"level":"note","message":"see <https://doc.rust-lang.org/nightly/rustc/check-cfg/cargo-specifics.html> for more information about checking conditional configuration","rendered":null,"spans":[]}],"code":{"code":"unexpected_cfgs","explanation":null},"level":"warning","message":"unexpected `cfg` condition value: `128`","spans":[{"byte_end":3683,"byte_start":3655,"column_end":39,"column_start":11,"expansion":null,"file_name":"submodules/atomic-maybe-uninit/src/gen/utils.rs","is_primary":true,"label":null,"line_end":96,"line_start":96,"suggested_replacement":null,"suggestion_applicability":null,"text":[{"highlight_end":39,"highlight_start":11,"text":"    #[cfg(target_pointer_width = \"128\")]"}]}]}}
{"reason":"compiler-message","package_id":"path+file:///mnt/data1/nix/vendor/rust/cargo2nix/submodules/atomic-maybe-uninit#0.3.12","manifest_path":"/mnt/data1/nix/vendor/rust/cargo2nix/submodules/atomic-maybe-uninit/Cargo.toml","target":{"kind":["lib"],"crate_types":["lib"],"name":"atomic_maybe_uninit","src_path":"/mnt/data1/nix/vendor/rust/cargo2nix/submodules/atomic-maybe-uninit/src/lib.rs","edition":"2021","doc":true,"doctest":true,"test":true},"message":{"rendered":"warning: unexpected `cfg` condition value: `128`\n   --> submodules/atomic-maybe-uninit/src/utils.rs:353:15\n    |\n353 |         #[cfg(target_pointer_width = \"128\")]\n    |               ^^^^^^^^^^^^^^^^^^^^^^^^^^^^\n    |\n   ::: submodules/atomic-maybe-uninit/src/arch/x86.rs:24:1\n    |\n 24 | delegate_size!(delegate_load_store);\n    | ----------------------------------- in this macro invocation\n    |\n    = note: expected values for `target_pointer_width` are: `16`, `32`, and `64`\n    = help: consider using a Cargo feature instead\n    = help: or consider adding in `Cargo.toml` the `check-cfg` lint config for the lint:\n             [lints.rust]\n             unexpected_cfgs = { level = \"warn\", check-cfg = ['cfg(target_pointer_width, values(\"128\"))'] }\n    = help: or consider adding `println!(\"cargo::rustc-check-cfg=cfg(target_pointer_width, values(\\\"128\\\"))\");` to the top of the `build.rs`\n    = note: see <https://doc.rust-lang.org/nightly/rustc/check-cfg/cargo-specifics.html> for more information about checking conditional configuration\n    = note: this warning originates in the macro `delegate_size` (in Nightly builds, run with -Z macro-backtrace for more info)\n\n","$message_type":"diagnostic","children":[{"children":[],"code":null,"level":"note","message":"expected values for `target_pointer_width` are: `16`, `32`, and `64`","rendered":null,"spans":[]},{"children":[],"code":null,"level":"help","message":"consider using a Cargo feature instead","rendered":null,"spans":[]},{"children":[],"code":null,"level":"help","message":"or consider adding in `Cargo.toml` the `check-cfg` lint config for the lint:\n [lints.rust]\n unexpected_cfgs = { level = \"warn\", check-cfg = ['cfg(target_pointer_width, values(\"128\"))'] }","rendered":null,"spans":[]},{"children":[],"code":null,"level":"help","message":"or consider adding `println!(\"cargo::rustc-check-cfg=cfg(target_pointer_width, values(\\\"128\\\"))\");` to the top of the `build.rs`","rendered":null,"spans":[]},{"children":[],"code":null,"level":"note","message":"see <https://doc.rust-lang.org/nightly/rustc/check-cfg/cargo-specifics.html> for more information about checking conditional configuration","rendered":null,"spans":[]}],"code":{"code":"unexpected_cfgs","explanation":null},"level":"warning","message":"unexpected `cfg` condition value: `128`","spans":[{"byte_end":13651,"byte_start":13623,"column_end":43,"column_start":15,"expansion":{"def_site_span":{"byte_end":13123,"byte_start":13097,"column_end":27,"column_start":1,"expansion":null,"file_name":"submodules/atomic-maybe-uninit/src/utils.rs","is_primary":false,"label":null,"line_end":339,"line_start":339,"suggested_replacement":null,"suggestion_applicability":null,"text":[{"highlight_end":27,"highlight_start":1,"text":"macro_rules! delegate_size {"}]},"macro_decl_name":"delegate_size!","span":{"byte_end":761,"byte_start":726,"column_end":36,"column_start":1,"expansion":null,"file_name":"submodules/atomic-maybe-uninit/src/arch/x86.rs","is_primary":false,"label":null,"line_end":24,"line_start":24,"suggested_replacement":null,"suggestion_applicability":null,"text":[{"highlight_end":36,"highlight_start":1,"text":"delegate_size!(delegate_load_store);"}]}},"file_name":"submodules/atomic-maybe-uninit/src/utils.rs","is_primary":true,"label":null,"line_end":353,"line_start":353,"suggested_replacement":null,"suggestion_applicability":null,"text":[{"highlight_end":43,"highlight_start":15,"text":"        #[cfg(target_pointer_width = \"128\")]"}]}]}}
{"reason":"compiler-message","package_id":"path+file:///mnt/data1/nix/vendor/rust/cargo2nix/submodules/atomic-maybe-uninit#0.3.12","manifest_path":"/mnt/data1/nix/vendor/rust/cargo2nix/submodules/atomic-maybe-uninit/Cargo.toml","target":{"kind":["lib"],"crate_types":["lib"],"name":"atomic_maybe_uninit","src_path":"/mnt/data1/nix/vendor/rust/cargo2nix/submodules/atomic-maybe-uninit/src/lib.rs","edition":"2021","doc":true,"doctest":true,"test":true},"message":{"rendered":"warning: unexpected `cfg` condition value: `128`\n   --> submodules/atomic-maybe-uninit/src/utils.rs:355:15\n    |\n355 |         #[cfg(target_pointer_width = \"128\")]\n    |               ^^^^^^^^^^^^^^^^^^^^^^^^^^^^\n    |\n   ::: submodules/atomic-maybe-uninit/src/arch/x86.rs:24:1\n    |\n 24 | delegate_size!(delegate_load_store);\n    | ----------------------------------- in this macro invocation\n    |\n    = note: expected values for `target_pointer_width` are: `16`, `32`, and `64`\n    = help: consider using a Cargo feature instead\n    = help: or consider adding in `Cargo.toml` the `check-cfg` lint config for the lint:\n             [lints.rust]\n             unexpected_cfgs = { level = \"warn\", check-cfg = ['cfg(target_pointer_width, values(\"128\"))'] }\n    = help: or consider adding `println!(\"cargo::rustc-check-cfg=cfg(target_pointer_width, values(\\\"128\\\"))\");` to the top of the `build.rs`\n    = note: see <https://doc.rust-lang.org/nightly/rustc/check-cfg/cargo-specifics.html> for more information about checking conditional configuration\n    = note: this warning originates in the macro `delegate_size` (in Nightly builds, run with -Z macro-backtrace for more info)\n\n","$message_type":"diagnostic","children":[{"children":[],"code":null,"level":"note","message":"expected values for `target_pointer_width` are: `16`, `32`, and `64`","rendered":null,"spans":[]},{"children":[],"code":null,"level":"help","message":"consider using a Cargo feature instead","rendered":null,"spans":[]},{"children":[],"code":null,"level":"help","message":"or consider adding in `Cargo.toml` the `check-cfg` lint config for the lint:\n [lints.rust]\n unexpected_cfgs = { level = \"warn\", check-cfg = ['cfg(target_pointer_width, values(\"128\"))'] }","rendered":null,"spans":[]},{"children":[],"code":null,"level":"help","message":"or consider adding `println!(\"cargo::rustc-check-cfg=cfg(target_pointer_width, values(\\\"128\\\"))\");` to the top of the `build.rs`","rendered":null,"spans":[]},{"children":[],"code":null,"level":"note","message":"see <https://doc.rust-lang.org/nightly/rustc/check-cfg/cargo-specifics.html> for more information about checking conditional configuration","rendered":null,"spans":[]}],"code":{"code":"unexpected_cfgs","explanation":null},"level":"warning","message":"unexpected `cfg` condition value: `128`","spans":[{"byte_end":13729,"byte_start":13701,"column_end":43,"column_start":15,"expansion":{"def_site_span":{"byte_end":13123,"byte_start":13097,"column_end":27,"column_start":1,"expansion":null,"file_name":"submodules/atomic-maybe-uninit/src/utils.rs","is_primary":false,"label":null,"line_end":339,"line_start":339,"suggested_replacement":null,"suggestion_applicability":null,"text":[{"highlight_end":27,"highlight_start":1,"text":"macro_rules! delegate_size {"}]},"macro_decl_name":"delegate_size!","span":{"byte_end":761,"byte_start":726,"column_end":36,"column_start":1,"expansion":null,"file_name":"submodules/atomic-maybe-uninit/src/arch/x86.rs","is_primary":false,"label":null,"line_end":24,"line_start":24,"suggested_replacement":null,"suggestion_applicability":null,"text":[{"highlight_end":36,"highlight_start":1,"text":"delegate_size!(delegate_load_store);"}]}},"file_name":"submodules/atomic-maybe-uninit/src/utils.rs","is_primary":true,"label":null,"line_end":355,"line_start":355,"suggested_replacement":null,"suggestion_applicability":null,"text":[{"highlight_end":43,"highlight_start":15,"text":"        #[cfg(target_pointer_width = \"128\")]"}]}]}}
{"reason":"compiler-message","package_id":"path+file:///mnt/data1/nix/vendor/rust/cargo2nix/submodules/atomic-maybe-uninit#0.3.12","manifest_path":"/mnt/data1/nix/vendor/rust/cargo2nix/submodules/atomic-maybe-uninit/Cargo.toml","target":{"kind":["lib"],"crate_types":["lib"],"name":"atomic_maybe_uninit","src_path":"/mnt/data1/nix/vendor/rust/cargo2nix/submodules/atomic-maybe-uninit/src/lib.rs","edition":"2021","doc":true,"doctest":true,"test":true},"message":{"rendered":"warning: unexpected `cfg` condition value: `128`\n   --> submodules/atomic-maybe-uninit/src/utils.rs:353:15\n    |\n353 |         #[cfg(target_pointer_width = \"128\")]\n    |               ^^^^^^^^^^^^^^^^^^^^^^^^^^^^\n    |\n   ::: submodules/atomic-maybe-uninit/src/arch/x86.rs:25:1\n    |\n 25 | delegate_size!(delegate_swap);\n    | ----------------------------- in this macro invocation\n    |\n    = note: expected values for `target_pointer_width` are: `16`, `32`, and `64`\n    = help: consider using a Cargo feature instead\n    = help: or consider adding in `Cargo.toml` the `check-cfg` lint config for the lint:\n             [lints.rust]\n             unexpected_cfgs = { level = \"warn\", check-cfg = ['cfg(target_pointer_width, values(\"128\"))'] }\n    = help: or consider adding `println!(\"cargo::rustc-check-cfg=cfg(target_pointer_width, values(\\\"128\\\"))\");` to the top of the `build.rs`\n    = note: see <https://doc.rust-lang.org/nightly/rustc/check-cfg/cargo-specifics.html> for more information about checking conditional configuration\n    = note: this warning originates in the macro `delegate_size` (in Nightly builds, run with -Z macro-backtrace for more info)\n\n","$message_type":"diagnostic","children":[{"children":[],"code":null,"level":"note","message":"expected values for `target_pointer_width` are: `16`, `32`, and `64`","rendered":null,"spans":[]},{"children":[],"code":null,"level":"help","message":"consider using a Cargo feature instead","rendered":null,"spans":[]},{"children":[],"code":null,"level":"help","message":"or consider adding in `Cargo.toml` the `check-cfg` lint config for the lint:\n [lints.rust]\n unexpected_cfgs = { level = \"warn\", check-cfg = ['cfg(target_pointer_width, values(\"128\"))'] }","rendered":null,"spans":[]},{"children":[],"code":null,"level":"help","message":"or consider adding `println!(\"cargo::rustc-check-cfg=cfg(target_pointer_width, values(\\\"128\\\"))\");` to the top of the `build.rs`","rendered":null,"spans":[]},{"children":[],"code":null,"level":"note","message":"see <https://doc.rust-lang.org/nightly/rustc/check-cfg/cargo-specifics.html> for more information about checking conditional configuration","rendered":null,"spans":[]}],"code":{"code":"unexpected_cfgs","explanation":null},"level":"warning","message":"unexpected `cfg` condition value: `128`","spans":[{"byte_end":13651,"byte_start":13623,"column_end":43,"column_start":15,"expansion":{"def_site_span":{"byte_end":13123,"byte_start":13097,"column_end":27,"column_start":1,"expansion":null,"file_name":"submodules/atomic-maybe-uninit/src/utils.rs","is_primary":false,"label":null,"line_end":339,"line_start":339,"suggested_replacement":null,"suggestion_applicability":null,"text":[{"highlight_end":27,"highlight_start":1,"text":"macro_rules! delegate_size {"}]},"macro_decl_name":"delegate_size!","span":{"byte_end":792,"byte_start":763,"column_end":30,"column_start":1,"expansion":null,"file_name":"submodules/atomic-maybe-uninit/src/arch/x86.rs","is_primary":false,"label":null,"line_end":25,"line_start":25,"suggested_replacement":null,"suggestion_applicability":null,"text":[{"highlight_end":30,"highlight_start":1,"text":"delegate_size!(delegate_swap);"}]}},"file_name":"submodules/atomic-maybe-uninit/src/utils.rs","is_primary":true,"label":null,"line_end":353,"line_start":353,"suggested_replacement":null,"suggestion_applicability":null,"text":[{"highlight_end":43,"highlight_start":15,"text":"        #[cfg(target_pointer_width = \"128\")]"}]}]}}
{"reason":"compiler-message","package_id":"path+file:///mnt/data1/nix/vendor/rust/cargo2nix/submodules/atomic-maybe-uninit#0.3.12","manifest_path":"/mnt/data1/nix/vendor/rust/cargo2nix/submodules/atomic-maybe-uninit/Cargo.toml","target":{"kind":["lib"],"crate_types":["lib"],"name":"atomic_maybe_uninit","src_path":"/mnt/data1/nix/vendor/rust/cargo2nix/submodules/atomic-maybe-uninit/src/lib.rs","edition":"2021","doc":true,"doctest":true,"test":true},"message":{"rendered":"warning: unexpected `cfg` condition value: `128`\n   --> submodules/atomic-maybe-uninit/src/utils.rs:355:15\n    |\n355 |         #[cfg(target_pointer_width = \"128\")]\n    |               ^^^^^^^^^^^^^^^^^^^^^^^^^^^^\n    |\n   ::: submodules/atomic-maybe-uninit/src/arch/x86.rs:25:1\n    |\n 25 | delegate_size!(delegate_swap);\n    | ----------------------------- in this macro invocation\n    |\n    = note: expected values for `target_pointer_width` are: `16`, `32`, and `64`\n    = help: consider using a Cargo feature instead\n    = help: or consider adding in `Cargo.toml` the `check-cfg` lint config for the lint:\n             [lints.rust]\n             unexpected_cfgs = { level = \"warn\", check-cfg = ['cfg(target_pointer_width, values(\"128\"))'] }\n    = help: or consider adding `println!(\"cargo::rustc-check-cfg=cfg(target_pointer_width, values(\\\"128\\\"))\");` to the top of the `build.rs`\n    = note: see <https://doc.rust-lang.org/nightly/rustc/check-cfg/cargo-specifics.html> for more information about checking conditional configuration\n    = note: this warning originates in the macro `delegate_size` (in Nightly builds, run with -Z macro-backtrace for more info)\n\n","$message_type":"diagnostic","children":[{"children":[],"code":null,"level":"note","message":"expected values for `target_pointer_width` are: `16`, `32`, and `64`","rendered":null,"spans":[]},{"children":[],"code":null,"level":"help","message":"consider using a Cargo feature instead","rendered":null,"spans":[]},{"children":[],"code":null,"level":"help","message":"or consider adding in `Cargo.toml` the `check-cfg` lint config for the lint:\n [lints.rust]\n unexpected_cfgs = { level = \"warn\", check-cfg = ['cfg(target_pointer_width, values(\"128\"))'] }","rendered":null,"spans":[]},{"children":[],"code":null,"level":"help","message":"or consider adding `println!(\"cargo::rustc-check-cfg=cfg(target_pointer_width, values(\\\"128\\\"))\");` to the top of the `build.rs`","rendered":null,"spans":[]},{"children":[],"code":null,"level":"note","message":"see <https://doc.rust-lang.org/nightly/rustc/check-cfg/cargo-specifics.html> for more information about checking conditional configuration","rendered":null,"spans":[]}],"code":{"code":"unexpected_cfgs","explanation":null},"level":"warning","message":"unexpected `cfg` condition value: `128`","spans":[{"byte_end":13729,"byte_start":13701,"column_end":43,"column_start":15,"expansion":{"def_site_span":{"byte_end":13123,"byte_start":13097,"column_end":27,"column_start":1,"expansion":null,"file_name":"submodules/atomic-maybe-uninit/src/utils.rs","is_primary":false,"label":null,"line_end":339,"line_start":339,"suggested_replacement":null,"suggestion_applicability":null,"text":[{"highlight_end":27,"highlight_start":1,"text":"macro_rules! delegate_size {"}]},"macro_decl_name":"delegate_size!","span":{"byte_end":792,"byte_start":763,"column_end":30,"column_start":1,"expansion":null,"file_name":"submodules/atomic-maybe-uninit/src/arch/x86.rs","is_primary":false,"label":null,"line_end":25,"line_start":25,"suggested_replacement":null,"suggestion_applicability":null,"text":[{"highlight_end":30,"highlight_start":1,"text":"delegate_size!(delegate_swap);"}]}},"file_name":"submodules/atomic-maybe-uninit/src/utils.rs","is_primary":true,"label":null,"line_end":355,"line_start":355,"suggested_replacement":null,"suggestion_applicability":null,"text":[{"highlight_end":43,"highlight_start":15,"text":"        #[cfg(target_pointer_width = \"128\")]"}]}]}}
{"reason":"compiler-message","package_id":"path+file:///mnt/data1/nix/vendor/rust/cargo2nix/submodules/atomic-maybe-uninit#0.3.12","manifest_path":"/mnt/data1/nix/vendor/rust/cargo2nix/submodules/atomic-maybe-uninit/Cargo.toml","target":{"kind":["lib"],"crate_types":["lib"],"name":"atomic_maybe_uninit","src_path":"/mnt/data1/nix/vendor/rust/cargo2nix/submodules/atomic-maybe-uninit/src/lib.rs","edition":"2021","doc":true,"doctest":true,"test":true},"message":{"rendered":"warning: unexpected `cfg` condition value: `128`\n   --> submodules/atomic-maybe-uninit/src/utils.rs:353:15\n    |\n353 |         #[cfg(target_pointer_width = \"128\")]\n    |               ^^^^^^^^^^^^^^^^^^^^^^^^^^^^\n    |\n   ::: submodules/atomic-maybe-uninit/src/arch/x86.rs:27:1\n    |\n 27 | delegate_size!(delegate_cas);\n    | ---------------------------- in this macro invocation\n    |\n    = note: expected values for `target_pointer_width` are: `16`, `32`, and `64`\n    = help: consider using a Cargo feature instead\n    = help: or consider adding in `Cargo.toml` the `check-cfg` lint config for the lint:\n             [lints.rust]\n             unexpected_cfgs = { level = \"warn\", check-cfg = ['cfg(target_pointer_width, values(\"128\"))'] }\n    = help: or consider adding `println!(\"cargo::rustc-check-cfg=cfg(target_pointer_width, values(\\\"128\\\"))\");` to the top of the `build.rs`\n    = note: see <https://doc.rust-lang.org/nightly/rustc/check-cfg/cargo-specifics.html> for more information about checking conditional configuration\n    = note: this warning originates in the macro `delegate_size` (in Nightly builds, run with -Z macro-backtrace for more info)\n\n","$message_type":"diagnostic","children":[{"children":[],"code":null,"level":"note","message":"expected values for `target_pointer_width` are: `16`, `32`, and `64`","rendered":null,"spans":[]},{"children":[],"code":null,"level":"help","message":"consider using a Cargo feature instead","rendered":null,"spans":[]},{"children":[],"code":null,"level":"help","message":"or consider adding in `Cargo.toml` the `check-cfg` lint config for the lint:\n [lints.rust]\n unexpected_cfgs = { level = \"warn\", check-cfg = ['cfg(target_pointer_width, values(\"128\"))'] }","rendered":null,"spans":[]},{"children":[],"code":null,"level":"help","message":"or consider adding `println!(\"cargo::rustc-check-cfg=cfg(target_pointer_width, values(\\\"128\\\"))\");` to the top of the `build.rs`","rendered":null,"spans":[]},{"children":[],"code":null,"level":"note","message":"see <https://doc.rust-lang.org/nightly/rustc/check-cfg/cargo-specifics.html> for more information about checking conditional configuration","rendered":null,"spans":[]}],"code":{"code":"unexpected_cfgs","explanation":null},"level":"warning","message":"unexpected `cfg` condition value: `128`","spans":[{"byte_end":13651,"byte_start":13623,"column_end":43,"column_start":15,"expansion":{"def_site_span":{"byte_end":13123,"byte_start":13097,"column_end":27,"column_start":1,"expansion":null,"file_name":"submodules/atomic-maybe-uninit/src/utils.rs","is_primary":false,"label":null,"line_end":339,"line_start":339,"suggested_replacement":null,"suggestion_applicability":null,"text":[{"highlight_end":27,"highlight_start":1,"text":"macro_rules! delegate_size {"}]},"macro_decl_name":"delegate_size!","span":{"byte_end":892,"byte_start":864,"column_end":29,"column_start":1,"expansion":null,"file_name":"submodules/atomic-maybe-uninit/src/arch/x86.rs","is_primary":false,"label":null,"line_end":27,"line_start":27,"suggested_replacement":null,"suggestion_applicability":null,"text":[{"highlight_end":29,"highlight_start":1,"text":"delegate_size!(delegate_cas);"}]}},"file_name":"submodules/atomic-maybe-uninit/src/utils.rs","is_primary":true,"label":null,"line_end":353,"line_start":353,"suggested_replacement":null,"suggestion_applicability":null,"text":[{"highlight_end":43,"highlight_start":15,"text":"        #[cfg(target_pointer_width = \"128\")]"}]}]}}
{"reason":"compiler-message","package_id":"path+file:///mnt/data1/nix/vendor/rust/cargo2nix/submodules/atomic-maybe-uninit#0.3.12","manifest_path":"/mnt/data1/nix/vendor/rust/cargo2nix/submodules/atomic-maybe-uninit/Cargo.toml","target":{"kind":["lib"],"crate_types":["lib"],"name":"atomic_maybe_uninit","src_path":"/mnt/data1/nix/vendor/rust/cargo2nix/submodules/atomic-maybe-uninit/src/lib.rs","edition":"2021","doc":true,"doctest":true,"test":true},"message":{"rendered":"warning: unexpected `cfg` condition value: `128`\n   --> submodules/atomic-maybe-uninit/src/utils.rs:355:15\n    |\n355 |         #[cfg(target_pointer_width = \"128\")]\n    |               ^^^^^^^^^^^^^^^^^^^^^^^^^^^^\n    |\n   ::: submodules/atomic-maybe-uninit/src/arch/x86.rs:27:1\n    |\n 27 | delegate_size!(delegate_cas);\n    | ---------------------------- in this macro invocation\n    |\n    = note: expected values for `target_pointer_width` are: `16`, `32`, and `64`\n    = help: consider using a Cargo feature instead\n    = help: or consider adding in `Cargo.toml` the `check-cfg` lint config for the lint:\n             [lints.rust]\n             unexpected_cfgs = { level = \"warn\", check-cfg = ['cfg(target_pointer_width, values(\"128\"))'] }\n    = help: or consider adding `println!(\"cargo::rustc-check-cfg=cfg(target_pointer_width, values(\\\"128\\\"))\");` to the top of the `build.rs`\n    = note: see <https://doc.rust-lang.org/nightly/rustc/check-cfg/cargo-specifics.html> for more information about checking conditional configuration\n    = note: this warning originates in the macro `delegate_size` (in Nightly builds, run with -Z macro-backtrace for more info)\n\n","$message_type":"diagnostic","children":[{"children":[],"code":null,"level":"note","message":"expected values for `target_pointer_width` are: `16`, `32`, and `64`","rendered":null,"spans":[]},{"children":[],"code":null,"level":"help","message":"consider using a Cargo feature instead","rendered":null,"spans":[]},{"children":[],"code":null,"level":"help","message":"or consider adding in `Cargo.toml` the `check-cfg` lint config for the lint:\n [lints.rust]\n unexpected_cfgs = { level = \"warn\", check-cfg = ['cfg(target_pointer_width, values(\"128\"))'] }","rendered":null,"spans":[]},{"children":[],"code":null,"level":"help","message":"or consider adding `println!(\"cargo::rustc-check-cfg=cfg(target_pointer_width, values(\\\"128\\\"))\");` to the top of the `build.rs`","rendered":null,"spans":[]},{"children":[],"code":null,"level":"note","message":"see <https://doc.rust-lang.org/nightly/rustc/check-cfg/cargo-specifics.html> for more information about checking conditional configuration","rendered":null,"spans":[]}],"code":{"code":"unexpected_cfgs","explanation":null},"level":"warning","message":"unexpected `cfg` condition value: `128`","spans":[{"byte_end":13729,"byte_start":13701,"column_end":43,"column_start":15,"expansion":{"def_site_span":{"byte_end":13123,"byte_start":13097,"column_end":27,"column_start":1,"expansion":null,"file_name":"submodules/atomic-maybe-uninit/src/utils.rs","is_primary":false,"label":null,"line_end":339,"line_start":339,"suggested_replacement":null,"suggestion_applicability":null,"text":[{"highlight_end":27,"highlight_start":1,"text":"macro_rules! delegate_size {"}]},"macro_decl_name":"delegate_size!","span":{"byte_end":892,"byte_start":864,"column_end":29,"column_start":1,"expansion":null,"file_name":"submodules/atomic-maybe-uninit/src/arch/x86.rs","is_primary":false,"label":null,"line_end":27,"line_start":27,"suggested_replacement":null,"suggestion_applicability":null,"text":[{"highlight_end":29,"highlight_start":1,"text":"delegate_size!(delegate_cas);"}]}},"file_name":"submodules/atomic-maybe-uninit/src/utils.rs","is_primary":true,"label":null,"line_end":355,"line_start":355,"suggested_replacement":null,"suggestion_applicability":null,"text":[{"highlight_end":43,"highlight_start":15,"text":"        #[cfg(target_pointer_width = \"128\")]"}]}]}}
{"reason":"compiler-message","package_id":"path+file:///mnt/data1/nix/vendor/rust/cargo2nix/submodules/atomic-maybe-uninit#0.3.12","manifest_path":"/mnt/data1/nix/vendor/rust/cargo2nix/submodules/atomic-maybe-uninit/Cargo.toml","target":{"kind":["lib"],"crate_types":["lib"],"name":"atomic_maybe_uninit","src_path":"/mnt/data1/nix/vendor/rust/cargo2nix/submodules/atomic-maybe-uninit/src/lib.rs","edition":"2021","doc":true,"doctest":true,"test":true},"message":{"rendered":"warning: unexpected `cfg` condition value: `128`\n   --> submodules/atomic-maybe-uninit/src/lib.rs:973:11\n    |\n973 |     #[cfg(target_pointer_width = \"128\")]\n    |           ^^^^^^^^^^^^^^^^^^^^^^^^^^^^\n    |\n    = note: expected values for `target_pointer_width` are: `16`, `32`, and `64`\n    = help: consider using a Cargo feature instead\n    = help: or consider adding in `Cargo.toml` the `check-cfg` lint config for the lint:\n             [lints.rust]\n             unexpected_cfgs = { level = \"warn\", check-cfg = ['cfg(target_pointer_width, values(\"128\"))'] }\n    = help: or consider adding `println!(\"cargo::rustc-check-cfg=cfg(target_pointer_width, values(\\\"128\\\"))\");` to the top of the `build.rs`\n    = note: see <https://doc.rust-lang.org/nightly/rustc/check-cfg/cargo-specifics.html> for more information about checking conditional configuration\n\n","$message_type":"diagnostic","children":[{"children":[],"code":null,"level":"note","message":"expected values for `target_pointer_width` are: `16`, `32`, and `64`","rendered":null,"spans":[]},{"children":[],"code":null,"level":"help","message":"consider using a Cargo feature instead","rendered":null,"spans":[]},{"children":[],"code":null,"level":"help","message":"or consider adding in `Cargo.toml` the `check-cfg` lint config for the lint:\n [lints.rust]\n unexpected_cfgs = { level = \"warn\", check-cfg = ['cfg(target_pointer_width, values(\"128\"))'] }","rendered":null,"spans":[]},{"children":[],"code":null,"level":"help","message":"or consider adding `println!(\"cargo::rustc-check-cfg=cfg(target_pointer_width, values(\\\"128\\\"))\");` to the top of the `build.rs`","rendered":null,"spans":[]},{"children":[],"code":null,"level":"note","message":"see <https://doc.rust-lang.org/nightly/rustc/check-cfg/cargo-specifics.html> for more information about checking conditional configuration","rendered":null,"spans":[]}],"code":{"code":"unexpected_cfgs","explanation":null},"level":"warning","message":"unexpected `cfg` condition value: `128`","spans":[{"byte_end":40570,"byte_start":40542,"column_end":39,"column_start":11,"expansion":null,"file_name":"submodules/atomic-maybe-uninit/src/lib.rs","is_primary":true,"label":null,"line_end":973,"line_start":973,"suggested_replacement":null,"suggestion_applicability":null,"text":[{"highlight_end":39,"highlight_start":11,"text":"    #[cfg(target_pointer_width = \"128\")]"}]}]}}
{"reason":"compiler-artifact","package_id":"path+file:///mnt/data1/nix/vendor/rust/cargo2nix/submodules/atomic-maybe-uninit#0.3.12","manifest_path":"/mnt/data1/nix/vendor/rust/cargo2nix/submodules/atomic-maybe-uninit/Cargo.toml","target":{"kind":["lib"],"crate_types":["lib"],"name":"atomic_maybe_uninit","src_path":"/mnt/data1/nix/vendor/rust/cargo2nix/submodules/atomic-maybe-uninit/src/lib.rs","edition":"2021","doc":true,"doctest":true,"test":true},"profile":{"opt_level":"0","debuginfo":2,"debug_assertions":true,"overflow_checks":true,"test":false},"features":[],"filenames":["/mnt/data1/nix/vendor/rust/cargo2nix/target/debug/deps/libatomic_maybe_uninit-b6ea3b788b0244fc.rlib","/mnt/data1/nix/vendor/rust/cargo2nix/target/debug/deps/libatomic_maybe_uninit-b6ea3b788b0244fc.rmeta"],"executable":null,"fresh":true}
{"reason":"compiler-artifact","package_id":"registry+https://github.com/rust-lang/crates.io-index#libc@0.2.178","manifest_path":"/home/mdupont/.cargo/registry/src/index.crates.io-1949cf8c6b5b557f/libc-0.2.178/Cargo.toml","target":{"kind":["lib"],"crate_types":["lib"],"name":"libc","src_path":"/home/mdupont/.cargo/registry/src/index.crates.io-1949cf8c6b5b557f/libc-0.2.178/src/lib.rs","edition":"2021","doc":true,"doctest":true,"test":true},"profile":{"opt_level":"0","debuginfo":2,"debug_assertions":true,"overflow_checks":true,"test":false},"features":["default","std"],"filenames":["/mnt/data1/nix/vendor/rust/cargo2nix/target/debug/deps/liblibc-c4ebd88dbcc0a736.rlib","/mnt/data1/nix/vendor/rust/cargo2nix/target/debug/deps/liblibc-c4ebd88dbcc0a736.rmeta"],"executable":null,"fresh":true}
{"reason":"build-script-executed","package_id":"path+file:///mnt/data1/nix/vendor/rust/cargo2nix/submodules/parking_lot/core#parking_lot_core@0.9.13","linked_libs":[],"linked_paths":[],"cfgs":[],"env":[],"out_dir":"/mnt/data1/nix/vendor/rust/cargo2nix/target/debug/build/parking_lot_core-fe234f826ed00202/out"}
{"reason":"build-script-executed","package_id":"path+file:///mnt/data1/nix/vendor/rust/cargo2nix/submodules/rayon/rayon-core#1.13.0","linked_libs":[],"linked_paths":[],"cfgs":[],"env":[],"out_dir":"/mnt/data1/nix/vendor/rust/cargo2nix/target/debug/build/rayon-core-be6a979d0505e223/out"}
{"reason":"build-script-executed","package_id":"path+file:///mnt/data1/nix/vendor/rust/cargo2nix/submodules/serde/serde_derive#1.0.228","linked_libs":[],"linked_paths":[],"cfgs":["check_cfg"],"env":[],"out_dir":"/mnt/data1/nix/vendor/rust/cargo2nix/target/debug/build/serde_derive-083a43c072f62b59/out"}
{"reason":"build-script-executed","package_id":"registry+https://github.com/rust-lang/crates.io-index#crossbeam-utils@0.8.21","linked_libs":[],"linked_paths":[],"cfgs":[],"env":[],"out_dir":"/mnt/data1/nix/vendor/rust/cargo2nix/target/debug/build/crossbeam-utils-124310733090f593/out"}
{"reason":"build-script-executed","package_id":"path+file:///mnt/data1/nix/vendor/rust/cargo2nix/submodules/serde/serde_core#1.0.228","linked_libs":[],"linked_paths":[],"cfgs":[],"env":[],"out_dir":"/mnt/data1/nix/vendor/rust/cargo2nix/target/debug/build/serde_core-8b8f8d4977ceedda/out"}
{"reason":"build-script-executed","package_id":"path+file:///mnt/data1/nix/vendor/rust/cargo2nix/submodules/serde/serde#1.0.228","linked_libs":[],"linked_paths":[],"cfgs":["if_docsrs_then_no_serde_core"],"env":[],"out_dir":"/mnt/data1/nix/vendor/rust/cargo2nix/target/debug/build/serde-444a1c57a5ae911a/out"}
{"reason":"compiler-artifact","package_id":"path+file:///mnt/data1/nix/vendor/rust/cargo2nix/submodules/parking_lot/lock_api#0.4.14","manifest_path":"/mnt/data1/nix/vendor/rust/cargo2nix/submodules/parking_lot/lock_api/Cargo.toml","target":{"kind":["lib"],"crate_types":["lib"],"name":"lock_api","src_path":"/mnt/data1/nix/vendor/rust/cargo2nix/submodules/parking_lot/lock_api/src/lib.rs","edition":"2021","doc":true,"doctest":true,"test":true},"profile":{"opt_level":"0","debuginfo":2,"debug_assertions":true,"overflow_checks":true,"test":false},"features":["atomic_usize","default"],"filenames":["/mnt/data1/nix/vendor/rust/cargo2nix/target/debug/deps/liblock_api-8a591569431bd593.rlib","/mnt/data1/nix/vendor/rust/cargo2nix/target/debug/deps/liblock_api-8a591569431bd593.rmeta"],"executable":null,"fresh":true}
{"reason":"compiler-artifact","package_id":"registry+https://github.com/rust-lang/crates.io-index#regex-automata@0.4.13","manifest_path":"/home/mdupont/.cargo/registry/src/index.crates.io-1949cf8c6b5b557f/regex-automata-0.4.13/Cargo.toml","target":{"kind":["lib"],"crate_types":["lib"],"name":"regex_automata","src_path":"/home/mdupont/.cargo/registry/src/index.crates.io-1949cf8c6b5b557f/regex-automata-0.4.13/src/lib.rs","edition":"2021","doc":true,"doctest":true,"test":true},"profile":{"opt_level":"0","debuginfo":2,"debug_assertions":true,"overflow_checks":true,"test":false},"features":["alloc","dfa-onepass","hybrid","meta","nfa-backtrack","nfa-pikevm","nfa-thompson","perf-inline","perf-literal","perf-literal-multisubstring","perf-literal-substring","std","syntax"],"filenames":["/mnt/data1/nix/vendor/rust/cargo2nix/target/debug/deps/libregex_automata-f3d24dd8bb0dca79.rlib","/mnt/data1/nix/vendor/rust/cargo2nix/target/debug/deps/libregex_automata-f3d24dd8bb0dca79.rmeta"],"executable":null,"fresh":true}
{"reason":"build-script-executed","package_id":"path+file:///mnt/data1/nix/vendor/rust/cargo2nix/submodules/libc#0.2.175","linked_libs":[],"linked_paths":[],"cfgs":["freebsd11","libc_const_extern_fn"],"env":[],"out_dir":"/mnt/data1/nix/vendor/rust/cargo2nix/target/debug/build/libc-13d7fa6760ecb9e6/out"}
{"reason":"build-script-executed","package_id":"registry+https://github.com/rust-lang/crates.io-index#getrandom@0.3.4","linked_libs":[],"linked_paths":[],"cfgs":[],"env":[],"out_dir":"/mnt/data1/nix/vendor/rust/cargo2nix/target/debug/build/getrandom-3bb03a3df2befad3/out"}
{"reason":"compiler-artifact","package_id":"path+file:///mnt/data1/nix/vendor/rust/cargo2nix/submodules/arbitrary#1.4.2","manifest_path":"/mnt/data1/nix/vendor/rust/cargo2nix/submodules/arbitrary/Cargo.toml","target":{"kind":["lib"],"crate_types":["lib"],"name":"arbitrary","src_path":"/mnt/data1/nix/vendor/rust/cargo2nix/submodules/arbitrary/src/lib.rs","edition":"2021","doc":true,"doctest":true,"test":true},"profile":{"opt_level":"0","debuginfo":2,"debug_assertions":true,"overflow_checks":true,"test":false},"features":[],"filenames":["/mnt/data1/nix/vendor/rust/cargo2nix/target/debug/deps/libarbitrary-d2736f9f79c62309.rlib","/mnt/data1/nix/vendor/rust/cargo2nix/target/debug/deps/libarbitrary-d2736f9f79c62309.rmeta"],"executable":null,"fresh":true}
{"reason":"compiler-artifact","package_id":"registry+https://github.com/rust-lang/crates.io-index#cfg-if@1.0.4","manifest_path":"/home/mdupont/.cargo/registry/src/index.crates.io-1949cf8c6b5b557f/cfg-if-1.0.4/Cargo.toml","target":{"kind":["lib"],"crate_types":["lib"],"name":"cfg_if","src_path":"/home/mdupont/.cargo/registry/src/index.crates.io-1949cf8c6b5b557f/cfg-if-1.0.4/src/lib.rs","edition":"2018","doc":true,"doctest":true,"test":true},"profile":{"opt_level":"0","debuginfo":2,"debug_assertions":true,"overflow_checks":true,"test":false},"features":[],"filenames":["/mnt/data1/nix/vendor/rust/cargo2nix/target/debug/deps/libcfg_if-2262c59ed30cbfdf.rlib","/mnt/data1/nix/vendor/rust/cargo2nix/target/debug/deps/libcfg_if-2262c59ed30cbfdf.rmeta"],"executable":null,"fresh":true}
{"reason":"compiler-artifact","package_id":"path+file:///mnt/data1/nix/vendor/rust/cargo2nix/submodules/itertools#0.14.0","manifest_path":"/mnt/data1/nix/vendor/rust/cargo2nix/submodules/itertools/Cargo.toml","target":{"kind":["lib"],"crate_types":["lib"],"name":"itertools","src_path":"/mnt/data1/nix/vendor/rust/cargo2nix/submodules/itertools/src/lib.rs","edition":"2018","doc":true,"doctest":true,"test":false},"profile":{"opt_level":"0","debuginfo":2,"debug_assertions":true,"overflow_checks":true,"test":false},"features":["default","use_alloc","use_std"],"filenames":["/mnt/data1/nix/vendor/rust/cargo2nix/target/debug/deps/libitertools-eb983c7c3646b0e9.rlib","/mnt/data1/nix/vendor/rust/cargo2nix/target/debug/deps/libitertools-eb983c7c3646b0e9.rmeta"],"executable":null,"fresh":true}
{"reason":"compiler-artifact","package_id":"registry+https://github.com/rust-lang/crates.io-index#autocfg@1.5.0","manifest_path":"/home/mdupont/.cargo/registry/src/index.crates.io-1949cf8c6b5b557f/autocfg-1.5.0/Cargo.toml","target":{"kind":["lib"],"crate_types":["lib"],"name":"autocfg","src_path":"/home/mdupont/.cargo/registry/src/index.crates.io-1949cf8c6b5b557f/autocfg-1.5.0/src/lib.rs","edition":"2015","doc":true,"doctest":true,"test":true},"profile":{"opt_level":"0","debuginfo":0,"debug_assertions":true,"overflow_checks":true,"test":false},"features":[],"filenames":["/mnt/data1/nix/vendor/rust/cargo2nix/target/debug/deps/libautocfg-3b49e0afa777d415.rlib","/mnt/data1/nix/vendor/rust/cargo2nix/target/debug/deps/libautocfg-3b49e0afa777d415.rmeta"],"executable":null,"fresh":true}
{"reason":"compiler-artifact","package_id":"registry+https://github.com/rust-lang/crates.io-index#unicode-xid@0.2.6","manifest_path":"/home/mdupont/.cargo/registry/src/index.crates.io-1949cf8c6b5b557f/unicode-xid-0.2.6/Cargo.toml","target":{"kind":["lib"],"crate_types":["lib"],"name":"unicode_xid","src_path":"/home/mdupont/.cargo/registry/src/index.crates.io-1949cf8c6b5b557f/unicode-xid-0.2.6/src/lib.rs","edition":"2015","doc":true,"doctest":true,"test":true},"profile":{"opt_level":"0","debuginfo":2,"debug_assertions":true,"overflow_checks":true,"test":false},"features":["default"],"filenames":["/mnt/data1/nix/vendor/rust/cargo2nix/target/debug/deps/libunicode_xid-bad2f1623ab8e9f0.rlib","/mnt/data1/nix/vendor/rust/cargo2nix/target/debug/deps/libunicode_xid-bad2f1623ab8e9f0.rmeta"],"executable":null,"fresh":true}
{"reason":"compiler-artifact","package_id":"registry+https://github.com/rust-lang/crates.io-index#log@0.4.27","manifest_path":"/home/mdupont/.cargo/registry/src/index.crates.io-1949cf8c6b5b557f/log-0.4.27/Cargo.toml","target":{"kind":["lib"],"crate_types":["lib"],"name":"log","src_path":"/home/mdupont/.cargo/registry/src/index.crates.io-1949cf8c6b5b557f/log-0.4.27/src/lib.rs","edition":"2021","doc":true,"doctest":true,"test":true},"profile":{"opt_level":"0","debuginfo":2,"debug_assertions":true,"overflow_checks":true,"test":false},"features":["std"],"filenames":["/mnt/data1/nix/vendor/rust/cargo2nix/target/debug/deps/liblog-e4c872c580f67c43.rlib","/mnt/data1/nix/vendor/rust/cargo2nix/target/debug/deps/liblog-e4c872c580f67c43.rmeta"],"executable":null,"fresh":true}
{"reason":"compiler-artifact","package_id":"registry+https://github.com/rust-lang/crates.io-index#jod-thread@1.0.0","manifest_path":"/home/mdupont/.cargo/registry/src/index.crates.io-1949cf8c6b5b557f/jod-thread-1.0.0/Cargo.toml","target":{"kind":["lib"],"crate_types":["lib"],"name":"jod_thread","src_path":"/home/mdupont/.cargo/registry/src/index.crates.io-1949cf8c6b5b557f/jod-thread-1.0.0/src/lib.rs","edition":"2018","doc":true,"doctest":true,"test":true},"profile":{"opt_level":"0","debuginfo":2,"debug_assertions":true,"overflow_checks":true,"test":false},"features":[],"filenames":["/mnt/data1/nix/vendor/rust/cargo2nix/target/debug/deps/libjod_thread-c49cc655f8d4eb85.rlib","/mnt/data1/nix/vendor/rust/cargo2nix/target/debug/deps/libjod_thread-c49cc655f8d4eb85.rmeta"],"executable":null,"fresh":true}
{"reason":"compiler-artifact","package_id":"registry+https://github.com/rust-lang/crates.io-index#stable_deref_trait@1.2.1","manifest_path":"/home/mdupont/.cargo/registry/src/index.crates.io-1949cf8c6b5b557f/stable_deref_trait-1.2.1/Cargo.toml","target":{"kind":["lib"],"crate_types":["lib"],"name":"stable_deref_trait","src_path":"/home/mdupont/.cargo/registry/src/index.crates.io-1949cf8c6b5b557f/stable_deref_trait-1.2.1/src/lib.rs","edition":"2015","doc":true,"doctest":true,"test":true},"profile":{"opt_level":"0","debuginfo":2,"debug_assertions":true,"overflow_checks":true,"test":false},"features":[],"filenames":["/mnt/data1/nix/vendor/rust/cargo2nix/target/debug/deps/libstable_deref_trait-d13fd163da2fc199.rlib","/mnt/data1/nix/vendor/rust/cargo2nix/target/debug/deps/libstable_deref_trait-d13fd163da2fc199.rmeta"],"executable":null,"fresh":true}
{"reason":"compiler-artifact","package_id":"path+file:///mnt/data1/nix/vendor/rust/cargo2nix/submodules/rustc-hash#2.1.1","manifest_path":"/mnt/data1/nix/vendor/rust/cargo2nix/submodules/rustc-hash/Cargo.toml","target":{"kind":["lib"],"crate_types":["lib"],"name":"rustc_hash","src_path":"/mnt/data1/nix/vendor/rust/cargo2nix/submodules/rustc-hash/src/lib.rs","edition":"2021","doc":true,"doctest":true,"test":true},"profile":{"opt_level":"0","debuginfo":2,"debug_assertions":true,"overflow_checks":true,"test":false},"features":["default","std"],"filenames":["/mnt/data1/nix/vendor/rust/cargo2nix/target/debug/deps/librustc_hash-fcbf48bc2fa92835.rlib","/mnt/data1/nix/vendor/rust/cargo2nix/target/debug/deps/librustc_hash-fcbf48bc2fa92835.rmeta"],"executable":null,"fresh":true}
{"reason":"compiler-artifact","package_id":"registry+https://github.com/rust-lang/crates.io-index#foldhash@0.1.5","manifest_path":"/home/mdupont/.cargo/registry/src/index.crates.io-1949cf8c6b5b557f/foldhash-0.1.5/Cargo.toml","target":{"kind":["lib"],"crate_types":["lib"],"name":"foldhash","src_path":"/home/mdupont/.cargo/registry/src/index.crates.io-1949cf8c6b5b557f/foldhash-0.1.5/src/lib.rs","edition":"2021","doc":true,"doctest":true,"test":true},"profile":{"opt_level":"0","debuginfo":2,"debug_assertions":true,"overflow_checks":true,"test":false},"features":[],"filenames":["/mnt/data1/nix/vendor/rust/cargo2nix/target/debug/deps/libfoldhash-abf39bc0971f8ebd.rlib","/mnt/data1/nix/vendor/rust/cargo2nix/target/debug/deps/libfoldhash-abf39bc0971f8ebd.rmeta"],"executable":null,"fresh":true}
{"reason":"compiler-artifact","package_id":"registry+https://github.com/rust-lang/crates.io-index#unicode-properties@0.1.4","manifest_path":"/home/mdupont/.cargo/registry/src/index.crates.io-1949cf8c6b5b557f/unicode-properties-0.1.4/Cargo.toml","target":{"kind":["lib"],"crate_types":["lib"],"name":"unicode_properties","src_path":"/home/mdupont/.cargo/registry/src/index.crates.io-1949cf8c6b5b557f/unicode-properties-0.1.4/src/lib.rs","edition":"2021","doc":true,"doctest":true,"test":true},"profile":{"opt_level":"0","debuginfo":2,"debug_assertions":true,"overflow_checks":true,"test":false},"features":["emoji"],"filenames":["/mnt/data1/nix/vendor/rust/cargo2nix/target/debug/deps/libunicode_properties-37ed21603fdff6e2.rlib","/mnt/data1/nix/vendor/rust/cargo2nix/target/debug/deps/libunicode_properties-37ed21603fdff6e2.rmeta"],"executable":null,"fresh":true}
{"reason":"compiler-artifact","package_id":"path+file:///mnt/data1/nix/vendor/rust/cargo2nix/submodules/syn#2.0.110","manifest_path":"/mnt/data1/nix/vendor/rust/cargo2nix/submodules/syn/Cargo.toml","target":{"kind":["lib"],"crate_types":["lib"],"name":"syn","src_path":"/mnt/data1/nix/vendor/rust/cargo2nix/submodules/syn/src/lib.rs","edition":"2021","doc":true,"doctest":true,"test":true},"profile":{"opt_level":"0","debuginfo":0,"debug_assertions":true,"overflow_checks":true,"test":false},"features":["clone-impls","default","derive","extra-traits","full","parsing","printing","proc-macro","visit","visit-mut"],"filenames":["/mnt/data1/nix/vendor/rust/cargo2nix/target/debug/deps/libsyn-9c1aa19b231fd8f5.rlib","/mnt/data1/nix/vendor/rust/cargo2nix/target/debug/deps/libsyn-9c1aa19b231fd8f5.rmeta"],"executable":null,"fresh":true}
{"reason":"compiler-artifact","package_id":"path+file:///mnt/data1/nix/vendor/rust/cargo2nix/submodules/crossbeam/crossbeam-utils#0.8.21","manifest_path":"/mnt/data1/nix/vendor/rust/cargo2nix/submodules/crossbeam/crossbeam-utils/Cargo.toml","target":{"kind":["lib"],"crate_types":["lib"],"name":"crossbeam_utils","src_path":"/mnt/data1/nix/vendor/rust/cargo2nix/submodules/crossbeam/crossbeam-utils/src/lib.rs","edition":"2021","doc":true,"doctest":true,"test":true},"profile":{"opt_level":"0","debuginfo":2,"debug_assertions":true,"overflow_checks":true,"test":false},"features":["atomic","atomic-maybe-uninit","default","std"],"filenames":["/mnt/data1/nix/vendor/rust/cargo2nix/target/debug/deps/libcrossbeam_utils-e1f6d491ca2c15a7.rlib","/mnt/data1/nix/vendor/rust/cargo2nix/target/debug/deps/libcrossbeam_utils-e1f6d491ca2c15a7.rmeta"],"executable":null,"fresh":true}
{"reason":"compiler-message","package_id":"path+file:///mnt/data1/nix/vendor/rust/cargo2nix/submodules/parking_lot/core#parking_lot_core@0.9.13","manifest_path":"/mnt/data1/nix/vendor/rust/cargo2nix/submodules/parking_lot/core/Cargo.toml","target":{"kind":["lib"],"crate_types":["lib"],"name":"parking_lot_core","src_path":"/mnt/data1/nix/vendor/rust/cargo2nix/submodules/parking_lot/core/src/lib.rs","edition":"2021","doc":true,"doctest":true,"test":true},"message":{"rendered":"warning: type `word_lock::ThreadData` is more private than the item `word_lock::with_thread_data`\n  --> submodules/parking_lot/core/src/word_lock.rs:51:1\n   |\n51 | pub fn with_thread_data<T>(f: impl FnOnce(&ThreadData) -> T) -> T {\n   | ^^^^^^^^^^^^^^^^^^^^^^^^^^^^^^^^^^^^^^^^^^^^^^^^^^^^^^^^^^^^^^^^^ function `word_lock::with_thread_data` is reachable at visibility `pub(crate)`\n   |\nnote: but type `word_lock::ThreadData` is only usable at visibility `pub(self)`\n  --> submodules/parking_lot/core/src/word_lock.rs:16:1\n   |\n16 | struct ThreadData {\n   | ^^^^^^^^^^^^^^^^^\n   = note: `#[warn(private_bounds)]` on by default\n\n","$message_type":"diagnostic","children":[{"children":[],"code":null,"level":"note","message":"but type `word_lock::ThreadData` is only usable at visibility `pub(self)`","rendered":null,"spans":[{"byte_end":549,"byte_start":532,"column_end":18,"column_start":1,"expansion":null,"file_name":"submodules/parking_lot/core/src/word_lock.rs","is_primary":true,"label":null,"line_end":16,"line_start":16,"suggested_replacement":null,"suggestion_applicability":null,"text":[{"highlight_end":18,"highlight_start":1,"text":"struct ThreadData {"}]}]},{"children":[],"code":null,"level":"note","message":"`#[warn(private_bounds)]` on by default","rendered":null,"spans":[]}],"code":{"code":"private_bounds","explanation":null},"level":"warning","message":"type `word_lock::ThreadData` is more private than the item `word_lock::with_thread_data`","spans":[{"byte_end":1934,"byte_start":1869,"column_end":66,"column_start":1,"expansion":null,"file_name":"submodules/parking_lot/core/src/word_lock.rs","is_primary":true,"label":"function `word_lock::with_thread_data` is reachable at visibility `pub(crate)`","line_end":51,"line_start":51,"suggested_replacement":null,"suggestion_applicability":null,"text":[{"highlight_end":66,"highlight_start":1,"text":"pub fn with_thread_data<T>(f: impl FnOnce(&ThreadData) -> T) -> T {"}]}]}}
{"reason":"compiler-artifact","package_id":"path+file:///mnt/data1/nix/vendor/rust/cargo2nix/submodules/parking_lot/core#parking_lot_core@0.9.13","manifest_path":"/mnt/data1/nix/vendor/rust/cargo2nix/submodules/parking_lot/core/Cargo.toml","target":{"kind":["lib"],"crate_types":["lib"],"name":"parking_lot_core","src_path":"/mnt/data1/nix/vendor/rust/cargo2nix/submodules/parking_lot/core/src/lib.rs","edition":"2021","doc":true,"doctest":true,"test":true},"profile":{"opt_level":"0","debuginfo":2,"debug_assertions":true,"overflow_checks":true,"test":false},"features":[],"filenames":["/mnt/data1/nix/vendor/rust/cargo2nix/target/debug/deps/libparking_lot_core-9be775b69d4a0863.rlib","/mnt/data1/nix/vendor/rust/cargo2nix/target/debug/deps/libparking_lot_core-9be775b69d4a0863.rmeta"],"executable":null,"fresh":true}
{"reason":"compiler-artifact","package_id":"path+file:///mnt/data1/nix/vendor/rust/cargo2nix/submodules/serde/serde_core#1.0.228","manifest_path":"/mnt/data1/nix/vendor/rust/cargo2nix/submodules/serde/serde_core/Cargo.toml","target":{"kind":["lib"],"crate_types":["lib"],"name":"serde_core","src_path":"/mnt/data1/nix/vendor/rust/cargo2nix/submodules/serde/serde_core/src/lib.rs","edition":"2021","doc":true,"doctest":true,"test":true},"profile":{"opt_level":"0","debuginfo":2,"debug_assertions":true,"overflow_checks":true,"test":false},"features":["result","std"],"filenames":["/mnt/data1/nix/vendor/rust/cargo2nix/target/debug/deps/libserde_core-fb3c24ccb1d8728e.rlib","/mnt/data1/nix/vendor/rust/cargo2nix/target/debug/deps/libserde_core-fb3c24ccb1d8728e.rmeta"],"executable":null,"fresh":true}
{"reason":"compiler-artifact","package_id":"registry+https://github.com/rust-lang/crates.io-index#crossbeam-utils@0.8.21","manifest_path":"/home/mdupont/.cargo/registry/src/index.crates.io-1949cf8c6b5b557f/crossbeam-utils-0.8.21/Cargo.toml","target":{"kind":["lib"],"crate_types":["lib"],"name":"crossbeam_utils","src_path":"/home/mdupont/.cargo/registry/src/index.crates.io-1949cf8c6b5b557f/crossbeam-utils-0.8.21/src/lib.rs","edition":"2021","doc":true,"doctest":true,"test":true},"profile":{"opt_level":"0","debuginfo":2,"debug_assertions":true,"overflow_checks":true,"test":false},"features":["default","std"],"filenames":["/mnt/data1/nix/vendor/rust/cargo2nix/target/debug/deps/libcrossbeam_utils-8b1c467854ef33b2.rlib","/mnt/data1/nix/vendor/rust/cargo2nix/target/debug/deps/libcrossbeam_utils-8b1c467854ef33b2.rmeta"],"executable":null,"fresh":true}
   Compiling regex v1.12.2
{"reason":"compiler-artifact","package_id":"registry+https://github.com/rust-lang/crates.io-index#getrandom@0.3.4","manifest_path":"/home/mdupont/.cargo/registry/src/index.crates.io-1949cf8c6b5b557f/getrandom-0.3.4/Cargo.toml","target":{"kind":["lib"],"crate_types":["lib"],"name":"getrandom","src_path":"/home/mdupont/.cargo/registry/src/index.crates.io-1949cf8c6b5b557f/getrandom-0.3.4/src/lib.rs","edition":"2021","doc":true,"doctest":true,"test":true},"profile":{"opt_level":"0","debuginfo":2,"debug_assertions":true,"overflow_checks":true,"test":false},"features":[],"filenames":["/mnt/data1/nix/vendor/rust/cargo2nix/target/debug/deps/libgetrandom-1d379f1c27037172.rlib","/mnt/data1/nix/vendor/rust/cargo2nix/target/debug/deps/libgetrandom-1d379f1c27037172.rmeta"],"executable":null,"fresh":true}
{"reason":"compiler-artifact","package_id":"path+file:///mnt/data1/nix/vendor/rust/cargo2nix/submodules/libc#0.2.175","manifest_path":"/mnt/data1/nix/vendor/rust/cargo2nix/submodules/libc/Cargo.toml","target":{"kind":["lib"],"crate_types":["lib"],"name":"libc","src_path":"/mnt/data1/nix/vendor/rust/cargo2nix/submodules/libc/src/lib.rs","edition":"2021","doc":true,"doctest":true,"test":true},"profile":{"opt_level":"0","debuginfo":2,"debug_assertions":true,"overflow_checks":true,"test":false},"features":["default","extra_traits","std"],"filenames":["/mnt/data1/nix/vendor/rust/cargo2nix/target/debug/deps/liblibc-ad866c9bba41c836.rlib","/mnt/data1/nix/vendor/rust/cargo2nix/target/debug/deps/liblibc-ad866c9bba41c836.rmeta"],"executable":null,"fresh":true}
{"reason":"compiler-artifact","package_id":"registry+https://github.com/rust-lang/crates.io-index#hashbrown@0.15.5","manifest_path":"/home/mdupont/.cargo/registry/src/index.crates.io-1949cf8c6b5b557f/hashbrown-0.15.5/Cargo.toml","target":{"kind":["lib"],"crate_types":["lib"],"name":"hashbrown","src_path":"/home/mdupont/.cargo/registry/src/index.crates.io-1949cf8c6b5b557f/hashbrown-0.15.5/src/lib.rs","edition":"2021","doc":true,"doctest":true,"test":true},"profile":{"opt_level":"0","debuginfo":2,"debug_assertions":true,"overflow_checks":true,"test":false},"features":["allocator-api2","default","default-hasher","equivalent","inline-more","raw-entry"],"filenames":["/mnt/data1/nix/vendor/rust/cargo2nix/target/debug/deps/libhashbrown-683ee3fd83fe4b80.rlib","/mnt/data1/nix/vendor/rust/cargo2nix/target/debug/deps/libhashbrown-683ee3fd83fe4b80.rmeta"],"executable":null,"fresh":true}
{"reason":"compiler-artifact","package_id":"registry+https://github.com/rust-lang/crates.io-index#memoffset@0.9.1","manifest_path":"/home/mdupont/.cargo/registry/src/index.crates.io-1949cf8c6b5b557f/memoffset-0.9.1/Cargo.toml","target":{"kind":["custom-build"],"crate_types":["bin"],"name":"build-script-build","src_path":"/home/mdupont/.cargo/registry/src/index.crates.io-1949cf8c6b5b557f/memoffset-0.9.1/build.rs","edition":"2015","doc":false,"doctest":false,"test":false},"profile":{"opt_level":"0","debuginfo":0,"debug_assertions":true,"overflow_checks":true,"test":false},"features":["default"],"filenames":["/mnt/data1/nix/vendor/rust/cargo2nix/target/debug/build/memoffset-517b06b5452d2ce1/build-script-build"],"executable":null,"fresh":true}
{"reason":"compiler-artifact","package_id":"path+file:///mnt/data1/nix/vendor/rust/cargo2nix/submodules/rust/compiler/rustc_lexer#0.0.0","manifest_path":"/mnt/data1/nix/vendor/rust/cargo2nix/submodules/rust/compiler/rustc_lexer/Cargo.toml","target":{"kind":["lib"],"crate_types":["lib"],"name":"rustc_lexer","src_path":"/mnt/data1/nix/vendor/rust/cargo2nix/submodules/rust/compiler/rustc_lexer/src/lib.rs","edition":"2024","doc":true,"doctest":true,"test":true},"profile":{"opt_level":"0","debuginfo":2,"debug_assertions":true,"overflow_checks":true,"test":false},"features":[],"filenames":["/mnt/data1/nix/vendor/rust/cargo2nix/target/debug/deps/librustc_lexer-c616dd2d50b9d7bc.rlib","/mnt/data1/nix/vendor/rust/cargo2nix/target/debug/deps/librustc_lexer-c616dd2d50b9d7bc.rmeta"],"executable":null,"fresh":true}
{"reason":"compiler-artifact","package_id":"path+file:///mnt/data1/nix/vendor/rust/cargo2nix/submodules/text-size#1.1.1","manifest_path":"/mnt/data1/nix/vendor/rust/cargo2nix/submodules/text-size/Cargo.toml","target":{"kind":["lib"],"crate_types":["lib"],"name":"text_size","src_path":"/mnt/data1/nix/vendor/rust/cargo2nix/submodules/text-size/src/lib.rs","edition":"2018","doc":true,"doctest":true,"test":true},"profile":{"opt_level":"0","debuginfo":2,"debug_assertions":true,"overflow_checks":true,"test":false},"features":[],"filenames":["/mnt/data1/nix/vendor/rust/cargo2nix/target/debug/deps/libtext_size-28c7f6289f44cab1.rlib","/mnt/data1/nix/vendor/rust/cargo2nix/target/debug/deps/libtext_size-28c7f6289f44cab1.rmeta"],"executable":null,"fresh":true}
{"reason":"compiler-artifact","package_id":"path+file:///mnt/data1/nix/vendor/rust/cargo2nix/submodules/camino#1.2.1","manifest_path":"/mnt/data1/nix/vendor/rust/cargo2nix/submodules/camino/Cargo.toml","target":{"kind":["custom-build"],"crate_types":["bin"],"name":"build-script-build","src_path":"/mnt/data1/nix/vendor/rust/cargo2nix/submodules/camino/build.rs","edition":"2021","doc":false,"doctest":false,"test":false},"profile":{"opt_level":"0","debuginfo":0,"debug_assertions":true,"overflow_checks":true,"test":false},"features":[],"filenames":["/mnt/data1/nix/vendor/rust/cargo2nix/target/debug/build/camino-aa8b330e323961dd/build-script-build"],"executable":null,"fresh":true}
{"reason":"compiler-artifact","package_id":"registry+https://github.com/rust-lang/crates.io-index#portable-atomic@1.11.1","manifest_path":"/home/mdupont/.cargo/registry/src/index.crates.io-1949cf8c6b5b557f/portable-atomic-1.11.1/Cargo.toml","target":{"kind":["custom-build"],"crate_types":["bin"],"name":"build-script-build","src_path":"/home/mdupont/.cargo/registry/src/index.crates.io-1949cf8c6b5b557f/portable-atomic-1.11.1/build.rs","edition":"2018","doc":false,"doctest":false,"test":false},"profile":{"opt_level":"0","debuginfo":0,"debug_assertions":true,"overflow_checks":true,"test":false},"features":["default","fallback"],"filenames":["/mnt/data1/nix/vendor/rust/cargo2nix/target/debug/build/portable-atomic-de18475ca2d2b3ff/build-script-build"],"executable":null,"fresh":true}
{"reason":"compiler-artifact","package_id":"registry+https://github.com/rust-lang/crates.io-index#rustc-hash@2.1.1","manifest_path":"/home/mdupont/.cargo/registry/src/index.crates.io-1949cf8c6b5b557f/rustc-hash-2.1.1/Cargo.toml","target":{"kind":["lib"],"crate_types":["lib"],"name":"rustc_hash","src_path":"/home/mdupont/.cargo/registry/src/index.crates.io-1949cf8c6b5b557f/rustc-hash-2.1.1/src/lib.rs","edition":"2021","doc":true,"doctest":true,"test":true},"profile":{"opt_level":"0","debuginfo":2,"debug_assertions":true,"overflow_checks":true,"test":false},"features":["default","std"],"filenames":["/mnt/data1/nix/vendor/rust/cargo2nix/target/debug/deps/librustc_hash-dc45a8d11cf191ca.rlib","/mnt/data1/nix/vendor/rust/cargo2nix/target/debug/deps/librustc_hash-dc45a8d11cf191ca.rmeta"],"executable":null,"fresh":true}
{"reason":"compiler-artifact","package_id":"registry+https://github.com/rust-lang/crates.io-index#fst@0.4.7","manifest_path":"/home/mdupont/.cargo/registry/src/index.crates.io-1949cf8c6b5b557f/fst-0.4.7/Cargo.toml","target":{"kind":["custom-build"],"crate_types":["bin"],"name":"build-script-build","src_path":"/home/mdupont/.cargo/registry/src/index.crates.io-1949cf8c6b5b557f/fst-0.4.7/build.rs","edition":"2018","doc":false,"doctest":false,"test":false},"profile":{"opt_level":"0","debuginfo":0,"debug_assertions":true,"overflow_checks":true,"test":false},"features":["default"],"filenames":["/mnt/data1/nix/vendor/rust/cargo2nix/target/debug/build/fst-9bf33282371acba4/build-script-build"],"executable":null,"fresh":true}
{"reason":"compiler-artifact","package_id":"registry+https://github.com/rust-lang/crates.io-index#tracing-core@0.1.35","manifest_path":"/home/mdupont/.cargo/registry/src/index.crates.io-1949cf8c6b5b557f/tracing-core-0.1.35/Cargo.toml","target":{"kind":["lib"],"crate_types":["lib"],"name":"tracing_core","src_path":"/home/mdupont/.cargo/registry/src/index.crates.io-1949cf8c6b5b557f/tracing-core-0.1.35/src/lib.rs","edition":"2018","doc":true,"doctest":true,"test":true},"profile":{"opt_level":"0","debuginfo":2,"debug_assertions":true,"overflow_checks":true,"test":false},"features":["once_cell","std"],"filenames":["/mnt/data1/nix/vendor/rust/cargo2nix/target/debug/deps/libtracing_core-65c2b3bba258c992.rlib","/mnt/data1/nix/vendor/rust/cargo2nix/target/debug/deps/libtracing_core-65c2b3bba258c992.rmeta"],"executable":null,"fresh":true}
{"reason":"compiler-artifact","package_id":"registry+https://github.com/rust-lang/crates.io-index#hashbrown@0.16.1","manifest_path":"/home/mdupont/.cargo/registry/src/index.crates.io-1949cf8c6b5b557f/hashbrown-0.16.1/Cargo.toml","target":{"kind":["lib"],"crate_types":["lib"],"name":"hashbrown","src_path":"/home/mdupont/.cargo/registry/src/index.crates.io-1949cf8c6b5b557f/hashbrown-0.16.1/src/lib.rs","edition":"2021","doc":true,"doctest":true,"test":true},"profile":{"opt_level":"0","debuginfo":2,"debug_assertions":true,"overflow_checks":true,"test":false},"features":[],"filenames":["/mnt/data1/nix/vendor/rust/cargo2nix/target/debug/deps/libhashbrown-b0e8b026c933dc04.rlib","/mnt/data1/nix/vendor/rust/cargo2nix/target/debug/deps/libhashbrown-b0e8b026c933dc04.rmeta"],"executable":null,"fresh":true}
{"reason":"compiler-artifact","package_id":"registry+https://github.com/rust-lang/crates.io-index#drop_bomb@0.1.5","manifest_path":"/home/mdupont/.cargo/registry/src/index.crates.io-1949cf8c6b5b557f/drop_bomb-0.1.5/Cargo.toml","target":{"kind":["lib"],"crate_types":["lib"],"name":"drop_bomb","src_path":"/home/mdupont/.cargo/registry/src/index.crates.io-1949cf8c6b5b557f/drop_bomb-0.1.5/src/lib.rs","edition":"2015","doc":true,"doctest":true,"test":true},"profile":{"opt_level":"0","debuginfo":2,"debug_assertions":true,"overflow_checks":true,"test":false},"features":[],"filenames":["/mnt/data1/nix/vendor/rust/cargo2nix/target/debug/deps/libdrop_bomb-f964f37f23fd9a0a.rlib","/mnt/data1/nix/vendor/rust/cargo2nix/target/debug/deps/libdrop_bomb-f964f37f23fd9a0a.rmeta"],"executable":null,"fresh":true}
{"reason":"compiler-artifact","package_id":"registry+https://github.com/rust-lang/crates.io-index#countme@3.0.1","manifest_path":"/home/mdupont/.cargo/registry/src/index.crates.io-1949cf8c6b5b557f/countme-3.0.1/Cargo.toml","target":{"kind":["lib"],"crate_types":["lib"],"name":"countme","src_path":"/home/mdupont/.cargo/registry/src/index.crates.io-1949cf8c6b5b557f/countme-3.0.1/src/lib.rs","edition":"2018","doc":true,"doctest":true,"test":true},"profile":{"opt_level":"0","debuginfo":2,"debug_assertions":true,"overflow_checks":true,"test":false},"features":[],"filenames":["/mnt/data1/nix/vendor/rust/cargo2nix/target/debug/deps/libcountme-44623e5159c5eb43.rlib","/mnt/data1/nix/vendor/rust/cargo2nix/target/debug/deps/libcountme-44623e5159c5eb43.rmeta"],"executable":null,"fresh":true}
{"reason":"compiler-artifact","package_id":"registry+https://github.com/rust-lang/crates.io-index#winnow@0.7.14","manifest_path":"/home/mdupont/.cargo/registry/src/index.crates.io-1949cf8c6b5b557f/winnow-0.7.14/Cargo.toml","target":{"kind":["lib"],"crate_types":["lib"],"name":"winnow","src_path":"/home/mdupont/.cargo/registry/src/index.crates.io-1949cf8c6b5b557f/winnow-0.7.14/src/lib.rs","edition":"2021","doc":true,"doctest":true,"test":true},"profile":{"opt_level":"0","debuginfo":2,"debug_assertions":true,"overflow_checks":true,"test":false},"features":[],"filenames":["/mnt/data1/nix/vendor/rust/cargo2nix/target/debug/deps/libwinnow-926638bfbee8b220.rlib","/mnt/data1/nix/vendor/rust/cargo2nix/target/debug/deps/libwinnow-926638bfbee8b220.rmeta"],"executable":null,"fresh":true}
{"reason":"compiler-artifact","package_id":"path+file:///mnt/data1/nix/vendor/rust/cargo2nix/submodules/rust-analyzer/crates/edition#0.0.0","manifest_path":"/mnt/data1/nix/vendor/rust/cargo2nix/submodules/rust-analyzer/crates/edition/Cargo.toml","target":{"kind":["lib"],"crate_types":["lib"],"name":"edition","src_path":"/mnt/data1/nix/vendor/rust/cargo2nix/submodules/rust-analyzer/crates/edition/src/lib.rs","edition":"2024","doc":true,"doctest":true,"test":true},"profile":{"opt_level":"0","debuginfo":2,"debug_assertions":true,"overflow_checks":true,"test":false},"features":[],"filenames":["/mnt/data1/nix/vendor/rust/cargo2nix/target/debug/deps/libedition-587246ef01e674da.rlib","/mnt/data1/nix/vendor/rust/cargo2nix/target/debug/deps/libedition-587246ef01e674da.rmeta"],"executable":null,"fresh":true}
{"reason":"compiler-artifact","package_id":"path+file:///mnt/data1/nix/vendor/rust/cargo2nix/submodules/sval#2.16.0","manifest_path":"/mnt/data1/nix/vendor/rust/cargo2nix/submodules/sval/Cargo.toml","target":{"kind":["lib"],"crate_types":["lib"],"name":"sval","src_path":"/mnt/data1/nix/vendor/rust/cargo2nix/submodules/sval/src/lib.rs","edition":"2021","doc":true,"doctest":true,"test":true},"profile":{"opt_level":"0","debuginfo":2,"debug_assertions":true,"overflow_checks":true,"test":false},"features":[],"filenames":["/mnt/data1/nix/vendor/rust/cargo2nix/target/debug/deps/libsval-275bbf253a487dfb.rlib","/mnt/data1/nix/vendor/rust/cargo2nix/target/debug/deps/libsval-275bbf253a487dfb.rmeta"],"executable":null,"fresh":true}
{"reason":"compiler-artifact","package_id":"path+file:///mnt/data1/nix/vendor/rust/cargo2nix/submodules/rustc-literal-escaper#0.0.5","manifest_path":"/mnt/data1/nix/vendor/rust/cargo2nix/submodules/rustc-literal-escaper/Cargo.toml","target":{"kind":["lib"],"crate_types":["lib"],"name":"rustc_literal_escaper","src_path":"/mnt/data1/nix/vendor/rust/cargo2nix/submodules/rustc-literal-escaper/src/lib.rs","edition":"2021","doc":true,"doctest":true,"test":true},"profile":{"opt_level":"0","debuginfo":2,"debug_assertions":true,"overflow_checks":true,"test":false},"features":[],"filenames":["/mnt/data1/nix/vendor/rust/cargo2nix/target/debug/deps/librustc_literal_escaper-6e14ad0b4479c508.rlib","/mnt/data1/nix/vendor/rust/cargo2nix/target/debug/deps/librustc_literal_escaper-6e14ad0b4479c508.rmeta"],"executable":null,"fresh":true}
{"reason":"compiler-artifact","package_id":"path+file:///mnt/data1/nix/vendor/rust/cargo2nix/submodules/crossbeam/crossbeam-epoch#0.9.18","manifest_path":"/mnt/data1/nix/vendor/rust/cargo2nix/submodules/crossbeam/crossbeam-epoch/Cargo.toml","target":{"kind":["lib"],"crate_types":["lib"],"name":"crossbeam_epoch","src_path":"/mnt/data1/nix/vendor/rust/cargo2nix/submodules/crossbeam/crossbeam-epoch/src/lib.rs","edition":"2021","doc":true,"doctest":true,"test":true},"profile":{"opt_level":"0","debuginfo":2,"debug_assertions":true,"overflow_checks":true,"test":false},"features":["alloc","std"],"filenames":["/mnt/data1/nix/vendor/rust/cargo2nix/target/debug/deps/libcrossbeam_epoch-af64a1b19457e5bb.rlib","/mnt/data1/nix/vendor/rust/cargo2nix/target/debug/deps/libcrossbeam_epoch-af64a1b19457e5bb.rmeta"],"executable":null,"fresh":true}
   Compiling serde_derive v1.0.228 (/mnt/data1/nix/vendor/rust/cargo2nix/submodules/serde/serde_derive)
   Compiling tracing-attributes v0.1.30 (/mnt/data1/nix/vendor/rust/cargo2nix/submodules/tracing/tracing-attributes)
   Compiling hashbrown v0.16.0 (/mnt/data1/nix/vendor/rust/cargo2nix/submodules/hashbrown)
{"reason":"compiler-artifact","package_id":"path+file:///mnt/data1/nix/vendor/rust/cargo2nix/submodules/crossbeam/crossbeam-channel#0.5.15","manifest_path":"/mnt/data1/nix/vendor/rust/cargo2nix/submodules/crossbeam/crossbeam-channel/Cargo.toml","target":{"kind":["lib"],"crate_types":["lib"],"name":"crossbeam_channel","src_path":"/mnt/data1/nix/vendor/rust/cargo2nix/submodules/crossbeam/crossbeam-channel/src/lib.rs","edition":"2021","doc":true,"doctest":true,"test":true},"profile":{"opt_level":"0","debuginfo":2,"debug_assertions":true,"overflow_checks":true,"test":false},"features":["default","std"],"filenames":["/mnt/data1/nix/vendor/rust/cargo2nix/target/debug/deps/libcrossbeam_channel-fc6585a688f9fb9e.rlib","/mnt/data1/nix/vendor/rust/cargo2nix/target/debug/deps/libcrossbeam_channel-fc6585a688f9fb9e.rmeta"],"executable":null,"fresh":true}
   Compiling typesize-derive v0.1.11 (/mnt/data1/nix/vendor/rust/cargo2nix/submodules/typesize/typesize-derive)
{"reason":"compiler-artifact","package_id":"registry+https://github.com/rust-lang/crates.io-index#rand_core@0.9.3","manifest_path":"/home/mdupont/.cargo/registry/src/index.crates.io-1949cf8c6b5b557f/rand_core-0.9.3/Cargo.toml","target":{"kind":["lib"],"crate_types":["lib"],"name":"rand_core","src_path":"/home/mdupont/.cargo/registry/src/index.crates.io-1949cf8c6b5b557f/rand_core-0.9.3/src/lib.rs","edition":"2021","doc":true,"doctest":true,"test":true},"profile":{"opt_level":"0","debuginfo":2,"debug_assertions":true,"overflow_checks":true,"test":false},"features":["os_rng"],"filenames":["/mnt/data1/nix/vendor/rust/cargo2nix/target/debug/deps/librand_core-b33a24121b279995.rlib","/mnt/data1/nix/vendor/rust/cargo2nix/target/debug/deps/librand_core-b33a24121b279995.rmeta"],"executable":null,"fresh":true}
{"reason":"build-script-executed","package_id":"path+file:///mnt/data1/nix/vendor/rust/cargo2nix/submodules/camino#1.2.1","linked_libs":[],"linked_paths":[],"cfgs":["try_reserve_2","path_buf_deref_mut","os_str_bytes","absolute_path","os_string_pathbuf_leak"],"env":[],"out_dir":"/mnt/data1/nix/vendor/rust/cargo2nix/target/debug/build/camino-051b00a2dac97359/out"}
{"reason":"build-script-executed","package_id":"registry+https://github.com/rust-lang/crates.io-index#memoffset@0.9.1","linked_libs":[],"linked_paths":[],"cfgs":["tuple_ty","allow_clippy","maybe_uninit","doctests","raw_ref_macros","stable_const","stable_offset_of"],"env":[],"out_dir":"/mnt/data1/nix/vendor/rust/cargo2nix/target/debug/build/memoffset-b312f9d8753d991d/out"}
   Compiling tracing-attributes v0.1.28
{"reason":"build-script-executed","package_id":"registry+https://github.com/rust-lang/crates.io-index#fst@0.4.7","linked_libs":[],"linked_paths":[],"cfgs":[],"env":[],"out_dir":"/mnt/data1/nix/vendor/rust/cargo2nix/target/debug/build/fst-3774173528c02812/out"}
{"reason":"build-script-executed","package_id":"registry+https://github.com/rust-lang/crates.io-index#portable-atomic@1.11.1","linked_libs":[],"linked_paths":[],"cfgs":[],"env":[],"out_dir":"/mnt/data1/nix/vendor/rust/cargo2nix/target/debug/build/portable-atomic-26b0108b3f568028/out"}
   Compiling synstructure v0.13.2
{"reason":"compiler-artifact","package_id":"registry+https://github.com/rust-lang/crates.io-index#crossbeam-queue@0.3.12","manifest_path":"/home/mdupont/.cargo/registry/src/index.crates.io-1949cf8c6b5b557f/crossbeam-queue-0.3.12/Cargo.toml","target":{"kind":["lib"],"crate_types":["lib"],"name":"crossbeam_queue","src_path":"/home/mdupont/.cargo/registry/src/index.crates.io-1949cf8c6b5b557f/crossbeam-queue-0.3.12/src/lib.rs","edition":"2021","doc":true,"doctest":true,"test":true},"profile":{"opt_level":"0","debuginfo":2,"debug_assertions":true,"overflow_checks":true,"test":false},"features":["alloc","default","std"],"filenames":["/mnt/data1/nix/vendor/rust/cargo2nix/target/debug/deps/libcrossbeam_queue-ff16bb196b310c67.rlib","/mnt/data1/nix/vendor/rust/cargo2nix/target/debug/deps/libcrossbeam_queue-ff16bb196b310c67.rmeta"],"executable":null,"fresh":true}
{"reason":"compiler-artifact","package_id":"path+file:///mnt/data1/nix/vendor/rust/cargo2nix/submodules/rowan#0.16.2","manifest_path":"/mnt/data1/nix/vendor/rust/cargo2nix/submodules/rowan/Cargo.toml","target":{"kind":["lib"],"crate_types":["lib"],"name":"rowan","src_path":"/mnt/data1/nix/vendor/rust/cargo2nix/submodules/rowan/src/lib.rs","edition":"2024","doc":true,"doctest":true,"test":true},"profile":{"opt_level":"0","debuginfo":2,"debug_assertions":true,"overflow_checks":true,"test":false},"features":[],"filenames":["/mnt/data1/nix/vendor/rust/cargo2nix/target/debug/deps/librowan-3052e760b48dd23e.rlib","/mnt/data1/nix/vendor/rust/cargo2nix/target/debug/deps/librowan-3052e760b48dd23e.rmeta"],"executable":null,"fresh":true}
{"reason":"compiler-message","package_id":"path+file:///mnt/data1/nix/vendor/rust/cargo2nix/submodules/parking_lot#0.12.6","manifest_path":"/mnt/data1/nix/vendor/rust/cargo2nix/submodules/parking_lot/Cargo.toml","target":{"kind":["lib"],"crate_types":["lib"],"name":"parking_lot","src_path":"/mnt/data1/nix/vendor/rust/cargo2nix/submodules/parking_lot/src/lib.rs","edition":"2021","doc":true,"doctest":true,"test":true},"message":{"rendered":"warning: unused import: `deadlock`\n  --> submodules/parking_lot/src/condvar.rs:10:13\n   |\n10 | use crate::{deadlock, util};\n   |             ^^^^^^^^\n   |\n   = note: `#[warn(unused_imports)]` (part of `#[warn(unused)]`) on by default\n\n","$message_type":"diagnostic","children":[{"children":[],"code":null,"level":"note","message":"`#[warn(unused_imports)]` (part of `#[warn(unused)]`) on by default","rendered":null,"spans":[]},{"children":[],"code":null,"level":"help","message":"remove the unused import","rendered":null,"spans":[{"byte_end":448,"byte_start":438,"column_end":23,"column_start":13,"expansion":null,"file_name":"submodules/parking_lot/src/condvar.rs","is_primary":true,"label":null,"line_end":10,"line_start":10,"suggested_replacement":"","suggestion_applicability":"MachineApplicable","text":[{"highlight_end":23,"highlight_start":13,"text":"use crate::{deadlock, util};"}]},{"byte_end":438,"byte_start":437,"column_end":13,"column_start":12,"expansion":null,"file_name":"submodules/parking_lot/src/condvar.rs","is_primary":true,"label":null,"line_end":10,"line_start":10,"suggested_replacement":"","suggestion_applicability":"MachineApplicable","text":[{"highlight_end":13,"highlight_start":12,"text":"use crate::{deadlock, util};"}]},{"byte_end":453,"byte_start":452,"column_end":28,"column_start":27,"expansion":null,"file_name":"submodules/parking_lot/src/condvar.rs","is_primary":true,"label":null,"line_end":10,"line_start":10,"suggested_replacement":"","suggestion_applicability":"MachineApplicable","text":[{"highlight_end":28,"highlight_start":27,"text":"use crate::{deadlock, util};"}]}]}],"code":{"code":"unused_imports","explanation":null},"level":"warning","message":"unused import: `deadlock`","spans":[{"byte_end":446,"byte_start":438,"column_end":21,"column_start":13,"expansion":null,"file_name":"submodules/parking_lot/src/condvar.rs","is_primary":true,"label":null,"line_end":10,"line_start":10,"suggested_replacement":null,"suggestion_applicability":null,"text":[{"highlight_end":21,"highlight_start":13,"text":"use crate::{deadlock, util};"}]}]}}
{"reason":"compiler-message","package_id":"path+file:///mnt/data1/nix/vendor/rust/cargo2nix/submodules/parking_lot#0.12.6","manifest_path":"/mnt/data1/nix/vendor/rust/cargo2nix/submodules/parking_lot/Cargo.toml","target":{"kind":["lib"],"crate_types":["lib"],"name":"parking_lot","src_path":"/mnt/data1/nix/vendor/rust/cargo2nix/submodules/parking_lot/src/lib.rs","edition":"2021","doc":true,"doctest":true,"test":true},"message":{"rendered":"warning: unused import: `crate::deadlock`\n  --> submodules/parking_lot/src/raw_mutex.rs:11:5\n   |\n11 | use crate::deadlock;\n   |     ^^^^^^^^^^^^^^^\n\n","$message_type":"diagnostic","children":[{"children":[],"code":null,"level":"help","message":"remove the whole `use` item","rendered":null,"spans":[{"byte_end":496,"byte_start":431,"column_end":1,"column_start":1,"expansion":null,"file_name":"submodules/parking_lot/src/raw_mutex.rs","is_primary":true,"label":null,"line_end":12,"line_start":10,"suggested_replacement":"","suggestion_applicability":"MachineApplicable","text":[{"highlight_end":44,"highlight_start":1,"text":"#[cfg(not(feature = \"deadlock_detection\"))]"},{"highlight_end":21,"highlight_start":1,"text":"use crate::deadlock;"},{"highlight_end":1,"highlight_start":1,"text":"use crate::util;"}]}]}],"code":{"code":"unused_imports","explanation":null},"level":"warning","message":"unused import: `crate::deadlock`","spans":[{"byte_end":494,"byte_start":479,"column_end":20,"column_start":5,"expansion":null,"file_name":"submodules/parking_lot/src/raw_mutex.rs","is_primary":true,"label":null,"line_end":11,"line_start":11,"suggested_replacement":null,"suggestion_applicability":null,"text":[{"highlight_end":20,"highlight_start":5,"text":"use crate::deadlock;"}]}]}}
{"reason":"compiler-message","package_id":"path+file:///mnt/data1/nix/vendor/rust/cargo2nix/submodules/parking_lot#0.12.6","manifest_path":"/mnt/data1/nix/vendor/rust/cargo2nix/submodules/parking_lot/Cargo.toml","target":{"kind":["lib"],"crate_types":["lib"],"name":"parking_lot","src_path":"/mnt/data1/nix/vendor/rust/cargo2nix/submodules/parking_lot/src/lib.rs","edition":"2021","doc":true,"doctest":true,"test":true},"message":{"rendered":"warning: unused import: `parking_lot_core::deadlock`\n  --> submodules/parking_lot/src/deadlock.rs:38:16\n   |\n38 | pub(crate) use parking_lot_core::deadlock;\n   |                ^^^^^^^^^^^^^^^^^^^^^^^^^^\n\n","$message_type":"diagnostic","children":[{"children":[],"code":null,"level":"help","message":"remove the whole `use` item","rendered":null,"spans":[{"byte_end":1165,"byte_start":1122,"column_end":1,"column_start":1,"expansion":null,"file_name":"submodules/parking_lot/src/deadlock.rs","is_primary":true,"label":null,"line_end":39,"line_start":38,"suggested_replacement":"","suggestion_applicability":"MachineApplicable","text":[{"highlight_end":43,"highlight_start":1,"text":"pub(crate) use parking_lot_core::deadlock;"},{"highlight_end":1,"highlight_start":1,"text":""}]}]}],"code":{"code":"unused_imports","explanation":null},"level":"warning","message":"unused import: `parking_lot_core::deadlock`","spans":[{"byte_end":1163,"byte_start":1137,"column_end":42,"column_start":16,"expansion":null,"file_name":"submodules/parking_lot/src/deadlock.rs","is_primary":true,"label":null,"line_end":38,"line_start":38,"suggested_replacement":null,"suggestion_applicability":null,"text":[{"highlight_end":42,"highlight_start":16,"text":"pub(crate) use parking_lot_core::deadlock;"}]}]}}
{"reason":"compiler-artifact","package_id":"path+file:///mnt/data1/nix/vendor/rust/cargo2nix/submodules/parking_lot#0.12.6","manifest_path":"/mnt/data1/nix/vendor/rust/cargo2nix/submodules/parking_lot/Cargo.toml","target":{"kind":["lib"],"crate_types":["lib"],"name":"parking_lot","src_path":"/mnt/data1/nix/vendor/rust/cargo2nix/submodules/parking_lot/src/lib.rs","edition":"2021","doc":true,"doctest":true,"test":true},"profile":{"opt_level":"0","debuginfo":2,"debug_assertions":true,"overflow_checks":true,"test":false},"features":["default"],"filenames":["/mnt/data1/nix/vendor/rust/cargo2nix/target/debug/deps/libparking_lot-1d1f0f1d2441c680.rlib","/mnt/data1/nix/vendor/rust/cargo2nix/target/debug/deps/libparking_lot-1d1f0f1d2441c680.rmeta"],"executable":null,"fresh":true}
{"reason":"compiler-artifact","package_id":"registry+https://github.com/rust-lang/crates.io-index#hashlink@0.10.0","manifest_path":"/home/mdupont/.cargo/registry/src/index.crates.io-1949cf8c6b5b557f/hashlink-0.10.0/Cargo.toml","target":{"kind":["lib"],"crate_types":["lib"],"name":"hashlink","src_path":"/home/mdupont/.cargo/registry/src/index.crates.io-1949cf8c6b5b557f/hashlink-0.10.0/src/lib.rs","edition":"2018","doc":true,"doctest":true,"test":true},"profile":{"opt_level":"0","debuginfo":2,"debug_assertions":true,"overflow_checks":true,"test":false},"features":[],"filenames":["/mnt/data1/nix/vendor/rust/cargo2nix/target/debug/deps/libhashlink-4f38f2f2da0de478.rlib","/mnt/data1/nix/vendor/rust/cargo2nix/target/debug/deps/libhashlink-4f38f2f2da0de478.rmeta"],"executable":null,"fresh":true}
{"reason":"compiler-artifact","package_id":"registry+https://github.com/rust-lang/crates.io-index#indexmap@2.11.4","manifest_path":"/home/mdupont/.cargo/registry/src/index.crates.io-1949cf8c6b5b557f/indexmap-2.11.4/Cargo.toml","target":{"kind":["lib"],"crate_types":["lib"],"name":"indexmap","src_path":"/home/mdupont/.cargo/registry/src/index.crates.io-1949cf8c6b5b557f/indexmap-2.11.4/src/lib.rs","edition":"2021","doc":true,"doctest":true,"test":true},"profile":{"opt_level":"0","debuginfo":2,"debug_assertions":true,"overflow_checks":true,"test":false},"features":["default","std"],"filenames":["/mnt/data1/nix/vendor/rust/cargo2nix/target/debug/deps/libindexmap-e63699300bd95c8c.rlib","/mnt/data1/nix/vendor/rust/cargo2nix/target/debug/deps/libindexmap-e63699300bd95c8c.rmeta"],"executable":null,"fresh":true}
{"reason":"compiler-artifact","package_id":"registry+https://github.com/rust-lang/crates.io-index#thin-vec@0.2.14","manifest_path":"/home/mdupont/.cargo/registry/src/index.crates.io-1949cf8c6b5b557f/thin-vec-0.2.14/Cargo.toml","target":{"kind":["lib"],"crate_types":["lib"],"name":"thin_vec","src_path":"/home/mdupont/.cargo/registry/src/index.crates.io-1949cf8c6b5b557f/thin-vec-0.2.14/src/lib.rs","edition":"2018","doc":true,"doctest":true,"test":true},"profile":{"opt_level":"0","debuginfo":2,"debug_assertions":true,"overflow_checks":true,"test":false},"features":["default","std"],"filenames":["/mnt/data1/nix/vendor/rust/cargo2nix/target/debug/deps/libthin_vec-d6727ede64ac316f.rlib","/mnt/data1/nix/vendor/rust/cargo2nix/target/debug/deps/libthin_vec-d6727ede64ac316f.rmeta"],"executable":null,"fresh":true}
{"reason":"compiler-artifact","package_id":"path+file:///mnt/data1/nix/vendor/rust/cargo2nix/submodules/salsa/components/salsa-macro-rules#0.24.0","manifest_path":"/mnt/data1/nix/vendor/rust/cargo2nix/submodules/salsa/components/salsa-macro-rules/Cargo.toml","target":{"kind":["lib"],"crate_types":["lib"],"name":"salsa_macro_rules","src_path":"/mnt/data1/nix/vendor/rust/cargo2nix/submodules/salsa/components/salsa-macro-rules/src/lib.rs","edition":"2024","doc":true,"doctest":true,"test":true},"profile":{"opt_level":"0","debuginfo":2,"debug_assertions":true,"overflow_checks":true,"test":false},"features":["accumulator"],"filenames":["/mnt/data1/nix/vendor/rust/cargo2nix/target/debug/deps/libsalsa_macro_rules-ee58c5508db3f0f1.rlib","/mnt/data1/nix/vendor/rust/cargo2nix/target/debug/deps/libsalsa_macro_rules-ee58c5508db3f0f1.rmeta"],"executable":null,"fresh":true}
{"reason":"compiler-artifact","package_id":"path+file:///mnt/data1/nix/vendor/rust/cargo2nix/submodules/nohash-hasher#0.2.0","manifest_path":"/mnt/data1/nix/vendor/rust/cargo2nix/submodules/nohash-hasher/Cargo.toml","target":{"kind":["lib"],"crate_types":["lib"],"name":"nohash_hasher","src_path":"/mnt/data1/nix/vendor/rust/cargo2nix/submodules/nohash-hasher/src/lib.rs","edition":"2018","doc":true,"doctest":true,"test":true},"profile":{"opt_level":"0","debuginfo":2,"debug_assertions":true,"overflow_checks":true,"test":false},"features":["default","std"],"filenames":["/mnt/data1/nix/vendor/rust/cargo2nix/target/debug/deps/libnohash_hasher-1400107e11460b92.rlib","/mnt/data1/nix/vendor/rust/cargo2nix/target/debug/deps/libnohash_hasher-1400107e11460b92.rmeta"],"executable":null,"fresh":true}
{"reason":"compiler-artifact","package_id":"path+file:///mnt/data1/nix/vendor/rust/cargo2nix/submodules/rust-analyzer/lib/smol_str#0.3.4","manifest_path":"/mnt/data1/nix/vendor/rust/cargo2nix/submodules/rust-analyzer/lib/smol_str/Cargo.toml","target":{"kind":["lib"],"crate_types":["lib"],"name":"smol_str","src_path":"/mnt/data1/nix/vendor/rust/cargo2nix/submodules/rust-analyzer/lib/smol_str/src/lib.rs","edition":"2024","doc":true,"doctest":true,"test":true},"profile":{"opt_level":"0","debuginfo":2,"debug_assertions":true,"overflow_checks":true,"test":false},"features":["default","std"],"filenames":["/mnt/data1/nix/vendor/rust/cargo2nix/target/debug/deps/libsmol_str-f3e46eaf7e9ac320.rlib","/mnt/data1/nix/vendor/rust/cargo2nix/target/debug/deps/libsmol_str-f3e46eaf7e9ac320.rmeta"],"executable":null,"fresh":true}
{"reason":"compiler-artifact","package_id":"registry+https://github.com/rust-lang/crates.io-index#inventory@0.3.21","manifest_path":"/home/mdupont/.cargo/registry/src/index.crates.io-1949cf8c6b5b557f/inventory-0.3.21/Cargo.toml","target":{"kind":["lib"],"crate_types":["lib"],"name":"inventory","src_path":"/home/mdupont/.cargo/registry/src/index.crates.io-1949cf8c6b5b557f/inventory-0.3.21/src/lib.rs","edition":"2021","doc":true,"doctest":true,"test":true},"profile":{"opt_level":"0","debuginfo":2,"debug_assertions":true,"overflow_checks":true,"test":false},"features":[],"filenames":["/mnt/data1/nix/vendor/rust/cargo2nix/target/debug/deps/libinventory-9f319dba7abea8e5.rlib","/mnt/data1/nix/vendor/rust/cargo2nix/target/debug/deps/libinventory-9f319dba7abea8e5.rmeta"],"executable":null,"fresh":true}
{"reason":"compiler-artifact","package_id":"path+file:///mnt/data1/nix/vendor/rust/cargo2nix/submodules/crossbeam/crossbeam-deque#0.8.6","manifest_path":"/mnt/data1/nix/vendor/rust/cargo2nix/submodules/crossbeam/crossbeam-deque/Cargo.toml","target":{"kind":["lib"],"crate_types":["lib"],"name":"crossbeam_deque","src_path":"/mnt/data1/nix/vendor/rust/cargo2nix/submodules/crossbeam/crossbeam-deque/src/lib.rs","edition":"2021","doc":true,"doctest":true,"test":true},"profile":{"opt_level":"0","debuginfo":2,"debug_assertions":true,"overflow_checks":true,"test":false},"features":["default","std"],"filenames":["/mnt/data1/nix/vendor/rust/cargo2nix/target/debug/deps/libcrossbeam_deque-2114605490f9e7ba.rlib","/mnt/data1/nix/vendor/rust/cargo2nix/target/debug/deps/libcrossbeam_deque-2114605490f9e7ba.rmeta"],"executable":null,"fresh":true}
{"reason":"compiler-artifact","package_id":"registry+https://github.com/rust-lang/crates.io-index#rand@0.9.2","manifest_path":"/home/mdupont/.cargo/registry/src/index.crates.io-1949cf8c6b5b557f/rand-0.9.2/Cargo.toml","target":{"kind":["lib"],"crate_types":["lib"],"name":"rand","src_path":"/home/mdupont/.cargo/registry/src/index.crates.io-1949cf8c6b5b557f/rand-0.9.2/src/lib.rs","edition":"2021","doc":true,"doctest":true,"test":true},"profile":{"opt_level":"0","debuginfo":2,"debug_assertions":true,"overflow_checks":true,"test":false},"features":["os_rng","small_rng"],"filenames":["/mnt/data1/nix/vendor/rust/cargo2nix/target/debug/deps/librand-a586e18c2e1ef283.rlib","/mnt/data1/nix/vendor/rust/cargo2nix/target/debug/deps/librand-a586e18c2e1ef283.rmeta"],"executable":null,"fresh":true}
{"reason":"compiler-artifact","package_id":"path+file:///mnt/data1/nix/vendor/rust/cargo2nix/submodules/camino#1.2.1","manifest_path":"/mnt/data1/nix/vendor/rust/cargo2nix/submodules/camino/Cargo.toml","target":{"kind":["lib"],"crate_types":["lib"],"name":"camino","src_path":"/mnt/data1/nix/vendor/rust/cargo2nix/submodules/camino/src/lib.rs","edition":"2021","doc":true,"doctest":true,"test":true},"profile":{"opt_level":"0","debuginfo":2,"debug_assertions":true,"overflow_checks":true,"test":false},"features":[],"filenames":["/mnt/data1/nix/vendor/rust/cargo2nix/target/debug/deps/libcamino-5987e171b5bef5d4.rlib","/mnt/data1/nix/vendor/rust/cargo2nix/target/debug/deps/libcamino-5987e171b5bef5d4.rmeta"],"executable":null,"fresh":true}
{"reason":"compiler-artifact","package_id":"registry+https://github.com/rust-lang/crates.io-index#memoffset@0.9.1","manifest_path":"/home/mdupont/.cargo/registry/src/index.crates.io-1949cf8c6b5b557f/memoffset-0.9.1/Cargo.toml","target":{"kind":["lib"],"crate_types":["lib"],"name":"memoffset","src_path":"/home/mdupont/.cargo/registry/src/index.crates.io-1949cf8c6b5b557f/memoffset-0.9.1/src/lib.rs","edition":"2015","doc":true,"doctest":true,"test":true},"profile":{"opt_level":"0","debuginfo":2,"debug_assertions":true,"overflow_checks":true,"test":false},"features":["default"],"filenames":["/mnt/data1/nix/vendor/rust/cargo2nix/target/debug/deps/libmemoffset-4e383f14ad0576a3.rlib","/mnt/data1/nix/vendor/rust/cargo2nix/target/debug/deps/libmemoffset-4e383f14ad0576a3.rmeta"],"executable":null,"fresh":true}
{"reason":"compiler-artifact","package_id":"registry+https://github.com/rust-lang/crates.io-index#fst@0.4.7","manifest_path":"/home/mdupont/.cargo/registry/src/index.crates.io-1949cf8c6b5b557f/fst-0.4.7/Cargo.toml","target":{"kind":["lib"],"crate_types":["lib"],"name":"fst","src_path":"/home/mdupont/.cargo/registry/src/index.crates.io-1949cf8c6b5b557f/fst-0.4.7/src/lib.rs","edition":"2018","doc":true,"doctest":true,"test":true},"profile":{"opt_level":"0","debuginfo":2,"debug_assertions":true,"overflow_checks":true,"test":false},"features":["default"],"filenames":["/mnt/data1/nix/vendor/rust/cargo2nix/target/debug/deps/libfst-2abf7134ca318797.rlib","/mnt/data1/nix/vendor/rust/cargo2nix/target/debug/deps/libfst-2abf7134ca318797.rmeta"],"executable":null,"fresh":true}
{"reason":"compiler-artifact","package_id":"registry+https://github.com/rust-lang/crates.io-index#portable-atomic@1.11.1","manifest_path":"/home/mdupont/.cargo/registry/src/index.crates.io-1949cf8c6b5b557f/portable-atomic-1.11.1/Cargo.toml","target":{"kind":["lib"],"crate_types":["lib"],"name":"portable_atomic","src_path":"/home/mdupont/.cargo/registry/src/index.crates.io-1949cf8c6b5b557f/portable-atomic-1.11.1/src/lib.rs","edition":"2018","doc":true,"doctest":true,"test":true},"profile":{"opt_level":"0","debuginfo":2,"debug_assertions":true,"overflow_checks":true,"test":false},"features":["default","fallback"],"filenames":["/mnt/data1/nix/vendor/rust/cargo2nix/target/debug/deps/libportable_atomic-7274749cfa10353f.rlib","/mnt/data1/nix/vendor/rust/cargo2nix/target/debug/deps/libportable_atomic-7274749cfa10353f.rmeta"],"executable":null,"fresh":true}
{"reason":"compiler-artifact","package_id":"registry+https://github.com/rust-lang/crates.io-index#boxcar@0.2.14","manifest_path":"/home/mdupont/.cargo/registry/src/index.crates.io-1949cf8c6b5b557f/boxcar-0.2.14/Cargo.toml","target":{"kind":["lib"],"crate_types":["lib"],"name":"boxcar","src_path":"/home/mdupont/.cargo/registry/src/index.crates.io-1949cf8c6b5b557f/boxcar-0.2.14/src/lib.rs","edition":"2021","doc":true,"doctest":true,"test":true},"profile":{"opt_level":"0","debuginfo":2,"debug_assertions":true,"overflow_checks":true,"test":false},"features":[],"filenames":["/mnt/data1/nix/vendor/rust/cargo2nix/target/debug/deps/libboxcar-5b5a8a9dd5d660e0.rlib","/mnt/data1/nix/vendor/rust/cargo2nix/target/debug/deps/libboxcar-5b5a8a9dd5d660e0.rmeta"],"executable":null,"fresh":true}
{"reason":"compiler-artifact","package_id":"path+file:///mnt/data1/nix/vendor/rust/cargo2nix/submodules/arrayvec#0.7.6","manifest_path":"/mnt/data1/nix/vendor/rust/cargo2nix/submodules/arrayvec/Cargo.toml","target":{"kind":["lib"],"crate_types":["lib"],"name":"arrayvec","src_path":"/mnt/data1/nix/vendor/rust/cargo2nix/submodules/arrayvec/src/lib.rs","edition":"2018","doc":true,"doctest":true,"test":true},"profile":{"opt_level":"0","debuginfo":2,"debug_assertions":true,"overflow_checks":true,"test":false},"features":["default","std"],"filenames":["/mnt/data1/nix/vendor/rust/cargo2nix/target/debug/deps/libarrayvec-712c772a64ff63a3.rlib","/mnt/data1/nix/vendor/rust/cargo2nix/target/debug/deps/libarrayvec-712c772a64ff63a3.rmeta"],"executable":null,"fresh":true}
{"reason":"compiler-artifact","package_id":"path+file:///mnt/data1/nix/vendor/rust/cargo2nix/submodules/rust-analyzer/lib/la-arena#0.3.1","manifest_path":"/mnt/data1/nix/vendor/rust/cargo2nix/submodules/rust-analyzer/lib/la-arena/Cargo.toml","target":{"kind":["lib"],"crate_types":["lib"],"name":"la_arena","src_path":"/mnt/data1/nix/vendor/rust/cargo2nix/submodules/rust-analyzer/lib/la-arena/src/lib.rs","edition":"2024","doc":true,"doctest":true,"test":true},"profile":{"opt_level":"0","debuginfo":2,"debug_assertions":true,"overflow_checks":true,"test":false},"features":[],"filenames":["/mnt/data1/nix/vendor/rust/cargo2nix/target/debug/deps/libla_arena-c70d362f75b1f9e5.rlib","/mnt/data1/nix/vendor/rust/cargo2nix/target/debug/deps/libla_arena-c70d362f75b1f9e5.rmeta"],"executable":null,"fresh":true}
{"reason":"compiler-artifact","package_id":"path+file:///mnt/data1/nix/vendor/rust/cargo2nix/submodules/semver#1.0.27","manifest_path":"/mnt/data1/nix/vendor/rust/cargo2nix/submodules/semver/Cargo.toml","target":{"kind":["custom-build"],"crate_types":["bin"],"name":"build-script-build","src_path":"/mnt/data1/nix/vendor/rust/cargo2nix/submodules/semver/build.rs","edition":"2018","doc":false,"doctest":false,"test":false},"profile":{"opt_level":"0","debuginfo":0,"debug_assertions":true,"overflow_checks":true,"test":false},"features":["default","std"],"filenames":["/mnt/data1/nix/vendor/rust/cargo2nix/target/debug/build/semver-6fe2f059b24cdf92/build-script-build"],"executable":null,"fresh":true}
   Compiling query-group-macro v0.0.0 (/mnt/data1/nix/vendor/rust/cargo2nix/submodules/rust-analyzer/crates/query-group-macro)
{"reason":"compiler-artifact","package_id":"registry+https://github.com/rust-lang/crates.io-index#cov-mark@2.2.0","manifest_path":"/home/mdupont/.cargo/registry/src/index.crates.io-1949cf8c6b5b557f/cov-mark-2.2.0/Cargo.toml","target":{"kind":["lib"],"crate_types":["lib"],"name":"cov_mark","src_path":"/home/mdupont/.cargo/registry/src/index.crates.io-1949cf8c6b5b557f/cov-mark-2.2.0/src/lib.rs","edition":"2021","doc":true,"doctest":true,"test":true},"profile":{"opt_level":"0","debuginfo":2,"debug_assertions":true,"overflow_checks":true,"test":false},"features":["default","enable"],"filenames":["/mnt/data1/nix/vendor/rust/cargo2nix/target/debug/deps/libcov_mark-a8e65831a58452fe.rlib","/mnt/data1/nix/vendor/rust/cargo2nix/target/debug/deps/libcov_mark-a8e65831a58452fe.rmeta"],"executable":null,"fresh":true}
{"reason":"compiler-artifact","package_id":"path+file:///mnt/data1/nix/vendor/rust/cargo2nix/submodules/rayon/rayon-core#1.13.0","manifest_path":"/mnt/data1/nix/vendor/rust/cargo2nix/submodules/rayon/rayon-core/Cargo.toml","target":{"kind":["lib"],"crate_types":["lib"],"name":"rayon_core","src_path":"/mnt/data1/nix/vendor/rust/cargo2nix/submodules/rayon/rayon-core/src/lib.rs","edition":"2024","doc":true,"doctest":true,"test":true},"profile":{"opt_level":"0","debuginfo":2,"debug_assertions":true,"overflow_checks":true,"test":false},"features":[],"filenames":["/mnt/data1/nix/vendor/rust/cargo2nix/target/debug/deps/librayon_core-e09e058607afedc1.rlib","/mnt/data1/nix/vendor/rust/cargo2nix/target/debug/deps/librayon_core-e09e058607afedc1.rmeta"],"executable":null,"fresh":true}
{"reason":"compiler-artifact","package_id":"registry+https://github.com/rust-lang/crates.io-index#intrusive-collections@0.9.7","manifest_path":"/home/mdupont/.cargo/registry/src/index.crates.io-1949cf8c6b5b557f/intrusive-collections-0.9.7/Cargo.toml","target":{"kind":["lib"],"crate_types":["lib"],"name":"intrusive_collections","src_path":"/home/mdupont/.cargo/registry/src/index.crates.io-1949cf8c6b5b557f/intrusive-collections-0.9.7/src/lib.rs","edition":"2018","doc":true,"doctest":true,"test":true},"profile":{"opt_level":"0","debuginfo":2,"debug_assertions":true,"overflow_checks":true,"test":false},"features":["alloc","default"],"filenames":["/mnt/data1/nix/vendor/rust/cargo2nix/target/debug/deps/libintrusive_collections-5f267063a3fe473e.rlib","/mnt/data1/nix/vendor/rust/cargo2nix/target/debug/deps/libintrusive_collections-5f267063a3fe473e.rmeta"],"executable":null,"fresh":true}
   Compiling paths v0.0.0 (/mnt/data1/nix/vendor/rust/cargo2nix/submodules/rust-analyzer/crates/paths)
{"reason":"build-script-executed","package_id":"path+file:///mnt/data1/nix/vendor/rust/cargo2nix/submodules/semver#1.0.27","linked_libs":[],"linked_paths":[],"cfgs":[],"env":[],"out_dir":"/mnt/data1/nix/vendor/rust/cargo2nix/target/debug/build/semver-60bbe613bcae052e/out"}
{"reason":"compiler-artifact","package_id":"path+file:///mnt/data1/nix/vendor/rust/cargo2nix/submodules/rayon#1.11.0","manifest_path":"/mnt/data1/nix/vendor/rust/cargo2nix/submodules/rayon/Cargo.toml","target":{"kind":["lib"],"crate_types":["lib"],"name":"rayon","src_path":"/mnt/data1/nix/vendor/rust/cargo2nix/submodules/rayon/src/lib.rs","edition":"2024","doc":true,"doctest":true,"test":true},"profile":{"opt_level":"0","debuginfo":2,"debug_assertions":true,"overflow_checks":true,"test":false},"features":[],"filenames":["/mnt/data1/nix/vendor/rust/cargo2nix/target/debug/deps/librayon-a14e8289db022f34.rlib","/mnt/data1/nix/vendor/rust/cargo2nix/target/debug/deps/librayon-a14e8289db022f34.rmeta"],"executable":null,"fresh":true}
{"reason":"compiler-artifact","package_id":"path+file:///mnt/data1/nix/vendor/rust/cargo2nix/submodules/semver#1.0.27","manifest_path":"/mnt/data1/nix/vendor/rust/cargo2nix/submodules/semver/Cargo.toml","target":{"kind":["lib"],"crate_types":["lib"],"name":"semver","src_path":"/mnt/data1/nix/vendor/rust/cargo2nix/submodules/semver/src/lib.rs","edition":"2018","doc":true,"doctest":true,"test":true},"profile":{"opt_level":"0","debuginfo":2,"debug_assertions":true,"overflow_checks":true,"test":false},"features":["default","std"],"filenames":["/mnt/data1/nix/vendor/rust/cargo2nix/target/debug/deps/libsemver-ab94629acbae9b72.rlib","/mnt/data1/nix/vendor/rust/cargo2nix/target/debug/deps/libsemver-ab94629acbae9b72.rmeta"],"executable":null,"fresh":true}
{"reason":"compiler-artifact","package_id":"path+file:///mnt/data1/nix/vendor/rust/cargo2nix/submodules/rust-analyzer/crates/paths#0.0.0","manifest_path":"/mnt/data1/nix/vendor/rust/cargo2nix/submodules/rust-analyzer/crates/paths/Cargo.toml","target":{"kind":["lib"],"crate_types":["lib"],"name":"paths","src_path":"/mnt/data1/nix/vendor/rust/cargo2nix/submodules/rust-analyzer/crates/paths/src/lib.rs","edition":"2024","doc":true,"doctest":false,"test":true},"profile":{"opt_level":"0","debuginfo":2,"debug_assertions":true,"overflow_checks":true,"test":false},"features":[],"filenames":["/mnt/data1/nix/vendor/rust/cargo2nix/target/debug/deps/libpaths-a5ad051780d6c586.rlib","/mnt/data1/nix/vendor/rust/cargo2nix/target/debug/deps/libpaths-a5ad051780d6c586.rmeta"],"executable":null,"fresh":false}
{"reason":"compiler-artifact","package_id":"registry+https://github.com/rust-lang/crates.io-index#synstructure@0.13.2","manifest_path":"/home/mdupont/.cargo/registry/src/index.crates.io-1949cf8c6b5b557f/synstructure-0.13.2/Cargo.toml","target":{"kind":["lib"],"crate_types":["lib"],"name":"synstructure","src_path":"/home/mdupont/.cargo/registry/src/index.crates.io-1949cf8c6b5b557f/synstructure-0.13.2/src/lib.rs","edition":"2018","doc":true,"doctest":true,"test":true},"profile":{"opt_level":"0","debuginfo":0,"debug_assertions":true,"overflow_checks":true,"test":false},"features":["default","proc-macro"],"filenames":["/mnt/data1/nix/vendor/rust/cargo2nix/target/debug/deps/libsynstructure-fb7ca6419e2b49ee.rlib","/mnt/data1/nix/vendor/rust/cargo2nix/target/debug/deps/libsynstructure-fb7ca6419e2b49ee.rmeta"],"executable":null,"fresh":false}
   Compiling salsa-macros v0.24.0 (/mnt/data1/nix/vendor/rust/cargo2nix/submodules/salsa/components/salsa-macros)
{"reason":"compiler-artifact","package_id":"path+file:///mnt/data1/nix/vendor/rust/cargo2nix/submodules/hashbrown#0.16.0","manifest_path":"/mnt/data1/nix/vendor/rust/cargo2nix/submodules/hashbrown/Cargo.toml","target":{"kind":["lib"],"crate_types":["lib"],"name":"hashbrown","src_path":"/mnt/data1/nix/vendor/rust/cargo2nix/submodules/hashbrown/src/lib.rs","edition":"2021","doc":true,"doctest":true,"test":true},"profile":{"opt_level":"0","debuginfo":2,"debug_assertions":true,"overflow_checks":true,"test":false},"features":["allocator-api2","default","default-hasher","equivalent","inline-more","raw-entry"],"filenames":["/mnt/data1/nix/vendor/rust/cargo2nix/target/debug/deps/libhashbrown-5d67a2f58ed65a05.rlib","/mnt/data1/nix/vendor/rust/cargo2nix/target/debug/deps/libhashbrown-5d67a2f58ed65a05.rmeta"],"executable":null,"fresh":false}
   Compiling env_filter v0.1.4
{"reason":"compiler-artifact","package_id":"registry+https://github.com/rust-lang/crates.io-index#regex@1.12.2","manifest_path":"/home/mdupont/.cargo/registry/src/index.crates.io-1949cf8c6b5b557f/regex-1.12.2/Cargo.toml","target":{"kind":["lib"],"crate_types":["lib"],"name":"regex","src_path":"/home/mdupont/.cargo/registry/src/index.crates.io-1949cf8c6b5b557f/regex-1.12.2/src/lib.rs","edition":"2021","doc":true,"doctest":true,"test":true},"profile":{"opt_level":"0","debuginfo":2,"debug_assertions":true,"overflow_checks":true,"test":false},"features":["perf","perf-backtrack","perf-cache","perf-dfa","perf-inline","perf-literal","perf-onepass","std"],"filenames":["/mnt/data1/nix/vendor/rust/cargo2nix/target/debug/deps/libregex-cd957de599fe3f75.rlib","/mnt/data1/nix/vendor/rust/cargo2nix/target/debug/deps/libregex-cd957de599fe3f75.rmeta"],"executable":null,"fresh":false}
{"reason":"compiler-artifact","package_id":"registry+https://github.com/rust-lang/crates.io-index#tracing-attributes@0.1.28","manifest_path":"/home/mdupont/.cargo/registry/src/index.crates.io-1949cf8c6b5b557f/tracing-attributes-0.1.28/Cargo.toml","target":{"kind":["proc-macro"],"crate_types":["proc-macro"],"name":"tracing_attributes","src_path":"/home/mdupont/.cargo/registry/src/index.crates.io-1949cf8c6b5b557f/tracing-attributes-0.1.28/src/lib.rs","edition":"2018","doc":true,"doctest":true,"test":true},"profile":{"opt_level":"0","debuginfo":0,"debug_assertions":true,"overflow_checks":true,"test":false},"features":[],"filenames":["/mnt/data1/nix/vendor/rust/cargo2nix/target/debug/deps/libtracing_attributes-0538e91972997c25.so"],"executable":null,"fresh":false}
   Compiling tracing v0.1.41
{"reason":"compiler-artifact","package_id":"path+file:///mnt/data1/nix/vendor/rust/cargo2nix/submodules/rust-analyzer/crates/query-group-macro#0.0.0","manifest_path":"/mnt/data1/nix/vendor/rust/cargo2nix/submodules/rust-analyzer/crates/query-group-macro/Cargo.toml","target":{"kind":["proc-macro"],"crate_types":["proc-macro"],"name":"query_group_macro","src_path":"/mnt/data1/nix/vendor/rust/cargo2nix/submodules/rust-analyzer/crates/query-group-macro/src/lib.rs","edition":"2024","doc":true,"doctest":false,"test":true},"profile":{"opt_level":"0","debuginfo":0,"debug_assertions":true,"overflow_checks":true,"test":false},"features":[],"filenames":["/mnt/data1/nix/vendor/rust/cargo2nix/target/debug/deps/libquery_group_macro-89f5204832617595.so"],"executable":null,"fresh":false}
{"reason":"compiler-artifact","package_id":"path+file:///mnt/data1/nix/vendor/rust/cargo2nix/submodules/tracing/tracing-attributes#0.1.30","manifest_path":"/mnt/data1/nix/vendor/rust/cargo2nix/submodules/tracing/tracing-attributes/Cargo.toml","target":{"kind":["proc-macro"],"crate_types":["proc-macro"],"name":"tracing_attributes","src_path":"/mnt/data1/nix/vendor/rust/cargo2nix/submodules/tracing/tracing-attributes/src/lib.rs","edition":"2018","doc":true,"doctest":true,"test":true},"profile":{"opt_level":"0","debuginfo":0,"debug_assertions":true,"overflow_checks":true,"test":false},"features":[],"filenames":["/mnt/data1/nix/vendor/rust/cargo2nix/target/debug/deps/libtracing_attributes-7b429244ba5755ee.so"],"executable":null,"fresh":false}
{"reason":"compiler-artifact","package_id":"path+file:///mnt/data1/nix/vendor/rust/cargo2nix/submodules/typesize/typesize-derive#0.1.11","manifest_path":"/mnt/data1/nix/vendor/rust/cargo2nix/submodules/typesize/typesize-derive/Cargo.toml","target":{"kind":["proc-macro"],"crate_types":["proc-macro"],"name":"typesize_derive","src_path":"/mnt/data1/nix/vendor/rust/cargo2nix/submodules/typesize/typesize-derive/src/lib.rs","edition":"2021","doc":true,"doctest":true,"test":true},"profile":{"opt_level":"0","debuginfo":0,"debug_assertions":true,"overflow_checks":true,"test":false},"features":[],"filenames":["/mnt/data1/nix/vendor/rust/cargo2nix/target/debug/deps/libtypesize_derive-fe79792fd1abf1ac.so"],"executable":null,"fresh":false}
   Compiling tracing v0.1.41 (/mnt/data1/nix/vendor/rust/cargo2nix/submodules/tracing/tracing)
   Compiling typesize v0.1.14 (/mnt/data1/nix/vendor/rust/cargo2nix/submodules/typesize)
   Compiling env_logger v0.11.8
{"reason":"compiler-message","package_id":"path+file:///mnt/data1/nix/vendor/rust/cargo2nix/submodules/typesize#0.1.14","manifest_path":"/mnt/data1/nix/vendor/rust/cargo2nix/submodules/typesize/Cargo.toml","target":{"kind":["lib"],"crate_types":["lib"],"name":"typesize","src_path":"/mnt/data1/nix/vendor/rust/cargo2nix/submodules/typesize/src/lib.rs","edition":"2021","doc":true,"doctest":true,"test":true},"message":{"rendered":"warning: unexpected `cfg` condition value: `hashbrown_15`\n  --> submodules/typesize/src/libs/mod.rs:15:7\n   |\n15 | #[cfg(feature = \"hashbrown_15\")]\n   |       ^^^^^^^^^^--------------\n   |                 |\n   |                 help: there is a expected value with a similar name: `\"hashbrown\"`\n   |\n   = note: expected values for `feature` are: `arrayvec`, `bitvec`, `chrono`, `dashmap`, `default`, `details`, `extract_map_01`, `halfbrown`, `hashbrown`, `mini_moka`, `nonmax`, `parking_lot`, `saturating_impls`, `secrecy`, `serde_json`, `simd_json`, `std`, `time`, `url`, and `web-time`\n   = help: consider adding `hashbrown_15` as a feature in `Cargo.toml`\n   = note: see <https://doc.rust-lang.org/nightly/rustc/check-cfg/cargo-specifics.html> for more information about checking conditional configuration\n   = note: `#[warn(unexpected_cfgs)]` on by default\n\n","$message_type":"diagnostic","children":[{"children":[],"code":null,"level":"note","message":"expected values for `feature` are: `arrayvec`, `bitvec`, `chrono`, `dashmap`, `default`, `details`, `extract_map_01`, `halfbrown`, `hashbrown`, `mini_moka`, `nonmax`, `parking_lot`, `saturating_impls`, `secrecy`, `serde_json`, `simd_json`, `std`, `time`, `url`, and `web-time`","rendered":null,"spans":[]},{"children":[],"code":null,"level":"help","message":"consider adding `hashbrown_15` as a feature in `Cargo.toml`","rendered":null,"spans":[]},{"children":[],"code":null,"level":"note","message":"see <https://doc.rust-lang.org/nightly/rustc/check-cfg/cargo-specifics.html> for more information about checking conditional configuration","rendered":null,"spans":[]},{"children":[],"code":null,"level":"note","message":"`#[warn(unexpected_cfgs)]` on by default","rendered":null,"spans":[]},{"children":[],"code":null,"level":"help","message":"there is a expected value with a similar name","rendered":null,"spans":[{"byte_end":337,"byte_start":323,"column_end":31,"column_start":17,"expansion":null,"file_name":"submodules/typesize/src/libs/mod.rs","is_primary":true,"label":null,"line_end":15,"line_start":15,"suggested_replacement":"\"hashbrown\"","suggestion_applicability":"MaybeIncorrect","text":[{"highlight_end":31,"highlight_start":17,"text":"#[cfg(feature = \"hashbrown_15\")]"}]}]}],"code":{"code":"unexpected_cfgs","explanation":null},"level":"warning","message":"unexpected `cfg` condition value: `hashbrown_15`","spans":[{"byte_end":337,"byte_start":313,"column_end":31,"column_start":7,"expansion":null,"file_name":"submodules/typesize/src/libs/mod.rs","is_primary":true,"label":null,"line_end":15,"line_start":15,"suggested_replacement":null,"suggestion_applicability":null,"text":[{"highlight_end":31,"highlight_start":7,"text":"#[cfg(feature = \"hashbrown_15\")]"}]}]}}
{"reason":"compiler-artifact","package_id":"registry+https://github.com/rust-lang/crates.io-index#env_filter@0.1.4","manifest_path":"/home/mdupont/.cargo/registry/src/index.crates.io-1949cf8c6b5b557f/env_filter-0.1.4/Cargo.toml","target":{"kind":["lib"],"crate_types":["lib"],"name":"env_filter","src_path":"/home/mdupont/.cargo/registry/src/index.crates.io-1949cf8c6b5b557f/env_filter-0.1.4/src/lib.rs","edition":"2021","doc":true,"doctest":true,"test":true},"profile":{"opt_level":"0","debuginfo":2,"debug_assertions":true,"overflow_checks":true,"test":false},"features":["regex"],"filenames":["/mnt/data1/nix/vendor/rust/cargo2nix/target/debug/deps/libenv_filter-a99886e4d98ce127.rlib","/mnt/data1/nix/vendor/rust/cargo2nix/target/debug/deps/libenv_filter-a99886e4d98ce127.rmeta"],"executable":null,"fresh":false}
   Compiling stdx v0.0.0 (/mnt/data1/nix/vendor/rust/cargo2nix/submodules/rust-analyzer/crates/stdx)
   Compiling parser v0.0.0 (/mnt/data1/nix/vendor/rust/cargo2nix/submodules/rust-analyzer/crates/parser)
{"reason":"compiler-artifact","package_id":"path+file:///mnt/data1/nix/vendor/rust/cargo2nix/submodules/typesize#0.1.14","manifest_path":"/mnt/data1/nix/vendor/rust/cargo2nix/submodules/typesize/Cargo.toml","target":{"kind":["lib"],"crate_types":["lib"],"name":"typesize","src_path":"/mnt/data1/nix/vendor/rust/cargo2nix/submodules/typesize/src/lib.rs","edition":"2021","doc":true,"doctest":true,"test":true},"profile":{"opt_level":"0","debuginfo":2,"debug_assertions":true,"overflow_checks":true,"test":false},"features":["default","std"],"filenames":["/mnt/data1/nix/vendor/rust/cargo2nix/target/debug/deps/libtypesize-6765fe75815b2710.rlib","/mnt/data1/nix/vendor/rust/cargo2nix/target/debug/deps/libtypesize-6765fe75815b2710.rmeta"],"executable":null,"fresh":false}
   Compiling quickcheck v1.0.3 (/mnt/data1/nix/vendor/rust/cargo2nix/submodules/quickcheck)
{"reason":"compiler-artifact","package_id":"path+file:///mnt/data1/nix/vendor/rust/cargo2nix/submodules/tracing/tracing#0.1.41","manifest_path":"/mnt/data1/nix/vendor/rust/cargo2nix/submodules/tracing/tracing/Cargo.toml","target":{"kind":["lib"],"crate_types":["lib"],"name":"tracing","src_path":"/mnt/data1/nix/vendor/rust/cargo2nix/submodules/tracing/tracing/src/lib.rs","edition":"2018","doc":true,"doctest":true,"test":true},"profile":{"opt_level":"0","debuginfo":2,"debug_assertions":true,"overflow_checks":true,"test":false},"features":["attributes","default","std","tracing-attributes"],"filenames":["/mnt/data1/nix/vendor/rust/cargo2nix/target/debug/deps/libtracing-19a95b145c475044.rlib","/mnt/data1/nix/vendor/rust/cargo2nix/target/debug/deps/libtracing-19a95b145c475044.rmeta"],"executable":null,"fresh":false}
{"reason":"compiler-artifact","package_id":"registry+https://github.com/rust-lang/crates.io-index#tracing@0.1.41","manifest_path":"/home/mdupont/.cargo/registry/src/index.crates.io-1949cf8c6b5b557f/tracing-0.1.41/Cargo.toml","target":{"kind":["lib"],"crate_types":["lib"],"name":"tracing","src_path":"/home/mdupont/.cargo/registry/src/index.crates.io-1949cf8c6b5b557f/tracing-0.1.41/src/lib.rs","edition":"2018","doc":true,"doctest":true,"test":true},"profile":{"opt_level":"0","debuginfo":2,"debug_assertions":true,"overflow_checks":true,"test":false},"features":["attributes","default","std","tracing-attributes"],"filenames":["/mnt/data1/nix/vendor/rust/cargo2nix/target/debug/deps/libtracing-46d6e6e726345f86.rlib","/mnt/data1/nix/vendor/rust/cargo2nix/target/debug/deps/libtracing-46d6e6e726345f86.rmeta"],"executable":null,"fresh":false}
{"reason":"compiler-artifact","package_id":"registry+https://github.com/rust-lang/crates.io-index#env_logger@0.11.8","manifest_path":"/home/mdupont/.cargo/registry/src/index.crates.io-1949cf8c6b5b557f/env_logger-0.11.8/Cargo.toml","target":{"kind":["lib"],"crate_types":["lib"],"name":"env_logger","src_path":"/home/mdupont/.cargo/registry/src/index.crates.io-1949cf8c6b5b557f/env_logger-0.11.8/src/lib.rs","edition":"2021","doc":true,"doctest":true,"test":true},"profile":{"opt_level":"0","debuginfo":2,"debug_assertions":true,"overflow_checks":true,"test":false},"features":["regex"],"filenames":["/mnt/data1/nix/vendor/rust/cargo2nix/target/debug/deps/libenv_logger-85c4db1c4b4dbf84.rlib","/mnt/data1/nix/vendor/rust/cargo2nix/target/debug/deps/libenv_logger-85c4db1c4b4dbf84.rmeta"],"executable":null,"fresh":false}
{"reason":"compiler-artifact","package_id":"path+file:///mnt/data1/nix/vendor/rust/cargo2nix/submodules/rust-analyzer/crates/stdx#0.0.0","manifest_path":"/mnt/data1/nix/vendor/rust/cargo2nix/submodules/rust-analyzer/crates/stdx/Cargo.toml","target":{"kind":["lib"],"crate_types":["lib"],"name":"stdx","src_path":"/mnt/data1/nix/vendor/rust/cargo2nix/submodules/rust-analyzer/crates/stdx/src/lib.rs","edition":"2024","doc":true,"doctest":false,"test":true},"profile":{"opt_level":"0","debuginfo":2,"debug_assertions":true,"overflow_checks":true,"test":false},"features":[],"filenames":["/mnt/data1/nix/vendor/rust/cargo2nix/target/debug/deps/libstdx-7f0a4f91ea15759b.rlib","/mnt/data1/nix/vendor/rust/cargo2nix/target/debug/deps/libstdx-7f0a4f91ea15759b.rmeta"],"executable":null,"fresh":false}
{"reason":"compiler-artifact","package_id":"path+file:///mnt/data1/nix/vendor/rust/cargo2nix/submodules/salsa/components/salsa-macros#0.24.0","manifest_path":"/mnt/data1/nix/vendor/rust/cargo2nix/submodules/salsa/components/salsa-macros/Cargo.toml","target":{"kind":["proc-macro"],"crate_types":["proc-macro"],"name":"salsa_macros","src_path":"/mnt/data1/nix/vendor/rust/cargo2nix/submodules/salsa/components/salsa-macros/src/lib.rs","edition":"2024","doc":true,"doctest":true,"test":true},"profile":{"opt_level":"0","debuginfo":0,"debug_assertions":true,"overflow_checks":true,"test":false},"features":["default"],"filenames":["/mnt/data1/nix/vendor/rust/cargo2nix/target/debug/deps/libsalsa_macros-0a62adecea04a82b.so"],"executable":null,"fresh":false}
   Compiling salsa v0.24.0 (/mnt/data1/nix/vendor/rust/cargo2nix/submodules/salsa)
   Compiling indexmap v2.12.0 (/mnt/data1/nix/vendor/rust/cargo2nix/submodules/indexmap)
{"reason":"compiler-message","package_id":"path+file:///mnt/data1/nix/vendor/rust/cargo2nix/submodules/indexmap#2.12.0","manifest_path":"/mnt/data1/nix/vendor/rust/cargo2nix/submodules/indexmap/Cargo.toml","target":{"kind":["lib"],"crate_types":["lib"],"name":"indexmap","src_path":"/mnt/data1/nix/vendor/rust/cargo2nix/submodules/indexmap/src/lib.rs","edition":"2021","doc":true,"doctest":true,"test":true},"message":{"rendered":"warning: unexpected `cfg` condition value: `borsh`\n   --> submodules/indexmap/src/lib.rs:111:7\n    |\n111 | #[cfg(feature = \"borsh\")]\n    |       ^^^^^^^^^^^^^^^^^\n    |\n    = note: expected values for `feature` are: `default`, `serde`, `std`, and `test_debug`\n    = help: consider adding `borsh` as a feature in `Cargo.toml`\n    = note: see <https://doc.rust-lang.org/nightly/rustc/check-cfg/cargo-specifics.html> for more information about checking conditional configuration\n    = note: `#[warn(unexpected_cfgs)]` on by default\n\n","$message_type":"diagnostic","children":[{"children":[],"code":null,"level":"note","message":"expected values for `feature` are: `default`, `serde`, `std`, and `test_debug`","rendered":null,"spans":[]},{"children":[],"code":null,"level":"help","message":"consider adding `borsh` as a feature in `Cargo.toml`","rendered":null,"spans":[]},{"children":[],"code":null,"level":"note","message":"see <https://doc.rust-lang.org/nightly/rustc/check-cfg/cargo-specifics.html> for more information about checking conditional configuration","rendered":null,"spans":[]},{"children":[],"code":null,"level":"note","message":"`#[warn(unexpected_cfgs)]` on by default","rendered":null,"spans":[]}],"code":{"code":"unexpected_cfgs","explanation":null},"level":"warning","message":"unexpected `cfg` condition value: `borsh`","spans":[{"byte_end":4652,"byte_start":4635,"column_end":24,"column_start":7,"expansion":null,"file_name":"submodules/indexmap/src/lib.rs","is_primary":true,"label":null,"line_end":111,"line_start":111,"suggested_replacement":null,"suggestion_applicability":null,"text":[{"highlight_end":24,"highlight_start":7,"text":"#[cfg(feature = \"borsh\")]"}]}]}}
{"reason":"compiler-message","package_id":"path+file:///mnt/data1/nix/vendor/rust/cargo2nix/submodules/indexmap#2.12.0","manifest_path":"/mnt/data1/nix/vendor/rust/cargo2nix/submodules/indexmap/Cargo.toml","target":{"kind":["lib"],"crate_types":["lib"],"name":"indexmap","src_path":"/mnt/data1/nix/vendor/rust/cargo2nix/submodules/indexmap/src/lib.rs","edition":"2021","doc":true,"doctest":true,"test":true},"message":{"rendered":"warning: unexpected `cfg` condition value: `sval`\n   --> submodules/indexmap/src/lib.rs:115:7\n    |\n115 | #[cfg(feature = \"sval\")]\n    |       ^^^^^^^^^^^^^^^^\n    |\n    = note: expected values for `feature` are: `default`, `serde`, `std`, and `test_debug`\n    = help: consider adding `sval` as a feature in `Cargo.toml`\n    = note: see <https://doc.rust-lang.org/nightly/rustc/check-cfg/cargo-specifics.html> for more information about checking conditional configuration\n\n","$message_type":"diagnostic","children":[{"children":[],"code":null,"level":"note","message":"expected values for `feature` are: `default`, `serde`, `std`, and `test_debug`","rendered":null,"spans":[]},{"children":[],"code":null,"level":"help","message":"consider adding `sval` as a feature in `Cargo.toml`","rendered":null,"spans":[]},{"children":[],"code":null,"level":"note","message":"see <https://doc.rust-lang.org/nightly/rustc/check-cfg/cargo-specifics.html> for more information about checking conditional configuration","rendered":null,"spans":[]}],"code":{"code":"unexpected_cfgs","explanation":null},"level":"warning","message":"unexpected `cfg` condition value: `sval`","spans":[{"byte_end":4725,"byte_start":4709,"column_end":23,"column_start":7,"expansion":null,"file_name":"submodules/indexmap/src/lib.rs","is_primary":true,"label":null,"line_end":115,"line_start":115,"suggested_replacement":null,"suggestion_applicability":null,"text":[{"highlight_end":23,"highlight_start":7,"text":"#[cfg(feature = \"sval\")]"}]}]}}
{"reason":"compiler-message","package_id":"path+file:///mnt/data1/nix/vendor/rust/cargo2nix/submodules/indexmap#2.12.0","manifest_path":"/mnt/data1/nix/vendor/rust/cargo2nix/submodules/indexmap/Cargo.toml","target":{"kind":["lib"],"crate_types":["lib"],"name":"indexmap","src_path":"/mnt/data1/nix/vendor/rust/cargo2nix/submodules/indexmap/src/lib.rs","edition":"2021","doc":true,"doctest":true,"test":true},"message":{"rendered":"warning: unexpected `cfg` condition value: `rayon`\n   --> submodules/indexmap/src/lib.rs:124:7\n    |\n124 | #[cfg(feature = \"rayon\")]\n    |       ^^^^^^^^^^^^^^^^^\n    |\n    = note: expected values for `feature` are: `default`, `serde`, `std`, and `test_debug`\n    = help: consider adding `rayon` as a feature in `Cargo.toml`\n    = note: see <https://doc.rust-lang.org/nightly/rustc/check-cfg/cargo-specifics.html> for more information about checking conditional configuration\n\n","$message_type":"diagnostic","children":[{"children":[],"code":null,"level":"note","message":"expected values for `feature` are: `default`, `serde`, `std`, and `test_debug`","rendered":null,"spans":[]},{"children":[],"code":null,"level":"help","message":"consider adding `rayon` as a feature in `Cargo.toml`","rendered":null,"spans":[]},{"children":[],"code":null,"level":"note","message":"see <https://doc.rust-lang.org/nightly/rustc/check-cfg/cargo-specifics.html> for more information about checking conditional configuration","rendered":null,"spans":[]}],"code":{"code":"unexpected_cfgs","explanation":null},"level":"warning","message":"unexpected `cfg` condition value: `rayon`","spans":[{"byte_end":4913,"byte_start":4896,"column_end":24,"column_start":7,"expansion":null,"file_name":"submodules/indexmap/src/lib.rs","is_primary":true,"label":null,"line_end":124,"line_start":124,"suggested_replacement":null,"suggestion_applicability":null,"text":[{"highlight_end":24,"highlight_start":7,"text":"#[cfg(feature = \"rayon\")]"}]}]}}
{"reason":"compiler-message","package_id":"path+file:///mnt/data1/nix/vendor/rust/cargo2nix/submodules/indexmap#2.12.0","manifest_path":"/mnt/data1/nix/vendor/rust/cargo2nix/submodules/indexmap/Cargo.toml","target":{"kind":["lib"],"crate_types":["lib"],"name":"indexmap","src_path":"/mnt/data1/nix/vendor/rust/cargo2nix/submodules/indexmap/src/lib.rs","edition":"2021","doc":true,"doctest":true,"test":true},"message":{"rendered":"warning: unexpected `cfg` condition value: `arbitrary`\n --> submodules/indexmap/src/arbitrary.rs:1:7\n  |\n1 | #[cfg(feature = \"arbitrary\")]\n  |       ^^^^^^^^^^^^^^^^^^^^^\n  |\n  = note: expected values for `feature` are: `default`, `serde`, `std`, and `test_debug`\n  = help: consider adding `arbitrary` as a feature in `Cargo.toml`\n  = note: see <https://doc.rust-lang.org/nightly/rustc/check-cfg/cargo-specifics.html> for more information about checking conditional configuration\n\n","$message_type":"diagnostic","children":[{"children":[],"code":null,"level":"note","message":"expected values for `feature` are: `default`, `serde`, `std`, and `test_debug`","rendered":null,"spans":[]},{"children":[],"code":null,"level":"help","message":"consider adding `arbitrary` as a feature in `Cargo.toml`","rendered":null,"spans":[]},{"children":[],"code":null,"level":"note","message":"see <https://doc.rust-lang.org/nightly/rustc/check-cfg/cargo-specifics.html> for more information about checking conditional configuration","rendered":null,"spans":[]}],"code":{"code":"unexpected_cfgs","explanation":null},"level":"warning","message":"unexpected `cfg` condition value: `arbitrary`","spans":[{"byte_end":27,"byte_start":6,"column_end":28,"column_start":7,"expansion":null,"file_name":"submodules/indexmap/src/arbitrary.rs","is_primary":true,"label":null,"line_end":1,"line_start":1,"suggested_replacement":null,"suggestion_applicability":null,"text":[{"highlight_end":28,"highlight_start":7,"text":"#[cfg(feature = \"arbitrary\")]"}]}]}}
{"reason":"compiler-message","package_id":"path+file:///mnt/data1/nix/vendor/rust/cargo2nix/submodules/indexmap#2.12.0","manifest_path":"/mnt/data1/nix/vendor/rust/cargo2nix/submodules/indexmap/Cargo.toml","target":{"kind":["lib"],"crate_types":["lib"],"name":"indexmap","src_path":"/mnt/data1/nix/vendor/rust/cargo2nix/submodules/indexmap/src/lib.rs","edition":"2021","doc":true,"doctest":true,"test":true},"message":{"rendered":"warning: unexpected `cfg` condition value: `quickcheck`\n  --> submodules/indexmap/src/arbitrary.rs:38:7\n   |\n38 | #[cfg(feature = \"quickcheck\")]\n   |       ^^^^^^^^^^^^^^^^^^^^^^\n   |\n   = note: expected values for `feature` are: `default`, `serde`, `std`, and `test_debug`\n   = help: consider adding `quickcheck` as a feature in `Cargo.toml`\n   = note: see <https://doc.rust-lang.org/nightly/rustc/check-cfg/cargo-specifics.html> for more information about checking conditional configuration\n\n","$message_type":"diagnostic","children":[{"children":[],"code":null,"level":"note","message":"expected values for `feature` are: `default`, `serde`, `std`, and `test_debug`","rendered":null,"spans":[]},{"children":[],"code":null,"level":"help","message":"consider adding `quickcheck` as a feature in `Cargo.toml`","rendered":null,"spans":[]},{"children":[],"code":null,"level":"note","message":"see <https://doc.rust-lang.org/nightly/rustc/check-cfg/cargo-specifics.html> for more information about checking conditional configuration","rendered":null,"spans":[]}],"code":{"code":"unexpected_cfgs","explanation":null},"level":"warning","message":"unexpected `cfg` condition value: `quickcheck`","spans":[{"byte_end":1093,"byte_start":1071,"column_end":29,"column_start":7,"expansion":null,"file_name":"submodules/indexmap/src/arbitrary.rs","is_primary":true,"label":null,"line_end":38,"line_start":38,"suggested_replacement":null,"suggestion_applicability":null,"text":[{"highlight_end":29,"highlight_start":7,"text":"#[cfg(feature = \"quickcheck\")]"}]}]}}
{"reason":"compiler-message","package_id":"path+file:///mnt/data1/nix/vendor/rust/cargo2nix/submodules/indexmap#2.12.0","manifest_path":"/mnt/data1/nix/vendor/rust/cargo2nix/submodules/indexmap/Cargo.toml","target":{"kind":["lib"],"crate_types":["lib"],"name":"indexmap","src_path":"/mnt/data1/nix/vendor/rust/cargo2nix/submodules/indexmap/src/lib.rs","edition":"2021","doc":true,"doctest":true,"test":true},"message":{"rendered":"warning: unexpected `cfg` condition value: `rayon`\n   --> submodules/indexmap/src/macros.rs:202:7\n    |\n202 | #[cfg(feature = \"rayon\")]\n    |       ^^^^^^^^^^^^^^^^^\n    |\n    = note: expected values for `feature` are: `default`, `serde`, `std`, and `test_debug`\n    = help: consider adding `rayon` as a feature in `Cargo.toml`\n    = note: see <https://doc.rust-lang.org/nightly/rustc/check-cfg/cargo-specifics.html> for more information about checking conditional configuration\n\n","$message_type":"diagnostic","children":[{"children":[],"code":null,"level":"note","message":"expected values for `feature` are: `default`, `serde`, `std`, and `test_debug`","rendered":null,"spans":[]},{"children":[],"code":null,"level":"help","message":"consider adding `rayon` as a feature in `Cargo.toml`","rendered":null,"spans":[]},{"children":[],"code":null,"level":"note","message":"see <https://doc.rust-lang.org/nightly/rustc/check-cfg/cargo-specifics.html> for more information about checking conditional configuration","rendered":null,"spans":[]}],"code":{"code":"unexpected_cfgs","explanation":null},"level":"warning","message":"unexpected `cfg` condition value: `rayon`","spans":[{"byte_end":6017,"byte_start":6000,"column_end":24,"column_start":7,"expansion":null,"file_name":"submodules/indexmap/src/macros.rs","is_primary":true,"label":null,"line_end":202,"line_start":202,"suggested_replacement":null,"suggestion_applicability":null,"text":[{"highlight_end":24,"highlight_start":7,"text":"#[cfg(feature = \"rayon\")]"}]}]}}
{"reason":"compiler-message","package_id":"path+file:///mnt/data1/nix/vendor/rust/cargo2nix/submodules/indexmap#2.12.0","manifest_path":"/mnt/data1/nix/vendor/rust/cargo2nix/submodules/indexmap/Cargo.toml","target":{"kind":["lib"],"crate_types":["lib"],"name":"indexmap","src_path":"/mnt/data1/nix/vendor/rust/cargo2nix/submodules/indexmap/src/lib.rs","edition":"2021","doc":true,"doctest":true,"test":true},"message":{"rendered":"warning: unexpected `cfg` condition value: `rayon`\n   --> submodules/indexmap/src/macros.rs:227:7\n    |\n227 | #[cfg(feature = \"rayon\")]\n    |       ^^^^^^^^^^^^^^^^^\n    |\n    = note: expected values for `feature` are: `default`, `serde`, `std`, and `test_debug`\n    = help: consider adding `rayon` as a feature in `Cargo.toml`\n    = note: see <https://doc.rust-lang.org/nightly/rustc/check-cfg/cargo-specifics.html> for more information about checking conditional configuration\n\n","$message_type":"diagnostic","children":[{"children":[],"code":null,"level":"note","message":"expected values for `feature` are: `default`, `serde`, `std`, and `test_debug`","rendered":null,"spans":[]},{"children":[],"code":null,"level":"help","message":"consider adding `rayon` as a feature in `Cargo.toml`","rendered":null,"spans":[]},{"children":[],"code":null,"level":"note","message":"see <https://doc.rust-lang.org/nightly/rustc/check-cfg/cargo-specifics.html> for more information about checking conditional configuration","rendered":null,"spans":[]}],"code":{"code":"unexpected_cfgs","explanation":null},"level":"warning","message":"unexpected `cfg` condition value: `rayon`","spans":[{"byte_end":6919,"byte_start":6902,"column_end":24,"column_start":7,"expansion":null,"file_name":"submodules/indexmap/src/macros.rs","is_primary":true,"label":null,"line_end":227,"line_start":227,"suggested_replacement":null,"suggestion_applicability":null,"text":[{"highlight_end":24,"highlight_start":7,"text":"#[cfg(feature = \"rayon\")]"}]}]}}
{"reason":"compiler-message","package_id":"path+file:///mnt/data1/nix/vendor/rust/cargo2nix/submodules/indexmap#2.12.0","manifest_path":"/mnt/data1/nix/vendor/rust/cargo2nix/submodules/indexmap/Cargo.toml","target":{"kind":["lib"],"crate_types":["lib"],"name":"indexmap","src_path":"/mnt/data1/nix/vendor/rust/cargo2nix/submodules/indexmap/src/lib.rs","edition":"2021","doc":true,"doctest":true,"test":true},"message":{"rendered":"warning: unexpected `cfg` condition value: `rayon`\n  --> submodules/indexmap/src/map.rs:26:7\n   |\n26 | #[cfg(feature = \"rayon\")]\n   |       ^^^^^^^^^^^^^^^^^\n   |\n   = note: expected values for `feature` are: `default`, `serde`, `std`, and `test_debug`\n   = help: consider adding `rayon` as a feature in `Cargo.toml`\n   = note: see <https://doc.rust-lang.org/nightly/rustc/check-cfg/cargo-specifics.html> for more information about checking conditional configuration\n\n","$message_type":"diagnostic","children":[{"children":[],"code":null,"level":"note","message":"expected values for `feature` are: `default`, `serde`, `std`, and `test_debug`","rendered":null,"spans":[]},{"children":[],"code":null,"level":"help","message":"consider adding `rayon` as a feature in `Cargo.toml`","rendered":null,"spans":[]},{"children":[],"code":null,"level":"note","message":"see <https://doc.rust-lang.org/nightly/rustc/check-cfg/cargo-specifics.html> for more information about checking conditional configuration","rendered":null,"spans":[]}],"code":{"code":"unexpected_cfgs","explanation":null},"level":"warning","message":"unexpected `cfg` condition value: `rayon`","spans":[{"byte_end":696,"byte_start":679,"column_end":24,"column_start":7,"expansion":null,"file_name":"submodules/indexmap/src/map.rs","is_primary":true,"label":null,"line_end":26,"line_start":26,"suggested_replacement":null,"suggestion_applicability":null,"text":[{"highlight_end":24,"highlight_start":7,"text":"#[cfg(feature = \"rayon\")]"}]}]}}
{"reason":"compiler-message","package_id":"path+file:///mnt/data1/nix/vendor/rust/cargo2nix/submodules/indexmap#2.12.0","manifest_path":"/mnt/data1/nix/vendor/rust/cargo2nix/submodules/indexmap/Cargo.toml","target":{"kind":["lib"],"crate_types":["lib"],"name":"indexmap","src_path":"/mnt/data1/nix/vendor/rust/cargo2nix/submodules/indexmap/src/lib.rs","edition":"2021","doc":true,"doctest":true,"test":true},"message":{"rendered":"warning: unexpected `cfg` condition value: `rayon`\n   --> submodules/indexmap/src/map/core.rs:193:11\n    |\n193 |     #[cfg(feature = \"rayon\")]\n    |           ^^^^^^^^^^^^^^^^^\n    |\n    = note: expected values for `feature` are: `default`, `serde`, `std`, and `test_debug`\n    = help: consider adding `rayon` as a feature in `Cargo.toml`\n    = note: see <https://doc.rust-lang.org/nightly/rustc/check-cfg/cargo-specifics.html> for more information about checking conditional configuration\n\n","$message_type":"diagnostic","children":[{"children":[],"code":null,"level":"note","message":"expected values for `feature` are: `default`, `serde`, `std`, and `test_debug`","rendered":null,"spans":[]},{"children":[],"code":null,"level":"help","message":"consider adding `rayon` as a feature in `Cargo.toml`","rendered":null,"spans":[]},{"children":[],"code":null,"level":"note","message":"see <https://doc.rust-lang.org/nightly/rustc/check-cfg/cargo-specifics.html> for more information about checking conditional configuration","rendered":null,"spans":[]}],"code":{"code":"unexpected_cfgs","explanation":null},"level":"warning","message":"unexpected `cfg` condition value: `rayon`","spans":[{"byte_end":5539,"byte_start":5522,"column_end":28,"column_start":11,"expansion":null,"file_name":"submodules/indexmap/src/map/core.rs","is_primary":true,"label":null,"line_end":193,"line_start":193,"suggested_replacement":null,"suggestion_applicability":null,"text":[{"highlight_end":28,"highlight_start":11,"text":"    #[cfg(feature = \"rayon\")]"}]}]}}
{"reason":"compiler-message","package_id":"path+file:///mnt/data1/nix/vendor/rust/cargo2nix/submodules/indexmap#2.12.0","manifest_path":"/mnt/data1/nix/vendor/rust/cargo2nix/submodules/indexmap/Cargo.toml","target":{"kind":["lib"],"crate_types":["lib"],"name":"indexmap","src_path":"/mnt/data1/nix/vendor/rust/cargo2nix/submodules/indexmap/src/lib.rs","edition":"2021","doc":true,"doctest":true,"test":true},"message":{"rendered":"warning: unexpected `cfg` condition value: `rayon`\n  --> submodules/indexmap/src/set.rs:16:7\n   |\n16 | #[cfg(feature = \"rayon\")]\n   |       ^^^^^^^^^^^^^^^^^\n   |\n   = note: expected values for `feature` are: `default`, `serde`, `std`, and `test_debug`\n   = help: consider adding `rayon` as a feature in `Cargo.toml`\n   = note: see <https://doc.rust-lang.org/nightly/rustc/check-cfg/cargo-specifics.html> for more information about checking conditional configuration\n\n","$message_type":"diagnostic","children":[{"children":[],"code":null,"level":"note","message":"expected values for `feature` are: `default`, `serde`, `std`, and `test_debug`","rendered":null,"spans":[]},{"children":[],"code":null,"level":"help","message":"consider adding `rayon` as a feature in `Cargo.toml`","rendered":null,"spans":[]},{"children":[],"code":null,"level":"note","message":"see <https://doc.rust-lang.org/nightly/rustc/check-cfg/cargo-specifics.html> for more information about checking conditional configuration","rendered":null,"spans":[]}],"code":{"code":"unexpected_cfgs","explanation":null},"level":"warning","message":"unexpected `cfg` condition value: `rayon`","spans":[{"byte_end":322,"byte_start":305,"column_end":24,"column_start":7,"expansion":null,"file_name":"submodules/indexmap/src/set.rs","is_primary":true,"label":null,"line_end":16,"line_start":16,"suggested_replacement":null,"suggestion_applicability":null,"text":[{"highlight_end":24,"highlight_start":7,"text":"#[cfg(feature = \"rayon\")]"}]}]}}
{"reason":"compiler-artifact","package_id":"path+file:///mnt/data1/nix/vendor/rust/cargo2nix/submodules/serde/serde_derive#1.0.228","manifest_path":"/mnt/data1/nix/vendor/rust/cargo2nix/submodules/serde/serde_derive/Cargo.toml","target":{"kind":["proc-macro"],"crate_types":["proc-macro"],"name":"serde_derive","src_path":"/mnt/data1/nix/vendor/rust/cargo2nix/submodules/serde/serde_derive/src/lib.rs","edition":"2021","doc":true,"doctest":true,"test":true},"profile":{"opt_level":"0","debuginfo":0,"debug_assertions":true,"overflow_checks":true,"test":false},"features":["default"],"filenames":["/mnt/data1/nix/vendor/rust/cargo2nix/target/debug/deps/libserde_derive-8aafcf3b8247e17c.so"],"executable":null,"fresh":false}
   Compiling serde v1.0.228 (/mnt/data1/nix/vendor/rust/cargo2nix/submodules/serde/serde)
{"reason":"compiler-artifact","package_id":"path+file:///mnt/data1/nix/vendor/rust/cargo2nix/submodules/rust-analyzer/crates/parser#0.0.0","manifest_path":"/mnt/data1/nix/vendor/rust/cargo2nix/submodules/rust-analyzer/crates/parser/Cargo.toml","target":{"kind":["lib"],"crate_types":["lib"],"name":"parser","src_path":"/mnt/data1/nix/vendor/rust/cargo2nix/submodules/rust-analyzer/crates/parser/src/lib.rs","edition":"2024","doc":true,"doctest":false,"test":true},"profile":{"opt_level":"0","debuginfo":2,"debug_assertions":true,"overflow_checks":true,"test":false},"features":["default"],"filenames":["/mnt/data1/nix/vendor/rust/cargo2nix/target/debug/deps/libparser-dbeebba3cdcbec62.rlib","/mnt/data1/nix/vendor/rust/cargo2nix/target/debug/deps/libparser-dbeebba3cdcbec62.rmeta"],"executable":null,"fresh":false}
{"reason":"compiler-artifact","package_id":"path+file:///mnt/data1/nix/vendor/rust/cargo2nix/submodules/quickcheck#1.0.3","manifest_path":"/mnt/data1/nix/vendor/rust/cargo2nix/submodules/quickcheck/Cargo.toml","target":{"kind":["lib"],"crate_types":["lib"],"name":"quickcheck","src_path":"/mnt/data1/nix/vendor/rust/cargo2nix/submodules/quickcheck/src/lib.rs","edition":"2021","doc":true,"doctest":true,"test":true},"profile":{"opt_level":"0","debuginfo":2,"debug_assertions":true,"overflow_checks":true,"test":false},"features":["default","env_logger","log","regex","use_logging"],"filenames":["/mnt/data1/nix/vendor/rust/cargo2nix/target/debug/deps/libquickcheck-a86b1d721b4c8a3f.rlib","/mnt/data1/nix/vendor/rust/cargo2nix/target/debug/deps/libquickcheck-a86b1d721b4c8a3f.rmeta"],"executable":null,"fresh":false}
{"reason":"compiler-message","package_id":"path+file:///mnt/data1/nix/vendor/rust/cargo2nix/submodules/indexmap#2.12.0","manifest_path":"/mnt/data1/nix/vendor/rust/cargo2nix/submodules/indexmap/Cargo.toml","target":{"kind":["lib"],"crate_types":["lib"],"name":"indexmap","src_path":"/mnt/data1/nix/vendor/rust/cargo2nix/submodules/indexmap/src/lib.rs","edition":"2021","doc":true,"doctest":true,"test":true},"message":{"rendered":"warning: use of deprecated method `hashbrown::HashTable::<T, A>::get_many_mut`: use `get_disjoint_mut` instead\n   --> submodules/indexmap/src/map/core.rs:744:28\n    |\n744 |         match self.indices.get_many_mut(\n    |                            ^^^^^^^^^^^^\n    |\n    = note: `#[warn(deprecated)]` on by default\n\n","$message_type":"diagnostic","children":[{"children":[],"code":null,"level":"note","message":"`#[warn(deprecated)]` on by default","rendered":null,"spans":[]}],"code":{"code":"deprecated","explanation":null},"level":"warning","message":"use of deprecated method `hashbrown::HashTable::<T, A>::get_many_mut`: use `get_disjoint_mut` instead","spans":[{"byte_end":26821,"byte_start":26809,"column_end":40,"column_start":28,"expansion":null,"file_name":"submodules/indexmap/src/map/core.rs","is_primary":true,"label":null,"line_end":744,"line_start":744,"suggested_replacement":null,"suggestion_applicability":null,"text":[{"highlight_end":40,"highlight_start":28,"text":"        match self.indices.get_many_mut("}]}]}}
   Compiling vfs v0.0.0 (/mnt/data1/nix/vendor/rust/cargo2nix/submodules/rust-analyzer/crates/vfs)
{"reason":"compiler-artifact","package_id":"path+file:///mnt/data1/nix/vendor/rust/cargo2nix/submodules/indexmap#2.12.0","manifest_path":"/mnt/data1/nix/vendor/rust/cargo2nix/submodules/indexmap/Cargo.toml","target":{"kind":["lib"],"crate_types":["lib"],"name":"indexmap","src_path":"/mnt/data1/nix/vendor/rust/cargo2nix/submodules/indexmap/src/lib.rs","edition":"2021","doc":true,"doctest":true,"test":true},"profile":{"opt_level":"0","debuginfo":2,"debug_assertions":true,"overflow_checks":true,"test":false},"features":["default","std"],"filenames":["/mnt/data1/nix/vendor/rust/cargo2nix/target/debug/deps/libindexmap-50b8020f0ec435b9.rlib","/mnt/data1/nix/vendor/rust/cargo2nix/target/debug/deps/libindexmap-50b8020f0ec435b9.rmeta"],"executable":null,"fresh":false}
{"reason":"compiler-artifact","package_id":"path+file:///mnt/data1/nix/vendor/rust/cargo2nix/submodules/rust-analyzer/crates/vfs#0.0.0","manifest_path":"/mnt/data1/nix/vendor/rust/cargo2nix/submodules/rust-analyzer/crates/vfs/Cargo.toml","target":{"kind":["lib"],"crate_types":["lib"],"name":"vfs","src_path":"/mnt/data1/nix/vendor/rust/cargo2nix/submodules/rust-analyzer/crates/vfs/src/lib.rs","edition":"2024","doc":true,"doctest":false,"test":true},"profile":{"opt_level":"0","debuginfo":2,"debug_assertions":true,"overflow_checks":true,"test":false},"features":[],"filenames":["/mnt/data1/nix/vendor/rust/cargo2nix/target/debug/deps/libvfs-b6af6d9b881b806f.rlib","/mnt/data1/nix/vendor/rust/cargo2nix/target/debug/deps/libvfs-b6af6d9b881b806f.rmeta"],"executable":null,"fresh":false}
   Compiling triomphe v0.1.15
   Compiling dashmap v7.0.0-hack (/mnt/data1/nix/vendor/rust/cargo2nix/submodules/dashmap)
{"reason":"compiler-artifact","package_id":"path+file:///mnt/data1/nix/vendor/rust/cargo2nix/submodules/serde/serde#1.0.228","manifest_path":"/mnt/data1/nix/vendor/rust/cargo2nix/submodules/serde/serde/Cargo.toml","target":{"kind":["lib"],"crate_types":["lib"],"name":"serde","src_path":"/mnt/data1/nix/vendor/rust/cargo2nix/submodules/serde/serde/src/lib.rs","edition":"2021","doc":true,"doctest":true,"test":true},"profile":{"opt_level":"0","debuginfo":2,"debug_assertions":true,"overflow_checks":true,"test":false},"features":["default","derive","serde_derive","std"],"filenames":["/mnt/data1/nix/vendor/rust/cargo2nix/target/debug/deps/libserde-a80155cb100a03b6.rlib","/mnt/data1/nix/vendor/rust/cargo2nix/target/debug/deps/libserde-a80155cb100a03b6.rmeta"],"executable":null,"fresh":false}
{"reason":"compiler-message","package_id":"path+file:///mnt/data1/nix/vendor/rust/cargo2nix/submodules/dashmap#7.0.0-hack","manifest_path":"/mnt/data1/nix/vendor/rust/cargo2nix/submodules/dashmap/Cargo.toml","target":{"kind":["lib"],"crate_types":["lib"],"name":"dashmap","src_path":"/mnt/data1/nix/vendor/rust/cargo2nix/submodules/dashmap/src/lib.rs","edition":"2021","doc":true,"doctest":true,"test":true},"message":{"rendered":"warning: unexpected `cfg` condition value: `arbitrary`\n --> submodules/dashmap/src/lib.rs:4:7\n  |\n4 | #[cfg(feature = \"arbitrary\")]\n  |       ^^^^^^^^^^^^^^^^^^^^^\n  |\n  = note: expected values for `feature` are: `all`, `inline`, `inline-more`, `raw-api`, and `typesize`\n  = help: consider adding `arbitrary` as a feature in `Cargo.toml`\n  = note: see <https://doc.rust-lang.org/nightly/rustc/check-cfg/cargo-specifics.html> for more information about checking conditional configuration\n  = note: `#[warn(unexpected_cfgs)]` on by default\n\n","$message_type":"diagnostic","children":[{"children":[],"code":null,"level":"note","message":"expected values for `feature` are: `all`, `inline`, `inline-more`, `raw-api`, and `typesize`","rendered":null,"spans":[]},{"children":[],"code":null,"level":"help","message":"consider adding `arbitrary` as a feature in `Cargo.toml`","rendered":null,"spans":[]},{"children":[],"code":null,"level":"note","message":"see <https://doc.rust-lang.org/nightly/rustc/check-cfg/cargo-specifics.html> for more information about checking conditional configuration","rendered":null,"spans":[]},{"children":[],"code":null,"level":"note","message":"`#[warn(unexpected_cfgs)]` on by default","rendered":null,"spans":[]}],"code":{"code":"unexpected_cfgs","explanation":null},"level":"warning","message":"unexpected `cfg` condition value: `arbitrary`","spans":[{"byte_end":102,"byte_start":81,"column_end":28,"column_start":7,"expansion":null,"file_name":"submodules/dashmap/src/lib.rs","is_primary":true,"label":null,"line_end":4,"line_start":4,"suggested_replacement":null,"suggestion_applicability":null,"text":[{"highlight_end":28,"highlight_start":7,"text":"#[cfg(feature = \"arbitrary\")]"}]}]}}
{"reason":"compiler-message","package_id":"path+file:///mnt/data1/nix/vendor/rust/cargo2nix/submodules/dashmap#7.0.0-hack","manifest_path":"/mnt/data1/nix/vendor/rust/cargo2nix/submodules/dashmap/Cargo.toml","target":{"kind":["lib"],"crate_types":["lib"],"name":"dashmap","src_path":"/mnt/data1/nix/vendor/rust/cargo2nix/submodules/dashmap/src/lib.rs","edition":"2021","doc":true,"doctest":true,"test":true},"message":{"rendered":"warning: unexpected `cfg` condition value: `serde`\n  --> submodules/dashmap/src/lib.rs:11:7\n   |\n11 | #[cfg(feature = \"serde\")]\n   |       ^^^^^^^^^^^^^^^^^\n   |\n   = note: expected values for `feature` are: `all`, `inline`, `inline-more`, `raw-api`, and `typesize`\n   = help: consider adding `serde` as a feature in `Cargo.toml`\n   = note: see <https://doc.rust-lang.org/nightly/rustc/check-cfg/cargo-specifics.html> for more information about checking conditional configuration\n\n","$message_type":"diagnostic","children":[{"children":[],"code":null,"level":"note","message":"expected values for `feature` are: `all`, `inline`, `inline-more`, `raw-api`, and `typesize`","rendered":null,"spans":[]},{"children":[],"code":null,"level":"help","message":"consider adding `serde` as a feature in `Cargo.toml`","rendered":null,"spans":[]},{"children":[],"code":null,"level":"note","message":"see <https://doc.rust-lang.org/nightly/rustc/check-cfg/cargo-specifics.html> for more information about checking conditional configuration","rendered":null,"spans":[]}],"code":{"code":"unexpected_cfgs","explanation":null},"level":"warning","message":"unexpected `cfg` condition value: `serde`","spans":[{"byte_end":216,"byte_start":199,"column_end":24,"column_start":7,"expansion":null,"file_name":"submodules/dashmap/src/lib.rs","is_primary":true,"label":null,"line_end":11,"line_start":11,"suggested_replacement":null,"suggestion_applicability":null,"text":[{"highlight_end":24,"highlight_start":7,"text":"#[cfg(feature = \"serde\")]"}]}]}}
{"reason":"compiler-message","package_id":"path+file:///mnt/data1/nix/vendor/rust/cargo2nix/submodules/dashmap#7.0.0-hack","manifest_path":"/mnt/data1/nix/vendor/rust/cargo2nix/submodules/dashmap/Cargo.toml","target":{"kind":["lib"],"crate_types":["lib"],"name":"dashmap","src_path":"/mnt/data1/nix/vendor/rust/cargo2nix/submodules/dashmap/src/lib.rs","edition":"2021","doc":true,"doctest":true,"test":true},"message":{"rendered":"warning: unexpected `cfg` condition value: `rayon`\n  --> submodules/dashmap/src/lib.rs:18:7\n   |\n18 | #[cfg(feature = \"rayon\")]\n   |       ^^^^^^^^^^^^^^^^^\n   |\n   = note: expected values for `feature` are: `all`, `inline`, `inline-more`, `raw-api`, and `typesize`\n   = help: consider adding `rayon` as a feature in `Cargo.toml`\n   = note: see <https://doc.rust-lang.org/nightly/rustc/check-cfg/cargo-specifics.html> for more information about checking conditional configuration\n\n","$message_type":"diagnostic","children":[{"children":[],"code":null,"level":"note","message":"expected values for `feature` are: `all`, `inline`, `inline-more`, `raw-api`, and `typesize`","rendered":null,"spans":[]},{"children":[],"code":null,"level":"help","message":"consider adding `rayon` as a feature in `Cargo.toml`","rendered":null,"spans":[]},{"children":[],"code":null,"level":"note","message":"see <https://doc.rust-lang.org/nightly/rustc/check-cfg/cargo-specifics.html> for more information about checking conditional configuration","rendered":null,"spans":[]}],"code":{"code":"unexpected_cfgs","explanation":null},"level":"warning","message":"unexpected `cfg` condition value: `rayon`","spans":[{"byte_end":309,"byte_start":292,"column_end":24,"column_start":7,"expansion":null,"file_name":"submodules/dashmap/src/lib.rs","is_primary":true,"label":null,"line_end":18,"line_start":18,"suggested_replacement":null,"suggestion_applicability":null,"text":[{"highlight_end":24,"highlight_start":7,"text":"#[cfg(feature = \"rayon\")]"}]}]}}
   Compiling syntax v0.0.0 (/mnt/data1/nix/vendor/rust/cargo2nix/submodules/rust-analyzer/crates/syntax)
{"reason":"compiler-artifact","package_id":"registry+https://github.com/rust-lang/crates.io-index#triomphe@0.1.15","manifest_path":"/home/mdupont/.cargo/registry/src/index.crates.io-1949cf8c6b5b557f/triomphe-0.1.15/Cargo.toml","target":{"kind":["lib"],"crate_types":["lib"],"name":"triomphe","src_path":"/home/mdupont/.cargo/registry/src/index.crates.io-1949cf8c6b5b557f/triomphe-0.1.15/src/lib.rs","edition":"2021","doc":true,"doctest":true,"test":true},"profile":{"opt_level":"0","debuginfo":2,"debug_assertions":true,"overflow_checks":true,"test":false},"features":["default","serde","stable_deref_trait","std"],"filenames":["/mnt/data1/nix/vendor/rust/cargo2nix/target/debug/deps/libtriomphe-2139b8d3fe56564b.rlib","/mnt/data1/nix/vendor/rust/cargo2nix/target/debug/deps/libtriomphe-2139b8d3fe56564b.rmeta"],"executable":null,"fresh":false}
   Compiling intern v0.0.0 (/mnt/data1/nix/vendor/rust/cargo2nix/submodules/rust-analyzer/crates/intern)
{"reason":"compiler-artifact","package_id":"path+file:///mnt/data1/nix/vendor/rust/cargo2nix/submodules/dashmap#7.0.0-hack","manifest_path":"/mnt/data1/nix/vendor/rust/cargo2nix/submodules/dashmap/Cargo.toml","target":{"kind":["lib"],"crate_types":["lib"],"name":"dashmap","src_path":"/mnt/data1/nix/vendor/rust/cargo2nix/submodules/dashmap/src/lib.rs","edition":"2021","doc":true,"doctest":true,"test":true},"profile":{"opt_level":"0","debuginfo":2,"debug_assertions":true,"overflow_checks":true,"test":false},"features":["inline","raw-api"],"filenames":["/mnt/data1/nix/vendor/rust/cargo2nix/target/debug/deps/libdashmap-227efd4c5a708376.rlib","/mnt/data1/nix/vendor/rust/cargo2nix/target/debug/deps/libdashmap-227efd4c5a708376.rmeta"],"executable":null,"fresh":false}
   Compiling tt v0.0.0 (/mnt/data1/nix/vendor/rust/cargo2nix/submodules/rust-analyzer/crates/tt)
{"reason":"compiler-artifact","package_id":"path+file:///mnt/data1/nix/vendor/rust/cargo2nix/submodules/rust-analyzer/crates/intern#0.0.0","manifest_path":"/mnt/data1/nix/vendor/rust/cargo2nix/submodules/rust-analyzer/crates/intern/Cargo.toml","target":{"kind":["lib"],"crate_types":["lib"],"name":"intern","src_path":"/mnt/data1/nix/vendor/rust/cargo2nix/submodules/rust-analyzer/crates/intern/src/lib.rs","edition":"2024","doc":true,"doctest":false,"test":true},"profile":{"opt_level":"0","debuginfo":2,"debug_assertions":true,"overflow_checks":true,"test":false},"features":[],"filenames":["/mnt/data1/nix/vendor/rust/cargo2nix/target/debug/deps/libintern-b1dbaf165f8a7652.rlib","/mnt/data1/nix/vendor/rust/cargo2nix/target/debug/deps/libintern-b1dbaf165f8a7652.rmeta"],"executable":null,"fresh":false}
   Compiling cfg v0.0.0 (/mnt/data1/nix/vendor/rust/cargo2nix/submodules/rust-analyzer/crates/cfg)
{"reason":"compiler-artifact","package_id":"path+file:///mnt/data1/nix/vendor/rust/cargo2nix/submodules/rust-analyzer/crates/tt#0.0.0","manifest_path":"/mnt/data1/nix/vendor/rust/cargo2nix/submodules/rust-analyzer/crates/tt/Cargo.toml","target":{"kind":["lib"],"crate_types":["lib"],"name":"tt","src_path":"/mnt/data1/nix/vendor/rust/cargo2nix/submodules/rust-analyzer/crates/tt/src/lib.rs","edition":"2024","doc":true,"doctest":false,"test":true},"profile":{"opt_level":"0","debuginfo":2,"debug_assertions":true,"overflow_checks":true,"test":false},"features":[],"filenames":["/mnt/data1/nix/vendor/rust/cargo2nix/target/debug/deps/libtt-dfd9a47a6238a168.rlib","/mnt/data1/nix/vendor/rust/cargo2nix/target/debug/deps/libtt-dfd9a47a6238a168.rmeta"],"executable":null,"fresh":false}
{"reason":"compiler-artifact","package_id":"path+file:///mnt/data1/nix/vendor/rust/cargo2nix/submodules/rust-analyzer/crates/cfg#0.0.0","manifest_path":"/mnt/data1/nix/vendor/rust/cargo2nix/submodules/rust-analyzer/crates/cfg/Cargo.toml","target":{"kind":["lib"],"crate_types":["lib"],"name":"cfg","src_path":"/mnt/data1/nix/vendor/rust/cargo2nix/submodules/rust-analyzer/crates/cfg/src/lib.rs","edition":"2024","doc":true,"doctest":false,"test":true},"profile":{"opt_level":"0","debuginfo":2,"debug_assertions":true,"overflow_checks":true,"test":false},"features":["tt"],"filenames":["/mnt/data1/nix/vendor/rust/cargo2nix/target/debug/deps/libcfg-dcac206c7e2be5c9.rlib","/mnt/data1/nix/vendor/rust/cargo2nix/target/debug/deps/libcfg-dcac206c7e2be5c9.rmeta"],"executable":null,"fresh":false}
{"reason":"compiler-artifact","package_id":"path+file:///mnt/data1/nix/vendor/rust/cargo2nix/submodules/salsa#0.24.0","manifest_path":"/mnt/data1/nix/vendor/rust/cargo2nix/submodules/salsa/Cargo.toml","target":{"kind":["lib"],"crate_types":["lib"],"name":"salsa","src_path":"/mnt/data1/nix/vendor/rust/cargo2nix/submodules/salsa/src/lib.rs","edition":"2024","doc":true,"doctest":true,"test":true},"profile":{"opt_level":"0","debuginfo":2,"debug_assertions":true,"overflow_checks":true,"test":false},"features":["accumulator","default","inventory","macros","rayon","salsa_unstable"],"filenames":["/mnt/data1/nix/vendor/rust/cargo2nix/target/debug/deps/libsalsa-f543377a1f47da62.rlib","/mnt/data1/nix/vendor/rust/cargo2nix/target/debug/deps/libsalsa-f543377a1f47da62.rmeta"],"executable":null,"fresh":false}
   Compiling span v0.0.0 (/mnt/data1/nix/vendor/rust/cargo2nix/submodules/rust-analyzer/crates/span)
   Compiling syntax-bridge v0.0.0 (/mnt/data1/nix/vendor/rust/cargo2nix/submodules/rust-analyzer/crates/syntax-bridge)
   Compiling base-db v0.0.0 (/mnt/data1/nix/vendor/rust/cargo2nix/submodules/rust-analyzer/crates/base-db)
{"reason":"compiler-artifact","package_id":"path+file:///mnt/data1/nix/vendor/rust/cargo2nix/submodules/rust-analyzer/crates/span#0.0.0","manifest_path":"/mnt/data1/nix/vendor/rust/cargo2nix/submodules/rust-analyzer/crates/span/Cargo.toml","target":{"kind":["lib"],"crate_types":["lib"],"name":"span","src_path":"/mnt/data1/nix/vendor/rust/cargo2nix/submodules/rust-analyzer/crates/span/src/lib.rs","edition":"2024","doc":true,"doctest":true,"test":true},"profile":{"opt_level":"0","debuginfo":2,"debug_assertions":true,"overflow_checks":true,"test":false},"features":["default","salsa"],"filenames":["/mnt/data1/nix/vendor/rust/cargo2nix/target/debug/deps/libspan-7d4acc21fb154934.rlib","/mnt/data1/nix/vendor/rust/cargo2nix/target/debug/deps/libspan-7d4acc21fb154934.rmeta"],"executable":null,"fresh":false}
   Compiling mbe v0.0.0 (/mnt/data1/nix/vendor/rust/cargo2nix/submodules/rust-analyzer/crates/mbe)
{"reason":"compiler-artifact","package_id":"path+file:///mnt/data1/nix/vendor/rust/cargo2nix/submodules/rust-analyzer/crates/syntax-bridge#0.0.0","manifest_path":"/mnt/data1/nix/vendor/rust/cargo2nix/submodules/rust-analyzer/crates/syntax-bridge/Cargo.toml","target":{"kind":["lib"],"crate_types":["lib"],"name":"syntax_bridge","src_path":"/mnt/data1/nix/vendor/rust/cargo2nix/submodules/rust-analyzer/crates/syntax-bridge/src/lib.rs","edition":"2024","doc":true,"doctest":false,"test":true},"profile":{"opt_level":"0","debuginfo":2,"debug_assertions":true,"overflow_checks":true,"test":false},"features":[],"filenames":["/mnt/data1/nix/vendor/rust/cargo2nix/target/debug/deps/libsyntax_bridge-8cb90d956e24aa6f.rlib","/mnt/data1/nix/vendor/rust/cargo2nix/target/debug/deps/libsyntax_bridge-8cb90d956e24aa6f.rmeta"],"executable":null,"fresh":false}
{"reason":"compiler-artifact","package_id":"path+file:///mnt/data1/nix/vendor/rust/cargo2nix/submodules/rust-analyzer/crates/syntax#0.0.0","manifest_path":"/mnt/data1/nix/vendor/rust/cargo2nix/submodules/rust-analyzer/crates/syntax/Cargo.toml","target":{"kind":["lib"],"crate_types":["lib"],"name":"syntax","src_path":"/mnt/data1/nix/vendor/rust/cargo2nix/submodules/rust-analyzer/crates/syntax/src/lib.rs","edition":"2024","doc":true,"doctest":false,"test":true},"profile":{"opt_level":"0","debuginfo":2,"debug_assertions":true,"overflow_checks":true,"test":false},"features":[],"filenames":["/mnt/data1/nix/vendor/rust/cargo2nix/target/debug/deps/libsyntax-348cd47fa11d40d9.rlib","/mnt/data1/nix/vendor/rust/cargo2nix/target/debug/deps/libsyntax-348cd47fa11d40d9.rmeta"],"executable":null,"fresh":false}
{"reason":"compiler-artifact","package_id":"path+file:///mnt/data1/nix/vendor/rust/cargo2nix/submodules/rust-analyzer/crates/mbe#0.0.0","manifest_path":"/mnt/data1/nix/vendor/rust/cargo2nix/submodules/rust-analyzer/crates/mbe/Cargo.toml","target":{"kind":["lib"],"crate_types":["lib"],"name":"mbe","src_path":"/mnt/data1/nix/vendor/rust/cargo2nix/submodules/rust-analyzer/crates/mbe/src/lib.rs","edition":"2024","doc":true,"doctest":false,"test":true},"profile":{"opt_level":"0","debuginfo":2,"debug_assertions":true,"overflow_checks":true,"test":false},"features":[],"filenames":["/mnt/data1/nix/vendor/rust/cargo2nix/target/debug/deps/libmbe-ff3b97c9e65a4b18.rlib","/mnt/data1/nix/vendor/rust/cargo2nix/target/debug/deps/libmbe-ff3b97c9e65a4b18.rmeta"],"executable":null,"fresh":false}
   Compiling hir-expand v0.0.0 (/mnt/data1/nix/vendor/rust/cargo2nix/submodules/rust-analyzer/crates/hir-expand)
{"reason":"compiler-artifact","package_id":"path+file:///mnt/data1/nix/vendor/rust/cargo2nix/submodules/rust-analyzer/crates/base-db#0.0.0","manifest_path":"/mnt/data1/nix/vendor/rust/cargo2nix/submodules/rust-analyzer/crates/base-db/Cargo.toml","target":{"kind":["lib"],"crate_types":["lib"],"name":"base_db","src_path":"/mnt/data1/nix/vendor/rust/cargo2nix/submodules/rust-analyzer/crates/base-db/src/lib.rs","edition":"2024","doc":true,"doctest":false,"test":true},"profile":{"opt_level":"0","debuginfo":2,"debug_assertions":true,"overflow_checks":true,"test":false},"features":[],"filenames":["/mnt/data1/nix/vendor/rust/cargo2nix/target/debug/deps/libbase_db-80e194d38c2c1f0f.rlib","/mnt/data1/nix/vendor/rust/cargo2nix/target/debug/deps/libbase_db-80e194d38c2c1f0f.rmeta"],"executable":null,"fresh":false}
{"reason":"compiler-artifact","package_id":"path+file:///mnt/data1/nix/vendor/rust/cargo2nix/submodules/rust-analyzer/crates/hir-expand#0.0.0","manifest_path":"/mnt/data1/nix/vendor/rust/cargo2nix/submodules/rust-analyzer/crates/hir-expand/Cargo.toml","target":{"kind":["lib"],"crate_types":["lib"],"name":"hir_expand","src_path":"/mnt/data1/nix/vendor/rust/cargo2nix/submodules/rust-analyzer/crates/hir-expand/src/lib.rs","edition":"2024","doc":true,"doctest":false,"test":true},"profile":{"opt_level":"0","debuginfo":2,"debug_assertions":true,"overflow_checks":true,"test":false},"features":[],"filenames":["/mnt/data1/nix/vendor/rust/cargo2nix/target/debug/libhir_expand.rlib","/mnt/data1/nix/vendor/rust/cargo2nix/target/debug/deps/libhir_expand-b00e3f2e48fa5c9a.rmeta"],"executable":null,"fresh":false}
{"reason":"build-finished","success":true}
    Finished `dev` profile [unoptimized + debuginfo] target(s) in 7.44s
