warning: Git tree '/mnt/data1/nix/vendor/rust/cargo2nix' is dirty
Nix development shell with Rust, libgit2, curl, and OpenSSL 1.1.1w ready.
warning: profiles for the non root package will be ignored, specify profiles at the workspace root:
package:   /mnt/data1/nix/vendor/rust/cargo2nix/submodules/addr2line/Cargo.toml
workspace: /mnt/data1/nix/vendor/rust/cargo2nix/Cargo.toml
warning: profiles for the non root package will be ignored, specify profiles at the workspace root:
package:   /mnt/data1/nix/vendor/rust/cargo2nix/submodules/clap/Cargo.toml
workspace: /mnt/data1/nix/vendor/rust/cargo2nix/Cargo.toml
warning: profiles for the non root package will be ignored, specify profiles at the workspace root:
package:   /mnt/data1/nix/vendor/rust/cargo2nix/submodules/arrayvec/Cargo.toml
workspace: /mnt/data1/nix/vendor/rust/cargo2nix/Cargo.toml
warning: profiles for the non root package will be ignored, specify profiles at the workspace root:
package:   /mnt/data1/nix/vendor/rust/cargo2nix/submodules/ahash/Cargo.toml
workspace: /mnt/data1/nix/vendor/rust/cargo2nix/Cargo.toml
warning: resolver for the non root package will be ignored, specify resolver at the workspace root:
package:   /mnt/data1/nix/vendor/rust/cargo2nix/submodules/tracing-tree/Cargo.toml
workspace: /mnt/data1/nix/vendor/rust/cargo2nix/Cargo.toml
warning: profiles for the non root package will be ignored, specify profiles at the workspace root:
package:   /mnt/data1/nix/vendor/rust/cargo2nix/submodules/aho-corasick/Cargo.toml
workspace: /mnt/data1/nix/vendor/rust/cargo2nix/Cargo.toml
warning: profiles for the non root package will be ignored, specify profiles at the workspace root:
package:   /mnt/data1/nix/vendor/rust/cargo2nix/submodules/annotate-snippets-rs/Cargo.toml
workspace: /mnt/data1/nix/vendor/rust/cargo2nix/Cargo.toml
warning: resolver for the non root package will be ignored, specify resolver at the workspace root:
package:   /mnt/data1/nix/vendor/rust/cargo2nix/submodules/http-auth/Cargo.toml
workspace: /mnt/data1/nix/vendor/rust/cargo2nix/Cargo.toml
warning: profiles for the non root package will be ignored, specify profiles at the workspace root:
package:   /mnt/data1/nix/vendor/rust/cargo2nix/submodules/generic-array/Cargo.toml
workspace: /mnt/data1/nix/vendor/rust/cargo2nix/Cargo.toml
warning: patch for the non root package will be ignored, specify patch at the workspace root:
package:   /mnt/data1/nix/vendor/rust/cargo2nix/tools/cargo-repo-sync/Cargo.toml
workspace: /mnt/data1/nix/vendor/rust/cargo2nix/Cargo.toml
warning: /mnt/data1/nix/vendor/rust/cargo2nix/submodules/indexmap/Cargo.toml: unused manifest key: dependencies.serde.version
warning: /mnt/data1/nix/vendor/rust/cargo2nix/submodules/indexmap/Cargo.toml: unused manifest key: dependencies.serde_core.version
warning: /mnt/data1/nix/vendor/rust/cargo2nix/submodules/version_check/Cargo.toml: no edition set: defaulting to the 2015 edition while the latest is 2024
warning: /mnt/data1/nix/vendor/rust/cargo2nix/submodules/curl-rust/Cargo.toml: `default-features` is ignored for curl-sys, since `default-features` was not specified for `workspace.dependencies.curl-sys`, this could become a hard error in the future
warning: /mnt/data1/nix/vendor/rust/cargo2nix/submodules/chrono/Cargo.toml: `default-features` is ignored for serde_derive, since `default-features` was not specified for `workspace.dependencies.serde_derive`, this could become a hard error in the future
warning: /mnt/data1/nix/vendor/rust/cargo2nix/submodules/signal-hook/signal-hook-registry/Cargo.toml: no edition set: defaulting to the 2015 edition while the latest is 2024
warning: /mnt/data1/nix/vendor/rust/cargo2nix/submodules/clap/clap_builder/Cargo.toml: unused manifest key: dependencies.anstream.version
warning: /mnt/data1/nix/vendor/rust/cargo2nix/submodules/clap/clap_builder/Cargo.toml: unused manifest key: dependencies.anstyle.version
warning: /mnt/data1/nix/vendor/rust/cargo2nix/submodules/clap/clap_builder/Cargo.toml: unused manifest key: dependencies.backtrace.version
warning: /mnt/data1/nix/vendor/rust/cargo2nix/submodules/clap/clap_builder/Cargo.toml: unused manifest key: dependencies.strsim.version
warning: /mnt/data1/nix/vendor/rust/cargo2nix/submodules/clap/clap_builder/Cargo.toml: unused manifest key: dependencies.terminal_size.version
warning: /mnt/data1/nix/vendor/rust/cargo2nix/submodules/clap/clap_builder/Cargo.toml: unused manifest key: dependencies.unicase.version
warning: /mnt/data1/nix/vendor/rust/cargo2nix/submodules/clap/clap_builder/Cargo.toml: unused manifest key: dependencies.unicode-width.version
warning: /mnt/data1/nix/vendor/rust/cargo2nix/submodules/clap/clap_builder/Cargo.toml: unused manifest key: dev-dependencies.snapbox.version
warning: /mnt/data1/nix/vendor/rust/cargo2nix/submodules/petgraph/Cargo.toml: unused manifest key: dependencies.dot-parser.version
warning: /mnt/data1/nix/vendor/rust/cargo2nix/submodules/petgraph/Cargo.toml: unused manifest key: dependencies.dot-parser-macros.version
warning: /mnt/data1/nix/vendor/rust/cargo2nix/submodules/petgraph/Cargo.toml: unused manifest key: dependencies.fixedbitset.version
warning: /mnt/data1/nix/vendor/rust/cargo2nix/submodules/petgraph/Cargo.toml: unused manifest key: dependencies.hashbrown.version
warning: /mnt/data1/nix/vendor/rust/cargo2nix/submodules/petgraph/Cargo.toml: unused manifest key: dependencies.indexmap.version
warning: /mnt/data1/nix/vendor/rust/cargo2nix/submodules/petgraph/Cargo.toml: unused manifest key: dependencies.quickcheck.version
warning: /mnt/data1/nix/vendor/rust/cargo2nix/submodules/petgraph/Cargo.toml: unused manifest key: dependencies.rayon.version
warning: /mnt/data1/nix/vendor/rust/cargo2nix/submodules/petgraph/Cargo.toml: unused manifest key: dependencies.serde.version
warning: /mnt/data1/nix/vendor/rust/cargo2nix/submodules/petgraph/Cargo.toml: unused manifest key: dependencies.serde_derive.version
warning: /mnt/data1/nix/vendor/rust/cargo2nix/submodules/petgraph/Cargo.toml: unused manifest key: dev-dependencies.itertools.version
warning: /mnt/data1/nix/vendor/rust/cargo2nix/submodules/petgraph/Cargo.toml: unused manifest key: dev-dependencies.odds.version
warning: /mnt/data1/nix/vendor/rust/cargo2nix/submodules/assert-impl/Cargo.toml: no edition set: defaulting to the 2015 edition while the latest is 2024
warning: /mnt/data1/nix/vendor/rust/cargo2nix/submodules/defmac/Cargo.toml: no edition set: defaulting to the 2015 edition while the latest is 2024
warning: /mnt/data1/nix/vendor/rust/cargo2nix/submodules/static-assertions-rs/proc/Cargo.toml: no edition set: defaulting to the 2015 edition while the latest is 2024
warning: /mnt/data1/nix/vendor/rust/cargo2nix/submodules/equivalent/Cargo.toml: no edition set: defaulting to the 2015 edition while the latest is 2024
warning: /mnt/data1/nix/vendor/rust/cargo2nix/submodules/pin-project-lite/Cargo.toml: unused manifest key: dev-dependencies.macrotest.branch
warning: /mnt/data1/nix/vendor/rust/cargo2nix/submodules/pin-project-lite/Cargo.toml: unused manifest key: dev-dependencies.trybuild.branch
warning: /mnt/data1/nix/vendor/rust/cargo2nix/submodules/text-size/Cargo.toml: `default_features` is deprecated in favor of `default-features` and will not work in the 2024 edition
(in the `serde` dependency)
warning: /mnt/data1/nix/vendor/rust/cargo2nix/submodules/tracing-tree/Cargo.toml: `default-features` is ignored for tracing-log, since `default-features` was not specified for `workspace.dependencies.tracing-log`, this could become a hard error in the future
warning: /mnt/data1/nix/vendor/rust/cargo2nix/submodules/tracing-tree/Cargo.toml: `default-features` is ignored for tracing-subscriber, since `default-features` was not specified for `workspace.dependencies.tracing-subscriber`, this could become a hard error in the future
warning: /mnt/data1/nix/vendor/rust/cargo2nix/crates/rust-mcp-server/Cargo.toml: file `/mnt/data1/nix/vendor/rust/cargo2nix/crates/rust-mcp-server/src/main.rs` found to be present in multiple build targets:
  * `lib` target `rust_mcp_server`
  * `bin` target `rust-mcp-server`
warning: /mnt/data1/nix/vendor/rust/cargo2nix/submodules/tokio/tokio/Cargo.toml: `default-features` is ignored for mio, since `default-features` was not specified for `workspace.dependencies.mio`, this could become a hard error in the future
warning: /mnt/data1/nix/vendor/rust/cargo2nix/submodules/tokio/tokio/Cargo.toml: `default-features` is ignored for io-uring, since `default-features` was not specified for `workspace.dependencies.io-uring`, this could become a hard error in the future
warning: /mnt/data1/nix/vendor/rust/cargo2nix/submodules/tokio/tokio/Cargo.toml: `default-features` is ignored for mio, since `default-features` was not specified for `workspace.dependencies.mio`, this could become a hard error in the future
warning: /mnt/data1/nix/vendor/rust/cargo2nix/submodules/tokio/tokio/Cargo.toml: `default-features` is ignored for tracing, since `default-features` was not specified for `workspace.dependencies.tracing`, this could become a hard error in the future
warning: /mnt/data1/nix/vendor/rust/cargo2nix/submodules/tokio/tokio/Cargo.toml: `default-features` is ignored for nix, since `default-features` was not specified for `workspace.dependencies.nix`, this could become a hard error in the future
warning: /mnt/data1/nix/vendor/rust/cargo2nix/submodules/tokio/tokio/Cargo.toml: unused manifest key: dependencies.bytes.version
warning: /mnt/data1/nix/vendor/rust/cargo2nix/submodules/tokio/tokio/Cargo.toml: unused manifest key: dependencies.mio.version
warning: /mnt/data1/nix/vendor/rust/cargo2nix/submodules/tokio/tokio/Cargo.toml: unused manifest key: dev-dependencies.futures.version
warning: /mnt/data1/nix/vendor/rust/cargo2nix/submodules/tokio/tokio/Cargo.toml: unused manifest key: dev-dependencies.tokio-stream.path
warning: /mnt/data1/nix/vendor/rust/cargo2nix/submodules/tokio/tokio/Cargo.toml: unused manifest key: dev-dependencies.tokio-stream.version
warning: /mnt/data1/nix/vendor/rust/cargo2nix/submodules/tokio/tokio/Cargo.toml: unused manifest key: dev-dependencies.tokio-test.path
warning: /mnt/data1/nix/vendor/rust/cargo2nix/submodules/tokio/tokio/Cargo.toml: unused manifest key: dev-dependencies.tokio-test.version
warning: /mnt/data1/nix/vendor/rust/cargo2nix/submodules/tokio/tokio/Cargo.toml: unused manifest key: dev-dependencies.tokio-util.path
warning: /mnt/data1/nix/vendor/rust/cargo2nix/submodules/tokio/tokio/Cargo.toml: unused manifest key: dev-dependencies.tokio-util.version
warning: /mnt/data1/nix/vendor/rust/cargo2nix/submodules/tokio/tokio/Cargo.toml: unused manifest key: target.cfg(all(tokio_unstable, target_os = "linux")).dependencies.io-uring.version
warning: /mnt/data1/nix/vendor/rust/cargo2nix/submodules/tokio/tokio/Cargo.toml: unused manifest key: target.cfg(all(tokio_unstable, target_os = "linux")).dependencies.libc.version
warning: /mnt/data1/nix/vendor/rust/cargo2nix/submodules/tokio/tokio/Cargo.toml: unused manifest key: target.cfg(all(tokio_unstable, target_os = "linux")).dependencies.mio.version
warning: /mnt/data1/nix/vendor/rust/cargo2nix/submodules/tokio/tokio/Cargo.toml: unused manifest key: target.cfg(all(tokio_unstable, target_os = "linux")).dependencies.slab.version
warning: /mnt/data1/nix/vendor/rust/cargo2nix/submodules/tokio/tokio/Cargo.toml: unused manifest key: target.cfg(not(target_family = "wasm")).dependencies.socket2.version
warning: /mnt/data1/nix/vendor/rust/cargo2nix/submodules/tokio/tokio/Cargo.toml: unused manifest key: target.cfg(tokio_unstable).dependencies.tracing.version
warning: /mnt/data1/nix/vendor/rust/cargo2nix/submodules/tokio/tokio/Cargo.toml: unused manifest key: target.cfg(unix).dependencies.libc.version
warning: /mnt/data1/nix/vendor/rust/cargo2nix/submodules/tokio/tokio/Cargo.toml: unused manifest key: target.cfg(unix).dependencies.signal-hook-registry.version
warning: /mnt/data1/nix/vendor/rust/cargo2nix/submodules/tokio/tokio/Cargo.toml: unused manifest key: target.cfg(unix).dev-dependencies.libc.version
warning: /mnt/data1/nix/vendor/rust/cargo2nix/submodules/tokio/tokio/Cargo.toml: unused manifest key: target.cfg(unix).dev-dependencies.nix.version
warning: /mnt/data1/nix/vendor/rust/cargo2nix/submodules/tokio/tokio/Cargo.toml: unused manifest key: target.cfg(windows).dependencies.windows-sys.version
warning: /mnt/data1/nix/vendor/rust/cargo2nix/submodules/tokio/tokio/Cargo.toml: unused manifest key: target.cfg(windows).dev-dependencies.windows-sys.version
warning: /mnt/data1/nix/vendor/rust/cargo2nix/submodules/lazy-static/Cargo.toml: no edition set: defaulting to the 2015 edition while the latest is 2024
warning: /mnt/data1/nix/vendor/rust/cargo2nix/submodules/backtrace-rs/Cargo.toml: unused manifest key: dependencies.cpp_demangle.version
warning: /mnt/data1/nix/vendor/rust/cargo2nix/submodules/backtrace-rs/Cargo.toml: unused manifest key: dependencies.serde.version
warning: /mnt/data1/nix/vendor/rust/cargo2nix/submodules/backtrace-rs/Cargo.toml: unused manifest key: target.cfg(not(all(windows, target_env = "msvc", not(target_vendor = "uwp")))).dependencies.addr2line.version
warning: /mnt/data1/nix/vendor/rust/cargo2nix/submodules/backtrace-rs/Cargo.toml: unused manifest key: target.cfg(not(all(windows, target_env = "msvc", not(target_vendor = "uwp")))).dependencies.libc.version
warning: /mnt/data1/nix/vendor/rust/cargo2nix/submodules/backtrace-rs/Cargo.toml: unused manifest key: target.cfg(not(all(windows, target_env = "msvc", not(target_vendor = "uwp")))).dependencies.miniz_oxide.version
warning: /mnt/data1/nix/vendor/rust/cargo2nix/submodules/backtrace-rs/Cargo.toml: unused manifest key: target.cfg(not(all(windows, target_env = "msvc", not(target_vendor = "uwp")))).dependencies.ruzstd.version
warning: /mnt/data1/nix/vendor/rust/cargo2nix/submodules/io-uring/Cargo.toml: unused manifest key: package.members
warning: /mnt/data1/nix/vendor/rust/cargo2nix/submodules/regex/Cargo.toml: unused manifest key: package.members
warning: /mnt/data1/nix/vendor/rust/cargo2nix/submodules/memoffset/Cargo.toml: no edition set: defaulting to the 2015 edition while the latest is 2024
warning: /mnt/data1/nix/vendor/rust/cargo2nix/submodules/im-rs/rc/Cargo.toml: unused manifest key: package.metadata.docs.rs
warning: /mnt/data1/nix/vendor/rust/cargo2nix/submodules/git2-rs/Cargo.toml: unused manifest key: examples
warning: /mnt/data1/nix/vendor/rust/cargo2nix/submodules/camino/Cargo.toml: unused manifest key: members
warning: /mnt/data1/nix/vendor/rust/cargo2nix/submodules/glob/Cargo.toml: no edition set: defaulting to the 2015 edition while the latest is 2024
warning: /mnt/data1/nix/vendor/rust/cargo2nix/submodules/arbitrary/Cargo.toml: unused manifest key: test.0.members
warning: /mnt/data1/nix/vendor/rust/cargo2nix/submodules/rustc-demangle/Cargo.toml: no edition set: defaulting to the 2015 edition while the latest is 2024
warning: /mnt/data1/nix/vendor/rust/cargo2nix/submodules/rustc-demangle/Cargo.toml: unused manifest key: package.members
warning: /mnt/data1/nix/vendor/rust/cargo2nix/submodules/static-assertions-rs/Cargo.toml: no edition set: defaulting to the 2015 edition while the latest is 2024
warning: /mnt/data1/nix/vendor/rust/cargo2nix/submodules/crossbeam/crossbeam-utils/Cargo.toml: unused manifest key: dependencies.atomic-maybe-uninit.version
warning: /mnt/data1/nix/vendor/rust/cargo2nix/submodules/scoped-tls/Cargo.toml: no edition set: defaulting to the 2015 edition while the latest is 2024
warning: /mnt/data1/nix/vendor/rust/cargo2nix/submodules/fxhash/Cargo.toml: no edition set: defaulting to the 2015 edition while the latest is 2024
warning: /mnt/data1/nix/vendor/rust/cargo2nix/submodules/ahash/Cargo.toml: file `/mnt/data1/nix/vendor/rust/cargo2nix/submodules/ahash/tests/map_tests.rs` found to be present in multiple build targets:
  * `integration-test` target `map_tests`
  * `bench` target `map`
warning: /mnt/data1/nix/vendor/rust/cargo2nix/submodules/ahash/Cargo.toml: file `/mnt/data1/nix/vendor/rust/cargo2nix/submodules/ahash/tests/bench.rs` found to be present in multiple build targets:
  * `integration-test` target `bench`
  * `bench` target `ahash`
warning: /mnt/data1/nix/vendor/rust/cargo2nix/submodules/rust-url/url/Cargo.toml: `default-features` is ignored for serde_derive, since `default-features` was not specified for `workspace.dependencies.serde_derive`, this could become a hard error in the future
warning: /mnt/data1/nix/vendor/rust/cargo2nix/submodules/colorify/Cargo.toml: no edition set: defaulting to the 2015 edition while the latest is 2024
warning: /mnt/data1/nix/vendor/rust/cargo2nix/submodules/pasetors/Cargo.toml: unused manifest key: dependencies.sha2.serde
warning: /mnt/data1/nix/vendor/rust/cargo2nix/submodules/pasetors/Cargo.toml: unused manifest key: dependencies.sha2.serde_derive
warning: /mnt/data1/nix/vendor/rust/cargo2nix/submodules/nix/Cargo.toml: unused manifest key: dependencies.memoffset.version
warning: /mnt/data1/nix/vendor/rust/cargo2nix/submodules/nix/Cargo.toml: unused manifest key: dependencies.pin-utils.version
warning: /mnt/data1/nix/vendor/rust/cargo2nix/submodules/odds/Cargo.toml: no edition set: defaulting to the 2015 edition while the latest is 2024
warning: /mnt/data1/nix/vendor/rust/cargo2nix/submodules/quickcheck/Cargo.toml: unused manifest key: package.members
warning: /mnt/data1/nix/vendor/rust/cargo2nix/submodules/unicode-ident/Cargo.toml: unused manifest key: bench.0.members
warning: /mnt/data1/nix/vendor/rust/cargo2nix/submodules/zstd-rs/ruzstd/Cargo.toml: `default-features` is ignored for twox-hash, since `default-features` was not specified for `workspace.dependencies.twox-hash`, this could become a hard error in the future
warning: /mnt/data1/nix/vendor/rust/cargo2nix/submodules/zstd-rs/ruzstd/Cargo.toml: unused manifest key: dependencies.fastrand.version
warning: /mnt/data1/nix/vendor/rust/cargo2nix/submodules/zstd-rs/ruzstd/Cargo.toml: unused manifest key: dependencies.twox-hash.version
warning: /mnt/data1/nix/vendor/rust/cargo2nix/submodules/zstd-rs/ruzstd/Cargo.toml: unused manifest key: dev-dependencies.rand.version
warning: patch for `curl` uses the features mechanism. default-features and features will not take effect because the patch dependency does not support this mechanism
warning: patch for `libc` uses the features mechanism. default-features and features will not take effect because the patch dependency does not support this mechanism
warning: Patch `measureme v0.1.0 (/mnt/data1/nix/vendor/rust/cargo2nix/submodules/measureme/measureme)` was not used in the crate graph.
Patch `tokio-core v0.1.18 (/mnt/data1/nix/vendor/rust/cargo2nix/submodules/tokio-core)` was not used in the crate graph.
Check that the patched package version and available features are compatible
with the dependency requirements. If the patch has a different version from
what is locked in the Cargo.lock file, run `cargo update` to use the new
version. This may also occur with an optional dependency that is not enabled.
{"reason":"compiler-artifact","package_id":"registry+https://github.com/rust-lang/crates.io-index#libc@0.2.178","manifest_path":"/home/mdupont/.cargo/registry/src/index.crates.io-1949cf8c6b5b557f/libc-0.2.178/Cargo.toml","target":{"kind":["custom-build"],"crate_types":["bin"],"name":"build-script-build","src_path":"/home/mdupont/.cargo/registry/src/index.crates.io-1949cf8c6b5b557f/libc-0.2.178/build.rs","edition":"2021","doc":false,"doctest":false,"test":false},"profile":{"opt_level":"0","debuginfo":0,"debug_assertions":true,"overflow_checks":true,"test":false},"features":["default","std"],"filenames":["/mnt/data1/nix/vendor/rust/cargo2nix/target/debug/build/libc-437ff09f19b669dd/build-script-build"],"executable":null,"fresh":true}
{"reason":"build-script-executed","package_id":"registry+https://github.com/rust-lang/crates.io-index#libc@0.2.178","linked_libs":[],"linked_paths":[],"cfgs":["freebsd12"],"env":[],"out_dir":"/mnt/data1/nix/vendor/rust/cargo2nix/target/debug/build/libc-a543724a99056de3/out"}
{"reason":"compiler-artifact","package_id":"registry+https://github.com/rust-lang/crates.io-index#unicode-ident@1.0.22","manifest_path":"/home/mdupont/.cargo/registry/src/index.crates.io-1949cf8c6b5b557f/unicode-ident-1.0.22/Cargo.toml","target":{"kind":["lib"],"crate_types":["lib"],"name":"unicode_ident","src_path":"/home/mdupont/.cargo/registry/src/index.crates.io-1949cf8c6b5b557f/unicode-ident-1.0.22/src/lib.rs","edition":"2018","doc":true,"doctest":true,"test":true},"profile":{"opt_level":"0","debuginfo":2,"debug_assertions":true,"overflow_checks":true,"test":false},"features":[],"filenames":["/mnt/data1/nix/vendor/rust/cargo2nix/target/debug/deps/libunicode_ident-25e2e19842160595.rlib","/mnt/data1/nix/vendor/rust/cargo2nix/target/debug/deps/libunicode_ident-25e2e19842160595.rmeta"],"executable":null,"fresh":true}
{"reason":"compiler-artifact","package_id":"registry+https://github.com/rust-lang/crates.io-index#memchr@2.7.6","manifest_path":"/home/mdupont/.cargo/registry/src/index.crates.io-1949cf8c6b5b557f/memchr-2.7.6/Cargo.toml","target":{"kind":["lib"],"crate_types":["lib"],"name":"memchr","src_path":"/home/mdupont/.cargo/registry/src/index.crates.io-1949cf8c6b5b557f/memchr-2.7.6/src/lib.rs","edition":"2021","doc":true,"doctest":true,"test":true},"profile":{"opt_level":"0","debuginfo":2,"debug_assertions":true,"overflow_checks":true,"test":false},"features":["alloc","default","std"],"filenames":["/mnt/data1/nix/vendor/rust/cargo2nix/target/debug/deps/libmemchr-5860c3e5f17fe065.rlib","/mnt/data1/nix/vendor/rust/cargo2nix/target/debug/deps/libmemchr-5860c3e5f17fe065.rmeta"],"executable":null,"fresh":true}
{"reason":"compiler-artifact","package_id":"path+file:///mnt/data1/nix/vendor/rust/cargo2nix/submodules/proc-macro2#1.0.103","manifest_path":"/mnt/data1/nix/vendor/rust/cargo2nix/submodules/proc-macro2/Cargo.toml","target":{"kind":["custom-build"],"crate_types":["bin"],"name":"build-script-build","src_path":"/mnt/data1/nix/vendor/rust/cargo2nix/submodules/proc-macro2/build.rs","edition":"2021","doc":false,"doctest":false,"test":false},"profile":{"opt_level":"0","debuginfo":0,"debug_assertions":true,"overflow_checks":true,"test":false},"features":["default","proc-macro"],"filenames":["/mnt/data1/nix/vendor/rust/cargo2nix/target/debug/build/proc-macro2-538acd604755aa46/build-script-build"],"executable":null,"fresh":true}
{"reason":"compiler-artifact","package_id":"path+file:///mnt/data1/nix/vendor/rust/cargo2nix/submodules/quote#1.0.42","manifest_path":"/mnt/data1/nix/vendor/rust/cargo2nix/submodules/quote/Cargo.toml","target":{"kind":["custom-build"],"crate_types":["bin"],"name":"build-script-build","src_path":"/mnt/data1/nix/vendor/rust/cargo2nix/submodules/quote/build.rs","edition":"2018","doc":false,"doctest":false,"test":false},"profile":{"opt_level":"0","debuginfo":0,"debug_assertions":true,"overflow_checks":true,"test":false},"features":["default","proc-macro"],"filenames":["/mnt/data1/nix/vendor/rust/cargo2nix/target/debug/build/quote-3eed3cfd68603584/build-script-build"],"executable":null,"fresh":true}
{"reason":"compiler-artifact","package_id":"path+file:///mnt/data1/nix/vendor/rust/cargo2nix/submodules/syn#2.0.110","manifest_path":"/mnt/data1/nix/vendor/rust/cargo2nix/submodules/syn/Cargo.toml","target":{"kind":["custom-build"],"crate_types":["bin"],"name":"build-script-build","src_path":"/mnt/data1/nix/vendor/rust/cargo2nix/submodules/syn/build.rs","edition":"2021","doc":false,"doctest":false,"test":false},"profile":{"opt_level":"0","debuginfo":0,"debug_assertions":true,"overflow_checks":true,"test":false},"features":["clone-impls","default","derive","extra-traits","full","parsing","printing","proc-macro","visit-mut"],"filenames":["/mnt/data1/nix/vendor/rust/cargo2nix/target/debug/build/syn-49be8bae1e2de55f/build-script-build"],"executable":null,"fresh":true}
{"reason":"compiler-artifact","package_id":"registry+https://github.com/rust-lang/crates.io-index#shlex@1.3.0","manifest_path":"/home/mdupont/.cargo/registry/src/index.crates.io-1949cf8c6b5b557f/shlex-1.3.0/Cargo.toml","target":{"kind":["lib"],"crate_types":["lib"],"name":"shlex","src_path":"/home/mdupont/.cargo/registry/src/index.crates.io-1949cf8c6b5b557f/shlex-1.3.0/src/lib.rs","edition":"2015","doc":true,"doctest":true,"test":true},"profile":{"opt_level":"0","debuginfo":0,"debug_assertions":true,"overflow_checks":true,"test":false},"features":["default","std"],"filenames":["/mnt/data1/nix/vendor/rust/cargo2nix/target/debug/deps/libshlex-e8c7a80568050100.rlib","/mnt/data1/nix/vendor/rust/cargo2nix/target/debug/deps/libshlex-e8c7a80568050100.rmeta"],"executable":null,"fresh":true}
{"reason":"compiler-artifact","package_id":"registry+https://github.com/rust-lang/crates.io-index#pkg-config@0.3.32","manifest_path":"/home/mdupont/.cargo/registry/src/index.crates.io-1949cf8c6b5b557f/pkg-config-0.3.32/Cargo.toml","target":{"kind":["lib"],"crate_types":["lib"],"name":"pkg_config","src_path":"/home/mdupont/.cargo/registry/src/index.crates.io-1949cf8c6b5b557f/pkg-config-0.3.32/src/lib.rs","edition":"2018","doc":true,"doctest":true,"test":true},"profile":{"opt_level":"0","debuginfo":0,"debug_assertions":true,"overflow_checks":true,"test":false},"features":[],"filenames":["/mnt/data1/nix/vendor/rust/cargo2nix/target/debug/deps/libpkg_config-27318cb7412d9ab4.rlib","/mnt/data1/nix/vendor/rust/cargo2nix/target/debug/deps/libpkg_config-27318cb7412d9ab4.rmeta"],"executable":null,"fresh":true}
{"reason":"compiler-artifact","package_id":"registry+https://github.com/rust-lang/crates.io-index#thiserror@2.0.17","manifest_path":"/home/mdupont/.cargo/registry/src/index.crates.io-1949cf8c6b5b557f/thiserror-2.0.17/Cargo.toml","target":{"kind":["custom-build"],"crate_types":["bin"],"name":"build-script-build","src_path":"/home/mdupont/.cargo/registry/src/index.crates.io-1949cf8c6b5b557f/thiserror-2.0.17/build.rs","edition":"2021","doc":false,"doctest":false,"test":false},"profile":{"opt_level":"0","debuginfo":0,"debug_assertions":true,"overflow_checks":true,"test":false},"features":["default","std"],"filenames":["/mnt/data1/nix/vendor/rust/cargo2nix/target/debug/build/thiserror-c73a6dcbf85ebb6c/build-script-build"],"executable":null,"fresh":true}
{"reason":"compiler-artifact","package_id":"registry+https://github.com/rust-lang/crates.io-index#either@1.13.0","manifest_path":"/home/mdupont/.cargo/registry/src/index.crates.io-1949cf8c6b5b557f/either-1.13.0/Cargo.toml","target":{"kind":["lib"],"crate_types":["lib"],"name":"either","src_path":"/home/mdupont/.cargo/registry/src/index.crates.io-1949cf8c6b5b557f/either-1.13.0/src/lib.rs","edition":"2018","doc":true,"doctest":true,"test":true},"profile":{"opt_level":"0","debuginfo":2,"debug_assertions":true,"overflow_checks":true,"test":false},"features":["default","use_std"],"filenames":["/mnt/data1/nix/vendor/rust/cargo2nix/target/debug/deps/libeither-bac2b5147016ebf9.rlib","/mnt/data1/nix/vendor/rust/cargo2nix/target/debug/deps/libeither-bac2b5147016ebf9.rmeta"],"executable":null,"fresh":true}
{"reason":"compiler-artifact","package_id":"path+file:///mnt/data1/nix/vendor/rust/cargo2nix/submodules/atomic-maybe-uninit#0.3.12","manifest_path":"/mnt/data1/nix/vendor/rust/cargo2nix/submodules/atomic-maybe-uninit/Cargo.toml","target":{"kind":["custom-build"],"crate_types":["bin"],"name":"build-script-build","src_path":"/mnt/data1/nix/vendor/rust/cargo2nix/submodules/atomic-maybe-uninit/build.rs","edition":"2021","doc":false,"doctest":false,"test":false},"profile":{"opt_level":"0","debuginfo":0,"debug_assertions":true,"overflow_checks":true,"test":false},"features":[],"filenames":["/mnt/data1/nix/vendor/rust/cargo2nix/target/debug/build/atomic-maybe-uninit-11fb5bc119d1e6f0/build-script-build"],"executable":null,"fresh":true}
{"reason":"compiler-artifact","package_id":"registry+https://github.com/rust-lang/crates.io-index#glob@0.3.3","manifest_path":"/home/mdupont/.cargo/registry/src/index.crates.io-1949cf8c6b5b557f/glob-0.3.3/Cargo.toml","target":{"kind":["lib"],"crate_types":["lib"],"name":"glob","src_path":"/home/mdupont/.cargo/registry/src/index.crates.io-1949cf8c6b5b557f/glob-0.3.3/src/lib.rs","edition":"2015","doc":true,"doctest":true,"test":true},"profile":{"opt_level":"0","debuginfo":0,"debug_assertions":true,"overflow_checks":true,"test":false},"features":[],"filenames":["/mnt/data1/nix/vendor/rust/cargo2nix/target/debug/deps/libglob-37f4c7fab0a960d6.rlib","/mnt/data1/nix/vendor/rust/cargo2nix/target/debug/deps/libglob-37f4c7fab0a960d6.rmeta"],"executable":null,"fresh":true}
{"reason":"compiler-artifact","package_id":"path+file:///mnt/data1/nix/vendor/rust/cargo2nix/submodules/crossbeam/crossbeam-utils#0.8.21","manifest_path":"/mnt/data1/nix/vendor/rust/cargo2nix/submodules/crossbeam/crossbeam-utils/Cargo.toml","target":{"kind":["custom-build"],"crate_types":["bin"],"name":"build-script-build","src_path":"/mnt/data1/nix/vendor/rust/cargo2nix/submodules/crossbeam/crossbeam-utils/build.rs","edition":"2021","doc":false,"doctest":false,"test":false},"profile":{"opt_level":"0","debuginfo":0,"debug_assertions":true,"overflow_checks":true,"test":false},"features":["atomic","atomic-maybe-uninit","default","std"],"filenames":["/mnt/data1/nix/vendor/rust/cargo2nix/target/debug/build/crossbeam-utils-fe3b9da2a21873d5/build-script-build"],"executable":null,"fresh":true}
{"reason":"compiler-artifact","package_id":"registry+https://github.com/rust-lang/crates.io-index#ucd-trie@0.1.7","manifest_path":"/home/mdupont/.cargo/registry/src/index.crates.io-1949cf8c6b5b557f/ucd-trie-0.1.7/Cargo.toml","target":{"kind":["lib"],"crate_types":["lib"],"name":"ucd_trie","src_path":"/home/mdupont/.cargo/registry/src/index.crates.io-1949cf8c6b5b557f/ucd-trie-0.1.7/src/lib.rs","edition":"2021","doc":true,"doctest":true,"test":true},"profile":{"opt_level":"0","debuginfo":2,"debug_assertions":true,"overflow_checks":true,"test":false},"features":["std"],"filenames":["/mnt/data1/nix/vendor/rust/cargo2nix/target/debug/deps/libucd_trie-9dfa6c27d71ea65c.rlib","/mnt/data1/nix/vendor/rust/cargo2nix/target/debug/deps/libucd_trie-9dfa6c27d71ea65c.rmeta"],"executable":null,"fresh":true}
{"reason":"compiler-artifact","package_id":"registry+https://github.com/rust-lang/crates.io-index#typenum@1.19.0","manifest_path":"/home/mdupont/.cargo/registry/src/index.crates.io-1949cf8c6b5b557f/typenum-1.19.0/Cargo.toml","target":{"kind":["custom-build"],"crate_types":["bin"],"name":"build-script-build","src_path":"/home/mdupont/.cargo/registry/src/index.crates.io-1949cf8c6b5b557f/typenum-1.19.0/build.rs","edition":"2018","doc":false,"doctest":false,"test":false},"profile":{"opt_level":"0","debuginfo":0,"debug_assertions":true,"overflow_checks":true,"test":false},"features":["const-generics"],"filenames":["/mnt/data1/nix/vendor/rust/cargo2nix/target/debug/build/typenum-7f34722617e7984c/build-script-build"],"executable":null,"fresh":true}
{"reason":"compiler-artifact","package_id":"registry+https://github.com/rust-lang/crates.io-index#regex-syntax@0.8.8","manifest_path":"/home/mdupont/.cargo/registry/src/index.crates.io-1949cf8c6b5b557f/regex-syntax-0.8.8/Cargo.toml","target":{"kind":["lib"],"crate_types":["lib"],"name":"regex_syntax","src_path":"/home/mdupont/.cargo/registry/src/index.crates.io-1949cf8c6b5b557f/regex-syntax-0.8.8/src/lib.rs","edition":"2021","doc":true,"doctest":true,"test":true},"profile":{"opt_level":"0","debuginfo":0,"debug_assertions":true,"overflow_checks":true,"test":false},"features":["std","unicode-perl"],"filenames":["/mnt/data1/nix/vendor/rust/cargo2nix/target/debug/deps/libregex_syntax-9364e9a03e3b9011.rlib","/mnt/data1/nix/vendor/rust/cargo2nix/target/debug/deps/libregex_syntax-9364e9a03e3b9011.rmeta"],"executable":null,"fresh":true}
{"reason":"compiler-artifact","package_id":"registry+https://github.com/rust-lang/crates.io-index#getrandom@0.3.4","manifest_path":"/home/mdupont/.cargo/registry/src/index.crates.io-1949cf8c6b5b557f/getrandom-0.3.4/Cargo.toml","target":{"kind":["custom-build"],"crate_types":["bin"],"name":"build-script-build","src_path":"/home/mdupont/.cargo/registry/src/index.crates.io-1949cf8c6b5b557f/getrandom-0.3.4/build.rs","edition":"2021","doc":false,"doctest":false,"test":false},"profile":{"opt_level":"0","debuginfo":0,"debug_assertions":true,"overflow_checks":true,"test":false},"features":[],"filenames":["/mnt/data1/nix/vendor/rust/cargo2nix/target/debug/build/getrandom-0054371bf7b99291/build-script-build"],"executable":null,"fresh":true}
{"reason":"compiler-artifact","package_id":"registry+https://github.com/rust-lang/crates.io-index#regex-syntax@0.8.8","manifest_path":"/home/mdupont/.cargo/registry/src/index.crates.io-1949cf8c6b5b557f/regex-syntax-0.8.8/Cargo.toml","target":{"kind":["lib"],"crate_types":["lib"],"name":"regex_syntax","src_path":"/home/mdupont/.cargo/registry/src/index.crates.io-1949cf8c6b5b557f/regex-syntax-0.8.8/src/lib.rs","edition":"2021","doc":true,"doctest":true,"test":true},"profile":{"opt_level":"0","debuginfo":2,"debug_assertions":true,"overflow_checks":true,"test":false},"features":["std"],"filenames":["/mnt/data1/nix/vendor/rust/cargo2nix/target/debug/deps/libregex_syntax-8c709eb87155f868.rlib","/mnt/data1/nix/vendor/rust/cargo2nix/target/debug/deps/libregex_syntax-8c709eb87155f868.rmeta"],"executable":null,"fresh":true}
{"reason":"compiler-artifact","package_id":"registry+https://github.com/rust-lang/crates.io-index#minimal-lexical@0.2.1","manifest_path":"/home/mdupont/.cargo/registry/src/index.crates.io-1949cf8c6b5b557f/minimal-lexical-0.2.1/Cargo.toml","target":{"kind":["lib"],"crate_types":["lib"],"name":"minimal_lexical","src_path":"/home/mdupont/.cargo/registry/src/index.crates.io-1949cf8c6b5b557f/minimal-lexical-0.2.1/src/lib.rs","edition":"2018","doc":true,"doctest":true,"test":true},"profile":{"opt_level":"0","debuginfo":0,"debug_assertions":true,"overflow_checks":true,"test":false},"features":["std"],"filenames":["/mnt/data1/nix/vendor/rust/cargo2nix/target/debug/deps/libminimal_lexical-fd4e2de6734108b1.rlib","/mnt/data1/nix/vendor/rust/cargo2nix/target/debug/deps/libminimal_lexical-fd4e2de6734108b1.rmeta"],"executable":null,"fresh":true}
{"reason":"compiler-artifact","package_id":"registry+https://github.com/rust-lang/crates.io-index#once_cell@1.21.3","manifest_path":"/home/mdupont/.cargo/registry/src/index.crates.io-1949cf8c6b5b557f/once_cell-1.21.3/Cargo.toml","target":{"kind":["lib"],"crate_types":["lib"],"name":"once_cell","src_path":"/home/mdupont/.cargo/registry/src/index.crates.io-1949cf8c6b5b557f/once_cell-1.21.3/src/lib.rs","edition":"2021","doc":true,"doctest":true,"test":true},"profile":{"opt_level":"0","debuginfo":0,"debug_assertions":true,"overflow_checks":true,"test":false},"features":["alloc","default","race","std"],"filenames":["/mnt/data1/nix/vendor/rust/cargo2nix/target/debug/deps/libonce_cell-4359ecaab587e81f.rlib","/mnt/data1/nix/vendor/rust/cargo2nix/target/debug/deps/libonce_cell-4359ecaab587e81f.rmeta"],"executable":null,"fresh":true}
{"reason":"compiler-artifact","package_id":"registry+https://github.com/rust-lang/crates.io-index#cfg-if@1.0.4","manifest_path":"/home/mdupont/.cargo/registry/src/index.crates.io-1949cf8c6b5b557f/cfg-if-1.0.4/Cargo.toml","target":{"kind":["lib"],"crate_types":["lib"],"name":"cfg_if","src_path":"/home/mdupont/.cargo/registry/src/index.crates.io-1949cf8c6b5b557f/cfg-if-1.0.4/src/lib.rs","edition":"2018","doc":true,"doctest":true,"test":true},"profile":{"opt_level":"0","debuginfo":2,"debug_assertions":true,"overflow_checks":true,"test":false},"features":[],"filenames":["/mnt/data1/nix/vendor/rust/cargo2nix/target/debug/deps/libcfg_if-2262c59ed30cbfdf.rlib","/mnt/data1/nix/vendor/rust/cargo2nix/target/debug/deps/libcfg_if-2262c59ed30cbfdf.rmeta"],"executable":null,"fresh":true}
{"reason":"compiler-artifact","package_id":"path+file:///mnt/data1/nix/vendor/rust/cargo2nix/submodules/serde/serde_core#1.0.228","manifest_path":"/mnt/data1/nix/vendor/rust/cargo2nix/submodules/serde/serde_core/Cargo.toml","target":{"kind":["custom-build"],"crate_types":["bin"],"name":"build-script-build","src_path":"/mnt/data1/nix/vendor/rust/cargo2nix/submodules/serde/serde_core/build.rs","edition":"2021","doc":false,"doctest":false,"test":false},"profile":{"opt_level":"0","debuginfo":0,"debug_assertions":true,"overflow_checks":true,"test":false},"features":["alloc","default","result","std"],"filenames":["/mnt/data1/nix/vendor/rust/cargo2nix/target/debug/build/serde_core-0a318d01f02e01ca/build-script-build"],"executable":null,"fresh":true}
{"reason":"compiler-artifact","package_id":"registry+https://github.com/rust-lang/crates.io-index#vcpkg@0.2.15","manifest_path":"/home/mdupont/.cargo/registry/src/index.crates.io-1949cf8c6b5b557f/vcpkg-0.2.15/Cargo.toml","target":{"kind":["lib"],"crate_types":["lib"],"name":"vcpkg","src_path":"/home/mdupont/.cargo/registry/src/index.crates.io-1949cf8c6b5b557f/vcpkg-0.2.15/src/lib.rs","edition":"2015","doc":true,"doctest":true,"test":true},"profile":{"opt_level":"0","debuginfo":0,"debug_assertions":true,"overflow_checks":true,"test":false},"features":[],"filenames":["/mnt/data1/nix/vendor/rust/cargo2nix/target/debug/deps/libvcpkg-394aa79480fa29ca.rlib","/mnt/data1/nix/vendor/rust/cargo2nix/target/debug/deps/libvcpkg-394aa79480fa29ca.rmeta"],"executable":null,"fresh":true}
{"reason":"compiler-artifact","package_id":"registry+https://github.com/rust-lang/crates.io-index#bindgen@0.72.1","manifest_path":"/home/mdupont/.cargo/registry/src/index.crates.io-1949cf8c6b5b557f/bindgen-0.72.1/Cargo.toml","target":{"kind":["custom-build"],"crate_types":["bin"],"name":"build-script-build","src_path":"/home/mdupont/.cargo/registry/src/index.crates.io-1949cf8c6b5b557f/bindgen-0.72.1/build.rs","edition":"2021","doc":false,"doctest":false,"test":false},"profile":{"opt_level":"0","debuginfo":0,"debug_assertions":true,"overflow_checks":true,"test":false},"features":[],"filenames":["/mnt/data1/nix/vendor/rust/cargo2nix/target/debug/build/bindgen-2f5b5d3355f6c7ae/build-script-build"],"executable":null,"fresh":true}
{"reason":"compiler-artifact","package_id":"registry+https://github.com/rust-lang/crates.io-index#libc@0.2.178","manifest_path":"/home/mdupont/.cargo/registry/src/index.crates.io-1949cf8c6b5b557f/libc-0.2.178/Cargo.toml","target":{"kind":["lib"],"crate_types":["lib"],"name":"libc","src_path":"/home/mdupont/.cargo/registry/src/index.crates.io-1949cf8c6b5b557f/libc-0.2.178/src/lib.rs","edition":"2021","doc":true,"doctest":true,"test":true},"profile":{"opt_level":"0","debuginfo":2,"debug_assertions":true,"overflow_checks":true,"test":false},"features":["default","std"],"filenames":["/mnt/data1/nix/vendor/rust/cargo2nix/target/debug/deps/liblibc-c4ebd88dbcc0a736.rlib","/mnt/data1/nix/vendor/rust/cargo2nix/target/debug/deps/liblibc-c4ebd88dbcc0a736.rmeta"],"executable":null,"fresh":true}
{"reason":"build-script-executed","package_id":"path+file:///mnt/data1/nix/vendor/rust/cargo2nix/submodules/quote#1.0.42","linked_libs":[],"linked_paths":[],"cfgs":[],"env":[],"out_dir":"/mnt/data1/nix/vendor/rust/cargo2nix/target/debug/build/quote-d6a2c1d1c265a43b/out"}
{"reason":"build-script-executed","package_id":"path+file:///mnt/data1/nix/vendor/rust/cargo2nix/submodules/proc-macro2#1.0.103","linked_libs":[],"linked_paths":[],"cfgs":["wrap_proc_macro","proc_macro_span","proc_macro_span_location","proc_macro_span_file"],"env":[],"out_dir":"/mnt/data1/nix/vendor/rust/cargo2nix/target/debug/build/proc-macro2-1bc4d54aae72c556/out"}
{"reason":"build-script-executed","package_id":"path+file:///mnt/data1/nix/vendor/rust/cargo2nix/submodules/syn#2.0.110","linked_libs":[],"linked_paths":[],"cfgs":["check_cfg"],"env":[],"out_dir":"/mnt/data1/nix/vendor/rust/cargo2nix/target/debug/build/syn-9ad39db76133e10b/out"}
{"reason":"build-script-executed","package_id":"registry+https://github.com/rust-lang/crates.io-index#thiserror@2.0.17","linked_libs":[],"linked_paths":[],"cfgs":["error_generic_member_access"],"env":[],"out_dir":"/mnt/data1/nix/vendor/rust/cargo2nix/target/debug/build/thiserror-431281c637257f87/out"}
{"reason":"build-script-executed","package_id":"path+file:///mnt/data1/nix/vendor/rust/cargo2nix/submodules/atomic-maybe-uninit#0.3.12","linked_libs":[],"linked_paths":[],"cfgs":[],"env":[],"out_dir":"/mnt/data1/nix/vendor/rust/cargo2nix/target/debug/build/atomic-maybe-uninit-0cf1e9a97dcaf06f/out"}
{"reason":"compiler-artifact","package_id":"registry+https://github.com/rust-lang/crates.io-index#clang-sys@1.8.1","manifest_path":"/home/mdupont/.cargo/registry/src/index.crates.io-1949cf8c6b5b557f/clang-sys-1.8.1/Cargo.toml","target":{"kind":["custom-build"],"crate_types":["bin"],"name":"build-script-build","src_path":"/home/mdupont/.cargo/registry/src/index.crates.io-1949cf8c6b5b557f/clang-sys-1.8.1/build.rs","edition":"2021","doc":false,"doctest":false,"test":false},"profile":{"opt_level":"0","debuginfo":0,"debug_assertions":true,"overflow_checks":true,"test":false},"features":["clang_10_0","clang_11_0","clang_3_5","clang_3_6","clang_3_7","clang_3_8","clang_3_9","clang_4_0","clang_5_0","clang_6_0","clang_7_0","clang_8_0","clang_9_0"],"filenames":["/mnt/data1/nix/vendor/rust/cargo2nix/target/debug/build/clang-sys-7514bb67b8c5365b/build-script-build"],"executable":null,"fresh":true}
{"reason":"build-script-executed","package_id":"path+file:///mnt/data1/nix/vendor/rust/cargo2nix/submodules/crossbeam/crossbeam-utils#0.8.21","linked_libs":[],"linked_paths":[],"cfgs":[],"env":[],"out_dir":"/mnt/data1/nix/vendor/rust/cargo2nix/target/debug/build/crossbeam-utils-16ea47878fb9757b/out"}
{"reason":"compiler-artifact","package_id":"registry+https://github.com/rust-lang/crates.io-index#aho-corasick@1.1.4","manifest_path":"/home/mdupont/.cargo/registry/src/index.crates.io-1949cf8c6b5b557f/aho-corasick-1.1.4/Cargo.toml","target":{"kind":["lib"],"crate_types":["lib"],"name":"aho_corasick","src_path":"/home/mdupont/.cargo/registry/src/index.crates.io-1949cf8c6b5b557f/aho-corasick-1.1.4/src/lib.rs","edition":"2021","doc":true,"doctest":true,"test":true},"profile":{"opt_level":"0","debuginfo":2,"debug_assertions":true,"overflow_checks":true,"test":false},"features":["perf-literal","std"],"filenames":["/mnt/data1/nix/vendor/rust/cargo2nix/target/debug/deps/libaho_corasick-57caa7e68bdce8a0.rlib","/mnt/data1/nix/vendor/rust/cargo2nix/target/debug/deps/libaho_corasick-57caa7e68bdce8a0.rmeta"],"executable":null,"fresh":true}
{"reason":"compiler-artifact","package_id":"registry+https://github.com/rust-lang/crates.io-index#regex-automata@0.4.13","manifest_path":"/home/mdupont/.cargo/registry/src/index.crates.io-1949cf8c6b5b557f/regex-automata-0.4.13/Cargo.toml","target":{"kind":["lib"],"crate_types":["lib"],"name":"regex_automata","src_path":"/home/mdupont/.cargo/registry/src/index.crates.io-1949cf8c6b5b557f/regex-automata-0.4.13/src/lib.rs","edition":"2021","doc":true,"doctest":true,"test":true},"profile":{"opt_level":"0","debuginfo":0,"debug_assertions":true,"overflow_checks":true,"test":false},"features":["alloc","meta","nfa-pikevm","nfa-thompson","std","syntax","unicode-perl","unicode-word-boundary"],"filenames":["/mnt/data1/nix/vendor/rust/cargo2nix/target/debug/deps/libregex_automata-187a43aa890a0f56.rlib","/mnt/data1/nix/vendor/rust/cargo2nix/target/debug/deps/libregex_automata-187a43aa890a0f56.rmeta"],"executable":null,"fresh":true}
{"reason":"build-script-executed","package_id":"registry+https://github.com/rust-lang/crates.io-index#typenum@1.19.0","linked_libs":[],"linked_paths":[],"cfgs":[],"env":[],"out_dir":"/mnt/data1/nix/vendor/rust/cargo2nix/target/debug/build/typenum-64dd778a380ac2c1/out"}
{"reason":"build-script-executed","package_id":"path+file:///mnt/data1/nix/vendor/rust/cargo2nix/submodules/serde/serde_core#1.0.228","linked_libs":[],"linked_paths":[],"cfgs":[],"env":[],"out_dir":"/mnt/data1/nix/vendor/rust/cargo2nix/target/debug/build/serde_core-666f34d160617803/out"}
{"reason":"compiler-artifact","package_id":"registry+https://github.com/rust-lang/crates.io-index#nom@7.1.3","manifest_path":"/home/mdupont/.cargo/registry/src/index.crates.io-1949cf8c6b5b557f/nom-7.1.3/Cargo.toml","target":{"kind":["lib"],"crate_types":["lib"],"name":"nom","src_path":"/home/mdupont/.cargo/registry/src/index.crates.io-1949cf8c6b5b557f/nom-7.1.3/src/lib.rs","edition":"2018","doc":true,"doctest":true,"test":true},"profile":{"opt_level":"0","debuginfo":0,"debug_assertions":true,"overflow_checks":true,"test":false},"features":["alloc","std"],"filenames":["/mnt/data1/nix/vendor/rust/cargo2nix/target/debug/deps/libnom-b227e90d1fbf7063.rlib","/mnt/data1/nix/vendor/rust/cargo2nix/target/debug/deps/libnom-b227e90d1fbf7063.rmeta"],"executable":null,"fresh":true}
{"reason":"build-script-executed","package_id":"registry+https://github.com/rust-lang/crates.io-index#getrandom@0.3.4","linked_libs":[],"linked_paths":[],"cfgs":[],"env":[],"out_dir":"/mnt/data1/nix/vendor/rust/cargo2nix/target/debug/build/getrandom-3bb03a3df2befad3/out"}
{"reason":"compiler-artifact","package_id":"registry+https://github.com/rust-lang/crates.io-index#itertools@0.13.0","manifest_path":"/home/mdupont/.cargo/registry/src/index.crates.io-1949cf8c6b5b557f/itertools-0.13.0/Cargo.toml","target":{"kind":["lib"],"crate_types":["lib"],"name":"itertools","src_path":"/home/mdupont/.cargo/registry/src/index.crates.io-1949cf8c6b5b557f/itertools-0.13.0/src/lib.rs","edition":"2018","doc":true,"doctest":true,"test":false},"profile":{"opt_level":"0","debuginfo":0,"debug_assertions":true,"overflow_checks":true,"test":false},"features":[],"filenames":["/mnt/data1/nix/vendor/rust/cargo2nix/target/debug/deps/libitertools-de92065ecc9fd5bb.rlib","/mnt/data1/nix/vendor/rust/cargo2nix/target/debug/deps/libitertools-de92065ecc9fd5bb.rmeta"],"executable":null,"fresh":true}
{"reason":"compiler-artifact","package_id":"path+file:///mnt/data1/nix/vendor/rust/cargo2nix/submodules/parking_lot/core#parking_lot_core@0.9.13","manifest_path":"/mnt/data1/nix/vendor/rust/cargo2nix/submodules/parking_lot/core/Cargo.toml","target":{"kind":["custom-build"],"crate_types":["bin"],"name":"build-script-build","src_path":"/mnt/data1/nix/vendor/rust/cargo2nix/submodules/parking_lot/core/build.rs","edition":"2021","doc":false,"doctest":false,"test":false},"profile":{"opt_level":"0","debuginfo":0,"debug_assertions":true,"overflow_checks":true,"test":false},"features":[],"filenames":["/mnt/data1/nix/vendor/rust/cargo2nix/target/debug/build/parking_lot_core-7635933883eff3ca/build-script-build"],"executable":null,"fresh":true}
{"reason":"compiler-artifact","package_id":"registry+https://github.com/rust-lang/crates.io-index#bitflags@2.9.1","manifest_path":"/home/mdupont/.cargo/registry/src/index.crates.io-1949cf8c6b5b557f/bitflags-2.9.1/Cargo.toml","target":{"kind":["lib"],"crate_types":["lib"],"name":"bitflags","src_path":"/home/mdupont/.cargo/registry/src/index.crates.io-1949cf8c6b5b557f/bitflags-2.9.1/src/lib.rs","edition":"2021","doc":true,"doctest":true,"test":true},"profile":{"opt_level":"0","debuginfo":0,"debug_assertions":true,"overflow_checks":true,"test":false},"features":[],"filenames":["/mnt/data1/nix/vendor/rust/cargo2nix/target/debug/deps/libbitflags-d71c16050effa5b3.rlib","/mnt/data1/nix/vendor/rust/cargo2nix/target/debug/deps/libbitflags-d71c16050effa5b3.rmeta"],"executable":null,"fresh":true}
{"reason":"compiler-artifact","package_id":"registry+https://github.com/rust-lang/crates.io-index#log@0.4.27","manifest_path":"/home/mdupont/.cargo/registry/src/index.crates.io-1949cf8c6b5b557f/log-0.4.27/Cargo.toml","target":{"kind":["lib"],"crate_types":["lib"],"name":"log","src_path":"/home/mdupont/.cargo/registry/src/index.crates.io-1949cf8c6b5b557f/log-0.4.27/src/lib.rs","edition":"2021","doc":true,"doctest":true,"test":true},"profile":{"opt_level":"0","debuginfo":2,"debug_assertions":true,"overflow_checks":true,"test":false},"features":["std"],"filenames":["/mnt/data1/nix/vendor/rust/cargo2nix/target/debug/deps/liblog-e4c872c580f67c43.rlib","/mnt/data1/nix/vendor/rust/cargo2nix/target/debug/deps/liblog-e4c872c580f67c43.rmeta"],"executable":null,"fresh":true}
{"reason":"compiler-artifact","package_id":"registry+https://github.com/rust-lang/crates.io-index#rustc-hash@2.1.1","manifest_path":"/home/mdupont/.cargo/registry/src/index.crates.io-1949cf8c6b5b557f/rustc-hash-2.1.1/Cargo.toml","target":{"kind":["lib"],"crate_types":["lib"],"name":"rustc_hash","src_path":"/home/mdupont/.cargo/registry/src/index.crates.io-1949cf8c6b5b557f/rustc-hash-2.1.1/src/lib.rs","edition":"2021","doc":true,"doctest":true,"test":true},"profile":{"opt_level":"0","debuginfo":0,"debug_assertions":true,"overflow_checks":true,"test":false},"features":["default","std"],"filenames":["/mnt/data1/nix/vendor/rust/cargo2nix/target/debug/deps/librustc_hash-d564b212d2a909ef.rlib","/mnt/data1/nix/vendor/rust/cargo2nix/target/debug/deps/librustc_hash-d564b212d2a909ef.rmeta"],"executable":null,"fresh":true}
{"reason":"compiler-artifact","package_id":"path+file:///mnt/data1/nix/vendor/rust/cargo2nix/submodules/rayon/rayon-core#1.13.0","manifest_path":"/mnt/data1/nix/vendor/rust/cargo2nix/submodules/rayon/rayon-core/Cargo.toml","target":{"kind":["custom-build"],"crate_types":["bin"],"name":"build-script-build","src_path":"/mnt/data1/nix/vendor/rust/cargo2nix/submodules/rayon/rayon-core/build.rs","edition":"2024","doc":false,"doctest":false,"test":false},"profile":{"opt_level":"0","debuginfo":0,"debug_assertions":true,"overflow_checks":true,"test":false},"features":[],"filenames":["/mnt/data1/nix/vendor/rust/cargo2nix/target/debug/build/rayon-core-ee883b8bb5ce3266/build-script-build"],"executable":null,"fresh":true}
{"reason":"compiler-artifact","package_id":"path+file:///mnt/data1/nix/vendor/rust/cargo2nix/submodules/proc-macro2#1.0.103","manifest_path":"/mnt/data1/nix/vendor/rust/cargo2nix/submodules/proc-macro2/Cargo.toml","target":{"kind":["custom-build"],"crate_types":["bin"],"name":"build-script-build","src_path":"/mnt/data1/nix/vendor/rust/cargo2nix/submodules/proc-macro2/build.rs","edition":"2021","doc":false,"doctest":false,"test":false},"profile":{"opt_level":"0","debuginfo":0,"debug_assertions":true,"overflow_checks":true,"test":false},"features":["default","proc-macro","span-locations"],"filenames":["/mnt/data1/nix/vendor/rust/cargo2nix/target/debug/build/proc-macro2-7b32733794818052/build-script-build"],"executable":null,"fresh":true}
{"reason":"compiler-artifact","package_id":"path+file:///mnt/data1/nix/vendor/rust/cargo2nix/submodules/cfg-if#1.0.4","manifest_path":"/mnt/data1/nix/vendor/rust/cargo2nix/submodules/cfg-if/Cargo.toml","target":{"kind":["lib"],"crate_types":["lib"],"name":"cfg_if","src_path":"/mnt/data1/nix/vendor/rust/cargo2nix/submodules/cfg-if/src/lib.rs","edition":"2018","doc":true,"doctest":true,"test":true},"profile":{"opt_level":"0","debuginfo":2,"debug_assertions":true,"overflow_checks":true,"test":false},"features":[],"filenames":["/mnt/data1/nix/vendor/rust/cargo2nix/target/debug/deps/libcfg_if-abcd325605cd1772.rlib","/mnt/data1/nix/vendor/rust/cargo2nix/target/debug/deps/libcfg_if-abcd325605cd1772.rmeta"],"executable":null,"fresh":true}
{"reason":"compiler-artifact","package_id":"path+file:///mnt/data1/nix/vendor/rust/cargo2nix/submodules/rust-smallvec#smallvec@2.0.0-alpha.12","manifest_path":"/mnt/data1/nix/vendor/rust/cargo2nix/submodules/rust-smallvec/Cargo.toml","target":{"kind":["lib"],"crate_types":["lib"],"name":"smallvec","src_path":"/mnt/data1/nix/vendor/rust/cargo2nix/submodules/rust-smallvec/src/lib.rs","edition":"2021","doc":true,"doctest":true,"test":true},"profile":{"opt_level":"0","debuginfo":2,"debug_assertions":true,"overflow_checks":true,"test":false},"features":[],"filenames":["/mnt/data1/nix/vendor/rust/cargo2nix/target/debug/deps/libsmallvec-39da6c6240a07e62.rlib","/mnt/data1/nix/vendor/rust/cargo2nix/target/debug/deps/libsmallvec-39da6c6240a07e62.rmeta"],"executable":null,"fresh":true}
{"reason":"compiler-artifact","package_id":"registry+https://github.com/rust-lang/crates.io-index#utf8parse@0.2.2","manifest_path":"/home/mdupont/.cargo/registry/src/index.crates.io-1949cf8c6b5b557f/utf8parse-0.2.2/Cargo.toml","target":{"kind":["lib"],"crate_types":["lib"],"name":"utf8parse","src_path":"/home/mdupont/.cargo/registry/src/index.crates.io-1949cf8c6b5b557f/utf8parse-0.2.2/src/lib.rs","edition":"2018","doc":true,"doctest":true,"test":true},"profile":{"opt_level":"0","debuginfo":2,"debug_assertions":true,"overflow_checks":true,"test":false},"features":["default"],"filenames":["/mnt/data1/nix/vendor/rust/cargo2nix/target/debug/deps/libutf8parse-97e8d7c35760ee10.rlib","/mnt/data1/nix/vendor/rust/cargo2nix/target/debug/deps/libutf8parse-97e8d7c35760ee10.rmeta"],"executable":null,"fresh":true}
{"reason":"compiler-artifact","package_id":"path+file:///mnt/data1/nix/vendor/rust/cargo2nix/submodules/proc-macro2#1.0.103","manifest_path":"/mnt/data1/nix/vendor/rust/cargo2nix/submodules/proc-macro2/Cargo.toml","target":{"kind":["lib"],"crate_types":["lib"],"name":"proc_macro2","src_path":"/mnt/data1/nix/vendor/rust/cargo2nix/submodules/proc-macro2/src/lib.rs","edition":"2021","doc":true,"doctest":true,"test":true},"profile":{"opt_level":"0","debuginfo":0,"debug_assertions":true,"overflow_checks":true,"test":false},"features":["default","proc-macro"],"filenames":["/mnt/data1/nix/vendor/rust/cargo2nix/target/debug/deps/libproc_macro2-b094afd40e8c2a59.rlib","/mnt/data1/nix/vendor/rust/cargo2nix/target/debug/deps/libproc_macro2-b094afd40e8c2a59.rmeta"],"executable":null,"fresh":true}
{"reason":"compiler-artifact","package_id":"registry+https://github.com/rust-lang/crates.io-index#jobserver@0.1.34","manifest_path":"/home/mdupont/.cargo/registry/src/index.crates.io-1949cf8c6b5b557f/jobserver-0.1.34/Cargo.toml","target":{"kind":["lib"],"crate_types":["lib"],"name":"jobserver","src_path":"/home/mdupont/.cargo/registry/src/index.crates.io-1949cf8c6b5b557f/jobserver-0.1.34/src/lib.rs","edition":"2021","doc":true,"doctest":true,"test":true},"profile":{"opt_level":"0","debuginfo":0,"debug_assertions":true,"overflow_checks":true,"test":false},"features":[],"filenames":["/mnt/data1/nix/vendor/rust/cargo2nix/target/debug/deps/libjobserver-ba0cb0a81ad066f2.rlib","/mnt/data1/nix/vendor/rust/cargo2nix/target/debug/deps/libjobserver-ba0cb0a81ad066f2.rmeta"],"executable":null,"fresh":true}
{"reason":"compiler-message","package_id":"path+file:///mnt/data1/nix/vendor/rust/cargo2nix/submodules/atomic-maybe-uninit#0.3.12","manifest_path":"/mnt/data1/nix/vendor/rust/cargo2nix/submodules/atomic-maybe-uninit/Cargo.toml","target":{"kind":["lib"],"crate_types":["lib"],"name":"atomic_maybe_uninit","src_path":"/mnt/data1/nix/vendor/rust/cargo2nix/submodules/atomic-maybe-uninit/src/lib.rs","edition":"2021","doc":true,"doctest":true,"test":true},"message":{"rendered":"warning: unexpected `cfg` condition value: `128`\n   --> submodules/atomic-maybe-uninit/src/lib.rs:806:7\n    |\n806 | #[cfg(target_pointer_width = \"128\")]\n    |       ^^^^^^^^^^^^^^^^^^^^^^^^^^^^\n    |\n    = note: expected values for `target_pointer_width` are: `16`, `32`, and `64`\n    = help: consider using a Cargo feature instead\n    = help: or consider adding in `Cargo.toml` the `check-cfg` lint config for the lint:\n             [lints.rust]\n             unexpected_cfgs = { level = \"warn\", check-cfg = ['cfg(target_pointer_width, values(\"128\"))'] }\n    = help: or consider adding `println!(\"cargo::rustc-check-cfg=cfg(target_pointer_width, values(\\\"128\\\"))\");` to the top of the `build.rs`\n    = note: see <https://doc.rust-lang.org/nightly/rustc/check-cfg/cargo-specifics.html> for more information about checking conditional configuration\n    = note: `#[warn(unexpected_cfgs)]` on by default\n\n","$message_type":"diagnostic","children":[{"children":[],"code":null,"level":"note","message":"expected values for `target_pointer_width` are: `16`, `32`, and `64`","rendered":null,"spans":[]},{"children":[],"code":null,"level":"help","message":"consider using a Cargo feature instead","rendered":null,"spans":[]},{"children":[],"code":null,"level":"help","message":"or consider adding in `Cargo.toml` the `check-cfg` lint config for the lint:\n [lints.rust]\n unexpected_cfgs = { level = \"warn\", check-cfg = ['cfg(target_pointer_width, values(\"128\"))'] }","rendered":null,"spans":[]},{"children":[],"code":null,"level":"help","message":"or consider adding `println!(\"cargo::rustc-check-cfg=cfg(target_pointer_width, values(\\\"128\\\"))\");` to the top of the `build.rs`","rendered":null,"spans":[]},{"children":[],"code":null,"level":"note","message":"see <https://doc.rust-lang.org/nightly/rustc/check-cfg/cargo-specifics.html> for more information about checking conditional configuration","rendered":null,"spans":[]},{"children":[],"code":null,"level":"note","message":"`#[warn(unexpected_cfgs)]` on by default","rendered":null,"spans":[]}],"code":{"code":"unexpected_cfgs","explanation":null},"level":"warning","message":"unexpected `cfg` condition value: `128`","spans":[{"byte_end":34801,"byte_start":34773,"column_end":35,"column_start":7,"expansion":null,"file_name":"submodules/atomic-maybe-uninit/src/lib.rs","is_primary":true,"label":null,"line_end":806,"line_start":806,"suggested_replacement":null,"suggestion_applicability":null,"text":[{"highlight_end":35,"highlight_start":7,"text":"#[cfg(target_pointer_width = \"128\")]"}]}]}}
{"reason":"compiler-message","package_id":"path+file:///mnt/data1/nix/vendor/rust/cargo2nix/submodules/atomic-maybe-uninit#0.3.12","manifest_path":"/mnt/data1/nix/vendor/rust/cargo2nix/submodules/atomic-maybe-uninit/Cargo.toml","target":{"kind":["lib"],"crate_types":["lib"],"name":"atomic_maybe_uninit","src_path":"/mnt/data1/nix/vendor/rust/cargo2nix/submodules/atomic-maybe-uninit/src/lib.rs","edition":"2021","doc":true,"doctest":true,"test":true},"message":{"rendered":"warning: unexpected `cfg` condition name: `atomic_maybe_uninit_test_prefer_kuser_cmpxchg`\n   --> submodules/atomic-maybe-uninit/src/lib.rs:825:13\n    |\n825 |             atomic_maybe_uninit_test_prefer_kuser_cmpxchg,\n    |             ^^^^^^^^^^^^^^^^^^^^^^^^^^^^^^^^^^^^^^^^^^^^^\n    |\n    = help: expected names are: `atomic_maybe_uninit_no_asm`, `atomic_maybe_uninit_no_cmpxchg`, `atomic_maybe_uninit_no_cmpxchg8b`, `atomic_maybe_uninit_no_const_mut_refs`, `atomic_maybe_uninit_no_diagnostic_namespace`, `atomic_maybe_uninit_no_ldex_stex`, `atomic_maybe_uninit_no_strict_provenance`, `atomic_maybe_uninit_no_sync`, `atomic_maybe_uninit_pre_llvm_20`, `atomic_maybe_uninit_target_feature`, `atomic_maybe_uninit_unstable_asm_experimental_arch`, `docsrs`, `feature`, and `test` and 31 more\n    = help: consider using a Cargo feature instead\n    = help: or consider adding in `Cargo.toml` the `check-cfg` lint config for the lint:\n             [lints.rust]\n             unexpected_cfgs = { level = \"warn\", check-cfg = ['cfg(atomic_maybe_uninit_test_prefer_kuser_cmpxchg)'] }\n    = help: or consider adding `println!(\"cargo::rustc-check-cfg=cfg(atomic_maybe_uninit_test_prefer_kuser_cmpxchg)\");` to the top of the `build.rs`\n    = note: see <https://doc.rust-lang.org/nightly/rustc/check-cfg/cargo-specifics.html> for more information about checking conditional configuration\n\n","$message_type":"diagnostic","children":[{"children":[],"code":null,"level":"help","message":"expected names are: `atomic_maybe_uninit_no_asm`, `atomic_maybe_uninit_no_cmpxchg`, `atomic_maybe_uninit_no_cmpxchg8b`, `atomic_maybe_uninit_no_const_mut_refs`, `atomic_maybe_uninit_no_diagnostic_namespace`, `atomic_maybe_uninit_no_ldex_stex`, `atomic_maybe_uninit_no_strict_provenance`, `atomic_maybe_uninit_no_sync`, `atomic_maybe_uninit_pre_llvm_20`, `atomic_maybe_uninit_target_feature`, `atomic_maybe_uninit_unstable_asm_experimental_arch`, `docsrs`, `feature`, and `test` and 31 more","rendered":null,"spans":[]},{"children":[],"code":null,"level":"help","message":"consider using a Cargo feature instead","rendered":null,"spans":[]},{"children":[],"code":null,"level":"help","message":"or consider adding in `Cargo.toml` the `check-cfg` lint config for the lint:\n [lints.rust]\n unexpected_cfgs = { level = \"warn\", check-cfg = ['cfg(atomic_maybe_uninit_test_prefer_kuser_cmpxchg)'] }","rendered":null,"spans":[]},{"children":[],"code":null,"level":"help","message":"or consider adding `println!(\"cargo::rustc-check-cfg=cfg(atomic_maybe_uninit_test_prefer_kuser_cmpxchg)\");` to the top of the `build.rs`","rendered":null,"spans":[]},{"children":[],"code":null,"level":"note","message":"see <https://doc.rust-lang.org/nightly/rustc/check-cfg/cargo-specifics.html> for more information about checking conditional configuration","rendered":null,"spans":[]}],"code":{"code":"unexpected_cfgs","explanation":null},"level":"warning","message":"unexpected `cfg` condition name: `atomic_maybe_uninit_test_prefer_kuser_cmpxchg`","spans":[{"byte_end":35518,"byte_start":35473,"column_end":58,"column_start":13,"expansion":null,"file_name":"submodules/atomic-maybe-uninit/src/lib.rs","is_primary":true,"label":null,"line_end":825,"line_start":825,"suggested_replacement":null,"suggestion_applicability":null,"text":[{"highlight_end":58,"highlight_start":13,"text":"            atomic_maybe_uninit_test_prefer_kuser_cmpxchg,"}]}]}}
{"reason":"compiler-message","package_id":"path+file:///mnt/data1/nix/vendor/rust/cargo2nix/submodules/atomic-maybe-uninit#0.3.12","manifest_path":"/mnt/data1/nix/vendor/rust/cargo2nix/submodules/atomic-maybe-uninit/Cargo.toml","target":{"kind":["lib"],"crate_types":["lib"],"name":"atomic_maybe_uninit","src_path":"/mnt/data1/nix/vendor/rust/cargo2nix/submodules/atomic-maybe-uninit/src/lib.rs","edition":"2021","doc":true,"doctest":true,"test":true},"message":{"rendered":"warning: unexpected `cfg` condition name: `atomic_maybe_uninit_test_prefer_kuser_cmpxchg`\n   --> submodules/atomic-maybe-uninit/src/lib.rs:836:13\n    |\n836 |             atomic_maybe_uninit_test_prefer_kuser_cmpxchg,\n    |             ^^^^^^^^^^^^^^^^^^^^^^^^^^^^^^^^^^^^^^^^^^^^^\n    |\n    = help: consider using a Cargo feature instead\n    = help: or consider adding in `Cargo.toml` the `check-cfg` lint config for the lint:\n             [lints.rust]\n             unexpected_cfgs = { level = \"warn\", check-cfg = ['cfg(atomic_maybe_uninit_test_prefer_kuser_cmpxchg)'] }\n    = help: or consider adding `println!(\"cargo::rustc-check-cfg=cfg(atomic_maybe_uninit_test_prefer_kuser_cmpxchg)\");` to the top of the `build.rs`\n    = note: see <https://doc.rust-lang.org/nightly/rustc/check-cfg/cargo-specifics.html> for more information about checking conditional configuration\n\n","$message_type":"diagnostic","children":[{"children":[],"code":null,"level":"help","message":"consider using a Cargo feature instead","rendered":null,"spans":[]},{"children":[],"code":null,"level":"help","message":"or consider adding in `Cargo.toml` the `check-cfg` lint config for the lint:\n [lints.rust]\n unexpected_cfgs = { level = \"warn\", check-cfg = ['cfg(atomic_maybe_uninit_test_prefer_kuser_cmpxchg)'] }","rendered":null,"spans":[]},{"children":[],"code":null,"level":"help","message":"or consider adding `println!(\"cargo::rustc-check-cfg=cfg(atomic_maybe_uninit_test_prefer_kuser_cmpxchg)\");` to the top of the `build.rs`","rendered":null,"spans":[]},{"children":[],"code":null,"level":"note","message":"see <https://doc.rust-lang.org/nightly/rustc/check-cfg/cargo-specifics.html> for more information about checking conditional configuration","rendered":null,"spans":[]}],"code":{"code":"unexpected_cfgs","explanation":null},"level":"warning","message":"unexpected `cfg` condition name: `atomic_maybe_uninit_test_prefer_kuser_cmpxchg`","spans":[{"byte_end":35832,"byte_start":35787,"column_end":58,"column_start":13,"expansion":null,"file_name":"submodules/atomic-maybe-uninit/src/lib.rs","is_primary":true,"label":null,"line_end":836,"line_start":836,"suggested_replacement":null,"suggestion_applicability":null,"text":[{"highlight_end":58,"highlight_start":13,"text":"            atomic_maybe_uninit_test_prefer_kuser_cmpxchg,"}]}]}}
{"reason":"compiler-message","package_id":"path+file:///mnt/data1/nix/vendor/rust/cargo2nix/submodules/atomic-maybe-uninit#0.3.12","manifest_path":"/mnt/data1/nix/vendor/rust/cargo2nix/submodules/atomic-maybe-uninit/Cargo.toml","target":{"kind":["lib"],"crate_types":["lib"],"name":"atomic_maybe_uninit","src_path":"/mnt/data1/nix/vendor/rust/cargo2nix/submodules/atomic-maybe-uninit/src/lib.rs","edition":"2021","doc":true,"doctest":true,"test":true},"message":{"rendered":"warning: unexpected `cfg` condition value: `128`\n  --> submodules/atomic-maybe-uninit/src/gen/utils.rs:96:11\n   |\n96 |     #[cfg(target_pointer_width = \"128\")]\n   |           ^^^^^^^^^^^^^^^^^^^^^^^^^^^^\n   |\n   = note: expected values for `target_pointer_width` are: `16`, `32`, and `64`\n   = help: consider using a Cargo feature instead\n   = help: or consider adding in `Cargo.toml` the `check-cfg` lint config for the lint:\n            [lints.rust]\n            unexpected_cfgs = { level = \"warn\", check-cfg = ['cfg(target_pointer_width, values(\"128\"))'] }\n   = help: or consider adding `println!(\"cargo::rustc-check-cfg=cfg(target_pointer_width, values(\\\"128\\\"))\");` to the top of the `build.rs`\n   = note: see <https://doc.rust-lang.org/nightly/rustc/check-cfg/cargo-specifics.html> for more information about checking conditional configuration\n\n","$message_type":"diagnostic","children":[{"children":[],"code":null,"level":"note","message":"expected values for `target_pointer_width` are: `16`, `32`, and `64`","rendered":null,"spans":[]},{"children":[],"code":null,"level":"help","message":"consider using a Cargo feature instead","rendered":null,"spans":[]},{"children":[],"code":null,"level":"help","message":"or consider adding in `Cargo.toml` the `check-cfg` lint config for the lint:\n [lints.rust]\n unexpected_cfgs = { level = \"warn\", check-cfg = ['cfg(target_pointer_width, values(\"128\"))'] }","rendered":null,"spans":[]},{"children":[],"code":null,"level":"help","message":"or consider adding `println!(\"cargo::rustc-check-cfg=cfg(target_pointer_width, values(\\\"128\\\"))\");` to the top of the `build.rs`","rendered":null,"spans":[]},{"children":[],"code":null,"level":"note","message":"see <https://doc.rust-lang.org/nightly/rustc/check-cfg/cargo-specifics.html> for more information about checking conditional configuration","rendered":null,"spans":[]}],"code":{"code":"unexpected_cfgs","explanation":null},"level":"warning","message":"unexpected `cfg` condition value: `128`","spans":[{"byte_end":3683,"byte_start":3655,"column_end":39,"column_start":11,"expansion":null,"file_name":"submodules/atomic-maybe-uninit/src/gen/utils.rs","is_primary":true,"label":null,"line_end":96,"line_start":96,"suggested_replacement":null,"suggestion_applicability":null,"text":[{"highlight_end":39,"highlight_start":11,"text":"    #[cfg(target_pointer_width = \"128\")]"}]}]}}
{"reason":"compiler-message","package_id":"path+file:///mnt/data1/nix/vendor/rust/cargo2nix/submodules/atomic-maybe-uninit#0.3.12","manifest_path":"/mnt/data1/nix/vendor/rust/cargo2nix/submodules/atomic-maybe-uninit/Cargo.toml","target":{"kind":["lib"],"crate_types":["lib"],"name":"atomic_maybe_uninit","src_path":"/mnt/data1/nix/vendor/rust/cargo2nix/submodules/atomic-maybe-uninit/src/lib.rs","edition":"2021","doc":true,"doctest":true,"test":true},"message":{"rendered":"warning: unexpected `cfg` condition value: `128`\n   --> submodules/atomic-maybe-uninit/src/utils.rs:353:15\n    |\n353 |         #[cfg(target_pointer_width = \"128\")]\n    |               ^^^^^^^^^^^^^^^^^^^^^^^^^^^^\n    |\n   ::: submodules/atomic-maybe-uninit/src/arch/x86.rs:24:1\n    |\n 24 | delegate_size!(delegate_load_store);\n    | ----------------------------------- in this macro invocation\n    |\n    = note: expected values for `target_pointer_width` are: `16`, `32`, and `64`\n    = help: consider using a Cargo feature instead\n    = help: or consider adding in `Cargo.toml` the `check-cfg` lint config for the lint:\n             [lints.rust]\n             unexpected_cfgs = { level = \"warn\", check-cfg = ['cfg(target_pointer_width, values(\"128\"))'] }\n    = help: or consider adding `println!(\"cargo::rustc-check-cfg=cfg(target_pointer_width, values(\\\"128\\\"))\");` to the top of the `build.rs`\n    = note: see <https://doc.rust-lang.org/nightly/rustc/check-cfg/cargo-specifics.html> for more information about checking conditional configuration\n    = note: this warning originates in the macro `delegate_size` (in Nightly builds, run with -Z macro-backtrace for more info)\n\n","$message_type":"diagnostic","children":[{"children":[],"code":null,"level":"note","message":"expected values for `target_pointer_width` are: `16`, `32`, and `64`","rendered":null,"spans":[]},{"children":[],"code":null,"level":"help","message":"consider using a Cargo feature instead","rendered":null,"spans":[]},{"children":[],"code":null,"level":"help","message":"or consider adding in `Cargo.toml` the `check-cfg` lint config for the lint:\n [lints.rust]\n unexpected_cfgs = { level = \"warn\", check-cfg = ['cfg(target_pointer_width, values(\"128\"))'] }","rendered":null,"spans":[]},{"children":[],"code":null,"level":"help","message":"or consider adding `println!(\"cargo::rustc-check-cfg=cfg(target_pointer_width, values(\\\"128\\\"))\");` to the top of the `build.rs`","rendered":null,"spans":[]},{"children":[],"code":null,"level":"note","message":"see <https://doc.rust-lang.org/nightly/rustc/check-cfg/cargo-specifics.html> for more information about checking conditional configuration","rendered":null,"spans":[]}],"code":{"code":"unexpected_cfgs","explanation":null},"level":"warning","message":"unexpected `cfg` condition value: `128`","spans":[{"byte_end":13651,"byte_start":13623,"column_end":43,"column_start":15,"expansion":{"def_site_span":{"byte_end":13123,"byte_start":13097,"column_end":27,"column_start":1,"expansion":null,"file_name":"submodules/atomic-maybe-uninit/src/utils.rs","is_primary":false,"label":null,"line_end":339,"line_start":339,"suggested_replacement":null,"suggestion_applicability":null,"text":[{"highlight_end":27,"highlight_start":1,"text":"macro_rules! delegate_size {"}]},"macro_decl_name":"delegate_size!","span":{"byte_end":761,"byte_start":726,"column_end":36,"column_start":1,"expansion":null,"file_name":"submodules/atomic-maybe-uninit/src/arch/x86.rs","is_primary":false,"label":null,"line_end":24,"line_start":24,"suggested_replacement":null,"suggestion_applicability":null,"text":[{"highlight_end":36,"highlight_start":1,"text":"delegate_size!(delegate_load_store);"}]}},"file_name":"submodules/atomic-maybe-uninit/src/utils.rs","is_primary":true,"label":null,"line_end":353,"line_start":353,"suggested_replacement":null,"suggestion_applicability":null,"text":[{"highlight_end":43,"highlight_start":15,"text":"        #[cfg(target_pointer_width = \"128\")]"}]}]}}
{"reason":"compiler-message","package_id":"path+file:///mnt/data1/nix/vendor/rust/cargo2nix/submodules/atomic-maybe-uninit#0.3.12","manifest_path":"/mnt/data1/nix/vendor/rust/cargo2nix/submodules/atomic-maybe-uninit/Cargo.toml","target":{"kind":["lib"],"crate_types":["lib"],"name":"atomic_maybe_uninit","src_path":"/mnt/data1/nix/vendor/rust/cargo2nix/submodules/atomic-maybe-uninit/src/lib.rs","edition":"2021","doc":true,"doctest":true,"test":true},"message":{"rendered":"warning: unexpected `cfg` condition value: `128`\n   --> submodules/atomic-maybe-uninit/src/utils.rs:355:15\n    |\n355 |         #[cfg(target_pointer_width = \"128\")]\n    |               ^^^^^^^^^^^^^^^^^^^^^^^^^^^^\n    |\n   ::: submodules/atomic-maybe-uninit/src/arch/x86.rs:24:1\n    |\n 24 | delegate_size!(delegate_load_store);\n    | ----------------------------------- in this macro invocation\n    |\n    = note: expected values for `target_pointer_width` are: `16`, `32`, and `64`\n    = help: consider using a Cargo feature instead\n    = help: or consider adding in `Cargo.toml` the `check-cfg` lint config for the lint:\n             [lints.rust]\n             unexpected_cfgs = { level = \"warn\", check-cfg = ['cfg(target_pointer_width, values(\"128\"))'] }\n    = help: or consider adding `println!(\"cargo::rustc-check-cfg=cfg(target_pointer_width, values(\\\"128\\\"))\");` to the top of the `build.rs`\n    = note: see <https://doc.rust-lang.org/nightly/rustc/check-cfg/cargo-specifics.html> for more information about checking conditional configuration\n    = note: this warning originates in the macro `delegate_size` (in Nightly builds, run with -Z macro-backtrace for more info)\n\n","$message_type":"diagnostic","children":[{"children":[],"code":null,"level":"note","message":"expected values for `target_pointer_width` are: `16`, `32`, and `64`","rendered":null,"spans":[]},{"children":[],"code":null,"level":"help","message":"consider using a Cargo feature instead","rendered":null,"spans":[]},{"children":[],"code":null,"level":"help","message":"or consider adding in `Cargo.toml` the `check-cfg` lint config for the lint:\n [lints.rust]\n unexpected_cfgs = { level = \"warn\", check-cfg = ['cfg(target_pointer_width, values(\"128\"))'] }","rendered":null,"spans":[]},{"children":[],"code":null,"level":"help","message":"or consider adding `println!(\"cargo::rustc-check-cfg=cfg(target_pointer_width, values(\\\"128\\\"))\");` to the top of the `build.rs`","rendered":null,"spans":[]},{"children":[],"code":null,"level":"note","message":"see <https://doc.rust-lang.org/nightly/rustc/check-cfg/cargo-specifics.html> for more information about checking conditional configuration","rendered":null,"spans":[]}],"code":{"code":"unexpected_cfgs","explanation":null},"level":"warning","message":"unexpected `cfg` condition value: `128`","spans":[{"byte_end":13729,"byte_start":13701,"column_end":43,"column_start":15,"expansion":{"def_site_span":{"byte_end":13123,"byte_start":13097,"column_end":27,"column_start":1,"expansion":null,"file_name":"submodules/atomic-maybe-uninit/src/utils.rs","is_primary":false,"label":null,"line_end":339,"line_start":339,"suggested_replacement":null,"suggestion_applicability":null,"text":[{"highlight_end":27,"highlight_start":1,"text":"macro_rules! delegate_size {"}]},"macro_decl_name":"delegate_size!","span":{"byte_end":761,"byte_start":726,"column_end":36,"column_start":1,"expansion":null,"file_name":"submodules/atomic-maybe-uninit/src/arch/x86.rs","is_primary":false,"label":null,"line_end":24,"line_start":24,"suggested_replacement":null,"suggestion_applicability":null,"text":[{"highlight_end":36,"highlight_start":1,"text":"delegate_size!(delegate_load_store);"}]}},"file_name":"submodules/atomic-maybe-uninit/src/utils.rs","is_primary":true,"label":null,"line_end":355,"line_start":355,"suggested_replacement":null,"suggestion_applicability":null,"text":[{"highlight_end":43,"highlight_start":15,"text":"        #[cfg(target_pointer_width = \"128\")]"}]}]}}
{"reason":"compiler-message","package_id":"path+file:///mnt/data1/nix/vendor/rust/cargo2nix/submodules/atomic-maybe-uninit#0.3.12","manifest_path":"/mnt/data1/nix/vendor/rust/cargo2nix/submodules/atomic-maybe-uninit/Cargo.toml","target":{"kind":["lib"],"crate_types":["lib"],"name":"atomic_maybe_uninit","src_path":"/mnt/data1/nix/vendor/rust/cargo2nix/submodules/atomic-maybe-uninit/src/lib.rs","edition":"2021","doc":true,"doctest":true,"test":true},"message":{"rendered":"warning: unexpected `cfg` condition value: `128`\n   --> submodules/atomic-maybe-uninit/src/utils.rs:353:15\n    |\n353 |         #[cfg(target_pointer_width = \"128\")]\n    |               ^^^^^^^^^^^^^^^^^^^^^^^^^^^^\n    |\n   ::: submodules/atomic-maybe-uninit/src/arch/x86.rs:25:1\n    |\n 25 | delegate_size!(delegate_swap);\n    | ----------------------------- in this macro invocation\n    |\n    = note: expected values for `target_pointer_width` are: `16`, `32`, and `64`\n    = help: consider using a Cargo feature instead\n    = help: or consider adding in `Cargo.toml` the `check-cfg` lint config for the lint:\n             [lints.rust]\n             unexpected_cfgs = { level = \"warn\", check-cfg = ['cfg(target_pointer_width, values(\"128\"))'] }\n    = help: or consider adding `println!(\"cargo::rustc-check-cfg=cfg(target_pointer_width, values(\\\"128\\\"))\");` to the top of the `build.rs`\n    = note: see <https://doc.rust-lang.org/nightly/rustc/check-cfg/cargo-specifics.html> for more information about checking conditional configuration\n    = note: this warning originates in the macro `delegate_size` (in Nightly builds, run with -Z macro-backtrace for more info)\n\n","$message_type":"diagnostic","children":[{"children":[],"code":null,"level":"note","message":"expected values for `target_pointer_width` are: `16`, `32`, and `64`","rendered":null,"spans":[]},{"children":[],"code":null,"level":"help","message":"consider using a Cargo feature instead","rendered":null,"spans":[]},{"children":[],"code":null,"level":"help","message":"or consider adding in `Cargo.toml` the `check-cfg` lint config for the lint:\n [lints.rust]\n unexpected_cfgs = { level = \"warn\", check-cfg = ['cfg(target_pointer_width, values(\"128\"))'] }","rendered":null,"spans":[]},{"children":[],"code":null,"level":"help","message":"or consider adding `println!(\"cargo::rustc-check-cfg=cfg(target_pointer_width, values(\\\"128\\\"))\");` to the top of the `build.rs`","rendered":null,"spans":[]},{"children":[],"code":null,"level":"note","message":"see <https://doc.rust-lang.org/nightly/rustc/check-cfg/cargo-specifics.html> for more information about checking conditional configuration","rendered":null,"spans":[]}],"code":{"code":"unexpected_cfgs","explanation":null},"level":"warning","message":"unexpected `cfg` condition value: `128`","spans":[{"byte_end":13651,"byte_start":13623,"column_end":43,"column_start":15,"expansion":{"def_site_span":{"byte_end":13123,"byte_start":13097,"column_end":27,"column_start":1,"expansion":null,"file_name":"submodules/atomic-maybe-uninit/src/utils.rs","is_primary":false,"label":null,"line_end":339,"line_start":339,"suggested_replacement":null,"suggestion_applicability":null,"text":[{"highlight_end":27,"highlight_start":1,"text":"macro_rules! delegate_size {"}]},"macro_decl_name":"delegate_size!","span":{"byte_end":792,"byte_start":763,"column_end":30,"column_start":1,"expansion":null,"file_name":"submodules/atomic-maybe-uninit/src/arch/x86.rs","is_primary":false,"label":null,"line_end":25,"line_start":25,"suggested_replacement":null,"suggestion_applicability":null,"text":[{"highlight_end":30,"highlight_start":1,"text":"delegate_size!(delegate_swap);"}]}},"file_name":"submodules/atomic-maybe-uninit/src/utils.rs","is_primary":true,"label":null,"line_end":353,"line_start":353,"suggested_replacement":null,"suggestion_applicability":null,"text":[{"highlight_end":43,"highlight_start":15,"text":"        #[cfg(target_pointer_width = \"128\")]"}]}]}}
{"reason":"compiler-message","package_id":"path+file:///mnt/data1/nix/vendor/rust/cargo2nix/submodules/atomic-maybe-uninit#0.3.12","manifest_path":"/mnt/data1/nix/vendor/rust/cargo2nix/submodules/atomic-maybe-uninit/Cargo.toml","target":{"kind":["lib"],"crate_types":["lib"],"name":"atomic_maybe_uninit","src_path":"/mnt/data1/nix/vendor/rust/cargo2nix/submodules/atomic-maybe-uninit/src/lib.rs","edition":"2021","doc":true,"doctest":true,"test":true},"message":{"rendered":"warning: unexpected `cfg` condition value: `128`\n   --> submodules/atomic-maybe-uninit/src/utils.rs:355:15\n    |\n355 |         #[cfg(target_pointer_width = \"128\")]\n    |               ^^^^^^^^^^^^^^^^^^^^^^^^^^^^\n    |\n   ::: submodules/atomic-maybe-uninit/src/arch/x86.rs:25:1\n    |\n 25 | delegate_size!(delegate_swap);\n    | ----------------------------- in this macro invocation\n    |\n    = note: expected values for `target_pointer_width` are: `16`, `32`, and `64`\n    = help: consider using a Cargo feature instead\n    = help: or consider adding in `Cargo.toml` the `check-cfg` lint config for the lint:\n             [lints.rust]\n             unexpected_cfgs = { level = \"warn\", check-cfg = ['cfg(target_pointer_width, values(\"128\"))'] }\n    = help: or consider adding `println!(\"cargo::rustc-check-cfg=cfg(target_pointer_width, values(\\\"128\\\"))\");` to the top of the `build.rs`\n    = note: see <https://doc.rust-lang.org/nightly/rustc/check-cfg/cargo-specifics.html> for more information about checking conditional configuration\n    = note: this warning originates in the macro `delegate_size` (in Nightly builds, run with -Z macro-backtrace for more info)\n\n","$message_type":"diagnostic","children":[{"children":[],"code":null,"level":"note","message":"expected values for `target_pointer_width` are: `16`, `32`, and `64`","rendered":null,"spans":[]},{"children":[],"code":null,"level":"help","message":"consider using a Cargo feature instead","rendered":null,"spans":[]},{"children":[],"code":null,"level":"help","message":"or consider adding in `Cargo.toml` the `check-cfg` lint config for the lint:\n [lints.rust]\n unexpected_cfgs = { level = \"warn\", check-cfg = ['cfg(target_pointer_width, values(\"128\"))'] }","rendered":null,"spans":[]},{"children":[],"code":null,"level":"help","message":"or consider adding `println!(\"cargo::rustc-check-cfg=cfg(target_pointer_width, values(\\\"128\\\"))\");` to the top of the `build.rs`","rendered":null,"spans":[]},{"children":[],"code":null,"level":"note","message":"see <https://doc.rust-lang.org/nightly/rustc/check-cfg/cargo-specifics.html> for more information about checking conditional configuration","rendered":null,"spans":[]}],"code":{"code":"unexpected_cfgs","explanation":null},"level":"warning","message":"unexpected `cfg` condition value: `128`","spans":[{"byte_end":13729,"byte_start":13701,"column_end":43,"column_start":15,"expansion":{"def_site_span":{"byte_end":13123,"byte_start":13097,"column_end":27,"column_start":1,"expansion":null,"file_name":"submodules/atomic-maybe-uninit/src/utils.rs","is_primary":false,"label":null,"line_end":339,"line_start":339,"suggested_replacement":null,"suggestion_applicability":null,"text":[{"highlight_end":27,"highlight_start":1,"text":"macro_rules! delegate_size {"}]},"macro_decl_name":"delegate_size!","span":{"byte_end":792,"byte_start":763,"column_end":30,"column_start":1,"expansion":null,"file_name":"submodules/atomic-maybe-uninit/src/arch/x86.rs","is_primary":false,"label":null,"line_end":25,"line_start":25,"suggested_replacement":null,"suggestion_applicability":null,"text":[{"highlight_end":30,"highlight_start":1,"text":"delegate_size!(delegate_swap);"}]}},"file_name":"submodules/atomic-maybe-uninit/src/utils.rs","is_primary":true,"label":null,"line_end":355,"line_start":355,"suggested_replacement":null,"suggestion_applicability":null,"text":[{"highlight_end":43,"highlight_start":15,"text":"        #[cfg(target_pointer_width = \"128\")]"}]}]}}
{"reason":"compiler-message","package_id":"path+file:///mnt/data1/nix/vendor/rust/cargo2nix/submodules/atomic-maybe-uninit#0.3.12","manifest_path":"/mnt/data1/nix/vendor/rust/cargo2nix/submodules/atomic-maybe-uninit/Cargo.toml","target":{"kind":["lib"],"crate_types":["lib"],"name":"atomic_maybe_uninit","src_path":"/mnt/data1/nix/vendor/rust/cargo2nix/submodules/atomic-maybe-uninit/src/lib.rs","edition":"2021","doc":true,"doctest":true,"test":true},"message":{"rendered":"warning: unexpected `cfg` condition value: `128`\n   --> submodules/atomic-maybe-uninit/src/utils.rs:353:15\n    |\n353 |         #[cfg(target_pointer_width = \"128\")]\n    |               ^^^^^^^^^^^^^^^^^^^^^^^^^^^^\n    |\n   ::: submodules/atomic-maybe-uninit/src/arch/x86.rs:27:1\n    |\n 27 | delegate_size!(delegate_cas);\n    | ---------------------------- in this macro invocation\n    |\n    = note: expected values for `target_pointer_width` are: `16`, `32`, and `64`\n    = help: consider using a Cargo feature instead\n    = help: or consider adding in `Cargo.toml` the `check-cfg` lint config for the lint:\n             [lints.rust]\n             unexpected_cfgs = { level = \"warn\", check-cfg = ['cfg(target_pointer_width, values(\"128\"))'] }\n    = help: or consider adding `println!(\"cargo::rustc-check-cfg=cfg(target_pointer_width, values(\\\"128\\\"))\");` to the top of the `build.rs`\n    = note: see <https://doc.rust-lang.org/nightly/rustc/check-cfg/cargo-specifics.html> for more information about checking conditional configuration\n    = note: this warning originates in the macro `delegate_size` (in Nightly builds, run with -Z macro-backtrace for more info)\n\n","$message_type":"diagnostic","children":[{"children":[],"code":null,"level":"note","message":"expected values for `target_pointer_width` are: `16`, `32`, and `64`","rendered":null,"spans":[]},{"children":[],"code":null,"level":"help","message":"consider using a Cargo feature instead","rendered":null,"spans":[]},{"children":[],"code":null,"level":"help","message":"or consider adding in `Cargo.toml` the `check-cfg` lint config for the lint:\n [lints.rust]\n unexpected_cfgs = { level = \"warn\", check-cfg = ['cfg(target_pointer_width, values(\"128\"))'] }","rendered":null,"spans":[]},{"children":[],"code":null,"level":"help","message":"or consider adding `println!(\"cargo::rustc-check-cfg=cfg(target_pointer_width, values(\\\"128\\\"))\");` to the top of the `build.rs`","rendered":null,"spans":[]},{"children":[],"code":null,"level":"note","message":"see <https://doc.rust-lang.org/nightly/rustc/check-cfg/cargo-specifics.html> for more information about checking conditional configuration","rendered":null,"spans":[]}],"code":{"code":"unexpected_cfgs","explanation":null},"level":"warning","message":"unexpected `cfg` condition value: `128`","spans":[{"byte_end":13651,"byte_start":13623,"column_end":43,"column_start":15,"expansion":{"def_site_span":{"byte_end":13123,"byte_start":13097,"column_end":27,"column_start":1,"expansion":null,"file_name":"submodules/atomic-maybe-uninit/src/utils.rs","is_primary":false,"label":null,"line_end":339,"line_start":339,"suggested_replacement":null,"suggestion_applicability":null,"text":[{"highlight_end":27,"highlight_start":1,"text":"macro_rules! delegate_size {"}]},"macro_decl_name":"delegate_size!","span":{"byte_end":892,"byte_start":864,"column_end":29,"column_start":1,"expansion":null,"file_name":"submodules/atomic-maybe-uninit/src/arch/x86.rs","is_primary":false,"label":null,"line_end":27,"line_start":27,"suggested_replacement":null,"suggestion_applicability":null,"text":[{"highlight_end":29,"highlight_start":1,"text":"delegate_size!(delegate_cas);"}]}},"file_name":"submodules/atomic-maybe-uninit/src/utils.rs","is_primary":true,"label":null,"line_end":353,"line_start":353,"suggested_replacement":null,"suggestion_applicability":null,"text":[{"highlight_end":43,"highlight_start":15,"text":"        #[cfg(target_pointer_width = \"128\")]"}]}]}}
{"reason":"compiler-message","package_id":"path+file:///mnt/data1/nix/vendor/rust/cargo2nix/submodules/atomic-maybe-uninit#0.3.12","manifest_path":"/mnt/data1/nix/vendor/rust/cargo2nix/submodules/atomic-maybe-uninit/Cargo.toml","target":{"kind":["lib"],"crate_types":["lib"],"name":"atomic_maybe_uninit","src_path":"/mnt/data1/nix/vendor/rust/cargo2nix/submodules/atomic-maybe-uninit/src/lib.rs","edition":"2021","doc":true,"doctest":true,"test":true},"message":{"rendered":"warning: unexpected `cfg` condition value: `128`\n   --> submodules/atomic-maybe-uninit/src/utils.rs:355:15\n    |\n355 |         #[cfg(target_pointer_width = \"128\")]\n    |               ^^^^^^^^^^^^^^^^^^^^^^^^^^^^\n    |\n   ::: submodules/atomic-maybe-uninit/src/arch/x86.rs:27:1\n    |\n 27 | delegate_size!(delegate_cas);\n    | ---------------------------- in this macro invocation\n    |\n    = note: expected values for `target_pointer_width` are: `16`, `32`, and `64`\n    = help: consider using a Cargo feature instead\n    = help: or consider adding in `Cargo.toml` the `check-cfg` lint config for the lint:\n             [lints.rust]\n             unexpected_cfgs = { level = \"warn\", check-cfg = ['cfg(target_pointer_width, values(\"128\"))'] }\n    = help: or consider adding `println!(\"cargo::rustc-check-cfg=cfg(target_pointer_width, values(\\\"128\\\"))\");` to the top of the `build.rs`\n    = note: see <https://doc.rust-lang.org/nightly/rustc/check-cfg/cargo-specifics.html> for more information about checking conditional configuration\n    = note: this warning originates in the macro `delegate_size` (in Nightly builds, run with -Z macro-backtrace for more info)\n\n","$message_type":"diagnostic","children":[{"children":[],"code":null,"level":"note","message":"expected values for `target_pointer_width` are: `16`, `32`, and `64`","rendered":null,"spans":[]},{"children":[],"code":null,"level":"help","message":"consider using a Cargo feature instead","rendered":null,"spans":[]},{"children":[],"code":null,"level":"help","message":"or consider adding in `Cargo.toml` the `check-cfg` lint config for the lint:\n [lints.rust]\n unexpected_cfgs = { level = \"warn\", check-cfg = ['cfg(target_pointer_width, values(\"128\"))'] }","rendered":null,"spans":[]},{"children":[],"code":null,"level":"help","message":"or consider adding `println!(\"cargo::rustc-check-cfg=cfg(target_pointer_width, values(\\\"128\\\"))\");` to the top of the `build.rs`","rendered":null,"spans":[]},{"children":[],"code":null,"level":"note","message":"see <https://doc.rust-lang.org/nightly/rustc/check-cfg/cargo-specifics.html> for more information about checking conditional configuration","rendered":null,"spans":[]}],"code":{"code":"unexpected_cfgs","explanation":null},"level":"warning","message":"unexpected `cfg` condition value: `128`","spans":[{"byte_end":13729,"byte_start":13701,"column_end":43,"column_start":15,"expansion":{"def_site_span":{"byte_end":13123,"byte_start":13097,"column_end":27,"column_start":1,"expansion":null,"file_name":"submodules/atomic-maybe-uninit/src/utils.rs","is_primary":false,"label":null,"line_end":339,"line_start":339,"suggested_replacement":null,"suggestion_applicability":null,"text":[{"highlight_end":27,"highlight_start":1,"text":"macro_rules! delegate_size {"}]},"macro_decl_name":"delegate_size!","span":{"byte_end":892,"byte_start":864,"column_end":29,"column_start":1,"expansion":null,"file_name":"submodules/atomic-maybe-uninit/src/arch/x86.rs","is_primary":false,"label":null,"line_end":27,"line_start":27,"suggested_replacement":null,"suggestion_applicability":null,"text":[{"highlight_end":29,"highlight_start":1,"text":"delegate_size!(delegate_cas);"}]}},"file_name":"submodules/atomic-maybe-uninit/src/utils.rs","is_primary":true,"label":null,"line_end":355,"line_start":355,"suggested_replacement":null,"suggestion_applicability":null,"text":[{"highlight_end":43,"highlight_start":15,"text":"        #[cfg(target_pointer_width = \"128\")]"}]}]}}
{"reason":"compiler-message","package_id":"path+file:///mnt/data1/nix/vendor/rust/cargo2nix/submodules/atomic-maybe-uninit#0.3.12","manifest_path":"/mnt/data1/nix/vendor/rust/cargo2nix/submodules/atomic-maybe-uninit/Cargo.toml","target":{"kind":["lib"],"crate_types":["lib"],"name":"atomic_maybe_uninit","src_path":"/mnt/data1/nix/vendor/rust/cargo2nix/submodules/atomic-maybe-uninit/src/lib.rs","edition":"2021","doc":true,"doctest":true,"test":true},"message":{"rendered":"warning: unexpected `cfg` condition value: `128`\n   --> submodules/atomic-maybe-uninit/src/lib.rs:973:11\n    |\n973 |     #[cfg(target_pointer_width = \"128\")]\n    |           ^^^^^^^^^^^^^^^^^^^^^^^^^^^^\n    |\n    = note: expected values for `target_pointer_width` are: `16`, `32`, and `64`\n    = help: consider using a Cargo feature instead\n    = help: or consider adding in `Cargo.toml` the `check-cfg` lint config for the lint:\n             [lints.rust]\n             unexpected_cfgs = { level = \"warn\", check-cfg = ['cfg(target_pointer_width, values(\"128\"))'] }\n    = help: or consider adding `println!(\"cargo::rustc-check-cfg=cfg(target_pointer_width, values(\\\"128\\\"))\");` to the top of the `build.rs`\n    = note: see <https://doc.rust-lang.org/nightly/rustc/check-cfg/cargo-specifics.html> for more information about checking conditional configuration\n\n","$message_type":"diagnostic","children":[{"children":[],"code":null,"level":"note","message":"expected values for `target_pointer_width` are: `16`, `32`, and `64`","rendered":null,"spans":[]},{"children":[],"code":null,"level":"help","message":"consider using a Cargo feature instead","rendered":null,"spans":[]},{"children":[],"code":null,"level":"help","message":"or consider adding in `Cargo.toml` the `check-cfg` lint config for the lint:\n [lints.rust]\n unexpected_cfgs = { level = \"warn\", check-cfg = ['cfg(target_pointer_width, values(\"128\"))'] }","rendered":null,"spans":[]},{"children":[],"code":null,"level":"help","message":"or consider adding `println!(\"cargo::rustc-check-cfg=cfg(target_pointer_width, values(\\\"128\\\"))\");` to the top of the `build.rs`","rendered":null,"spans":[]},{"children":[],"code":null,"level":"note","message":"see <https://doc.rust-lang.org/nightly/rustc/check-cfg/cargo-specifics.html> for more information about checking conditional configuration","rendered":null,"spans":[]}],"code":{"code":"unexpected_cfgs","explanation":null},"level":"warning","message":"unexpected `cfg` condition value: `128`","spans":[{"byte_end":40570,"byte_start":40542,"column_end":39,"column_start":11,"expansion":null,"file_name":"submodules/atomic-maybe-uninit/src/lib.rs","is_primary":true,"label":null,"line_end":973,"line_start":973,"suggested_replacement":null,"suggestion_applicability":null,"text":[{"highlight_end":39,"highlight_start":11,"text":"    #[cfg(target_pointer_width = \"128\")]"}]}]}}
{"reason":"compiler-artifact","package_id":"path+file:///mnt/data1/nix/vendor/rust/cargo2nix/submodules/atomic-maybe-uninit#0.3.12","manifest_path":"/mnt/data1/nix/vendor/rust/cargo2nix/submodules/atomic-maybe-uninit/Cargo.toml","target":{"kind":["lib"],"crate_types":["lib"],"name":"atomic_maybe_uninit","src_path":"/mnt/data1/nix/vendor/rust/cargo2nix/submodules/atomic-maybe-uninit/src/lib.rs","edition":"2021","doc":true,"doctest":true,"test":true},"profile":{"opt_level":"0","debuginfo":2,"debug_assertions":true,"overflow_checks":true,"test":false},"features":[],"filenames":["/mnt/data1/nix/vendor/rust/cargo2nix/target/debug/deps/libatomic_maybe_uninit-b6ea3b788b0244fc.rlib","/mnt/data1/nix/vendor/rust/cargo2nix/target/debug/deps/libatomic_maybe_uninit-b6ea3b788b0244fc.rmeta"],"executable":null,"fresh":true}
   Compiling clang-sys v1.8.1
{"reason":"compiler-artifact","package_id":"registry+https://github.com/rust-lang/crates.io-index#regex-automata@0.4.13","manifest_path":"/home/mdupont/.cargo/registry/src/index.crates.io-1949cf8c6b5b557f/regex-automata-0.4.13/Cargo.toml","target":{"kind":["lib"],"crate_types":["lib"],"name":"regex_automata","src_path":"/home/mdupont/.cargo/registry/src/index.crates.io-1949cf8c6b5b557f/regex-automata-0.4.13/src/lib.rs","edition":"2021","doc":true,"doctest":true,"test":true},"profile":{"opt_level":"0","debuginfo":2,"debug_assertions":true,"overflow_checks":true,"test":false},"features":["alloc","dfa-onepass","hybrid","meta","nfa-backtrack","nfa-pikevm","nfa-thompson","perf-inline","perf-literal","perf-literal-multisubstring","perf-literal-substring","std","syntax"],"filenames":["/mnt/data1/nix/vendor/rust/cargo2nix/target/debug/deps/libregex_automata-f3d24dd8bb0dca79.rlib","/mnt/data1/nix/vendor/rust/cargo2nix/target/debug/deps/libregex_automata-f3d24dd8bb0dca79.rmeta"],"executable":null,"fresh":true}
{"reason":"compiler-artifact","package_id":"registry+https://github.com/rust-lang/crates.io-index#regex@1.12.2","manifest_path":"/home/mdupont/.cargo/registry/src/index.crates.io-1949cf8c6b5b557f/regex-1.12.2/Cargo.toml","target":{"kind":["lib"],"crate_types":["lib"],"name":"regex","src_path":"/home/mdupont/.cargo/registry/src/index.crates.io-1949cf8c6b5b557f/regex-1.12.2/src/lib.rs","edition":"2021","doc":true,"doctest":true,"test":true},"profile":{"opt_level":"0","debuginfo":0,"debug_assertions":true,"overflow_checks":true,"test":false},"features":["std","unicode-perl"],"filenames":["/mnt/data1/nix/vendor/rust/cargo2nix/target/debug/deps/libregex-86e0b6d9cf714397.rlib","/mnt/data1/nix/vendor/rust/cargo2nix/target/debug/deps/libregex-86e0b6d9cf714397.rmeta"],"executable":null,"fresh":true}
{"reason":"compiler-artifact","package_id":"path+file:///mnt/data1/nix/vendor/rust/cargo2nix/submodules/serde/serde_core#1.0.228","manifest_path":"/mnt/data1/nix/vendor/rust/cargo2nix/submodules/serde/serde_core/Cargo.toml","target":{"kind":["lib"],"crate_types":["lib"],"name":"serde_core","src_path":"/mnt/data1/nix/vendor/rust/cargo2nix/submodules/serde/serde_core/src/lib.rs","edition":"2021","doc":true,"doctest":true,"test":true},"profile":{"opt_level":"0","debuginfo":2,"debug_assertions":true,"overflow_checks":true,"test":false},"features":["alloc","default","result","std"],"filenames":["/mnt/data1/nix/vendor/rust/cargo2nix/target/debug/deps/libserde_core-64293d6c18d738b8.rlib","/mnt/data1/nix/vendor/rust/cargo2nix/target/debug/deps/libserde_core-64293d6c18d738b8.rmeta"],"executable":null,"fresh":true}
{"reason":"compiler-artifact","package_id":"registry+https://github.com/rust-lang/crates.io-index#getrandom@0.3.4","manifest_path":"/home/mdupont/.cargo/registry/src/index.crates.io-1949cf8c6b5b557f/getrandom-0.3.4/Cargo.toml","target":{"kind":["lib"],"crate_types":["lib"],"name":"getrandom","src_path":"/home/mdupont/.cargo/registry/src/index.crates.io-1949cf8c6b5b557f/getrandom-0.3.4/src/lib.rs","edition":"2021","doc":true,"doctest":true,"test":true},"profile":{"opt_level":"0","debuginfo":2,"debug_assertions":true,"overflow_checks":true,"test":false},"features":[],"filenames":["/mnt/data1/nix/vendor/rust/cargo2nix/target/debug/deps/libgetrandom-1d379f1c27037172.rlib","/mnt/data1/nix/vendor/rust/cargo2nix/target/debug/deps/libgetrandom-1d379f1c27037172.rmeta"],"executable":null,"fresh":true}
   Compiling cexpr v0.6.0
{"reason":"compiler-artifact","package_id":"registry+https://github.com/rust-lang/crates.io-index#typenum@1.19.0","manifest_path":"/home/mdupont/.cargo/registry/src/index.crates.io-1949cf8c6b5b557f/typenum-1.19.0/Cargo.toml","target":{"kind":["lib"],"crate_types":["lib"],"name":"typenum","src_path":"/home/mdupont/.cargo/registry/src/index.crates.io-1949cf8c6b5b557f/typenum-1.19.0/src/lib.rs","edition":"2018","doc":true,"doctest":true,"test":true},"profile":{"opt_level":"0","debuginfo":2,"debug_assertions":true,"overflow_checks":true,"test":false},"features":["const-generics"],"filenames":["/mnt/data1/nix/vendor/rust/cargo2nix/target/debug/deps/libtypenum-20c610e90a3dd435.rlib","/mnt/data1/nix/vendor/rust/cargo2nix/target/debug/deps/libtypenum-20c610e90a3dd435.rmeta"],"executable":null,"fresh":true}
{"reason":"build-script-executed","package_id":"path+file:///mnt/data1/nix/vendor/rust/cargo2nix/submodules/parking_lot/core#parking_lot_core@0.9.13","linked_libs":[],"linked_paths":[],"cfgs":[],"env":[],"out_dir":"/mnt/data1/nix/vendor/rust/cargo2nix/target/debug/build/parking_lot_core-fe234f826ed00202/out"}
{"reason":"compiler-artifact","package_id":"registry+https://github.com/rust-lang/crates.io-index#is-terminal@0.4.17","manifest_path":"/home/mdupont/.cargo/registry/src/index.crates.io-1949cf8c6b5b557f/is-terminal-0.4.17/Cargo.toml","target":{"kind":["lib"],"crate_types":["lib"],"name":"is_terminal","src_path":"/home/mdupont/.cargo/registry/src/index.crates.io-1949cf8c6b5b557f/is-terminal-0.4.17/src/lib.rs","edition":"2018","doc":true,"doctest":true,"test":true},"profile":{"opt_level":"0","debuginfo":2,"debug_assertions":true,"overflow_checks":true,"test":false},"features":[],"filenames":["/mnt/data1/nix/vendor/rust/cargo2nix/target/debug/deps/libis_terminal-6cfcedafda1e4b49.rlib","/mnt/data1/nix/vendor/rust/cargo2nix/target/debug/deps/libis_terminal-6cfcedafda1e4b49.rmeta"],"executable":null,"fresh":true}
{"reason":"build-script-executed","package_id":"path+file:///mnt/data1/nix/vendor/rust/cargo2nix/submodules/rayon/rayon-core#1.13.0","linked_libs":[],"linked_paths":[],"cfgs":[],"env":[],"out_dir":"/mnt/data1/nix/vendor/rust/cargo2nix/target/debug/build/rayon-core-be6a979d0505e223/out"}
{"reason":"compiler-artifact","package_id":"registry+https://github.com/rust-lang/crates.io-index#autocfg@1.5.0","manifest_path":"/home/mdupont/.cargo/registry/src/index.crates.io-1949cf8c6b5b557f/autocfg-1.5.0/Cargo.toml","target":{"kind":["lib"],"crate_types":["lib"],"name":"autocfg","src_path":"/home/mdupont/.cargo/registry/src/index.crates.io-1949cf8c6b5b557f/autocfg-1.5.0/src/lib.rs","edition":"2015","doc":true,"doctest":true,"test":true},"profile":{"opt_level":"0","debuginfo":0,"debug_assertions":true,"overflow_checks":true,"test":false},"features":[],"filenames":["/mnt/data1/nix/vendor/rust/cargo2nix/target/debug/deps/libautocfg-3b49e0afa777d415.rlib","/mnt/data1/nix/vendor/rust/cargo2nix/target/debug/deps/libautocfg-3b49e0afa777d415.rmeta"],"executable":null,"fresh":true}
{"reason":"build-script-executed","package_id":"path+file:///mnt/data1/nix/vendor/rust/cargo2nix/submodules/proc-macro2#1.0.103","linked_libs":[],"linked_paths":[],"cfgs":["span_locations","wrap_proc_macro","proc_macro_span","proc_macro_span_location","proc_macro_span_file"],"env":[],"out_dir":"/mnt/data1/nix/vendor/rust/cargo2nix/target/debug/build/proc-macro2-87f5b36aa2383ae7/out"}
{"reason":"compiler-artifact","package_id":"path+file:///mnt/data1/nix/vendor/rust/cargo2nix/submodules/anstyle/crates/anstyle-parse#0.2.7","manifest_path":"/mnt/data1/nix/vendor/rust/cargo2nix/submodules/anstyle/crates/anstyle-parse/Cargo.toml","target":{"kind":["lib"],"crate_types":["lib"],"name":"anstyle_parse","src_path":"/mnt/data1/nix/vendor/rust/cargo2nix/submodules/anstyle/crates/anstyle-parse/src/lib.rs","edition":"2024","doc":true,"doctest":true,"test":true},"profile":{"opt_level":"0","debuginfo":2,"debug_assertions":true,"overflow_checks":true,"test":false},"features":["default","utf8"],"filenames":["/mnt/data1/nix/vendor/rust/cargo2nix/target/debug/deps/libanstyle_parse-d9388cf7c28688b1.rlib","/mnt/data1/nix/vendor/rust/cargo2nix/target/debug/deps/libanstyle_parse-d9388cf7c28688b1.rmeta"],"executable":null,"fresh":true}
{"reason":"compiler-artifact","package_id":"path+file:///mnt/data1/nix/vendor/rust/cargo2nix/submodules/serde/serde_derive#1.0.228","manifest_path":"/mnt/data1/nix/vendor/rust/cargo2nix/submodules/serde/serde_derive/Cargo.toml","target":{"kind":["custom-build"],"crate_types":["bin"],"name":"build-script-build","src_path":"/mnt/data1/nix/vendor/rust/cargo2nix/submodules/serde/serde_derive/build.rs","edition":"2021","doc":false,"doctest":false,"test":false},"profile":{"opt_level":"0","debuginfo":0,"debug_assertions":true,"overflow_checks":true,"test":false},"features":["default"],"filenames":["/mnt/data1/nix/vendor/rust/cargo2nix/target/debug/build/serde_derive-506d997c95177add/build-script-build"],"executable":null,"fresh":true}
{"reason":"compiler-artifact","package_id":"path+file:///mnt/data1/nix/vendor/rust/cargo2nix/submodules/anstyle/crates/colorchoice#1.0.4","manifest_path":"/mnt/data1/nix/vendor/rust/cargo2nix/submodules/anstyle/crates/colorchoice/Cargo.toml","target":{"kind":["lib"],"crate_types":["lib"],"name":"colorchoice","src_path":"/mnt/data1/nix/vendor/rust/cargo2nix/submodules/anstyle/crates/colorchoice/src/lib.rs","edition":"2024","doc":true,"doctest":true,"test":true},"profile":{"opt_level":"0","debuginfo":2,"debug_assertions":true,"overflow_checks":true,"test":false},"features":[],"filenames":["/mnt/data1/nix/vendor/rust/cargo2nix/target/debug/deps/libcolorchoice-d7563322b1b5d10b.rlib","/mnt/data1/nix/vendor/rust/cargo2nix/target/debug/deps/libcolorchoice-d7563322b1b5d10b.rmeta"],"executable":null,"fresh":true}
{"reason":"compiler-artifact","package_id":"path+file:///mnt/data1/nix/vendor/rust/cargo2nix/submodules/anstyle/crates/anstyle-query#1.1.5","manifest_path":"/mnt/data1/nix/vendor/rust/cargo2nix/submodules/anstyle/crates/anstyle-query/Cargo.toml","target":{"kind":["lib"],"crate_types":["lib"],"name":"anstyle_query","src_path":"/mnt/data1/nix/vendor/rust/cargo2nix/submodules/anstyle/crates/anstyle-query/src/lib.rs","edition":"2024","doc":true,"doctest":true,"test":true},"profile":{"opt_level":"0","debuginfo":2,"debug_assertions":true,"overflow_checks":true,"test":false},"features":[],"filenames":["/mnt/data1/nix/vendor/rust/cargo2nix/target/debug/deps/libanstyle_query-5f675d8d0350e8a3.rlib","/mnt/data1/nix/vendor/rust/cargo2nix/target/debug/deps/libanstyle_query-5f675d8d0350e8a3.rmeta"],"executable":null,"fresh":true}
{"reason":"compiler-artifact","package_id":"path+file:///mnt/data1/nix/vendor/rust/cargo2nix/submodules/either#1.15.0","manifest_path":"/mnt/data1/nix/vendor/rust/cargo2nix/submodules/either/Cargo.toml","target":{"kind":["lib"],"crate_types":["lib"],"name":"either","src_path":"/mnt/data1/nix/vendor/rust/cargo2nix/submodules/either/src/lib.rs","edition":"2021","doc":true,"doctest":true,"test":true},"profile":{"opt_level":"0","debuginfo":2,"debug_assertions":true,"overflow_checks":true,"test":false},"features":["default","std"],"filenames":["/mnt/data1/nix/vendor/rust/cargo2nix/target/debug/deps/libeither-74f5a3a348f61652.rlib","/mnt/data1/nix/vendor/rust/cargo2nix/target/debug/deps/libeither-74f5a3a348f61652.rmeta"],"executable":null,"fresh":true}
{"reason":"compiler-artifact","package_id":"registry+https://github.com/rust-lang/crates.io-index#allocator-api2@0.2.18","manifest_path":"/home/mdupont/.cargo/registry/src/index.crates.io-1949cf8c6b5b557f/allocator-api2-0.2.18/Cargo.toml","target":{"kind":["lib"],"crate_types":["lib"],"name":"allocator_api2","src_path":"/home/mdupont/.cargo/registry/src/index.crates.io-1949cf8c6b5b557f/allocator-api2-0.2.18/src/lib.rs","edition":"2018","doc":true,"doctest":true,"test":true},"profile":{"opt_level":"0","debuginfo":2,"debug_assertions":true,"overflow_checks":true,"test":false},"features":["alloc"],"filenames":["/mnt/data1/nix/vendor/rust/cargo2nix/target/debug/deps/liballocator_api2-b3ea77bec5fe8fe9.rlib","/mnt/data1/nix/vendor/rust/cargo2nix/target/debug/deps/liballocator_api2-b3ea77bec5fe8fe9.rmeta"],"executable":null,"fresh":true}
{"reason":"compiler-artifact","package_id":"path+file:///mnt/data1/nix/vendor/rust/cargo2nix/submodules/anstyle/crates/anstyle#1.0.13","manifest_path":"/mnt/data1/nix/vendor/rust/cargo2nix/submodules/anstyle/crates/anstyle/Cargo.toml","target":{"kind":["lib"],"crate_types":["lib"],"name":"anstyle","src_path":"/mnt/data1/nix/vendor/rust/cargo2nix/submodules/anstyle/crates/anstyle/src/lib.rs","edition":"2024","doc":true,"doctest":true,"test":true},"profile":{"opt_level":"0","debuginfo":2,"debug_assertions":true,"overflow_checks":true,"test":false},"features":["default","std"],"filenames":["/mnt/data1/nix/vendor/rust/cargo2nix/target/debug/deps/libanstyle-569cd11e8e999ee3.rlib","/mnt/data1/nix/vendor/rust/cargo2nix/target/debug/deps/libanstyle-569cd11e8e999ee3.rmeta"],"executable":null,"fresh":true}
{"reason":"compiler-artifact","package_id":"registry+https://github.com/rust-lang/crates.io-index#foldhash@0.2.0","manifest_path":"/home/mdupont/.cargo/registry/src/index.crates.io-1949cf8c6b5b557f/foldhash-0.2.0/Cargo.toml","target":{"kind":["lib"],"crate_types":["lib"],"name":"foldhash","src_path":"/home/mdupont/.cargo/registry/src/index.crates.io-1949cf8c6b5b557f/foldhash-0.2.0/src/lib.rs","edition":"2021","doc":true,"doctest":true,"test":true},"profile":{"opt_level":"0","debuginfo":2,"debug_assertions":true,"overflow_checks":true,"test":false},"features":[],"filenames":["/mnt/data1/nix/vendor/rust/cargo2nix/target/debug/deps/libfoldhash-6299ea0c0019980d.rlib","/mnt/data1/nix/vendor/rust/cargo2nix/target/debug/deps/libfoldhash-6299ea0c0019980d.rmeta"],"executable":null,"fresh":true}
{"reason":"compiler-artifact","package_id":"registry+https://github.com/rust-lang/crates.io-index#equivalent@1.0.2","manifest_path":"/home/mdupont/.cargo/registry/src/index.crates.io-1949cf8c6b5b557f/equivalent-1.0.2/Cargo.toml","target":{"kind":["lib"],"crate_types":["lib"],"name":"equivalent","src_path":"/home/mdupont/.cargo/registry/src/index.crates.io-1949cf8c6b5b557f/equivalent-1.0.2/src/lib.rs","edition":"2015","doc":true,"doctest":true,"test":true},"profile":{"opt_level":"0","debuginfo":2,"debug_assertions":true,"overflow_checks":true,"test":false},"features":[],"filenames":["/mnt/data1/nix/vendor/rust/cargo2nix/target/debug/deps/libequivalent-3ff77df1ac69f53a.rlib","/mnt/data1/nix/vendor/rust/cargo2nix/target/debug/deps/libequivalent-3ff77df1ac69f53a.rmeta"],"executable":null,"fresh":true}
{"reason":"compiler-artifact","package_id":"path+file:///mnt/data1/nix/vendor/rust/cargo2nix/submodules/quote#1.0.42","manifest_path":"/mnt/data1/nix/vendor/rust/cargo2nix/submodules/quote/Cargo.toml","target":{"kind":["lib"],"crate_types":["lib"],"name":"quote","src_path":"/mnt/data1/nix/vendor/rust/cargo2nix/submodules/quote/src/lib.rs","edition":"2018","doc":true,"doctest":true,"test":true},"profile":{"opt_level":"0","debuginfo":2,"debug_assertions":true,"overflow_checks":true,"test":false},"features":["default","proc-macro"],"filenames":["/mnt/data1/nix/vendor/rust/cargo2nix/target/debug/deps/libquote-7a41e7472a11ed4b.rlib","/mnt/data1/nix/vendor/rust/cargo2nix/target/debug/deps/libquote-7a41e7472a11ed4b.rmeta"],"executable":null,"fresh":true}
{"reason":"compiler-artifact","package_id":"registry+https://github.com/rust-lang/crates.io-index#cc@1.2.16","manifest_path":"/home/mdupont/.cargo/registry/src/index.crates.io-1949cf8c6b5b557f/cc-1.2.16/Cargo.toml","target":{"kind":["lib"],"crate_types":["lib"],"name":"cc","src_path":"/home/mdupont/.cargo/registry/src/index.crates.io-1949cf8c6b5b557f/cc-1.2.16/src/lib.rs","edition":"2018","doc":true,"doctest":true,"test":true},"profile":{"opt_level":"0","debuginfo":0,"debug_assertions":true,"overflow_checks":true,"test":false},"features":["parallel"],"filenames":["/mnt/data1/nix/vendor/rust/cargo2nix/target/debug/deps/libcc-5e121f264c028ad7.rlib","/mnt/data1/nix/vendor/rust/cargo2nix/target/debug/deps/libcc-5e121f264c028ad7.rmeta"],"executable":null,"fresh":true}
{"reason":"compiler-artifact","package_id":"path+file:///mnt/data1/nix/vendor/rust/cargo2nix/submodules/crossbeam/crossbeam-utils#0.8.21","manifest_path":"/mnt/data1/nix/vendor/rust/cargo2nix/submodules/crossbeam/crossbeam-utils/Cargo.toml","target":{"kind":["lib"],"crate_types":["lib"],"name":"crossbeam_utils","src_path":"/mnt/data1/nix/vendor/rust/cargo2nix/submodules/crossbeam/crossbeam-utils/src/lib.rs","edition":"2021","doc":true,"doctest":true,"test":true},"profile":{"opt_level":"0","debuginfo":2,"debug_assertions":true,"overflow_checks":true,"test":false},"features":["atomic","atomic-maybe-uninit","default","std"],"filenames":["/mnt/data1/nix/vendor/rust/cargo2nix/target/debug/deps/libcrossbeam_utils-e1f6d491ca2c15a7.rlib","/mnt/data1/nix/vendor/rust/cargo2nix/target/debug/deps/libcrossbeam_utils-e1f6d491ca2c15a7.rmeta"],"executable":null,"fresh":true}
{"reason":"compiler-artifact","package_id":"registry+https://github.com/rust-lang/crates.io-index#regex@1.12.2","manifest_path":"/home/mdupont/.cargo/registry/src/index.crates.io-1949cf8c6b5b557f/regex-1.12.2/Cargo.toml","target":{"kind":["lib"],"crate_types":["lib"],"name":"regex","src_path":"/home/mdupont/.cargo/registry/src/index.crates.io-1949cf8c6b5b557f/regex-1.12.2/src/lib.rs","edition":"2021","doc":true,"doctest":true,"test":true},"profile":{"opt_level":"0","debuginfo":2,"debug_assertions":true,"overflow_checks":true,"test":false},"features":["perf","perf-backtrack","perf-cache","perf-dfa","perf-inline","perf-literal","perf-onepass","std"],"filenames":["/mnt/data1/nix/vendor/rust/cargo2nix/target/debug/deps/libregex-cd957de599fe3f75.rlib","/mnt/data1/nix/vendor/rust/cargo2nix/target/debug/deps/libregex-cd957de599fe3f75.rmeta"],"executable":null,"fresh":true}
{"reason":"compiler-artifact","package_id":"registry+https://github.com/rust-lang/crates.io-index#rand_core@0.9.3","manifest_path":"/home/mdupont/.cargo/registry/src/index.crates.io-1949cf8c6b5b557f/rand_core-0.9.3/Cargo.toml","target":{"kind":["lib"],"crate_types":["lib"],"name":"rand_core","src_path":"/home/mdupont/.cargo/registry/src/index.crates.io-1949cf8c6b5b557f/rand_core-0.9.3/src/lib.rs","edition":"2021","doc":true,"doctest":true,"test":true},"profile":{"opt_level":"0","debuginfo":2,"debug_assertions":true,"overflow_checks":true,"test":false},"features":["os_rng"],"filenames":["/mnt/data1/nix/vendor/rust/cargo2nix/target/debug/deps/librand_core-b33a24121b279995.rlib","/mnt/data1/nix/vendor/rust/cargo2nix/target/debug/deps/librand_core-b33a24121b279995.rmeta"],"executable":null,"fresh":true}
{"reason":"compiler-artifact","package_id":"registry+https://github.com/rust-lang/crates.io-index#hybrid-array@0.4.5","manifest_path":"/home/mdupont/.cargo/registry/src/index.crates.io-1949cf8c6b5b557f/hybrid-array-0.4.5/Cargo.toml","target":{"kind":["lib"],"crate_types":["lib"],"name":"hybrid_array","src_path":"/home/mdupont/.cargo/registry/src/index.crates.io-1949cf8c6b5b557f/hybrid-array-0.4.5/src/lib.rs","edition":"2024","doc":true,"doctest":true,"test":true},"profile":{"opt_level":"0","debuginfo":2,"debug_assertions":true,"overflow_checks":true,"test":false},"features":[],"filenames":["/mnt/data1/nix/vendor/rust/cargo2nix/target/debug/deps/libhybrid_array-6f84f41853499980.rlib","/mnt/data1/nix/vendor/rust/cargo2nix/target/debug/deps/libhybrid_array-6f84f41853499980.rmeta"],"executable":null,"fresh":true}
{"reason":"compiler-artifact","package_id":"registry+https://github.com/rust-lang/crates.io-index#num-traits@0.2.19","manifest_path":"/home/mdupont/.cargo/registry/src/index.crates.io-1949cf8c6b5b557f/num-traits-0.2.19/Cargo.toml","target":{"kind":["custom-build"],"crate_types":["bin"],"name":"build-script-build","src_path":"/home/mdupont/.cargo/registry/src/index.crates.io-1949cf8c6b5b557f/num-traits-0.2.19/build.rs","edition":"2021","doc":false,"doctest":false,"test":false},"profile":{"opt_level":"0","debuginfo":0,"debug_assertions":true,"overflow_checks":true,"test":false},"features":[],"filenames":["/mnt/data1/nix/vendor/rust/cargo2nix/target/debug/build/num-traits-5d8ad8b3e4ba3de6/build-script-build"],"executable":null,"fresh":true}
{"reason":"compiler-message","package_id":"path+file:///mnt/data1/nix/vendor/rust/cargo2nix/submodules/parking_lot/core#parking_lot_core@0.9.13","manifest_path":"/mnt/data1/nix/vendor/rust/cargo2nix/submodules/parking_lot/core/Cargo.toml","target":{"kind":["lib"],"crate_types":["lib"],"name":"parking_lot_core","src_path":"/mnt/data1/nix/vendor/rust/cargo2nix/submodules/parking_lot/core/src/lib.rs","edition":"2021","doc":true,"doctest":true,"test":true},"message":{"rendered":"warning: type `word_lock::ThreadData` is more private than the item `word_lock::with_thread_data`\n  --> submodules/parking_lot/core/src/word_lock.rs:51:1\n   |\n51 | pub fn with_thread_data<T>(f: impl FnOnce(&ThreadData) -> T) -> T {\n   | ^^^^^^^^^^^^^^^^^^^^^^^^^^^^^^^^^^^^^^^^^^^^^^^^^^^^^^^^^^^^^^^^^ function `word_lock::with_thread_data` is reachable at visibility `pub(crate)`\n   |\nnote: but type `word_lock::ThreadData` is only usable at visibility `pub(self)`\n  --> submodules/parking_lot/core/src/word_lock.rs:16:1\n   |\n16 | struct ThreadData {\n   | ^^^^^^^^^^^^^^^^^\n   = note: `#[warn(private_bounds)]` on by default\n\n","$message_type":"diagnostic","children":[{"children":[],"code":null,"level":"note","message":"but type `word_lock::ThreadData` is only usable at visibility `pub(self)`","rendered":null,"spans":[{"byte_end":549,"byte_start":532,"column_end":18,"column_start":1,"expansion":null,"file_name":"submodules/parking_lot/core/src/word_lock.rs","is_primary":true,"label":null,"line_end":16,"line_start":16,"suggested_replacement":null,"suggestion_applicability":null,"text":[{"highlight_end":18,"highlight_start":1,"text":"struct ThreadData {"}]}]},{"children":[],"code":null,"level":"note","message":"`#[warn(private_bounds)]` on by default","rendered":null,"spans":[]}],"code":{"code":"private_bounds","explanation":null},"level":"warning","message":"type `word_lock::ThreadData` is more private than the item `word_lock::with_thread_data`","spans":[{"byte_end":1934,"byte_start":1869,"column_end":66,"column_start":1,"expansion":null,"file_name":"submodules/parking_lot/core/src/word_lock.rs","is_primary":true,"label":"function `word_lock::with_thread_data` is reachable at visibility `pub(crate)`","line_end":51,"line_start":51,"suggested_replacement":null,"suggestion_applicability":null,"text":[{"highlight_end":66,"highlight_start":1,"text":"pub fn with_thread_data<T>(f: impl FnOnce(&ThreadData) -> T) -> T {"}]}]}}
{"reason":"compiler-artifact","package_id":"path+file:///mnt/data1/nix/vendor/rust/cargo2nix/submodules/parking_lot/core#parking_lot_core@0.9.13","manifest_path":"/mnt/data1/nix/vendor/rust/cargo2nix/submodules/parking_lot/core/Cargo.toml","target":{"kind":["lib"],"crate_types":["lib"],"name":"parking_lot_core","src_path":"/mnt/data1/nix/vendor/rust/cargo2nix/submodules/parking_lot/core/src/lib.rs","edition":"2021","doc":true,"doctest":true,"test":true},"profile":{"opt_level":"0","debuginfo":2,"debug_assertions":true,"overflow_checks":true,"test":false},"features":[],"filenames":["/mnt/data1/nix/vendor/rust/cargo2nix/target/debug/deps/libparking_lot_core-9be775b69d4a0863.rlib","/mnt/data1/nix/vendor/rust/cargo2nix/target/debug/deps/libparking_lot_core-9be775b69d4a0863.rmeta"],"executable":null,"fresh":true}
{"reason":"compiler-artifact","package_id":"registry+https://github.com/rust-lang/crates.io-index#is_terminal_polyfill@1.48.2","manifest_path":"/home/mdupont/.cargo/registry/src/index.crates.io-1949cf8c6b5b557f/is_terminal_polyfill-1.48.2/Cargo.toml","target":{"kind":["lib"],"crate_types":["lib"],"name":"is_terminal_polyfill","src_path":"/home/mdupont/.cargo/registry/src/index.crates.io-1949cf8c6b5b557f/is_terminal_polyfill-1.48.2/src/lib.rs","edition":"2018","doc":true,"doctest":true,"test":true},"profile":{"opt_level":"0","debuginfo":2,"debug_assertions":true,"overflow_checks":true,"test":false},"features":["default"],"filenames":["/mnt/data1/nix/vendor/rust/cargo2nix/target/debug/deps/libis_terminal_polyfill-9658ea0ebbcc00a9.rlib","/mnt/data1/nix/vendor/rust/cargo2nix/target/debug/deps/libis_terminal_polyfill-9658ea0ebbcc00a9.rmeta"],"executable":null,"fresh":true}
{"reason":"build-script-executed","package_id":"path+file:///mnt/data1/nix/vendor/rust/cargo2nix/submodules/serde/serde_derive#1.0.228","linked_libs":[],"linked_paths":[],"cfgs":["check_cfg"],"env":[],"out_dir":"/mnt/data1/nix/vendor/rust/cargo2nix/target/debug/build/serde_derive-083a43c072f62b59/out"}
{"reason":"compiler-artifact","package_id":"path+file:///mnt/data1/nix/vendor/rust/cargo2nix/submodules/proc-macro2#1.0.103","manifest_path":"/mnt/data1/nix/vendor/rust/cargo2nix/submodules/proc-macro2/Cargo.toml","target":{"kind":["lib"],"crate_types":["lib"],"name":"proc_macro2","src_path":"/mnt/data1/nix/vendor/rust/cargo2nix/submodules/proc-macro2/src/lib.rs","edition":"2021","doc":true,"doctest":true,"test":true},"profile":{"opt_level":"0","debuginfo":2,"debug_assertions":true,"overflow_checks":true,"test":false},"features":["default","proc-macro","span-locations"],"filenames":["/mnt/data1/nix/vendor/rust/cargo2nix/target/debug/deps/libproc_macro2-11bbc1f3327b2e84.rlib","/mnt/data1/nix/vendor/rust/cargo2nix/target/debug/deps/libproc_macro2-11bbc1f3327b2e84.rmeta"],"executable":null,"fresh":true}
{"reason":"compiler-artifact","package_id":"registry+https://github.com/rust-lang/crates.io-index#litrs@0.4.2","manifest_path":"/home/mdupont/.cargo/registry/src/index.crates.io-1949cf8c6b5b557f/litrs-0.4.2/Cargo.toml","target":{"kind":["lib"],"crate_types":["lib"],"name":"litrs","src_path":"/home/mdupont/.cargo/registry/src/index.crates.io-1949cf8c6b5b557f/litrs-0.4.2/src/lib.rs","edition":"2018","doc":true,"doctest":true,"test":true},"profile":{"opt_level":"0","debuginfo":0,"debug_assertions":true,"overflow_checks":true,"test":false},"features":["default","proc-macro2"],"filenames":["/mnt/data1/nix/vendor/rust/cargo2nix/target/debug/deps/liblitrs-2ec94c10ac9e5700.rlib","/mnt/data1/nix/vendor/rust/cargo2nix/target/debug/deps/liblitrs-2ec94c10ac9e5700.rmeta"],"executable":null,"fresh":true}
{"reason":"compiler-artifact","package_id":"path+file:///mnt/data1/nix/vendor/rust/cargo2nix/submodules/strsim-rs#strsim@0.11.1","manifest_path":"/mnt/data1/nix/vendor/rust/cargo2nix/submodules/strsim-rs/Cargo.toml","target":{"kind":["lib"],"crate_types":["lib"],"name":"strsim","src_path":"/mnt/data1/nix/vendor/rust/cargo2nix/submodules/strsim-rs/src/lib.rs","edition":"2021","doc":true,"doctest":true,"test":true},"profile":{"opt_level":"0","debuginfo":2,"debug_assertions":true,"overflow_checks":true,"test":false},"features":[],"filenames":["/mnt/data1/nix/vendor/rust/cargo2nix/target/debug/deps/libstrsim-b41e943a1164adf9.rlib","/mnt/data1/nix/vendor/rust/cargo2nix/target/debug/deps/libstrsim-b41e943a1164adf9.rmeta"],"executable":null,"fresh":true}
{"reason":"compiler-artifact","package_id":"path+file:///mnt/data1/nix/vendor/rust/cargo2nix/submodules/anyhow#1.0.100","manifest_path":"/mnt/data1/nix/vendor/rust/cargo2nix/submodules/anyhow/Cargo.toml","target":{"kind":["custom-build"],"crate_types":["bin"],"name":"build-script-build","src_path":"/mnt/data1/nix/vendor/rust/cargo2nix/submodules/anyhow/build.rs","edition":"2018","doc":false,"doctest":false,"test":false},"profile":{"opt_level":"0","debuginfo":0,"debug_assertions":true,"overflow_checks":true,"test":false},"features":["default","std"],"filenames":["/mnt/data1/nix/vendor/rust/cargo2nix/target/debug/build/anyhow-612abe70f0c1e212/build-script-build"],"executable":null,"fresh":true}
{"reason":"compiler-artifact","package_id":"registry+https://github.com/rust-lang/crates.io-index#const-oid@0.10.1","manifest_path":"/home/mdupont/.cargo/registry/src/index.crates.io-1949cf8c6b5b557f/const-oid-0.10.1/Cargo.toml","target":{"kind":["lib"],"crate_types":["lib"],"name":"const_oid","src_path":"/home/mdupont/.cargo/registry/src/index.crates.io-1949cf8c6b5b557f/const-oid-0.10.1/src/lib.rs","edition":"2024","doc":true,"doctest":true,"test":true},"profile":{"opt_level":"0","debuginfo":2,"debug_assertions":true,"overflow_checks":true,"test":false},"features":[],"filenames":["/mnt/data1/nix/vendor/rust/cargo2nix/target/debug/deps/libconst_oid-852636d594e8fde8.rlib","/mnt/data1/nix/vendor/rust/cargo2nix/target/debug/deps/libconst_oid-852636d594e8fde8.rmeta"],"executable":null,"fresh":true}
{"reason":"compiler-artifact","package_id":"path+file:///mnt/data1/nix/vendor/rust/cargo2nix/submodules/json#serde_json@1.0.145","manifest_path":"/mnt/data1/nix/vendor/rust/cargo2nix/submodules/json/Cargo.toml","target":{"kind":["custom-build"],"crate_types":["bin"],"name":"build-script-build","src_path":"/mnt/data1/nix/vendor/rust/cargo2nix/submodules/json/build.rs","edition":"2021","doc":false,"doctest":false,"test":false},"profile":{"opt_level":"0","debuginfo":0,"debug_assertions":true,"overflow_checks":true,"test":false},"features":["default","std"],"filenames":["/mnt/data1/nix/vendor/rust/cargo2nix/target/debug/build/serde_json-53dfd894a1bc1b53/build-script-build"],"executable":null,"fresh":true}
{"reason":"compiler-artifact","package_id":"registry+https://github.com/rust-lang/crates.io-index#winnow@0.7.14","manifest_path":"/home/mdupont/.cargo/registry/src/index.crates.io-1949cf8c6b5b557f/winnow-0.7.14/Cargo.toml","target":{"kind":["lib"],"crate_types":["lib"],"name":"winnow","src_path":"/home/mdupont/.cargo/registry/src/index.crates.io-1949cf8c6b5b557f/winnow-0.7.14/src/lib.rs","edition":"2021","doc":true,"doctest":true,"test":true},"profile":{"opt_level":"0","debuginfo":2,"debug_assertions":true,"overflow_checks":true,"test":false},"features":[],"filenames":["/mnt/data1/nix/vendor/rust/cargo2nix/target/debug/deps/libwinnow-926638bfbee8b220.rlib","/mnt/data1/nix/vendor/rust/cargo2nix/target/debug/deps/libwinnow-926638bfbee8b220.rmeta"],"executable":null,"fresh":true}
{"reason":"compiler-artifact","package_id":"path+file:///mnt/data1/nix/vendor/rust/cargo2nix/submodules/sval#2.16.0","manifest_path":"/mnt/data1/nix/vendor/rust/cargo2nix/submodules/sval/Cargo.toml","target":{"kind":["lib"],"crate_types":["lib"],"name":"sval","src_path":"/mnt/data1/nix/vendor/rust/cargo2nix/submodules/sval/src/lib.rs","edition":"2021","doc":true,"doctest":true,"test":true},"profile":{"opt_level":"0","debuginfo":2,"debug_assertions":true,"overflow_checks":true,"test":false},"features":[],"filenames":["/mnt/data1/nix/vendor/rust/cargo2nix/target/debug/deps/libsval-275bbf253a487dfb.rlib","/mnt/data1/nix/vendor/rust/cargo2nix/target/debug/deps/libsval-275bbf253a487dfb.rmeta"],"executable":null,"fresh":true}
{"reason":"compiler-artifact","package_id":"path+file:///mnt/data1/nix/vendor/rust/cargo2nix/submodules/syn#2.0.110","manifest_path":"/mnt/data1/nix/vendor/rust/cargo2nix/submodules/syn/Cargo.toml","target":{"kind":["custom-build"],"crate_types":["bin"],"name":"build-script-build","src_path":"/mnt/data1/nix/vendor/rust/cargo2nix/submodules/syn/build.rs","edition":"2021","doc":false,"doctest":false,"test":false},"profile":{"opt_level":"0","debuginfo":0,"debug_assertions":true,"overflow_checks":true,"test":false},"features":["clone-impls","default","derive","full","parsing","printing","proc-macro","visit"],"filenames":["/mnt/data1/nix/vendor/rust/cargo2nix/target/debug/build/syn-b46a3236bbe17c6b/build-script-build"],"executable":null,"fresh":true}
{"reason":"compiler-artifact","package_id":"path+file:///mnt/data1/nix/vendor/rust/cargo2nix/submodules/arbitrary#1.4.2","manifest_path":"/mnt/data1/nix/vendor/rust/cargo2nix/submodules/arbitrary/Cargo.toml","target":{"kind":["lib"],"crate_types":["lib"],"name":"arbitrary","src_path":"/mnt/data1/nix/vendor/rust/cargo2nix/submodules/arbitrary/src/lib.rs","edition":"2021","doc":true,"doctest":true,"test":true},"profile":{"opt_level":"0","debuginfo":2,"debug_assertions":true,"overflow_checks":true,"test":false},"features":[],"filenames":["/mnt/data1/nix/vendor/rust/cargo2nix/target/debug/deps/libarbitrary-d2736f9f79c62309.rlib","/mnt/data1/nix/vendor/rust/cargo2nix/target/debug/deps/libarbitrary-d2736f9f79c62309.rmeta"],"executable":null,"fresh":true}
{"reason":"compiler-artifact","package_id":"path+file:///mnt/data1/nix/vendor/rust/cargo2nix/submodules/serde/serde#1.0.228","manifest_path":"/mnt/data1/nix/vendor/rust/cargo2nix/submodules/serde/serde/Cargo.toml","target":{"kind":["custom-build"],"crate_types":["bin"],"name":"build-script-build","src_path":"/mnt/data1/nix/vendor/rust/cargo2nix/submodules/serde/serde/build.rs","edition":"2021","doc":false,"doctest":false,"test":false},"profile":{"opt_level":"0","debuginfo":0,"debug_assertions":true,"overflow_checks":true,"test":false},"features":["default","derive","serde_derive","std"],"filenames":["/mnt/data1/nix/vendor/rust/cargo2nix/target/debug/build/serde-2e41805b6ced4e41/build-script-build"],"executable":null,"fresh":true}
{"reason":"compiler-artifact","package_id":"path+file:///mnt/data1/nix/vendor/rust/cargo2nix/submodules/equivalent#1.0.2","manifest_path":"/mnt/data1/nix/vendor/rust/cargo2nix/submodules/equivalent/Cargo.toml","target":{"kind":["lib"],"crate_types":["lib"],"name":"equivalent","src_path":"/mnt/data1/nix/vendor/rust/cargo2nix/submodules/equivalent/src/lib.rs","edition":"2015","doc":true,"doctest":true,"test":true},"profile":{"opt_level":"0","debuginfo":2,"debug_assertions":true,"overflow_checks":true,"test":false},"features":[],"filenames":["/mnt/data1/nix/vendor/rust/cargo2nix/target/debug/deps/libequivalent-1de7c324bdaa456b.rlib","/mnt/data1/nix/vendor/rust/cargo2nix/target/debug/deps/libequivalent-1de7c324bdaa456b.rmeta"],"executable":null,"fresh":true}
{"reason":"compiler-artifact","package_id":"path+file:///mnt/data1/nix/vendor/rust/cargo2nix/submodules/syn#2.0.110","manifest_path":"/mnt/data1/nix/vendor/rust/cargo2nix/submodules/syn/Cargo.toml","target":{"kind":["lib"],"crate_types":["lib"],"name":"syn","src_path":"/mnt/data1/nix/vendor/rust/cargo2nix/submodules/syn/src/lib.rs","edition":"2021","doc":true,"doctest":true,"test":true},"profile":{"opt_level":"0","debuginfo":0,"debug_assertions":true,"overflow_checks":true,"test":false},"features":["clone-impls","default","derive","extra-traits","full","parsing","printing","proc-macro","visit-mut"],"filenames":["/mnt/data1/nix/vendor/rust/cargo2nix/target/debug/deps/libsyn-cbad852a06ad54f8.rlib","/mnt/data1/nix/vendor/rust/cargo2nix/target/debug/deps/libsyn-cbad852a06ad54f8.rmeta"],"executable":null,"fresh":true}
   Compiling lz4-sys v1.11.1+lz4-1.10.0
   Compiling zstd-sys v2.0.16+zstd.1.5.7
   Compiling bzip2-sys v0.1.13+1.0.8
{"reason":"compiler-artifact","package_id":"path+file:///mnt/data1/nix/vendor/rust/cargo2nix/submodules/crossbeam/crossbeam-epoch#0.9.18","manifest_path":"/mnt/data1/nix/vendor/rust/cargo2nix/submodules/crossbeam/crossbeam-epoch/Cargo.toml","target":{"kind":["lib"],"crate_types":["lib"],"name":"crossbeam_epoch","src_path":"/mnt/data1/nix/vendor/rust/cargo2nix/submodules/crossbeam/crossbeam-epoch/src/lib.rs","edition":"2021","doc":true,"doctest":true,"test":true},"profile":{"opt_level":"0","debuginfo":2,"debug_assertions":true,"overflow_checks":true,"test":false},"features":["alloc","std"],"filenames":["/mnt/data1/nix/vendor/rust/cargo2nix/target/debug/deps/libcrossbeam_epoch-af64a1b19457e5bb.rlib","/mnt/data1/nix/vendor/rust/cargo2nix/target/debug/deps/libcrossbeam_epoch-af64a1b19457e5bb.rmeta"],"executable":null,"fresh":true}
   Compiling libz-sys v1.1.23
{"reason":"compiler-artifact","package_id":"registry+https://github.com/rust-lang/crates.io-index#env_filter@0.1.4","manifest_path":"/home/mdupont/.cargo/registry/src/index.crates.io-1949cf8c6b5b557f/env_filter-0.1.4/Cargo.toml","target":{"kind":["lib"],"crate_types":["lib"],"name":"env_filter","src_path":"/home/mdupont/.cargo/registry/src/index.crates.io-1949cf8c6b5b557f/env_filter-0.1.4/src/lib.rs","edition":"2021","doc":true,"doctest":true,"test":true},"profile":{"opt_level":"0","debuginfo":2,"debug_assertions":true,"overflow_checks":true,"test":false},"features":["regex"],"filenames":["/mnt/data1/nix/vendor/rust/cargo2nix/target/debug/deps/libenv_filter-a99886e4d98ce127.rlib","/mnt/data1/nix/vendor/rust/cargo2nix/target/debug/deps/libenv_filter-a99886e4d98ce127.rmeta"],"executable":null,"fresh":true}
{"reason":"compiler-artifact","package_id":"registry+https://github.com/rust-lang/crates.io-index#rand@0.9.2","manifest_path":"/home/mdupont/.cargo/registry/src/index.crates.io-1949cf8c6b5b557f/rand-0.9.2/Cargo.toml","target":{"kind":["lib"],"crate_types":["lib"],"name":"rand","src_path":"/home/mdupont/.cargo/registry/src/index.crates.io-1949cf8c6b5b557f/rand-0.9.2/src/lib.rs","edition":"2021","doc":true,"doctest":true,"test":true},"profile":{"opt_level":"0","debuginfo":2,"debug_assertions":true,"overflow_checks":true,"test":false},"features":["os_rng","small_rng"],"filenames":["/mnt/data1/nix/vendor/rust/cargo2nix/target/debug/deps/librand-a586e18c2e1ef283.rlib","/mnt/data1/nix/vendor/rust/cargo2nix/target/debug/deps/librand-a586e18c2e1ef283.rmeta"],"executable":null,"fresh":true}
{"reason":"compiler-artifact","package_id":"path+file:///mnt/data1/nix/vendor/rust/cargo2nix/submodules/hashbrown#0.16.0","manifest_path":"/mnt/data1/nix/vendor/rust/cargo2nix/submodules/hashbrown/Cargo.toml","target":{"kind":["lib"],"crate_types":["lib"],"name":"hashbrown","src_path":"/mnt/data1/nix/vendor/rust/cargo2nix/submodules/hashbrown/src/lib.rs","edition":"2021","doc":true,"doctest":true,"test":true},"profile":{"opt_level":"0","debuginfo":2,"debug_assertions":true,"overflow_checks":true,"test":false},"features":["allocator-api2","default","default-hasher","equivalent","inline-more","raw-entry"],"filenames":["/mnt/data1/nix/vendor/rust/cargo2nix/target/debug/deps/libhashbrown-5d67a2f58ed65a05.rlib","/mnt/data1/nix/vendor/rust/cargo2nix/target/debug/deps/libhashbrown-5d67a2f58ed65a05.rmeta"],"executable":null,"fresh":true}
{"reason":"compiler-artifact","package_id":"registry+https://github.com/rust-lang/crates.io-index#crypto-common@0.2.0-rc.5","manifest_path":"/home/mdupont/.cargo/registry/src/index.crates.io-1949cf8c6b5b557f/crypto-common-0.2.0-rc.5/Cargo.toml","target":{"kind":["lib"],"crate_types":["lib"],"name":"crypto_common","src_path":"/home/mdupont/.cargo/registry/src/index.crates.io-1949cf8c6b5b557f/crypto-common-0.2.0-rc.5/src/lib.rs","edition":"2024","doc":true,"doctest":true,"test":true},"profile":{"opt_level":"0","debuginfo":2,"debug_assertions":true,"overflow_checks":true,"test":false},"features":[],"filenames":["/mnt/data1/nix/vendor/rust/cargo2nix/target/debug/deps/libcrypto_common-ead674e9112451b2.rlib","/mnt/data1/nix/vendor/rust/cargo2nix/target/debug/deps/libcrypto_common-ead674e9112451b2.rmeta"],"executable":null,"fresh":true}
{"reason":"compiler-artifact","package_id":"path+file:///mnt/data1/nix/vendor/rust/cargo2nix/submodules/anstyle/crates/anstream#0.6.21","manifest_path":"/mnt/data1/nix/vendor/rust/cargo2nix/submodules/anstyle/crates/anstream/Cargo.toml","target":{"kind":["lib"],"crate_types":["lib"],"name":"anstream","src_path":"/mnt/data1/nix/vendor/rust/cargo2nix/submodules/anstyle/crates/anstream/src/lib.rs","edition":"2024","doc":true,"doctest":true,"test":true},"profile":{"opt_level":"0","debuginfo":2,"debug_assertions":true,"overflow_checks":true,"test":false},"features":["auto","default","wincon"],"filenames":["/mnt/data1/nix/vendor/rust/cargo2nix/target/debug/deps/libanstream-87390565fc9a1dbb.rlib","/mnt/data1/nix/vendor/rust/cargo2nix/target/debug/deps/libanstream-87390565fc9a1dbb.rmeta"],"executable":null,"fresh":true}
{"reason":"build-script-executed","package_id":"registry+https://github.com/rust-lang/crates.io-index#num-traits@0.2.19","linked_libs":[],"linked_paths":[],"cfgs":["has_total_cmp"],"env":[],"out_dir":"/mnt/data1/nix/vendor/rust/cargo2nix/target/debug/build/num-traits-955706ae31fcebda/out"}
{"reason":"compiler-artifact","package_id":"registry+https://github.com/rust-lang/crates.io-index#block-buffer@0.11.0","manifest_path":"/home/mdupont/.cargo/registry/src/index.crates.io-1949cf8c6b5b557f/block-buffer-0.11.0/Cargo.toml","target":{"kind":["lib"],"crate_types":["lib"],"name":"block_buffer","src_path":"/home/mdupont/.cargo/registry/src/index.crates.io-1949cf8c6b5b557f/block-buffer-0.11.0/src/lib.rs","edition":"2024","doc":true,"doctest":true,"test":true},"profile":{"opt_level":"0","debuginfo":2,"debug_assertions":true,"overflow_checks":true,"test":false},"features":[],"filenames":["/mnt/data1/nix/vendor/rust/cargo2nix/target/debug/deps/libblock_buffer-4516300f20c847ec.rlib","/mnt/data1/nix/vendor/rust/cargo2nix/target/debug/deps/libblock_buffer-4516300f20c847ec.rmeta"],"executable":null,"fresh":true}
{"reason":"compiler-artifact","package_id":"path+file:///mnt/data1/nix/vendor/rust/cargo2nix/submodules/clap/clap_lex#0.7.6","manifest_path":"/mnt/data1/nix/vendor/rust/cargo2nix/submodules/clap/clap_lex/Cargo.toml","target":{"kind":["lib"],"crate_types":["lib"],"name":"clap_lex","src_path":"/mnt/data1/nix/vendor/rust/cargo2nix/submodules/clap/clap_lex/src/lib.rs","edition":"2024","doc":true,"doctest":true,"test":true},"profile":{"opt_level":"0","debuginfo":2,"debug_assertions":true,"overflow_checks":true,"test":false},"features":[],"filenames":["/mnt/data1/nix/vendor/rust/cargo2nix/target/debug/deps/libclap_lex-727f1ac7cd6c89e8.rlib","/mnt/data1/nix/vendor/rust/cargo2nix/target/debug/deps/libclap_lex-727f1ac7cd6c89e8.rmeta"],"executable":null,"fresh":true}
{"reason":"compiler-artifact","package_id":"path+file:///mnt/data1/nix/vendor/rust/cargo2nix/submodules/quote#1.0.42","manifest_path":"/mnt/data1/nix/vendor/rust/cargo2nix/submodules/quote/Cargo.toml","target":{"kind":["lib"],"crate_types":["lib"],"name":"quote","src_path":"/mnt/data1/nix/vendor/rust/cargo2nix/submodules/quote/src/lib.rs","edition":"2018","doc":true,"doctest":true,"test":true},"profile":{"opt_level":"0","debuginfo":2,"debug_assertions":true,"overflow_checks":true,"test":false},"features":["default","proc-macro"],"filenames":["/mnt/data1/nix/vendor/rust/cargo2nix/target/debug/deps/libquote-e77a77796ac9cd13.rlib","/mnt/data1/nix/vendor/rust/cargo2nix/target/debug/deps/libquote-e77a77796ac9cd13.rmeta"],"executable":null,"fresh":true}
{"reason":"build-script-executed","package_id":"path+file:///mnt/data1/nix/vendor/rust/cargo2nix/submodules/anyhow#1.0.100","linked_libs":[],"linked_paths":[],"cfgs":["std_backtrace","error_generic_member_access"],"env":[],"out_dir":"/mnt/data1/nix/vendor/rust/cargo2nix/target/debug/build/anyhow-48189358c1309d0b/out"}
{"reason":"build-script-executed","package_id":"path+file:///mnt/data1/nix/vendor/rust/cargo2nix/submodules/syn#2.0.110","linked_libs":[],"linked_paths":[],"cfgs":["check_cfg"],"env":[],"out_dir":"/mnt/data1/nix/vendor/rust/cargo2nix/target/debug/build/syn-22b7288fc14302f5/out"}
{"reason":"build-script-executed","package_id":"path+file:///mnt/data1/nix/vendor/rust/cargo2nix/submodules/serde/serde#1.0.228","linked_libs":[],"linked_paths":[],"cfgs":["if_docsrs_then_no_serde_core"],"env":[],"out_dir":"/mnt/data1/nix/vendor/rust/cargo2nix/target/debug/build/serde-444a1c57a5ae911a/out"}
{"reason":"compiler-artifact","package_id":"path+file:///mnt/data1/nix/vendor/rust/cargo2nix/submodules/toml/crates/toml_parser#1.0.4","manifest_path":"/mnt/data1/nix/vendor/rust/cargo2nix/submodules/toml/crates/toml_parser/Cargo.toml","target":{"kind":["lib"],"crate_types":["lib"],"name":"toml_parser","src_path":"/mnt/data1/nix/vendor/rust/cargo2nix/submodules/toml/crates/toml_parser/src/lib.rs","edition":"2024","doc":true,"doctest":true,"test":true},"profile":{"opt_level":"0","debuginfo":2,"debug_assertions":true,"overflow_checks":true,"test":false},"features":["alloc","std"],"filenames":["/mnt/data1/nix/vendor/rust/cargo2nix/target/debug/deps/libtoml_parser-75979e95c20a8208.rlib","/mnt/data1/nix/vendor/rust/cargo2nix/target/debug/deps/libtoml_parser-75979e95c20a8208.rmeta"],"executable":null,"fresh":true}
{"reason":"build-script-executed","package_id":"path+file:///mnt/data1/nix/vendor/rust/cargo2nix/submodules/json#serde_json@1.0.145","linked_libs":[],"linked_paths":[],"cfgs":["fast_arithmetic=\"64\""],"env":[],"out_dir":"/mnt/data1/nix/vendor/rust/cargo2nix/target/debug/build/serde_json-394543ccfe0f6700/out"}
{"reason":"compiler-artifact","package_id":"path+file:///mnt/data1/nix/vendor/rust/cargo2nix/submodules/toml/crates/serde_spanned#1.0.3","manifest_path":"/mnt/data1/nix/vendor/rust/cargo2nix/submodules/toml/crates/serde_spanned/Cargo.toml","target":{"kind":["lib"],"crate_types":["lib"],"name":"serde_spanned","src_path":"/mnt/data1/nix/vendor/rust/cargo2nix/submodules/toml/crates/serde_spanned/src/lib.rs","edition":"2024","doc":true,"doctest":true,"test":true},"profile":{"opt_level":"0","debuginfo":2,"debug_assertions":true,"overflow_checks":true,"test":false},"features":["alloc","serde","std"],"filenames":["/mnt/data1/nix/vendor/rust/cargo2nix/target/debug/deps/libserde_spanned-19d59479b22fb89a.rlib","/mnt/data1/nix/vendor/rust/cargo2nix/target/debug/deps/libserde_spanned-19d59479b22fb89a.rmeta"],"executable":null,"fresh":true}
{"reason":"compiler-artifact","package_id":"path+file:///mnt/data1/nix/vendor/rust/cargo2nix/submodules/toml/crates/toml_datetime#0.7.3","manifest_path":"/mnt/data1/nix/vendor/rust/cargo2nix/submodules/toml/crates/toml_datetime/Cargo.toml","target":{"kind":["lib"],"crate_types":["lib"],"name":"toml_datetime","src_path":"/mnt/data1/nix/vendor/rust/cargo2nix/submodules/toml/crates/toml_datetime/src/lib.rs","edition":"2024","doc":true,"doctest":true,"test":true},"profile":{"opt_level":"0","debuginfo":2,"debug_assertions":true,"overflow_checks":true,"test":false},"features":["alloc","serde","std"],"filenames":["/mnt/data1/nix/vendor/rust/cargo2nix/target/debug/deps/libtoml_datetime-43217c3fb12461c3.rlib","/mnt/data1/nix/vendor/rust/cargo2nix/target/debug/deps/libtoml_datetime-43217c3fb12461c3.rmeta"],"executable":null,"fresh":true}
{"reason":"build-script-executed","package_id":"registry+https://github.com/rust-lang/crates.io-index#clang-sys@1.8.1","linked_libs":["dylib=clang"],"linked_paths":["/nix/store/10mkp77lmqz8x2awd8hzv6pf7f7rkf6d-clang-19.1.7-lib/lib"],"cfgs":[],"env":[],"out_dir":"/mnt/data1/nix/vendor/rust/cargo2nix/target/debug/build/clang-sys-43782eee99315916/out"}
   Compiling thiserror-impl v2.0.17
   Compiling bindgen v0.72.1
{"reason":"compiler-artifact","package_id":"path+file:///mnt/data1/nix/vendor/rust/cargo2nix/submodules/crossbeam/crossbeam-deque#0.8.6","manifest_path":"/mnt/data1/nix/vendor/rust/cargo2nix/submodules/crossbeam/crossbeam-deque/Cargo.toml","target":{"kind":["lib"],"crate_types":["lib"],"name":"crossbeam_deque","src_path":"/mnt/data1/nix/vendor/rust/cargo2nix/submodules/crossbeam/crossbeam-deque/src/lib.rs","edition":"2021","doc":true,"doctest":true,"test":true},"profile":{"opt_level":"0","debuginfo":2,"debug_assertions":true,"overflow_checks":true,"test":false},"features":["default","std"],"filenames":["/mnt/data1/nix/vendor/rust/cargo2nix/target/debug/deps/libcrossbeam_deque-2114605490f9e7ba.rlib","/mnt/data1/nix/vendor/rust/cargo2nix/target/debug/deps/libcrossbeam_deque-2114605490f9e7ba.rmeta"],"executable":null,"fresh":true}
{"reason":"compiler-artifact","package_id":"registry+https://github.com/rust-lang/crates.io-index#env_logger@0.11.8","manifest_path":"/home/mdupont/.cargo/registry/src/index.crates.io-1949cf8c6b5b557f/env_logger-0.11.8/Cargo.toml","target":{"kind":["lib"],"crate_types":["lib"],"name":"env_logger","src_path":"/home/mdupont/.cargo/registry/src/index.crates.io-1949cf8c6b5b557f/env_logger-0.11.8/src/lib.rs","edition":"2021","doc":true,"doctest":true,"test":true},"profile":{"opt_level":"0","debuginfo":2,"debug_assertions":true,"overflow_checks":true,"test":false},"features":["regex"],"filenames":["/mnt/data1/nix/vendor/rust/cargo2nix/target/debug/deps/libenv_logger-85c4db1c4b4dbf84.rlib","/mnt/data1/nix/vendor/rust/cargo2nix/target/debug/deps/libenv_logger-85c4db1c4b4dbf84.rmeta"],"executable":null,"fresh":true}
{"reason":"compiler-artifact","package_id":"registry+https://github.com/rust-lang/crates.io-index#digest@0.11.0-rc.4","manifest_path":"/home/mdupont/.cargo/registry/src/index.crates.io-1949cf8c6b5b557f/digest-0.11.0-rc.4/Cargo.toml","target":{"kind":["lib"],"crate_types":["lib"],"name":"digest","src_path":"/home/mdupont/.cargo/registry/src/index.crates.io-1949cf8c6b5b557f/digest-0.11.0-rc.4/src/lib.rs","edition":"2024","doc":true,"doctest":true,"test":true},"profile":{"opt_level":"0","debuginfo":2,"debug_assertions":true,"overflow_checks":true,"test":false},"features":["alloc","block-api","block-buffer","const-oid","default","oid"],"filenames":["/mnt/data1/nix/vendor/rust/cargo2nix/target/debug/deps/libdigest-7d5a4fe562a9b16e.rlib","/mnt/data1/nix/vendor/rust/cargo2nix/target/debug/deps/libdigest-7d5a4fe562a9b16e.rmeta"],"executable":null,"fresh":true}
   Compiling serde_derive v1.0.228 (/mnt/data1/nix/vendor/rust/cargo2nix/submodules/serde/serde_derive)
{"reason":"compiler-artifact","package_id":"registry+https://github.com/rust-lang/crates.io-index#num-traits@0.2.19","manifest_path":"/home/mdupont/.cargo/registry/src/index.crates.io-1949cf8c6b5b557f/num-traits-0.2.19/Cargo.toml","target":{"kind":["lib"],"crate_types":["lib"],"name":"num_traits","src_path":"/home/mdupont/.cargo/registry/src/index.crates.io-1949cf8c6b5b557f/num-traits-0.2.19/src/lib.rs","edition":"2021","doc":true,"doctest":true,"test":true},"profile":{"opt_level":"0","debuginfo":2,"debug_assertions":true,"overflow_checks":true,"test":false},"features":[],"filenames":["/mnt/data1/nix/vendor/rust/cargo2nix/target/debug/deps/libnum_traits-d7fcfa0076bfe2bb.rlib","/mnt/data1/nix/vendor/rust/cargo2nix/target/debug/deps/libnum_traits-d7fcfa0076bfe2bb.rmeta"],"executable":null,"fresh":true}
{"reason":"compiler-artifact","package_id":"path+file:///mnt/data1/nix/vendor/rust/cargo2nix/submodules/clap/clap_builder#4.5.51","manifest_path":"/mnt/data1/nix/vendor/rust/cargo2nix/submodules/clap/clap_builder/Cargo.toml","target":{"kind":["lib"],"crate_types":["lib"],"name":"clap_builder","src_path":"/mnt/data1/nix/vendor/rust/cargo2nix/submodules/clap/clap_builder/src/lib.rs","edition":"2024","doc":true,"doctest":true,"test":true},"profile":{"opt_level":"0","debuginfo":2,"debug_assertions":true,"overflow_checks":true,"test":false},"features":["color","error-context","help","std","suggestions","usage"],"filenames":["/mnt/data1/nix/vendor/rust/cargo2nix/target/debug/deps/libclap_builder-8bc9e2ff608b6627.rlib","/mnt/data1/nix/vendor/rust/cargo2nix/target/debug/deps/libclap_builder-8bc9e2ff608b6627.rmeta"],"executable":null,"fresh":true}
{"reason":"compiler-artifact","package_id":"registry+https://github.com/rust-lang/crates.io-index#same-file@1.0.6","manifest_path":"/home/mdupont/.cargo/registry/src/index.crates.io-1949cf8c6b5b557f/same-file-1.0.6/Cargo.toml","target":{"kind":["lib"],"crate_types":["lib"],"name":"same_file","src_path":"/home/mdupont/.cargo/registry/src/index.crates.io-1949cf8c6b5b557f/same-file-1.0.6/src/lib.rs","edition":"2018","doc":true,"doctest":true,"test":true},"profile":{"opt_level":"0","debuginfo":2,"debug_assertions":true,"overflow_checks":true,"test":false},"features":[],"filenames":["/mnt/data1/nix/vendor/rust/cargo2nix/target/debug/deps/libsame_file-123f710482a8b53b.rlib","/mnt/data1/nix/vendor/rust/cargo2nix/target/debug/deps/libsame_file-123f710482a8b53b.rmeta"],"executable":null,"fresh":true}
{"reason":"compiler-artifact","package_id":"registry+https://github.com/rust-lang/crates.io-index#itoa@1.0.15","manifest_path":"/home/mdupont/.cargo/registry/src/index.crates.io-1949cf8c6b5b557f/itoa-1.0.15/Cargo.toml","target":{"kind":["lib"],"crate_types":["lib"],"name":"itoa","src_path":"/home/mdupont/.cargo/registry/src/index.crates.io-1949cf8c6b5b557f/itoa-1.0.15/src/lib.rs","edition":"2018","doc":true,"doctest":true,"test":true},"profile":{"opt_level":"0","debuginfo":2,"debug_assertions":true,"overflow_checks":true,"test":false},"features":[],"filenames":["/mnt/data1/nix/vendor/rust/cargo2nix/target/debug/deps/libitoa-a586594d020aa48a.rlib","/mnt/data1/nix/vendor/rust/cargo2nix/target/debug/deps/libitoa-a586594d020aa48a.rmeta"],"executable":null,"fresh":true}
{"reason":"compiler-artifact","package_id":"registry+https://github.com/rust-lang/crates.io-index#cpufeatures@0.2.17","manifest_path":"/home/mdupont/.cargo/registry/src/index.crates.io-1949cf8c6b5b557f/cpufeatures-0.2.17/Cargo.toml","target":{"kind":["lib"],"crate_types":["lib"],"name":"cpufeatures","src_path":"/home/mdupont/.cargo/registry/src/index.crates.io-1949cf8c6b5b557f/cpufeatures-0.2.17/src/lib.rs","edition":"2018","doc":true,"doctest":true,"test":true},"profile":{"opt_level":"0","debuginfo":2,"debug_assertions":true,"overflow_checks":true,"test":false},"features":[],"filenames":["/mnt/data1/nix/vendor/rust/cargo2nix/target/debug/deps/libcpufeatures-241f523369765f8e.rlib","/mnt/data1/nix/vendor/rust/cargo2nix/target/debug/deps/libcpufeatures-241f523369765f8e.rmeta"],"executable":null,"fresh":true}
{"reason":"compiler-artifact","package_id":"path+file:///mnt/data1/nix/vendor/rust/cargo2nix/submodules/toml/crates/toml_writer#1.0.4","manifest_path":"/mnt/data1/nix/vendor/rust/cargo2nix/submodules/toml/crates/toml_writer/Cargo.toml","target":{"kind":["lib"],"crate_types":["lib"],"name":"toml_writer","src_path":"/mnt/data1/nix/vendor/rust/cargo2nix/submodules/toml/crates/toml_writer/src/lib.rs","edition":"2024","doc":true,"doctest":true,"test":true},"profile":{"opt_level":"0","debuginfo":2,"debug_assertions":true,"overflow_checks":true,"test":false},"features":["alloc","std"],"filenames":["/mnt/data1/nix/vendor/rust/cargo2nix/target/debug/deps/libtoml_writer-1ae6236c864ff744.rlib","/mnt/data1/nix/vendor/rust/cargo2nix/target/debug/deps/libtoml_writer-1ae6236c864ff744.rmeta"],"executable":null,"fresh":true}
{"reason":"compiler-artifact","package_id":"registry+https://github.com/rust-lang/crates.io-index#iana-time-zone@0.1.61","manifest_path":"/home/mdupont/.cargo/registry/src/index.crates.io-1949cf8c6b5b557f/iana-time-zone-0.1.61/Cargo.toml","target":{"kind":["lib"],"crate_types":["lib"],"name":"iana_time_zone","src_path":"/home/mdupont/.cargo/registry/src/index.crates.io-1949cf8c6b5b557f/iana-time-zone-0.1.61/src/lib.rs","edition":"2018","doc":true,"doctest":true,"test":true},"profile":{"opt_level":"0","debuginfo":2,"debug_assertions":true,"overflow_checks":true,"test":false},"features":["fallback"],"filenames":["/mnt/data1/nix/vendor/rust/cargo2nix/target/debug/deps/libiana_time_zone-2733d5ab2030ac87.rlib","/mnt/data1/nix/vendor/rust/cargo2nix/target/debug/deps/libiana_time_zone-2733d5ab2030ac87.rmeta"],"executable":null,"fresh":true}
{"reason":"compiler-artifact","package_id":"registry+https://github.com/rust-lang/crates.io-index#ryu@1.0.20","manifest_path":"/home/mdupont/.cargo/registry/src/index.crates.io-1949cf8c6b5b557f/ryu-1.0.20/Cargo.toml","target":{"kind":["lib"],"crate_types":["lib"],"name":"ryu","src_path":"/home/mdupont/.cargo/registry/src/index.crates.io-1949cf8c6b5b557f/ryu-1.0.20/src/lib.rs","edition":"2018","doc":true,"doctest":true,"test":true},"profile":{"opt_level":"0","debuginfo":2,"debug_assertions":true,"overflow_checks":true,"test":false},"features":[],"filenames":["/mnt/data1/nix/vendor/rust/cargo2nix/target/debug/deps/libryu-675674a647ff1eb1.rlib","/mnt/data1/nix/vendor/rust/cargo2nix/target/debug/deps/libryu-675674a647ff1eb1.rmeta"],"executable":null,"fresh":true}
{"reason":"compiler-artifact","package_id":"path+file:///mnt/data1/nix/vendor/rust/cargo2nix/submodules/fixedbitset#0.5.7","manifest_path":"/mnt/data1/nix/vendor/rust/cargo2nix/submodules/fixedbitset/Cargo.toml","target":{"kind":["lib"],"crate_types":["lib"],"name":"fixedbitset","src_path":"/mnt/data1/nix/vendor/rust/cargo2nix/submodules/fixedbitset/src/lib.rs","edition":"2021","doc":true,"doctest":true,"test":true},"profile":{"opt_level":"0","debuginfo":2,"debug_assertions":true,"overflow_checks":true,"test":false},"features":["default","std"],"filenames":["/mnt/data1/nix/vendor/rust/cargo2nix/target/debug/deps/libfixedbitset-e2fdc96ae70ac279.rlib","/mnt/data1/nix/vendor/rust/cargo2nix/target/debug/deps/libfixedbitset-e2fdc96ae70ac279.rmeta"],"executable":null,"fresh":true}
{"reason":"compiler-artifact","package_id":"path+file:///mnt/data1/nix/vendor/rust/cargo2nix/submodules/syn#2.0.110","manifest_path":"/mnt/data1/nix/vendor/rust/cargo2nix/submodules/syn/Cargo.toml","target":{"kind":["lib"],"crate_types":["lib"],"name":"syn","src_path":"/mnt/data1/nix/vendor/rust/cargo2nix/submodules/syn/src/lib.rs","edition":"2021","doc":true,"doctest":true,"test":true},"profile":{"opt_level":"0","debuginfo":2,"debug_assertions":true,"overflow_checks":true,"test":false},"features":["clone-impls","default","derive","full","parsing","printing","proc-macro","visit"],"filenames":["/mnt/data1/nix/vendor/rust/cargo2nix/target/debug/deps/libsyn-e5d9792e162d05d1.rlib","/mnt/data1/nix/vendor/rust/cargo2nix/target/debug/deps/libsyn-e5d9792e162d05d1.rmeta"],"executable":null,"fresh":true}
{"reason":"compiler-artifact","package_id":"path+file:///mnt/data1/nix/vendor/rust/cargo2nix/submodules/anyhow#1.0.100","manifest_path":"/mnt/data1/nix/vendor/rust/cargo2nix/submodules/anyhow/Cargo.toml","target":{"kind":["lib"],"crate_types":["lib"],"name":"anyhow","src_path":"/mnt/data1/nix/vendor/rust/cargo2nix/submodules/anyhow/src/lib.rs","edition":"2018","doc":true,"doctest":true,"test":true},"profile":{"opt_level":"0","debuginfo":2,"debug_assertions":true,"overflow_checks":true,"test":false},"features":["default","std"],"filenames":["/mnt/data1/nix/vendor/rust/cargo2nix/target/debug/deps/libanyhow-73f43dba72686b18.rlib","/mnt/data1/nix/vendor/rust/cargo2nix/target/debug/deps/libanyhow-73f43dba72686b18.rmeta"],"executable":null,"fresh":true}
{"reason":"compiler-artifact","package_id":"path+file:///mnt/data1/nix/vendor/rust/cargo2nix/submodules/rayon/rayon-core#1.13.0","manifest_path":"/mnt/data1/nix/vendor/rust/cargo2nix/submodules/rayon/rayon-core/Cargo.toml","target":{"kind":["lib"],"crate_types":["lib"],"name":"rayon_core","src_path":"/mnt/data1/nix/vendor/rust/cargo2nix/submodules/rayon/rayon-core/src/lib.rs","edition":"2024","doc":true,"doctest":true,"test":true},"profile":{"opt_level":"0","debuginfo":2,"debug_assertions":true,"overflow_checks":true,"test":false},"features":[],"filenames":["/mnt/data1/nix/vendor/rust/cargo2nix/target/debug/deps/librayon_core-e09e058607afedc1.rlib","/mnt/data1/nix/vendor/rust/cargo2nix/target/debug/deps/librayon_core-e09e058607afedc1.rmeta"],"executable":null,"fresh":true}
{"reason":"compiler-artifact","package_id":"path+file:///mnt/data1/nix/vendor/rust/cargo2nix/submodules/quickcheck#1.0.3","manifest_path":"/mnt/data1/nix/vendor/rust/cargo2nix/submodules/quickcheck/Cargo.toml","target":{"kind":["lib"],"crate_types":["lib"],"name":"quickcheck","src_path":"/mnt/data1/nix/vendor/rust/cargo2nix/submodules/quickcheck/src/lib.rs","edition":"2021","doc":true,"doctest":true,"test":true},"profile":{"opt_level":"0","debuginfo":2,"debug_assertions":true,"overflow_checks":true,"test":false},"features":["default","env_logger","log","regex","use_logging"],"filenames":["/mnt/data1/nix/vendor/rust/cargo2nix/target/debug/deps/libquickcheck-a86b1d721b4c8a3f.rlib","/mnt/data1/nix/vendor/rust/cargo2nix/target/debug/deps/libquickcheck-a86b1d721b4c8a3f.rmeta"],"executable":null,"fresh":true}
   Compiling clap v4.5.51 (/mnt/data1/nix/vendor/rust/cargo2nix/submodules/clap)
{"reason":"compiler-artifact","package_id":"path+file:///mnt/data1/nix/vendor/rust/cargo2nix/submodules/json#serde_json@1.0.145","manifest_path":"/mnt/data1/nix/vendor/rust/cargo2nix/submodules/json/Cargo.toml","target":{"kind":["lib"],"crate_types":["lib"],"name":"serde_json","src_path":"/mnt/data1/nix/vendor/rust/cargo2nix/submodules/json/src/lib.rs","edition":"2021","doc":true,"doctest":true,"test":true},"profile":{"opt_level":"0","debuginfo":2,"debug_assertions":true,"overflow_checks":true,"test":false},"features":["default","std"],"filenames":["/mnt/data1/nix/vendor/rust/cargo2nix/target/debug/deps/libserde_json-bc78d7e3d951467d.rlib","/mnt/data1/nix/vendor/rust/cargo2nix/target/debug/deps/libserde_json-bc78d7e3d951467d.rmeta"],"executable":null,"fresh":true}
{"reason":"compiler-artifact","package_id":"path+file:///mnt/data1/nix/vendor/rust/cargo2nix/submodules/toml/crates/toml#0.9.8","manifest_path":"/mnt/data1/nix/vendor/rust/cargo2nix/submodules/toml/crates/toml/Cargo.toml","target":{"kind":["lib"],"crate_types":["lib"],"name":"toml","src_path":"/mnt/data1/nix/vendor/rust/cargo2nix/submodules/toml/crates/toml/src/lib.rs","edition":"2024","doc":true,"doctest":true,"test":true},"profile":{"opt_level":"0","debuginfo":2,"debug_assertions":true,"overflow_checks":true,"test":false},"features":["default","display","parse","serde","std"],"filenames":["/mnt/data1/nix/vendor/rust/cargo2nix/target/debug/deps/libtoml-314b08245cf9ce2b.rlib","/mnt/data1/nix/vendor/rust/cargo2nix/target/debug/deps/libtoml-314b08245cf9ce2b.rmeta"],"executable":null,"fresh":true}
{"reason":"compiler-artifact","package_id":"path+file:///mnt/data1/nix/vendor/rust/cargo2nix/submodules/chrono#0.4.42","manifest_path":"/mnt/data1/nix/vendor/rust/cargo2nix/submodules/chrono/Cargo.toml","target":{"kind":["lib"],"crate_types":["lib"],"name":"chrono","src_path":"/mnt/data1/nix/vendor/rust/cargo2nix/submodules/chrono/src/lib.rs","edition":"2021","doc":true,"doctest":true,"test":true},"profile":{"opt_level":"0","debuginfo":2,"debug_assertions":true,"overflow_checks":true,"test":false},"features":["alloc","clock","default","iana-time-zone","js-sys","now","oldtime","std","wasm-bindgen","wasmbind","winapi","windows-link"],"filenames":["/mnt/data1/nix/vendor/rust/cargo2nix/target/debug/deps/libchrono-2718b72b2e26fe6e.rlib","/mnt/data1/nix/vendor/rust/cargo2nix/target/debug/deps/libchrono-2718b72b2e26fe6e.rmeta"],"executable":null,"fresh":true}
{"reason":"compiler-artifact","package_id":"path+file:///mnt/data1/nix/vendor/rust/cargo2nix/submodules/hashes/sha2#0.11.0-rc.3","manifest_path":"/mnt/data1/nix/vendor/rust/cargo2nix/submodules/hashes/sha2/Cargo.toml","target":{"kind":["lib"],"crate_types":["lib"],"name":"sha2","src_path":"/mnt/data1/nix/vendor/rust/cargo2nix/submodules/hashes/sha2/src/lib.rs","edition":"2024","doc":true,"doctest":true,"test":true},"profile":{"opt_level":"0","debuginfo":2,"debug_assertions":true,"overflow_checks":true,"test":false},"features":["alloc","default","oid"],"filenames":["/mnt/data1/nix/vendor/rust/cargo2nix/target/debug/deps/libsha2-f12be3e0455b2448.rlib","/mnt/data1/nix/vendor/rust/cargo2nix/target/debug/deps/libsha2-f12be3e0455b2448.rmeta"],"executable":null,"fresh":true}
{"reason":"compiler-artifact","package_id":"path+file:///mnt/data1/nix/vendor/rust/cargo2nix/submodules/walkdir#2.5.0","manifest_path":"/mnt/data1/nix/vendor/rust/cargo2nix/submodules/walkdir/Cargo.toml","target":{"kind":["lib"],"crate_types":["lib"],"name":"walkdir","src_path":"/mnt/data1/nix/vendor/rust/cargo2nix/submodules/walkdir/src/lib.rs","edition":"2018","doc":true,"doctest":true,"test":true},"profile":{"opt_level":"0","debuginfo":2,"debug_assertions":true,"overflow_checks":true,"test":false},"features":[],"filenames":["/mnt/data1/nix/vendor/rust/cargo2nix/target/debug/deps/libwalkdir-a3c9dd452e94886a.rlib","/mnt/data1/nix/vendor/rust/cargo2nix/target/debug/deps/libwalkdir-a3c9dd452e94886a.rmeta"],"executable":null,"fresh":true}
{"reason":"compiler-artifact","package_id":"path+file:///mnt/data1/nix/vendor/rust/cargo2nix/submodules/rayon#1.11.0","manifest_path":"/mnt/data1/nix/vendor/rust/cargo2nix/submodules/rayon/Cargo.toml","target":{"kind":["lib"],"crate_types":["lib"],"name":"rayon","src_path":"/mnt/data1/nix/vendor/rust/cargo2nix/submodules/rayon/src/lib.rs","edition":"2024","doc":true,"doctest":true,"test":true},"profile":{"opt_level":"0","debuginfo":2,"debug_assertions":true,"overflow_checks":true,"test":false},"features":[],"filenames":["/mnt/data1/nix/vendor/rust/cargo2nix/target/debug/deps/librayon-a14e8289db022f34.rlib","/mnt/data1/nix/vendor/rust/cargo2nix/target/debug/deps/librayon-a14e8289db022f34.rmeta"],"executable":null,"fresh":true}
{"reason":"compiler-message","package_id":"path+file:///mnt/data1/nix/vendor/rust/cargo2nix/submodules/indexmap#2.12.0","manifest_path":"/mnt/data1/nix/vendor/rust/cargo2nix/submodules/indexmap/Cargo.toml","target":{"kind":["lib"],"crate_types":["lib"],"name":"indexmap","src_path":"/mnt/data1/nix/vendor/rust/cargo2nix/submodules/indexmap/src/lib.rs","edition":"2021","doc":true,"doctest":true,"test":true},"message":{"rendered":"warning: unexpected `cfg` condition value: `borsh`\n   --> submodules/indexmap/src/lib.rs:111:7\n    |\n111 | #[cfg(feature = \"borsh\")]\n    |       ^^^^^^^^^^^^^^^^^\n    |\n    = note: expected values for `feature` are: `default`, `serde`, `std`, and `test_debug`\n    = help: consider adding `borsh` as a feature in `Cargo.toml`\n    = note: see <https://doc.rust-lang.org/nightly/rustc/check-cfg/cargo-specifics.html> for more information about checking conditional configuration\n    = note: `#[warn(unexpected_cfgs)]` on by default\n\n","$message_type":"diagnostic","children":[{"children":[],"code":null,"level":"note","message":"expected values for `feature` are: `default`, `serde`, `std`, and `test_debug`","rendered":null,"spans":[]},{"children":[],"code":null,"level":"help","message":"consider adding `borsh` as a feature in `Cargo.toml`","rendered":null,"spans":[]},{"children":[],"code":null,"level":"note","message":"see <https://doc.rust-lang.org/nightly/rustc/check-cfg/cargo-specifics.html> for more information about checking conditional configuration","rendered":null,"spans":[]},{"children":[],"code":null,"level":"note","message":"`#[warn(unexpected_cfgs)]` on by default","rendered":null,"spans":[]}],"code":{"code":"unexpected_cfgs","explanation":null},"level":"warning","message":"unexpected `cfg` condition value: `borsh`","spans":[{"byte_end":4652,"byte_start":4635,"column_end":24,"column_start":7,"expansion":null,"file_name":"submodules/indexmap/src/lib.rs","is_primary":true,"label":null,"line_end":111,"line_start":111,"suggested_replacement":null,"suggestion_applicability":null,"text":[{"highlight_end":24,"highlight_start":7,"text":"#[cfg(feature = \"borsh\")]"}]}]}}
{"reason":"compiler-message","package_id":"path+file:///mnt/data1/nix/vendor/rust/cargo2nix/submodules/indexmap#2.12.0","manifest_path":"/mnt/data1/nix/vendor/rust/cargo2nix/submodules/indexmap/Cargo.toml","target":{"kind":["lib"],"crate_types":["lib"],"name":"indexmap","src_path":"/mnt/data1/nix/vendor/rust/cargo2nix/submodules/indexmap/src/lib.rs","edition":"2021","doc":true,"doctest":true,"test":true},"message":{"rendered":"warning: unexpected `cfg` condition value: `sval`\n   --> submodules/indexmap/src/lib.rs:115:7\n    |\n115 | #[cfg(feature = \"sval\")]\n    |       ^^^^^^^^^^^^^^^^\n    |\n    = note: expected values for `feature` are: `default`, `serde`, `std`, and `test_debug`\n    = help: consider adding `sval` as a feature in `Cargo.toml`\n    = note: see <https://doc.rust-lang.org/nightly/rustc/check-cfg/cargo-specifics.html> for more information about checking conditional configuration\n\n","$message_type":"diagnostic","children":[{"children":[],"code":null,"level":"note","message":"expected values for `feature` are: `default`, `serde`, `std`, and `test_debug`","rendered":null,"spans":[]},{"children":[],"code":null,"level":"help","message":"consider adding `sval` as a feature in `Cargo.toml`","rendered":null,"spans":[]},{"children":[],"code":null,"level":"note","message":"see <https://doc.rust-lang.org/nightly/rustc/check-cfg/cargo-specifics.html> for more information about checking conditional configuration","rendered":null,"spans":[]}],"code":{"code":"unexpected_cfgs","explanation":null},"level":"warning","message":"unexpected `cfg` condition value: `sval`","spans":[{"byte_end":4725,"byte_start":4709,"column_end":23,"column_start":7,"expansion":null,"file_name":"submodules/indexmap/src/lib.rs","is_primary":true,"label":null,"line_end":115,"line_start":115,"suggested_replacement":null,"suggestion_applicability":null,"text":[{"highlight_end":23,"highlight_start":7,"text":"#[cfg(feature = \"sval\")]"}]}]}}
{"reason":"compiler-message","package_id":"path+file:///mnt/data1/nix/vendor/rust/cargo2nix/submodules/indexmap#2.12.0","manifest_path":"/mnt/data1/nix/vendor/rust/cargo2nix/submodules/indexmap/Cargo.toml","target":{"kind":["lib"],"crate_types":["lib"],"name":"indexmap","src_path":"/mnt/data1/nix/vendor/rust/cargo2nix/submodules/indexmap/src/lib.rs","edition":"2021","doc":true,"doctest":true,"test":true},"message":{"rendered":"warning: unexpected `cfg` condition value: `rayon`\n   --> submodules/indexmap/src/lib.rs:124:7\n    |\n124 | #[cfg(feature = \"rayon\")]\n    |       ^^^^^^^^^^^^^^^^^\n    |\n    = note: expected values for `feature` are: `default`, `serde`, `std`, and `test_debug`\n    = help: consider adding `rayon` as a feature in `Cargo.toml`\n    = note: see <https://doc.rust-lang.org/nightly/rustc/check-cfg/cargo-specifics.html> for more information about checking conditional configuration\n\n","$message_type":"diagnostic","children":[{"children":[],"code":null,"level":"note","message":"expected values for `feature` are: `default`, `serde`, `std`, and `test_debug`","rendered":null,"spans":[]},{"children":[],"code":null,"level":"help","message":"consider adding `rayon` as a feature in `Cargo.toml`","rendered":null,"spans":[]},{"children":[],"code":null,"level":"note","message":"see <https://doc.rust-lang.org/nightly/rustc/check-cfg/cargo-specifics.html> for more information about checking conditional configuration","rendered":null,"spans":[]}],"code":{"code":"unexpected_cfgs","explanation":null},"level":"warning","message":"unexpected `cfg` condition value: `rayon`","spans":[{"byte_end":4913,"byte_start":4896,"column_end":24,"column_start":7,"expansion":null,"file_name":"submodules/indexmap/src/lib.rs","is_primary":true,"label":null,"line_end":124,"line_start":124,"suggested_replacement":null,"suggestion_applicability":null,"text":[{"highlight_end":24,"highlight_start":7,"text":"#[cfg(feature = \"rayon\")]"}]}]}}
{"reason":"compiler-message","package_id":"path+file:///mnt/data1/nix/vendor/rust/cargo2nix/submodules/indexmap#2.12.0","manifest_path":"/mnt/data1/nix/vendor/rust/cargo2nix/submodules/indexmap/Cargo.toml","target":{"kind":["lib"],"crate_types":["lib"],"name":"indexmap","src_path":"/mnt/data1/nix/vendor/rust/cargo2nix/submodules/indexmap/src/lib.rs","edition":"2021","doc":true,"doctest":true,"test":true},"message":{"rendered":"warning: unexpected `cfg` condition value: `arbitrary`\n --> submodules/indexmap/src/arbitrary.rs:1:7\n  |\n1 | #[cfg(feature = \"arbitrary\")]\n  |       ^^^^^^^^^^^^^^^^^^^^^\n  |\n  = note: expected values for `feature` are: `default`, `serde`, `std`, and `test_debug`\n  = help: consider adding `arbitrary` as a feature in `Cargo.toml`\n  = note: see <https://doc.rust-lang.org/nightly/rustc/check-cfg/cargo-specifics.html> for more information about checking conditional configuration\n\n","$message_type":"diagnostic","children":[{"children":[],"code":null,"level":"note","message":"expected values for `feature` are: `default`, `serde`, `std`, and `test_debug`","rendered":null,"spans":[]},{"children":[],"code":null,"level":"help","message":"consider adding `arbitrary` as a feature in `Cargo.toml`","rendered":null,"spans":[]},{"children":[],"code":null,"level":"note","message":"see <https://doc.rust-lang.org/nightly/rustc/check-cfg/cargo-specifics.html> for more information about checking conditional configuration","rendered":null,"spans":[]}],"code":{"code":"unexpected_cfgs","explanation":null},"level":"warning","message":"unexpected `cfg` condition value: `arbitrary`","spans":[{"byte_end":27,"byte_start":6,"column_end":28,"column_start":7,"expansion":null,"file_name":"submodules/indexmap/src/arbitrary.rs","is_primary":true,"label":null,"line_end":1,"line_start":1,"suggested_replacement":null,"suggestion_applicability":null,"text":[{"highlight_end":28,"highlight_start":7,"text":"#[cfg(feature = \"arbitrary\")]"}]}]}}
{"reason":"compiler-message","package_id":"path+file:///mnt/data1/nix/vendor/rust/cargo2nix/submodules/indexmap#2.12.0","manifest_path":"/mnt/data1/nix/vendor/rust/cargo2nix/submodules/indexmap/Cargo.toml","target":{"kind":["lib"],"crate_types":["lib"],"name":"indexmap","src_path":"/mnt/data1/nix/vendor/rust/cargo2nix/submodules/indexmap/src/lib.rs","edition":"2021","doc":true,"doctest":true,"test":true},"message":{"rendered":"warning: unexpected `cfg` condition value: `quickcheck`\n  --> submodules/indexmap/src/arbitrary.rs:38:7\n   |\n38 | #[cfg(feature = \"quickcheck\")]\n   |       ^^^^^^^^^^^^^^^^^^^^^^\n   |\n   = note: expected values for `feature` are: `default`, `serde`, `std`, and `test_debug`\n   = help: consider adding `quickcheck` as a feature in `Cargo.toml`\n   = note: see <https://doc.rust-lang.org/nightly/rustc/check-cfg/cargo-specifics.html> for more information about checking conditional configuration\n\n","$message_type":"diagnostic","children":[{"children":[],"code":null,"level":"note","message":"expected values for `feature` are: `default`, `serde`, `std`, and `test_debug`","rendered":null,"spans":[]},{"children":[],"code":null,"level":"help","message":"consider adding `quickcheck` as a feature in `Cargo.toml`","rendered":null,"spans":[]},{"children":[],"code":null,"level":"note","message":"see <https://doc.rust-lang.org/nightly/rustc/check-cfg/cargo-specifics.html> for more information about checking conditional configuration","rendered":null,"spans":[]}],"code":{"code":"unexpected_cfgs","explanation":null},"level":"warning","message":"unexpected `cfg` condition value: `quickcheck`","spans":[{"byte_end":1093,"byte_start":1071,"column_end":29,"column_start":7,"expansion":null,"file_name":"submodules/indexmap/src/arbitrary.rs","is_primary":true,"label":null,"line_end":38,"line_start":38,"suggested_replacement":null,"suggestion_applicability":null,"text":[{"highlight_end":29,"highlight_start":7,"text":"#[cfg(feature = \"quickcheck\")]"}]}]}}
{"reason":"compiler-message","package_id":"path+file:///mnt/data1/nix/vendor/rust/cargo2nix/submodules/indexmap#2.12.0","manifest_path":"/mnt/data1/nix/vendor/rust/cargo2nix/submodules/indexmap/Cargo.toml","target":{"kind":["lib"],"crate_types":["lib"],"name":"indexmap","src_path":"/mnt/data1/nix/vendor/rust/cargo2nix/submodules/indexmap/src/lib.rs","edition":"2021","doc":true,"doctest":true,"test":true},"message":{"rendered":"warning: unexpected `cfg` condition value: `rayon`\n   --> submodules/indexmap/src/macros.rs:202:7\n    |\n202 | #[cfg(feature = \"rayon\")]\n    |       ^^^^^^^^^^^^^^^^^\n    |\n    = note: expected values for `feature` are: `default`, `serde`, `std`, and `test_debug`\n    = help: consider adding `rayon` as a feature in `Cargo.toml`\n    = note: see <https://doc.rust-lang.org/nightly/rustc/check-cfg/cargo-specifics.html> for more information about checking conditional configuration\n\n","$message_type":"diagnostic","children":[{"children":[],"code":null,"level":"note","message":"expected values for `feature` are: `default`, `serde`, `std`, and `test_debug`","rendered":null,"spans":[]},{"children":[],"code":null,"level":"help","message":"consider adding `rayon` as a feature in `Cargo.toml`","rendered":null,"spans":[]},{"children":[],"code":null,"level":"note","message":"see <https://doc.rust-lang.org/nightly/rustc/check-cfg/cargo-specifics.html> for more information about checking conditional configuration","rendered":null,"spans":[]}],"code":{"code":"unexpected_cfgs","explanation":null},"level":"warning","message":"unexpected `cfg` condition value: `rayon`","spans":[{"byte_end":6017,"byte_start":6000,"column_end":24,"column_start":7,"expansion":null,"file_name":"submodules/indexmap/src/macros.rs","is_primary":true,"label":null,"line_end":202,"line_start":202,"suggested_replacement":null,"suggestion_applicability":null,"text":[{"highlight_end":24,"highlight_start":7,"text":"#[cfg(feature = \"rayon\")]"}]}]}}
{"reason":"compiler-message","package_id":"path+file:///mnt/data1/nix/vendor/rust/cargo2nix/submodules/indexmap#2.12.0","manifest_path":"/mnt/data1/nix/vendor/rust/cargo2nix/submodules/indexmap/Cargo.toml","target":{"kind":["lib"],"crate_types":["lib"],"name":"indexmap","src_path":"/mnt/data1/nix/vendor/rust/cargo2nix/submodules/indexmap/src/lib.rs","edition":"2021","doc":true,"doctest":true,"test":true},"message":{"rendered":"warning: unexpected `cfg` condition value: `rayon`\n   --> submodules/indexmap/src/macros.rs:227:7\n    |\n227 | #[cfg(feature = \"rayon\")]\n    |       ^^^^^^^^^^^^^^^^^\n    |\n    = note: expected values for `feature` are: `default`, `serde`, `std`, and `test_debug`\n    = help: consider adding `rayon` as a feature in `Cargo.toml`\n    = note: see <https://doc.rust-lang.org/nightly/rustc/check-cfg/cargo-specifics.html> for more information about checking conditional configuration\n\n","$message_type":"diagnostic","children":[{"children":[],"code":null,"level":"note","message":"expected values for `feature` are: `default`, `serde`, `std`, and `test_debug`","rendered":null,"spans":[]},{"children":[],"code":null,"level":"help","message":"consider adding `rayon` as a feature in `Cargo.toml`","rendered":null,"spans":[]},{"children":[],"code":null,"level":"note","message":"see <https://doc.rust-lang.org/nightly/rustc/check-cfg/cargo-specifics.html> for more information about checking conditional configuration","rendered":null,"spans":[]}],"code":{"code":"unexpected_cfgs","explanation":null},"level":"warning","message":"unexpected `cfg` condition value: `rayon`","spans":[{"byte_end":6919,"byte_start":6902,"column_end":24,"column_start":7,"expansion":null,"file_name":"submodules/indexmap/src/macros.rs","is_primary":true,"label":null,"line_end":227,"line_start":227,"suggested_replacement":null,"suggestion_applicability":null,"text":[{"highlight_end":24,"highlight_start":7,"text":"#[cfg(feature = \"rayon\")]"}]}]}}
{"reason":"compiler-message","package_id":"path+file:///mnt/data1/nix/vendor/rust/cargo2nix/submodules/indexmap#2.12.0","manifest_path":"/mnt/data1/nix/vendor/rust/cargo2nix/submodules/indexmap/Cargo.toml","target":{"kind":["lib"],"crate_types":["lib"],"name":"indexmap","src_path":"/mnt/data1/nix/vendor/rust/cargo2nix/submodules/indexmap/src/lib.rs","edition":"2021","doc":true,"doctest":true,"test":true},"message":{"rendered":"warning: unexpected `cfg` condition value: `rayon`\n  --> submodules/indexmap/src/map.rs:26:7\n   |\n26 | #[cfg(feature = \"rayon\")]\n   |       ^^^^^^^^^^^^^^^^^\n   |\n   = note: expected values for `feature` are: `default`, `serde`, `std`, and `test_debug`\n   = help: consider adding `rayon` as a feature in `Cargo.toml`\n   = note: see <https://doc.rust-lang.org/nightly/rustc/check-cfg/cargo-specifics.html> for more information about checking conditional configuration\n\n","$message_type":"diagnostic","children":[{"children":[],"code":null,"level":"note","message":"expected values for `feature` are: `default`, `serde`, `std`, and `test_debug`","rendered":null,"spans":[]},{"children":[],"code":null,"level":"help","message":"consider adding `rayon` as a feature in `Cargo.toml`","rendered":null,"spans":[]},{"children":[],"code":null,"level":"note","message":"see <https://doc.rust-lang.org/nightly/rustc/check-cfg/cargo-specifics.html> for more information about checking conditional configuration","rendered":null,"spans":[]}],"code":{"code":"unexpected_cfgs","explanation":null},"level":"warning","message":"unexpected `cfg` condition value: `rayon`","spans":[{"byte_end":696,"byte_start":679,"column_end":24,"column_start":7,"expansion":null,"file_name":"submodules/indexmap/src/map.rs","is_primary":true,"label":null,"line_end":26,"line_start":26,"suggested_replacement":null,"suggestion_applicability":null,"text":[{"highlight_end":24,"highlight_start":7,"text":"#[cfg(feature = \"rayon\")]"}]}]}}
{"reason":"compiler-message","package_id":"path+file:///mnt/data1/nix/vendor/rust/cargo2nix/submodules/indexmap#2.12.0","manifest_path":"/mnt/data1/nix/vendor/rust/cargo2nix/submodules/indexmap/Cargo.toml","target":{"kind":["lib"],"crate_types":["lib"],"name":"indexmap","src_path":"/mnt/data1/nix/vendor/rust/cargo2nix/submodules/indexmap/src/lib.rs","edition":"2021","doc":true,"doctest":true,"test":true},"message":{"rendered":"warning: unexpected `cfg` condition value: `rayon`\n   --> submodules/indexmap/src/map/core.rs:193:11\n    |\n193 |     #[cfg(feature = \"rayon\")]\n    |           ^^^^^^^^^^^^^^^^^\n    |\n    = note: expected values for `feature` are: `default`, `serde`, `std`, and `test_debug`\n    = help: consider adding `rayon` as a feature in `Cargo.toml`\n    = note: see <https://doc.rust-lang.org/nightly/rustc/check-cfg/cargo-specifics.html> for more information about checking conditional configuration\n\n","$message_type":"diagnostic","children":[{"children":[],"code":null,"level":"note","message":"expected values for `feature` are: `default`, `serde`, `std`, and `test_debug`","rendered":null,"spans":[]},{"children":[],"code":null,"level":"help","message":"consider adding `rayon` as a feature in `Cargo.toml`","rendered":null,"spans":[]},{"children":[],"code":null,"level":"note","message":"see <https://doc.rust-lang.org/nightly/rustc/check-cfg/cargo-specifics.html> for more information about checking conditional configuration","rendered":null,"spans":[]}],"code":{"code":"unexpected_cfgs","explanation":null},"level":"warning","message":"unexpected `cfg` condition value: `rayon`","spans":[{"byte_end":5539,"byte_start":5522,"column_end":28,"column_start":11,"expansion":null,"file_name":"submodules/indexmap/src/map/core.rs","is_primary":true,"label":null,"line_end":193,"line_start":193,"suggested_replacement":null,"suggestion_applicability":null,"text":[{"highlight_end":28,"highlight_start":11,"text":"    #[cfg(feature = \"rayon\")]"}]}]}}
{"reason":"compiler-message","package_id":"path+file:///mnt/data1/nix/vendor/rust/cargo2nix/submodules/indexmap#2.12.0","manifest_path":"/mnt/data1/nix/vendor/rust/cargo2nix/submodules/indexmap/Cargo.toml","target":{"kind":["lib"],"crate_types":["lib"],"name":"indexmap","src_path":"/mnt/data1/nix/vendor/rust/cargo2nix/submodules/indexmap/src/lib.rs","edition":"2021","doc":true,"doctest":true,"test":true},"message":{"rendered":"warning: unexpected `cfg` condition value: `rayon`\n  --> submodules/indexmap/src/set.rs:16:7\n   |\n16 | #[cfg(feature = \"rayon\")]\n   |       ^^^^^^^^^^^^^^^^^\n   |\n   = note: expected values for `feature` are: `default`, `serde`, `std`, and `test_debug`\n   = help: consider adding `rayon` as a feature in `Cargo.toml`\n   = note: see <https://doc.rust-lang.org/nightly/rustc/check-cfg/cargo-specifics.html> for more information about checking conditional configuration\n\n","$message_type":"diagnostic","children":[{"children":[],"code":null,"level":"note","message":"expected values for `feature` are: `default`, `serde`, `std`, and `test_debug`","rendered":null,"spans":[]},{"children":[],"code":null,"level":"help","message":"consider adding `rayon` as a feature in `Cargo.toml`","rendered":null,"spans":[]},{"children":[],"code":null,"level":"note","message":"see <https://doc.rust-lang.org/nightly/rustc/check-cfg/cargo-specifics.html> for more information about checking conditional configuration","rendered":null,"spans":[]}],"code":{"code":"unexpected_cfgs","explanation":null},"level":"warning","message":"unexpected `cfg` condition value: `rayon`","spans":[{"byte_end":322,"byte_start":305,"column_end":24,"column_start":7,"expansion":null,"file_name":"submodules/indexmap/src/set.rs","is_primary":true,"label":null,"line_end":16,"line_start":16,"suggested_replacement":null,"suggestion_applicability":null,"text":[{"highlight_end":24,"highlight_start":7,"text":"#[cfg(feature = \"rayon\")]"}]}]}}
{"reason":"compiler-message","package_id":"path+file:///mnt/data1/nix/vendor/rust/cargo2nix/submodules/indexmap#2.12.0","manifest_path":"/mnt/data1/nix/vendor/rust/cargo2nix/submodules/indexmap/Cargo.toml","target":{"kind":["lib"],"crate_types":["lib"],"name":"indexmap","src_path":"/mnt/data1/nix/vendor/rust/cargo2nix/submodules/indexmap/src/lib.rs","edition":"2021","doc":true,"doctest":true,"test":true},"message":{"rendered":"warning: use of deprecated method `hashbrown::HashTable::<T, A>::get_many_mut`: use `get_disjoint_mut` instead\n   --> submodules/indexmap/src/map/core.rs:744:28\n    |\n744 |         match self.indices.get_many_mut(\n    |                            ^^^^^^^^^^^^\n    |\n    = note: `#[warn(deprecated)]` on by default\n\n","$message_type":"diagnostic","children":[{"children":[],"code":null,"level":"note","message":"`#[warn(deprecated)]` on by default","rendered":null,"spans":[]}],"code":{"code":"deprecated","explanation":null},"level":"warning","message":"use of deprecated method `hashbrown::HashTable::<T, A>::get_many_mut`: use `get_disjoint_mut` instead","spans":[{"byte_end":26821,"byte_start":26809,"column_end":40,"column_start":28,"expansion":null,"file_name":"submodules/indexmap/src/map/core.rs","is_primary":true,"label":null,"line_end":744,"line_start":744,"suggested_replacement":null,"suggestion_applicability":null,"text":[{"highlight_end":40,"highlight_start":28,"text":"        match self.indices.get_many_mut("}]}]}}
{"reason":"compiler-artifact","package_id":"path+file:///mnt/data1/nix/vendor/rust/cargo2nix/submodules/indexmap#2.12.0","manifest_path":"/mnt/data1/nix/vendor/rust/cargo2nix/submodules/indexmap/Cargo.toml","target":{"kind":["lib"],"crate_types":["lib"],"name":"indexmap","src_path":"/mnt/data1/nix/vendor/rust/cargo2nix/submodules/indexmap/src/lib.rs","edition":"2021","doc":true,"doctest":true,"test":true},"profile":{"opt_level":"0","debuginfo":2,"debug_assertions":true,"overflow_checks":true,"test":false},"features":["default","std"],"filenames":["/mnt/data1/nix/vendor/rust/cargo2nix/target/debug/deps/libindexmap-50b8020f0ec435b9.rlib","/mnt/data1/nix/vendor/rust/cargo2nix/target/debug/deps/libindexmap-50b8020f0ec435b9.rmeta"],"executable":null,"fresh":true}
{"reason":"build-script-executed","package_id":"registry+https://github.com/rust-lang/crates.io-index#bindgen@0.72.1","linked_libs":[],"linked_paths":[],"cfgs":[],"env":[],"out_dir":"/mnt/data1/nix/vendor/rust/cargo2nix/target/debug/build/bindgen-49712fa5a5d43879/out"}
{"reason":"compiler-artifact","package_id":"registry+https://github.com/rust-lang/crates.io-index#clang-sys@1.8.1","manifest_path":"/home/mdupont/.cargo/registry/src/index.crates.io-1949cf8c6b5b557f/clang-sys-1.8.1/Cargo.toml","target":{"kind":["lib"],"crate_types":["lib"],"name":"clang_sys","src_path":"/home/mdupont/.cargo/registry/src/index.crates.io-1949cf8c6b5b557f/clang-sys-1.8.1/src/lib.rs","edition":"2021","doc":true,"doctest":true,"test":true},"profile":{"opt_level":"0","debuginfo":0,"debug_assertions":true,"overflow_checks":true,"test":false},"features":["clang_10_0","clang_11_0","clang_3_5","clang_3_6","clang_3_7","clang_3_8","clang_3_9","clang_4_0","clang_5_0","clang_6_0","clang_7_0","clang_8_0","clang_9_0"],"filenames":["/mnt/data1/nix/vendor/rust/cargo2nix/target/debug/deps/libclang_sys-7a0b90b062963b80.rlib","/mnt/data1/nix/vendor/rust/cargo2nix/target/debug/deps/libclang_sys-7a0b90b062963b80.rmeta"],"executable":null,"fresh":false}
{"reason":"compiler-artifact","package_id":"path+file:///mnt/data1/nix/vendor/rust/cargo2nix/submodules/clap#4.5.51","manifest_path":"/mnt/data1/nix/vendor/rust/cargo2nix/submodules/clap/Cargo.toml","target":{"kind":["lib"],"crate_types":["lib"],"name":"clap","src_path":"/mnt/data1/nix/vendor/rust/cargo2nix/submodules/clap/src/lib.rs","edition":"2024","doc":true,"doctest":true,"test":true},"profile":{"opt_level":"0","debuginfo":2,"debug_assertions":true,"overflow_checks":true,"test":false},"features":["color","default","error-context","help","std","suggestions","usage"],"filenames":["/mnt/data1/nix/vendor/rust/cargo2nix/target/debug/deps/libclap-2a7b0cdd0e2b7984.rlib","/mnt/data1/nix/vendor/rust/cargo2nix/target/debug/deps/libclap-2a7b0cdd0e2b7984.rmeta"],"executable":null,"fresh":false}
{"reason":"compiler-artifact","package_id":"registry+https://github.com/rust-lang/crates.io-index#cexpr@0.6.0","manifest_path":"/home/mdupont/.cargo/registry/src/index.crates.io-1949cf8c6b5b557f/cexpr-0.6.0/Cargo.toml","target":{"kind":["lib"],"crate_types":["lib"],"name":"cexpr","src_path":"/home/mdupont/.cargo/registry/src/index.crates.io-1949cf8c6b5b557f/cexpr-0.6.0/src/lib.rs","edition":"2018","doc":true,"doctest":true,"test":true},"profile":{"opt_level":"0","debuginfo":0,"debug_assertions":true,"overflow_checks":true,"test":false},"features":[],"filenames":["/mnt/data1/nix/vendor/rust/cargo2nix/target/debug/deps/libcexpr-4c12652c860a869a.rlib","/mnt/data1/nix/vendor/rust/cargo2nix/target/debug/deps/libcexpr-4c12652c860a869a.rmeta"],"executable":null,"fresh":false}
{"reason":"compiler-artifact","package_id":"registry+https://github.com/rust-lang/crates.io-index#lz4-sys@1.11.1+lz4-1.10.0","manifest_path":"/home/mdupont/.cargo/registry/src/index.crates.io-1949cf8c6b5b557f/lz4-sys-1.11.1+lz4-1.10.0/Cargo.toml","target":{"kind":["custom-build"],"crate_types":["bin"],"name":"build-script-build","src_path":"/home/mdupont/.cargo/registry/src/index.crates.io-1949cf8c6b5b557f/lz4-sys-1.11.1+lz4-1.10.0/build.rs","edition":"2015","doc":false,"doctest":false,"test":false},"profile":{"opt_level":"0","debuginfo":0,"debug_assertions":true,"overflow_checks":true,"test":false},"features":[],"filenames":["/mnt/data1/nix/vendor/rust/cargo2nix/target/debug/build/lz4-sys-8ebafcec6a4d70de/build-script-build"],"executable":null,"fresh":false}
{"reason":"compiler-artifact","package_id":"registry+https://github.com/rust-lang/crates.io-index#libz-sys@1.1.23","manifest_path":"/home/mdupont/.cargo/registry/src/index.crates.io-1949cf8c6b5b557f/libz-sys-1.1.23/Cargo.toml","target":{"kind":["custom-build"],"crate_types":["bin"],"name":"build-script-build","src_path":"/home/mdupont/.cargo/registry/src/index.crates.io-1949cf8c6b5b557f/libz-sys-1.1.23/build.rs","edition":"2018","doc":false,"doctest":false,"test":false},"profile":{"opt_level":"0","debuginfo":0,"debug_assertions":true,"overflow_checks":true,"test":false},"features":["static"],"filenames":["/mnt/data1/nix/vendor/rust/cargo2nix/target/debug/build/libz-sys-82705b9ef00c3055/build-script-build"],"executable":null,"fresh":false}
{"reason":"compiler-artifact","package_id":"registry+https://github.com/rust-lang/crates.io-index#bzip2-sys@0.1.13+1.0.8","manifest_path":"/home/mdupont/.cargo/registry/src/index.crates.io-1949cf8c6b5b557f/bzip2-sys-0.1.13+1.0.8/Cargo.toml","target":{"kind":["custom-build"],"crate_types":["bin"],"name":"build-script-build","src_path":"/home/mdupont/.cargo/registry/src/index.crates.io-1949cf8c6b5b557f/bzip2-sys-0.1.13+1.0.8/build.rs","edition":"2015","doc":false,"doctest":false,"test":false},"profile":{"opt_level":"0","debuginfo":0,"debug_assertions":true,"overflow_checks":true,"test":false},"features":["static"],"filenames":["/mnt/data1/nix/vendor/rust/cargo2nix/target/debug/build/bzip2-sys-bd495dbc8858b192/build-script-build"],"executable":null,"fresh":false}
{"reason":"compiler-artifact","package_id":"registry+https://github.com/rust-lang/crates.io-index#zstd-sys@2.0.16+zstd.1.5.7","manifest_path":"/home/mdupont/.cargo/registry/src/index.crates.io-1949cf8c6b5b557f/zstd-sys-2.0.16+zstd.1.5.7/Cargo.toml","target":{"kind":["custom-build"],"crate_types":["bin"],"name":"build-script-build","src_path":"/home/mdupont/.cargo/registry/src/index.crates.io-1949cf8c6b5b557f/zstd-sys-2.0.16+zstd.1.5.7/build.rs","edition":"2018","doc":false,"doctest":false,"test":false},"profile":{"opt_level":"0","debuginfo":0,"debug_assertions":true,"overflow_checks":true,"test":false},"features":["legacy","zdict_builder"],"filenames":["/mnt/data1/nix/vendor/rust/cargo2nix/target/debug/build/zstd-sys-a065561d60db8bff/build-script-build"],"executable":null,"fresh":false}
{"reason":"compiler-artifact","package_id":"registry+https://github.com/rust-lang/crates.io-index#thiserror-impl@2.0.17","manifest_path":"/home/mdupont/.cargo/registry/src/index.crates.io-1949cf8c6b5b557f/thiserror-impl-2.0.17/Cargo.toml","target":{"kind":["proc-macro"],"crate_types":["proc-macro"],"name":"thiserror_impl","src_path":"/home/mdupont/.cargo/registry/src/index.crates.io-1949cf8c6b5b557f/thiserror-impl-2.0.17/src/lib.rs","edition":"2021","doc":true,"doctest":true,"test":true},"profile":{"opt_level":"0","debuginfo":0,"debug_assertions":true,"overflow_checks":true,"test":false},"features":[],"filenames":["/mnt/data1/nix/vendor/rust/cargo2nix/target/debug/deps/libthiserror_impl-2732b1cbbe71d5ef.so"],"executable":null,"fresh":false}
   Compiling thiserror v2.0.17
{"reason":"compiler-artifact","package_id":"path+file:///mnt/data1/nix/vendor/rust/cargo2nix/submodules/serde/serde_derive#1.0.228","manifest_path":"/mnt/data1/nix/vendor/rust/cargo2nix/submodules/serde/serde_derive/Cargo.toml","target":{"kind":["proc-macro"],"crate_types":["proc-macro"],"name":"serde_derive","src_path":"/mnt/data1/nix/vendor/rust/cargo2nix/submodules/serde/serde_derive/src/lib.rs","edition":"2021","doc":true,"doctest":true,"test":true},"profile":{"opt_level":"0","debuginfo":0,"debug_assertions":true,"overflow_checks":true,"test":false},"features":["default"],"filenames":["/mnt/data1/nix/vendor/rust/cargo2nix/target/debug/deps/libserde_derive-08682ba0f1ab7100.so"],"executable":null,"fresh":false}
   Compiling serde v1.0.228 (/mnt/data1/nix/vendor/rust/cargo2nix/submodules/serde/serde)
   Compiling pest v2.7.15
{"reason":"compiler-artifact","package_id":"registry+https://github.com/rust-lang/crates.io-index#thiserror@2.0.17","manifest_path":"/home/mdupont/.cargo/registry/src/index.crates.io-1949cf8c6b5b557f/thiserror-2.0.17/Cargo.toml","target":{"kind":["lib"],"crate_types":["lib"],"name":"thiserror","src_path":"/home/mdupont/.cargo/registry/src/index.crates.io-1949cf8c6b5b557f/thiserror-2.0.17/src/lib.rs","edition":"2021","doc":true,"doctest":true,"test":true},"profile":{"opt_level":"0","debuginfo":2,"debug_assertions":true,"overflow_checks":true,"test":false},"features":["default","std"],"filenames":["/mnt/data1/nix/vendor/rust/cargo2nix/target/debug/deps/libthiserror-4ce55545b454341b.rlib","/mnt/data1/nix/vendor/rust/cargo2nix/target/debug/deps/libthiserror-4ce55545b454341b.rmeta"],"executable":null,"fresh":false}
{"reason":"compiler-artifact","package_id":"path+file:///mnt/data1/nix/vendor/rust/cargo2nix/submodules/serde/serde#1.0.228","manifest_path":"/mnt/data1/nix/vendor/rust/cargo2nix/submodules/serde/serde/Cargo.toml","target":{"kind":["lib"],"crate_types":["lib"],"name":"serde","src_path":"/mnt/data1/nix/vendor/rust/cargo2nix/submodules/serde/serde/src/lib.rs","edition":"2021","doc":true,"doctest":true,"test":true},"profile":{"opt_level":"0","debuginfo":2,"debug_assertions":true,"overflow_checks":true,"test":false},"features":["default","derive","serde_derive","std"],"filenames":["/mnt/data1/nix/vendor/rust/cargo2nix/target/debug/deps/libserde-6132be7467cf8797.rlib","/mnt/data1/nix/vendor/rust/cargo2nix/target/debug/deps/libserde-6132be7467cf8797.rmeta"],"executable":null,"fresh":false}
   Compiling pest_meta v2.7.15
{"reason":"compiler-artifact","package_id":"registry+https://github.com/rust-lang/crates.io-index#pest@2.7.15","manifest_path":"/home/mdupont/.cargo/registry/src/index.crates.io-1949cf8c6b5b557f/pest-2.7.15/Cargo.toml","target":{"kind":["lib"],"crate_types":["lib"],"name":"pest","src_path":"/home/mdupont/.cargo/registry/src/index.crates.io-1949cf8c6b5b557f/pest-2.7.15/src/lib.rs","edition":"2021","doc":true,"doctest":true,"test":true},"profile":{"opt_level":"0","debuginfo":2,"debug_assertions":true,"overflow_checks":true,"test":false},"features":["default","memchr","std"],"filenames":["/mnt/data1/nix/vendor/rust/cargo2nix/target/debug/deps/libpest-6d378fd43f8ee240.rlib","/mnt/data1/nix/vendor/rust/cargo2nix/target/debug/deps/libpest-6d378fd43f8ee240.rmeta"],"executable":null,"fresh":false}
   Compiling pest_generator v2.7.15
{"reason":"compiler-artifact","package_id":"registry+https://github.com/rust-lang/crates.io-index#pest_meta@2.7.15","manifest_path":"/home/mdupont/.cargo/registry/src/index.crates.io-1949cf8c6b5b557f/pest_meta-2.7.15/Cargo.toml","target":{"kind":["lib"],"crate_types":["lib"],"name":"pest_meta","src_path":"/home/mdupont/.cargo/registry/src/index.crates.io-1949cf8c6b5b557f/pest_meta-2.7.15/src/lib.rs","edition":"2021","doc":true,"doctest":true,"test":true},"profile":{"opt_level":"0","debuginfo":0,"debug_assertions":true,"overflow_checks":true,"test":false},"features":["default"],"filenames":["/mnt/data1/nix/vendor/rust/cargo2nix/target/debug/deps/libpest_meta-ef9f6324433e01f8.rlib","/mnt/data1/nix/vendor/rust/cargo2nix/target/debug/deps/libpest_meta-ef9f6324433e01f8.rmeta"],"executable":null,"fresh":false}
{"reason":"compiler-artifact","package_id":"registry+https://github.com/rust-lang/crates.io-index#bindgen@0.72.1","manifest_path":"/home/mdupont/.cargo/registry/src/index.crates.io-1949cf8c6b5b557f/bindgen-0.72.1/Cargo.toml","target":{"kind":["lib"],"crate_types":["lib"],"name":"bindgen","src_path":"/home/mdupont/.cargo/registry/src/index.crates.io-1949cf8c6b5b557f/bindgen-0.72.1/lib.rs","edition":"2021","doc":true,"doctest":true,"test":true},"profile":{"opt_level":"0","debuginfo":0,"debug_assertions":true,"overflow_checks":true,"test":false},"features":[],"filenames":["/mnt/data1/nix/vendor/rust/cargo2nix/target/debug/deps/libbindgen-b00e0df4f9a448c0.rlib","/mnt/data1/nix/vendor/rust/cargo2nix/target/debug/deps/libbindgen-b00e0df4f9a448c0.rmeta"],"executable":null,"fresh":false}
   Compiling librocksdb-sys v0.17.3+10.4.2 (/mnt/data1/nix/vendor/rust/cargo2nix/submodules/rocksdb/librocksdb-sys)
{"reason":"compiler-artifact","package_id":"registry+https://github.com/rust-lang/crates.io-index#pest_generator@2.7.15","manifest_path":"/home/mdupont/.cargo/registry/src/index.crates.io-1949cf8c6b5b557f/pest_generator-2.7.15/Cargo.toml","target":{"kind":["lib"],"crate_types":["lib"],"name":"pest_generator","src_path":"/home/mdupont/.cargo/registry/src/index.crates.io-1949cf8c6b5b557f/pest_generator-2.7.15/src/lib.rs","edition":"2021","doc":true,"doctest":true,"test":true},"profile":{"opt_level":"0","debuginfo":0,"debug_assertions":true,"overflow_checks":true,"test":false},"features":["std"],"filenames":["/mnt/data1/nix/vendor/rust/cargo2nix/target/debug/deps/libpest_generator-92068eb63ecf4938.rlib","/mnt/data1/nix/vendor/rust/cargo2nix/target/debug/deps/libpest_generator-92068eb63ecf4938.rmeta"],"executable":null,"fresh":false}
   Compiling pest_derive v2.7.15
{"reason":"compiler-artifact","package_id":"registry+https://github.com/rust-lang/crates.io-index#pest_derive@2.7.15","manifest_path":"/home/mdupont/.cargo/registry/src/index.crates.io-1949cf8c6b5b557f/pest_derive-2.7.15/Cargo.toml","target":{"kind":["proc-macro"],"crate_types":["proc-macro"],"name":"pest_derive","src_path":"/home/mdupont/.cargo/registry/src/index.crates.io-1949cf8c6b5b557f/pest_derive-2.7.15/src/lib.rs","edition":"2021","doc":true,"doctest":true,"test":true},"profile":{"opt_level":"0","debuginfo":0,"debug_assertions":true,"overflow_checks":true,"test":false},"features":["default","std"],"filenames":["/mnt/data1/nix/vendor/rust/cargo2nix/target/debug/deps/libpest_derive-e857af2d10f3c6d5.so"],"executable":null,"fresh":false}
   Compiling dot-parser v0.6.0
   Compiling dot-parser v0.6.0 (/mnt/data1/nix/vendor/rust/cargo2nix/submodules/dot-parser)
{"reason":"compiler-message","package_id":"path+file:///mnt/data1/nix/vendor/rust/cargo2nix/submodules/rocksdb/librocksdb-sys#0.17.3+10.4.2","manifest_path":"/mnt/data1/nix/vendor/rust/cargo2nix/submodules/rocksdb/librocksdb-sys/Cargo.toml","target":{"kind":["custom-build"],"crate_types":["bin"],"name":"build-script-build","src_path":"/mnt/data1/nix/vendor/rust/cargo2nix/submodules/rocksdb/librocksdb-sys/build.rs","edition":"2021","doc":false,"doctest":false,"test":false},"message":{"rendered":"warning: unexpected `cfg` condition value: `jemalloc`\n   --> submodules/rocksdb/librocksdb-sys/build.rs:242:17\n    |\n242 |         if cfg!(feature = \"jemalloc\") {\n    |                 ^^^^^^^^^^^^^^^^^^^^\n    |\n    = note: expected values for `feature` are: `bindgen-runtime`, `bindgen-static`, `bzip2`, `bzip2-sys`, `default`, `io-uring`, `libz-sys`, `lto`, `lz4`, `lz4-sys`, `mt_static`, `pkg-config`, `rtti`, `snappy`, `static`, `zlib`, `zstd`, and `zstd-sys`\n    = help: consider adding `jemalloc` as a feature in `Cargo.toml`\n    = note: see <https://doc.rust-lang.org/nightly/rustc/check-cfg/cargo-specifics.html> for more information about checking conditional configuration\n    = note: `#[warn(unexpected_cfgs)]` on by default\n\n","$message_type":"diagnostic","children":[{"children":[],"code":null,"level":"note","message":"expected values for `feature` are: `bindgen-runtime`, `bindgen-static`, `bzip2`, `bzip2-sys`, `default`, `io-uring`, `libz-sys`, `lto`, `lz4`, `lz4-sys`, `mt_static`, `pkg-config`, `rtti`, `snappy`, `static`, `zlib`, `zstd`, and `zstd-sys`","rendered":null,"spans":[]},{"children":[],"code":null,"level":"help","message":"consider adding `jemalloc` as a feature in `Cargo.toml`","rendered":null,"spans":[]},{"children":[],"code":null,"level":"note","message":"see <https://doc.rust-lang.org/nightly/rustc/check-cfg/cargo-specifics.html> for more information about checking conditional configuration","rendered":null,"spans":[]},{"children":[],"code":null,"level":"note","message":"`#[warn(unexpected_cfgs)]` on by default","rendered":null,"spans":[]}],"code":{"code":"unexpected_cfgs","explanation":null},"level":"warning","message":"unexpected `cfg` condition value: `jemalloc`","spans":[{"byte_end":8891,"byte_start":8871,"column_end":37,"column_start":17,"expansion":null,"file_name":"submodules/rocksdb/librocksdb-sys/build.rs","is_primary":true,"label":null,"line_end":242,"line_start":242,"suggested_replacement":null,"suggestion_applicability":null,"text":[{"highlight_end":37,"highlight_start":17,"text":"        if cfg!(feature = \"jemalloc\") {"}]}]}}
{"reason":"compiler-message","package_id":"path+file:///mnt/data1/nix/vendor/rust/cargo2nix/submodules/rocksdb/librocksdb-sys#0.17.3+10.4.2","manifest_path":"/mnt/data1/nix/vendor/rust/cargo2nix/submodules/rocksdb/librocksdb-sys/Cargo.toml","target":{"kind":["custom-build"],"crate_types":["bin"],"name":"build-script-build","src_path":"/mnt/data1/nix/vendor/rust/cargo2nix/submodules/rocksdb/librocksdb-sys/build.rs","edition":"2021","doc":false,"doctest":false,"test":false},"message":{"rendered":"warning: unexpected `cfg` condition value: `jemalloc`\n   --> submodules/rocksdb/librocksdb-sys/build.rs:249:13\n    |\n249 |     if cfg!(feature = \"jemalloc\") && NO_JEMALLOC_TARGETS.iter().all(|i| !target.contains(i)) {\n    |             ^^^^^^^^^^^^^^^^^^^^\n    |\n    = note: expected values for `feature` are: `bindgen-runtime`, `bindgen-static`, `bzip2`, `bzip2-sys`, `default`, `io-uring`, `libz-sys`, `lto`, `lz4`, `lz4-sys`, `mt_static`, `pkg-config`, `rtti`, `snappy`, `static`, `zlib`, `zstd`, and `zstd-sys`\n    = help: consider adding `jemalloc` as a feature in `Cargo.toml`\n    = note: see <https://doc.rust-lang.org/nightly/rustc/check-cfg/cargo-specifics.html> for more information about checking conditional configuration\n\n","$message_type":"diagnostic","children":[{"children":[],"code":null,"level":"note","message":"expected values for `feature` are: `bindgen-runtime`, `bindgen-static`, `bzip2`, `bzip2-sys`, `default`, `io-uring`, `libz-sys`, `lto`, `lz4`, `lz4-sys`, `mt_static`, `pkg-config`, `rtti`, `snappy`, `static`, `zlib`, `zstd`, and `zstd-sys`","rendered":null,"spans":[]},{"children":[],"code":null,"level":"help","message":"consider adding `jemalloc` as a feature in `Cargo.toml`","rendered":null,"spans":[]},{"children":[],"code":null,"level":"note","message":"see <https://doc.rust-lang.org/nightly/rustc/check-cfg/cargo-specifics.html> for more information about checking conditional configuration","rendered":null,"spans":[]}],"code":{"code":"unexpected_cfgs","explanation":null},"level":"warning","message":"unexpected `cfg` condition value: `jemalloc`","spans":[{"byte_end":9060,"byte_start":9040,"column_end":33,"column_start":13,"expansion":null,"file_name":"submodules/rocksdb/librocksdb-sys/build.rs","is_primary":true,"label":null,"line_end":249,"line_start":249,"suggested_replacement":null,"suggestion_applicability":null,"text":[{"highlight_end":33,"highlight_start":13,"text":"    if cfg!(feature = \"jemalloc\") && NO_JEMALLOC_TARGETS.iter().all(|i| !target.contains(i)) {"}]}]}}
{"reason":"compiler-artifact","package_id":"registry+https://github.com/rust-lang/crates.io-index#dot-parser@0.6.0","manifest_path":"/home/mdupont/.cargo/registry/src/index.crates.io-1949cf8c6b5b557f/dot-parser-0.6.0/Cargo.toml","target":{"kind":["lib"],"crate_types":["lib"],"name":"dot_parser","src_path":"/home/mdupont/.cargo/registry/src/index.crates.io-1949cf8c6b5b557f/dot-parser-0.6.0/src/lib.rs","edition":"2021","doc":true,"doctest":true,"test":true},"profile":{"opt_level":"0","debuginfo":0,"debug_assertions":true,"overflow_checks":true,"test":false},"features":["default","to_tokens"],"filenames":["/mnt/data1/nix/vendor/rust/cargo2nix/target/debug/deps/libdot_parser-2010eda2be1937e6.rlib","/mnt/data1/nix/vendor/rust/cargo2nix/target/debug/deps/libdot_parser-2010eda2be1937e6.rmeta"],"executable":null,"fresh":false}
   Compiling dot-parser-macros v0.6.0 (/mnt/data1/nix/vendor/rust/cargo2nix/submodules/dot-parser/macros)
{"reason":"compiler-artifact","package_id":"path+file:///mnt/data1/nix/vendor/rust/cargo2nix/submodules/dot-parser#0.6.0","manifest_path":"/mnt/data1/nix/vendor/rust/cargo2nix/submodules/dot-parser/Cargo.toml","target":{"kind":["lib"],"crate_types":["lib"],"name":"dot_parser","src_path":"/mnt/data1/nix/vendor/rust/cargo2nix/submodules/dot-parser/src/lib.rs","edition":"2021","doc":true,"doctest":true,"test":true},"profile":{"opt_level":"0","debuginfo":2,"debug_assertions":true,"overflow_checks":true,"test":false},"features":["default"],"filenames":["/mnt/data1/nix/vendor/rust/cargo2nix/target/debug/deps/libdot_parser-5ddc2a59617ebfde.rlib","/mnt/data1/nix/vendor/rust/cargo2nix/target/debug/deps/libdot_parser-5ddc2a59617ebfde.rmeta"],"executable":null,"fresh":false}
{"reason":"compiler-artifact","package_id":"path+file:///mnt/data1/nix/vendor/rust/cargo2nix/submodules/dot-parser/macros#dot-parser-macros@0.6.0","manifest_path":"/mnt/data1/nix/vendor/rust/cargo2nix/submodules/dot-parser/macros/Cargo.toml","target":{"kind":["proc-macro"],"crate_types":["proc-macro"],"name":"dot_parser_macros","src_path":"/mnt/data1/nix/vendor/rust/cargo2nix/submodules/dot-parser/macros/src/lib.rs","edition":"2021","doc":true,"doctest":true,"test":true},"profile":{"opt_level":"0","debuginfo":0,"debug_assertions":true,"overflow_checks":true,"test":false},"features":[],"filenames":["/mnt/data1/nix/vendor/rust/cargo2nix/target/debug/deps/libdot_parser_macros-53c478dff42935f8.so"],"executable":null,"fresh":false}
   Compiling petgraph v0.8.3 (/mnt/data1/nix/vendor/rust/cargo2nix/submodules/petgraph)
{"reason":"compiler-artifact","package_id":"path+file:///mnt/data1/nix/vendor/rust/cargo2nix/submodules/rocksdb/librocksdb-sys#0.17.3+10.4.2","manifest_path":"/mnt/data1/nix/vendor/rust/cargo2nix/submodules/rocksdb/librocksdb-sys/Cargo.toml","target":{"kind":["custom-build"],"crate_types":["bin"],"name":"build-script-build","src_path":"/mnt/data1/nix/vendor/rust/cargo2nix/submodules/rocksdb/librocksdb-sys/build.rs","edition":"2021","doc":false,"doctest":false,"test":false},"profile":{"opt_level":"0","debuginfo":0,"debug_assertions":true,"overflow_checks":true,"test":false},"features":["bzip2","bzip2-sys","libz-sys","lz4","lz4-sys","snappy","static","zlib","zstd","zstd-sys"],"filenames":["/mnt/data1/nix/vendor/rust/cargo2nix/target/debug/build/librocksdb-sys-d73653584cbbd78f/build-script-build"],"executable":null,"fresh":false}
{"reason":"compiler-message","package_id":"path+file:///mnt/data1/nix/vendor/rust/cargo2nix/submodules/petgraph#0.8.3","manifest_path":"/mnt/data1/nix/vendor/rust/cargo2nix/submodules/petgraph/Cargo.toml","target":{"kind":["lib"],"crate_types":["lib"],"name":"petgraph","src_path":"/mnt/data1/nix/vendor/rust/cargo2nix/submodules/petgraph/src/lib.rs","edition":"2024","doc":true,"doctest":true,"test":true},"message":{"rendered":"warning: unnecessary `unsafe` block\n   --> submodules/petgraph/src/unionfind.rs:226:25\n    |\n224 |         unsafe {\n    |         ------ because it's nested under this `unsafe` block\n225 |             for ix in 0..self.len() {\n226 |                 let k = unsafe { *get_unchecked(&self.parent, ix) };\n    |                         ^^^^^^ unnecessary `unsafe` block\n    |\n    = note: `#[warn(unused_unsafe)]` (part of `#[warn(unused)]`) on by default\n\n","$message_type":"diagnostic","children":[{"children":[],"code":null,"level":"note","message":"`#[warn(unused_unsafe)]` (part of `#[warn(unused)]`) on by default","rendered":null,"spans":[]}],"code":{"code":"unused_unsafe","explanation":null},"level":"warning","message":"unnecessary `unsafe` block","spans":[{"byte_end":7340,"byte_start":7334,"column_end":31,"column_start":25,"expansion":null,"file_name":"submodules/petgraph/src/unionfind.rs","is_primary":true,"label":"unnecessary `unsafe` block","line_end":226,"line_start":226,"suggested_replacement":null,"suggestion_applicability":null,"text":[{"highlight_end":31,"highlight_start":25,"text":"                let k = unsafe { *get_unchecked(&self.parent, ix) };"}]},{"byte_end":7269,"byte_start":7263,"column_end":15,"column_start":9,"expansion":null,"file_name":"submodules/petgraph/src/unionfind.rs","is_primary":false,"label":"because it's nested under this `unsafe` block","line_end":224,"line_start":224,"suggested_replacement":null,"suggestion_applicability":null,"text":[{"highlight_end":15,"highlight_start":9,"text":"        unsafe {"}]}]}}
{"reason":"compiler-message","package_id":"path+file:///mnt/data1/nix/vendor/rust/cargo2nix/submodules/petgraph#0.8.3","manifest_path":"/mnt/data1/nix/vendor/rust/cargo2nix/submodules/petgraph/Cargo.toml","target":{"kind":["lib"],"crate_types":["lib"],"name":"petgraph","src_path":"/mnt/data1/nix/vendor/rust/cargo2nix/submodules/petgraph/src/lib.rs","edition":"2024","doc":true,"doctest":true,"test":true},"message":{"rendered":"warning: unnecessary `unsafe` block\n   --> submodules/petgraph/src/unionfind.rs:228:17\n    |\n224 |         unsafe {\n    |         ------ because it's nested under this `unsafe` block\n...\n228 |                 unsafe {\n    |                 ^^^^^^ unnecessary `unsafe` block\n\n","$message_type":"diagnostic","children":[],"code":{"code":"unused_unsafe","explanation":null},"level":"warning","message":"unnecessary `unsafe` block","spans":[{"byte_end":7456,"byte_start":7450,"column_end":23,"column_start":17,"expansion":null,"file_name":"submodules/petgraph/src/unionfind.rs","is_primary":true,"label":"unnecessary `unsafe` block","line_end":228,"line_start":228,"suggested_replacement":null,"suggestion_applicability":null,"text":[{"highlight_end":23,"highlight_start":17,"text":"                unsafe {"}]},{"byte_end":7269,"byte_start":7263,"column_end":15,"column_start":9,"expansion":null,"file_name":"submodules/petgraph/src/unionfind.rs","is_primary":false,"label":"because it's nested under this `unsafe` block","line_end":224,"line_start":224,"suggested_replacement":null,"suggestion_applicability":null,"text":[{"highlight_end":15,"highlight_start":9,"text":"        unsafe {"}]}]}}
{"reason":"compiler-artifact","package_id":"path+file:///mnt/data1/nix/vendor/rust/cargo2nix/submodules/petgraph#0.8.3","manifest_path":"/mnt/data1/nix/vendor/rust/cargo2nix/submodules/petgraph/Cargo.toml","target":{"kind":["lib"],"crate_types":["lib"],"name":"petgraph","src_path":"/mnt/data1/nix/vendor/rust/cargo2nix/submodules/petgraph/src/lib.rs","edition":"2024","doc":true,"doctest":true,"test":true},"profile":{"opt_level":"0","debuginfo":2,"debug_assertions":true,"overflow_checks":true,"test":false},"features":["default","graphmap","matrix_graph","stable_graph","std"],"filenames":["/mnt/data1/nix/vendor/rust/cargo2nix/target/debug/deps/libpetgraph-2a733e0b58ae305d.rlib","/mnt/data1/nix/vendor/rust/cargo2nix/target/debug/deps/libpetgraph-2a733e0b58ae305d.rmeta"],"executable":null,"fresh":false}
{"reason":"build-script-executed","package_id":"registry+https://github.com/rust-lang/crates.io-index#bzip2-sys@0.1.13+1.0.8","linked_libs":["static=bz2"],"linked_paths":["native=/mnt/data1/nix/vendor/rust/cargo2nix/target/debug/build/bzip2-sys-13eef0ff06ee760e/out/lib"],"cfgs":[],"env":[],"out_dir":"/mnt/data1/nix/vendor/rust/cargo2nix/target/debug/build/bzip2-sys-13eef0ff06ee760e/out"}
{"reason":"build-script-executed","package_id":"registry+https://github.com/rust-lang/crates.io-index#libz-sys@1.1.23","linked_libs":["static=z"],"linked_paths":["native=/mnt/data1/nix/vendor/rust/cargo2nix/target/debug/build/libz-sys-7283cdaae68de144/out/lib","native=/mnt/data1/nix/vendor/rust/cargo2nix/target/debug/build/libz-sys-7283cdaae68de144/out/lib"],"cfgs":[],"env":[],"out_dir":"/mnt/data1/nix/vendor/rust/cargo2nix/target/debug/build/libz-sys-7283cdaae68de144/out"}
{"reason":"build-script-executed","package_id":"registry+https://github.com/rust-lang/crates.io-index#lz4-sys@1.11.1+lz4-1.10.0","linked_libs":["static=lz4"],"linked_paths":["native=/mnt/data1/nix/vendor/rust/cargo2nix/target/debug/build/lz4-sys-293b366e531c362b/out"],"cfgs":[],"env":[],"out_dir":"/mnt/data1/nix/vendor/rust/cargo2nix/target/debug/build/lz4-sys-293b366e531c362b/out"}
{"reason":"compiler-artifact","package_id":"registry+https://github.com/rust-lang/crates.io-index#bzip2-sys@0.1.13+1.0.8","manifest_path":"/home/mdupont/.cargo/registry/src/index.crates.io-1949cf8c6b5b557f/bzip2-sys-0.1.13+1.0.8/Cargo.toml","target":{"kind":["lib"],"crate_types":["lib"],"name":"bzip2_sys","src_path":"/home/mdupont/.cargo/registry/src/index.crates.io-1949cf8c6b5b557f/bzip2-sys-0.1.13+1.0.8/lib.rs","edition":"2015","doc":true,"doctest":true,"test":true},"profile":{"opt_level":"0","debuginfo":2,"debug_assertions":true,"overflow_checks":true,"test":false},"features":["static"],"filenames":["/mnt/data1/nix/vendor/rust/cargo2nix/target/debug/deps/libbzip2_sys-b34971a13a09f935.rlib","/mnt/data1/nix/vendor/rust/cargo2nix/target/debug/deps/libbzip2_sys-b34971a13a09f935.rmeta"],"executable":null,"fresh":false}
{"reason":"compiler-artifact","package_id":"registry+https://github.com/rust-lang/crates.io-index#libz-sys@1.1.23","manifest_path":"/home/mdupont/.cargo/registry/src/index.crates.io-1949cf8c6b5b557f/libz-sys-1.1.23/Cargo.toml","target":{"kind":["lib"],"crate_types":["lib"],"name":"libz_sys","src_path":"/home/mdupont/.cargo/registry/src/index.crates.io-1949cf8c6b5b557f/libz-sys-1.1.23/src/lib.rs","edition":"2018","doc":true,"doctest":true,"test":true},"profile":{"opt_level":"0","debuginfo":2,"debug_assertions":true,"overflow_checks":true,"test":false},"features":["static"],"filenames":["/mnt/data1/nix/vendor/rust/cargo2nix/target/debug/deps/liblibz_sys-bfc08ff9abdcea77.rlib","/mnt/data1/nix/vendor/rust/cargo2nix/target/debug/deps/liblibz_sys-bfc08ff9abdcea77.rmeta"],"executable":null,"fresh":false}
{"reason":"compiler-artifact","package_id":"registry+https://github.com/rust-lang/crates.io-index#lz4-sys@1.11.1+lz4-1.10.0","manifest_path":"/home/mdupont/.cargo/registry/src/index.crates.io-1949cf8c6b5b557f/lz4-sys-1.11.1+lz4-1.10.0/Cargo.toml","target":{"kind":["lib"],"crate_types":["lib"],"name":"lz4_sys","src_path":"/home/mdupont/.cargo/registry/src/index.crates.io-1949cf8c6b5b557f/lz4-sys-1.11.1+lz4-1.10.0/src/lib.rs","edition":"2015","doc":true,"doctest":true,"test":true},"profile":{"opt_level":"0","debuginfo":2,"debug_assertions":true,"overflow_checks":true,"test":false},"features":[],"filenames":["/mnt/data1/nix/vendor/rust/cargo2nix/target/debug/deps/liblz4_sys-5433e59d139a63e1.rlib","/mnt/data1/nix/vendor/rust/cargo2nix/target/debug/deps/liblz4_sys-5433e59d139a63e1.rmeta"],"executable":null,"fresh":false}
