warning: Git tree '/mnt/data1/nix/vendor/rust/cargo2nix' is dirty
Nix development shell with Rust, libgit2, curl, and OpenSSL 1.1.1w ready.
warning: profiles for the non root package will be ignored, specify profiles at the workspace root:
package:   /mnt/data1/nix/vendor/rust/cargo2nix/submodules/addr2line/Cargo.toml
workspace: /mnt/data1/nix/vendor/rust/cargo2nix/Cargo.toml
warning: profiles for the non root package will be ignored, specify profiles at the workspace root:
package:   /mnt/data1/nix/vendor/rust/cargo2nix/submodules/clap/Cargo.toml
workspace: /mnt/data1/nix/vendor/rust/cargo2nix/Cargo.toml
warning: profiles for the non root package will be ignored, specify profiles at the workspace root:
package:   /mnt/data1/nix/vendor/rust/cargo2nix/submodules/arrayvec/Cargo.toml
workspace: /mnt/data1/nix/vendor/rust/cargo2nix/Cargo.toml
warning: profiles for the non root package will be ignored, specify profiles at the workspace root:
package:   /mnt/data1/nix/vendor/rust/cargo2nix/submodules/ahash/Cargo.toml
workspace: /mnt/data1/nix/vendor/rust/cargo2nix/Cargo.toml
warning: resolver for the non root package will be ignored, specify resolver at the workspace root:
package:   /mnt/data1/nix/vendor/rust/cargo2nix/submodules/tracing-tree/Cargo.toml
workspace: /mnt/data1/nix/vendor/rust/cargo2nix/Cargo.toml
warning: profiles for the non root package will be ignored, specify profiles at the workspace root:
package:   /mnt/data1/nix/vendor/rust/cargo2nix/submodules/aho-corasick/Cargo.toml
workspace: /mnt/data1/nix/vendor/rust/cargo2nix/Cargo.toml
warning: profiles for the non root package will be ignored, specify profiles at the workspace root:
package:   /mnt/data1/nix/vendor/rust/cargo2nix/submodules/annotate-snippets-rs/Cargo.toml
workspace: /mnt/data1/nix/vendor/rust/cargo2nix/Cargo.toml
warning: resolver for the non root package will be ignored, specify resolver at the workspace root:
package:   /mnt/data1/nix/vendor/rust/cargo2nix/submodules/http-auth/Cargo.toml
workspace: /mnt/data1/nix/vendor/rust/cargo2nix/Cargo.toml
warning: profiles for the non root package will be ignored, specify profiles at the workspace root:
package:   /mnt/data1/nix/vendor/rust/cargo2nix/submodules/generic-array/Cargo.toml
workspace: /mnt/data1/nix/vendor/rust/cargo2nix/Cargo.toml
warning: patch for the non root package will be ignored, specify patch at the workspace root:
package:   /mnt/data1/nix/vendor/rust/cargo2nix/tools/cargo-repo-sync/Cargo.toml
workspace: /mnt/data1/nix/vendor/rust/cargo2nix/Cargo.toml
warning: /mnt/data1/nix/vendor/rust/cargo2nix/submodules/fxhash/Cargo.toml: no edition set: defaulting to the 2015 edition while the latest is 2024
warning: /mnt/data1/nix/vendor/rust/cargo2nix/submodules/arbitrary/Cargo.toml: unused manifest key: test.0.members
warning: /mnt/data1/nix/vendor/rust/cargo2nix/submodules/backtrace-rs/Cargo.toml: unused manifest key: dependencies.cpp_demangle.version
warning: /mnt/data1/nix/vendor/rust/cargo2nix/submodules/backtrace-rs/Cargo.toml: unused manifest key: dependencies.serde.version
warning: /mnt/data1/nix/vendor/rust/cargo2nix/submodules/backtrace-rs/Cargo.toml: unused manifest key: target.cfg(not(all(windows, target_env = "msvc", not(target_vendor = "uwp")))).dependencies.addr2line.version
warning: /mnt/data1/nix/vendor/rust/cargo2nix/submodules/backtrace-rs/Cargo.toml: unused manifest key: target.cfg(not(all(windows, target_env = "msvc", not(target_vendor = "uwp")))).dependencies.libc.version
warning: /mnt/data1/nix/vendor/rust/cargo2nix/submodules/backtrace-rs/Cargo.toml: unused manifest key: target.cfg(not(all(windows, target_env = "msvc", not(target_vendor = "uwp")))).dependencies.miniz_oxide.version
warning: /mnt/data1/nix/vendor/rust/cargo2nix/submodules/backtrace-rs/Cargo.toml: unused manifest key: target.cfg(not(all(windows, target_env = "msvc", not(target_vendor = "uwp")))).dependencies.ruzstd.version
warning: /mnt/data1/nix/vendor/rust/cargo2nix/submodules/defmac/Cargo.toml: no edition set: defaulting to the 2015 edition while the latest is 2024
warning: /mnt/data1/nix/vendor/rust/cargo2nix/submodules/git2-rs/Cargo.toml: unused manifest key: examples
warning: /mnt/data1/nix/vendor/rust/cargo2nix/submodules/glob/Cargo.toml: no edition set: defaulting to the 2015 edition while the latest is 2024
warning: /mnt/data1/nix/vendor/rust/cargo2nix/submodules/im-rs/rc/Cargo.toml: unused manifest key: package.metadata.docs.rs
warning: /mnt/data1/nix/vendor/rust/cargo2nix/submodules/curl-rust/Cargo.toml: `default-features` is ignored for curl-sys, since `default-features` was not specified for `workspace.dependencies.curl-sys`, this could become a hard error in the future
warning: /mnt/data1/nix/vendor/rust/cargo2nix/submodules/unicode-ident/Cargo.toml: unused manifest key: bench.0.members
warning: /mnt/data1/nix/vendor/rust/cargo2nix/submodules/version_check/Cargo.toml: no edition set: defaulting to the 2015 edition while the latest is 2024
warning: /mnt/data1/nix/vendor/rust/cargo2nix/submodules/pasetors/Cargo.toml: unused manifest key: dependencies.sha2.serde
warning: /mnt/data1/nix/vendor/rust/cargo2nix/submodules/pasetors/Cargo.toml: unused manifest key: dependencies.sha2.serde_derive
warning: /mnt/data1/nix/vendor/rust/cargo2nix/submodules/quickcheck/Cargo.toml: unused manifest key: package.members
warning: /mnt/data1/nix/vendor/rust/cargo2nix/crates/rust-mcp-server/Cargo.toml: file `/mnt/data1/nix/vendor/rust/cargo2nix/crates/rust-mcp-server/src/main.rs` found to be present in multiple build targets:
  * `lib` target `rust_mcp_server`
  * `bin` target `rust-mcp-server`
warning: /mnt/data1/nix/vendor/rust/cargo2nix/submodules/crossbeam/crossbeam-utils/Cargo.toml: unused manifest key: dependencies.atomic-maybe-uninit.version
warning: /mnt/data1/nix/vendor/rust/cargo2nix/submodules/signal-hook/signal-hook-registry/Cargo.toml: no edition set: defaulting to the 2015 edition while the latest is 2024
warning: /mnt/data1/nix/vendor/rust/cargo2nix/submodules/rust-url/url/Cargo.toml: `default-features` is ignored for serde_derive, since `default-features` was not specified for `workspace.dependencies.serde_derive`, this could become a hard error in the future
warning: /mnt/data1/nix/vendor/rust/cargo2nix/submodules/equivalent/Cargo.toml: no edition set: defaulting to the 2015 edition while the latest is 2024
warning: /mnt/data1/nix/vendor/rust/cargo2nix/submodules/io-uring/Cargo.toml: unused manifest key: package.members
warning: /mnt/data1/nix/vendor/rust/cargo2nix/submodules/text-size/Cargo.toml: `default_features` is deprecated in favor of `default-features` and will not work in the 2024 edition
(in the `serde` dependency)
warning: /mnt/data1/nix/vendor/rust/cargo2nix/submodules/regex/Cargo.toml: unused manifest key: package.members
warning: /mnt/data1/nix/vendor/rust/cargo2nix/submodules/pin-project-lite/Cargo.toml: unused manifest key: dev-dependencies.macrotest.branch
warning: /mnt/data1/nix/vendor/rust/cargo2nix/submodules/pin-project-lite/Cargo.toml: unused manifest key: dev-dependencies.trybuild.branch
warning: /mnt/data1/nix/vendor/rust/cargo2nix/submodules/zstd-rs/ruzstd/Cargo.toml: `default-features` is ignored for twox-hash, since `default-features` was not specified for `workspace.dependencies.twox-hash`, this could become a hard error in the future
warning: /mnt/data1/nix/vendor/rust/cargo2nix/submodules/zstd-rs/ruzstd/Cargo.toml: unused manifest key: dependencies.fastrand.version
warning: /mnt/data1/nix/vendor/rust/cargo2nix/submodules/zstd-rs/ruzstd/Cargo.toml: unused manifest key: dependencies.twox-hash.version
warning: /mnt/data1/nix/vendor/rust/cargo2nix/submodules/zstd-rs/ruzstd/Cargo.toml: unused manifest key: dev-dependencies.rand.version
warning: /mnt/data1/nix/vendor/rust/cargo2nix/submodules/memoffset/Cargo.toml: no edition set: defaulting to the 2015 edition while the latest is 2024
warning: /mnt/data1/nix/vendor/rust/cargo2nix/submodules/static-assertions-rs/proc/Cargo.toml: no edition set: defaulting to the 2015 edition while the latest is 2024
warning: /mnt/data1/nix/vendor/rust/cargo2nix/submodules/indexmap/Cargo.toml: unused manifest key: dependencies.serde.version
warning: /mnt/data1/nix/vendor/rust/cargo2nix/submodules/indexmap/Cargo.toml: unused manifest key: dependencies.serde_core.version
warning: /mnt/data1/nix/vendor/rust/cargo2nix/submodules/clap/clap_builder/Cargo.toml: unused manifest key: dependencies.anstream.version
warning: /mnt/data1/nix/vendor/rust/cargo2nix/submodules/clap/clap_builder/Cargo.toml: unused manifest key: dependencies.anstyle.version
warning: /mnt/data1/nix/vendor/rust/cargo2nix/submodules/clap/clap_builder/Cargo.toml: unused manifest key: dependencies.backtrace.version
warning: /mnt/data1/nix/vendor/rust/cargo2nix/submodules/clap/clap_builder/Cargo.toml: unused manifest key: dependencies.strsim.version
warning: /mnt/data1/nix/vendor/rust/cargo2nix/submodules/clap/clap_builder/Cargo.toml: unused manifest key: dependencies.terminal_size.version
warning: /mnt/data1/nix/vendor/rust/cargo2nix/submodules/clap/clap_builder/Cargo.toml: unused manifest key: dependencies.unicase.version
warning: /mnt/data1/nix/vendor/rust/cargo2nix/submodules/clap/clap_builder/Cargo.toml: unused manifest key: dependencies.unicode-width.version
warning: /mnt/data1/nix/vendor/rust/cargo2nix/submodules/clap/clap_builder/Cargo.toml: unused manifest key: dev-dependencies.snapbox.version
warning: /mnt/data1/nix/vendor/rust/cargo2nix/submodules/assert-impl/Cargo.toml: no edition set: defaulting to the 2015 edition while the latest is 2024
warning: /mnt/data1/nix/vendor/rust/cargo2nix/submodules/tracing-tree/Cargo.toml: `default-features` is ignored for tracing-log, since `default-features` was not specified for `workspace.dependencies.tracing-log`, this could become a hard error in the future
warning: /mnt/data1/nix/vendor/rust/cargo2nix/submodules/tracing-tree/Cargo.toml: `default-features` is ignored for tracing-subscriber, since `default-features` was not specified for `workspace.dependencies.tracing-subscriber`, this could become a hard error in the future
warning: /mnt/data1/nix/vendor/rust/cargo2nix/submodules/colorify/Cargo.toml: no edition set: defaulting to the 2015 edition while the latest is 2024
warning: /mnt/data1/nix/vendor/rust/cargo2nix/submodules/scoped-tls/Cargo.toml: no edition set: defaulting to the 2015 edition while the latest is 2024
warning: /mnt/data1/nix/vendor/rust/cargo2nix/submodules/nix/Cargo.toml: unused manifest key: dependencies.memoffset.version
warning: /mnt/data1/nix/vendor/rust/cargo2nix/submodules/nix/Cargo.toml: unused manifest key: dependencies.pin-utils.version
warning: /mnt/data1/nix/vendor/rust/cargo2nix/submodules/lazy-static/Cargo.toml: no edition set: defaulting to the 2015 edition while the latest is 2024
warning: /mnt/data1/nix/vendor/rust/cargo2nix/submodules/petgraph/Cargo.toml: unused manifest key: dependencies.dot-parser.version
warning: /mnt/data1/nix/vendor/rust/cargo2nix/submodules/petgraph/Cargo.toml: unused manifest key: dependencies.dot-parser-macros.version
warning: /mnt/data1/nix/vendor/rust/cargo2nix/submodules/petgraph/Cargo.toml: unused manifest key: dependencies.fixedbitset.version
warning: /mnt/data1/nix/vendor/rust/cargo2nix/submodules/petgraph/Cargo.toml: unused manifest key: dependencies.hashbrown.version
warning: /mnt/data1/nix/vendor/rust/cargo2nix/submodules/petgraph/Cargo.toml: unused manifest key: dependencies.indexmap.version
warning: /mnt/data1/nix/vendor/rust/cargo2nix/submodules/petgraph/Cargo.toml: unused manifest key: dependencies.quickcheck.version
warning: /mnt/data1/nix/vendor/rust/cargo2nix/submodules/petgraph/Cargo.toml: unused manifest key: dependencies.rayon.version
warning: /mnt/data1/nix/vendor/rust/cargo2nix/submodules/petgraph/Cargo.toml: unused manifest key: dependencies.serde.version
warning: /mnt/data1/nix/vendor/rust/cargo2nix/submodules/petgraph/Cargo.toml: unused manifest key: dependencies.serde_derive.version
warning: /mnt/data1/nix/vendor/rust/cargo2nix/submodules/petgraph/Cargo.toml: unused manifest key: dev-dependencies.itertools.version
warning: /mnt/data1/nix/vendor/rust/cargo2nix/submodules/petgraph/Cargo.toml: unused manifest key: dev-dependencies.odds.version
warning: /mnt/data1/nix/vendor/rust/cargo2nix/submodules/static-assertions-rs/Cargo.toml: no edition set: defaulting to the 2015 edition while the latest is 2024
warning: /mnt/data1/nix/vendor/rust/cargo2nix/submodules/odds/Cargo.toml: no edition set: defaulting to the 2015 edition while the latest is 2024
warning: /mnt/data1/nix/vendor/rust/cargo2nix/submodules/chrono/Cargo.toml: `default-features` is ignored for serde_derive, since `default-features` was not specified for `workspace.dependencies.serde_derive`, this could become a hard error in the future
warning: /mnt/data1/nix/vendor/rust/cargo2nix/submodules/tokio/tokio/Cargo.toml: `default-features` is ignored for mio, since `default-features` was not specified for `workspace.dependencies.mio`, this could become a hard error in the future
warning: /mnt/data1/nix/vendor/rust/cargo2nix/submodules/tokio/tokio/Cargo.toml: `default-features` is ignored for io-uring, since `default-features` was not specified for `workspace.dependencies.io-uring`, this could become a hard error in the future
warning: /mnt/data1/nix/vendor/rust/cargo2nix/submodules/tokio/tokio/Cargo.toml: `default-features` is ignored for mio, since `default-features` was not specified for `workspace.dependencies.mio`, this could become a hard error in the future
warning: /mnt/data1/nix/vendor/rust/cargo2nix/submodules/tokio/tokio/Cargo.toml: `default-features` is ignored for tracing, since `default-features` was not specified for `workspace.dependencies.tracing`, this could become a hard error in the future
warning: /mnt/data1/nix/vendor/rust/cargo2nix/submodules/tokio/tokio/Cargo.toml: `default-features` is ignored for nix, since `default-features` was not specified for `workspace.dependencies.nix`, this could become a hard error in the future
warning: /mnt/data1/nix/vendor/rust/cargo2nix/submodules/tokio/tokio/Cargo.toml: unused manifest key: dependencies.bytes.version
warning: /mnt/data1/nix/vendor/rust/cargo2nix/submodules/tokio/tokio/Cargo.toml: unused manifest key: dependencies.mio.version
warning: /mnt/data1/nix/vendor/rust/cargo2nix/submodules/tokio/tokio/Cargo.toml: unused manifest key: dev-dependencies.futures.version
warning: /mnt/data1/nix/vendor/rust/cargo2nix/submodules/tokio/tokio/Cargo.toml: unused manifest key: dev-dependencies.tokio-stream.path
warning: /mnt/data1/nix/vendor/rust/cargo2nix/submodules/tokio/tokio/Cargo.toml: unused manifest key: dev-dependencies.tokio-stream.version
warning: /mnt/data1/nix/vendor/rust/cargo2nix/submodules/tokio/tokio/Cargo.toml: unused manifest key: dev-dependencies.tokio-test.path
warning: /mnt/data1/nix/vendor/rust/cargo2nix/submodules/tokio/tokio/Cargo.toml: unused manifest key: dev-dependencies.tokio-test.version
warning: /mnt/data1/nix/vendor/rust/cargo2nix/submodules/tokio/tokio/Cargo.toml: unused manifest key: dev-dependencies.tokio-util.path
warning: /mnt/data1/nix/vendor/rust/cargo2nix/submodules/tokio/tokio/Cargo.toml: unused manifest key: dev-dependencies.tokio-util.version
warning: /mnt/data1/nix/vendor/rust/cargo2nix/submodules/tokio/tokio/Cargo.toml: unused manifest key: target.cfg(all(tokio_unstable, target_os = "linux")).dependencies.io-uring.version
warning: /mnt/data1/nix/vendor/rust/cargo2nix/submodules/tokio/tokio/Cargo.toml: unused manifest key: target.cfg(all(tokio_unstable, target_os = "linux")).dependencies.libc.version
warning: /mnt/data1/nix/vendor/rust/cargo2nix/submodules/tokio/tokio/Cargo.toml: unused manifest key: target.cfg(all(tokio_unstable, target_os = "linux")).dependencies.mio.version
warning: /mnt/data1/nix/vendor/rust/cargo2nix/submodules/tokio/tokio/Cargo.toml: unused manifest key: target.cfg(all(tokio_unstable, target_os = "linux")).dependencies.slab.version
warning: /mnt/data1/nix/vendor/rust/cargo2nix/submodules/tokio/tokio/Cargo.toml: unused manifest key: target.cfg(not(target_family = "wasm")).dependencies.socket2.version
warning: /mnt/data1/nix/vendor/rust/cargo2nix/submodules/tokio/tokio/Cargo.toml: unused manifest key: target.cfg(tokio_unstable).dependencies.tracing.version
warning: /mnt/data1/nix/vendor/rust/cargo2nix/submodules/tokio/tokio/Cargo.toml: unused manifest key: target.cfg(unix).dependencies.libc.version
warning: /mnt/data1/nix/vendor/rust/cargo2nix/submodules/tokio/tokio/Cargo.toml: unused manifest key: target.cfg(unix).dependencies.signal-hook-registry.version
warning: /mnt/data1/nix/vendor/rust/cargo2nix/submodules/tokio/tokio/Cargo.toml: unused manifest key: target.cfg(unix).dev-dependencies.libc.version
warning: /mnt/data1/nix/vendor/rust/cargo2nix/submodules/tokio/tokio/Cargo.toml: unused manifest key: target.cfg(unix).dev-dependencies.nix.version
warning: /mnt/data1/nix/vendor/rust/cargo2nix/submodules/tokio/tokio/Cargo.toml: unused manifest key: target.cfg(windows).dependencies.windows-sys.version
warning: /mnt/data1/nix/vendor/rust/cargo2nix/submodules/tokio/tokio/Cargo.toml: unused manifest key: target.cfg(windows).dev-dependencies.windows-sys.version
warning: /mnt/data1/nix/vendor/rust/cargo2nix/submodules/rustc-demangle/Cargo.toml: no edition set: defaulting to the 2015 edition while the latest is 2024
warning: /mnt/data1/nix/vendor/rust/cargo2nix/submodules/rustc-demangle/Cargo.toml: unused manifest key: package.members
warning: /mnt/data1/nix/vendor/rust/cargo2nix/submodules/camino/Cargo.toml: unused manifest key: members
warning: /mnt/data1/nix/vendor/rust/cargo2nix/submodules/ahash/Cargo.toml: file `/mnt/data1/nix/vendor/rust/cargo2nix/submodules/ahash/tests/map_tests.rs` found to be present in multiple build targets:
  * `integration-test` target `map_tests`
  * `bench` target `map`
warning: /mnt/data1/nix/vendor/rust/cargo2nix/submodules/ahash/Cargo.toml: file `/mnt/data1/nix/vendor/rust/cargo2nix/submodules/ahash/tests/bench.rs` found to be present in multiple build targets:
  * `integration-test` target `bench`
  * `bench` target `ahash`
warning: patch for `curl` uses the features mechanism. default-features and features will not take effect because the patch dependency does not support this mechanism
warning: patch for `libc` uses the features mechanism. default-features and features will not take effect because the patch dependency does not support this mechanism
warning: Patch `measureme v0.1.0 (/mnt/data1/nix/vendor/rust/cargo2nix/submodules/measureme/measureme)` was not used in the crate graph.
Patch `tokio-core v0.1.18 (/mnt/data1/nix/vendor/rust/cargo2nix/submodules/tokio-core)` was not used in the crate graph.
Check that the patched package version and available features are compatible
with the dependency requirements. If the patch has a different version from
what is locked in the Cargo.lock file, run `cargo update` to use the new
version. This may also occur with an optional dependency that is not enabled.
{"reason":"compiler-artifact","package_id":"path+file:///mnt/data1/nix/vendor/rust/cargo2nix/submodules/proc-macro2#1.0.103","manifest_path":"/mnt/data1/nix/vendor/rust/cargo2nix/submodules/proc-macro2/Cargo.toml","target":{"kind":["custom-build"],"crate_types":["bin"],"name":"build-script-build","src_path":"/mnt/data1/nix/vendor/rust/cargo2nix/submodules/proc-macro2/build.rs","edition":"2021","doc":false,"doctest":false,"test":false},"profile":{"opt_level":"0","debuginfo":0,"debug_assertions":true,"overflow_checks":true,"test":false},"features":["default","proc-macro"],"filenames":["/mnt/data1/nix/vendor/rust/cargo2nix/target/debug/build/proc-macro2-538acd604755aa46/build-script-build"],"executable":null,"fresh":true}
{"reason":"build-script-executed","package_id":"path+file:///mnt/data1/nix/vendor/rust/cargo2nix/submodules/proc-macro2#1.0.103","linked_libs":[],"linked_paths":[],"cfgs":["wrap_proc_macro","proc_macro_span","proc_macro_span_location","proc_macro_span_file"],"env":[],"out_dir":"/mnt/data1/nix/vendor/rust/cargo2nix/target/debug/build/proc-macro2-1bc4d54aae72c556/out"}
{"reason":"compiler-artifact","package_id":"registry+https://github.com/rust-lang/crates.io-index#unicode-ident@1.0.22","manifest_path":"/home/mdupont/.cargo/registry/src/index.crates.io-1949cf8c6b5b557f/unicode-ident-1.0.22/Cargo.toml","target":{"kind":["lib"],"crate_types":["lib"],"name":"unicode_ident","src_path":"/home/mdupont/.cargo/registry/src/index.crates.io-1949cf8c6b5b557f/unicode-ident-1.0.22/src/lib.rs","edition":"2018","doc":true,"doctest":true,"test":true},"profile":{"opt_level":"0","debuginfo":0,"debug_assertions":true,"overflow_checks":true,"test":false},"features":[],"filenames":["/mnt/data1/nix/vendor/rust/cargo2nix/target/debug/deps/libunicode_ident-12c495887fb81e30.rlib","/mnt/data1/nix/vendor/rust/cargo2nix/target/debug/deps/libunicode_ident-12c495887fb81e30.rmeta"],"executable":null,"fresh":true}
{"reason":"compiler-artifact","package_id":"path+file:///mnt/data1/nix/vendor/rust/cargo2nix/submodules/quote#1.0.42","manifest_path":"/mnt/data1/nix/vendor/rust/cargo2nix/submodules/quote/Cargo.toml","target":{"kind":["custom-build"],"crate_types":["bin"],"name":"build-script-build","src_path":"/mnt/data1/nix/vendor/rust/cargo2nix/submodules/quote/build.rs","edition":"2018","doc":false,"doctest":false,"test":false},"profile":{"opt_level":"0","debuginfo":0,"debug_assertions":true,"overflow_checks":true,"test":false},"features":["default","proc-macro"],"filenames":["/mnt/data1/nix/vendor/rust/cargo2nix/target/debug/build/quote-3eed3cfd68603584/build-script-build"],"executable":null,"fresh":true}
{"reason":"build-script-executed","package_id":"path+file:///mnt/data1/nix/vendor/rust/cargo2nix/submodules/quote#1.0.42","linked_libs":[],"linked_paths":[],"cfgs":[],"env":[],"out_dir":"/mnt/data1/nix/vendor/rust/cargo2nix/target/debug/build/quote-d0c0c55ba3cc1b00/out"}
{"reason":"compiler-artifact","package_id":"path+file:///mnt/data1/nix/vendor/rust/cargo2nix/submodules/proc-macro2#1.0.103","manifest_path":"/mnt/data1/nix/vendor/rust/cargo2nix/submodules/proc-macro2/Cargo.toml","target":{"kind":["lib"],"crate_types":["lib"],"name":"proc_macro2","src_path":"/mnt/data1/nix/vendor/rust/cargo2nix/submodules/proc-macro2/src/lib.rs","edition":"2021","doc":true,"doctest":true,"test":true},"profile":{"opt_level":"0","debuginfo":0,"debug_assertions":true,"overflow_checks":true,"test":false},"features":["default","proc-macro"],"filenames":["/mnt/data1/nix/vendor/rust/cargo2nix/target/debug/deps/libproc_macro2-b8a34a4ac2217d44.rlib","/mnt/data1/nix/vendor/rust/cargo2nix/target/debug/deps/libproc_macro2-b8a34a4ac2217d44.rmeta"],"executable":null,"fresh":true}
{"reason":"compiler-artifact","package_id":"path+file:///mnt/data1/nix/vendor/rust/cargo2nix/submodules/syn#2.0.110","manifest_path":"/mnt/data1/nix/vendor/rust/cargo2nix/submodules/syn/Cargo.toml","target":{"kind":["custom-build"],"crate_types":["bin"],"name":"build-script-build","src_path":"/mnt/data1/nix/vendor/rust/cargo2nix/submodules/syn/build.rs","edition":"2021","doc":false,"doctest":false,"test":false},"profile":{"opt_level":"0","debuginfo":0,"debug_assertions":true,"overflow_checks":true,"test":false},"features":["clone-impls","default","derive","extra-traits","fold","full","parsing","printing","proc-macro","visit","visit-mut"],"filenames":["/mnt/data1/nix/vendor/rust/cargo2nix/target/debug/build/syn-71abef91b8585ac4/build-script-build"],"executable":null,"fresh":true}
{"reason":"compiler-artifact","package_id":"path+file:///mnt/data1/nix/vendor/rust/cargo2nix/submodules/quote#1.0.42","manifest_path":"/mnt/data1/nix/vendor/rust/cargo2nix/submodules/quote/Cargo.toml","target":{"kind":["lib"],"crate_types":["lib"],"name":"quote","src_path":"/mnt/data1/nix/vendor/rust/cargo2nix/submodules/quote/src/lib.rs","edition":"2018","doc":true,"doctest":true,"test":true},"profile":{"opt_level":"0","debuginfo":0,"debug_assertions":true,"overflow_checks":true,"test":false},"features":["default","proc-macro"],"filenames":["/mnt/data1/nix/vendor/rust/cargo2nix/target/debug/deps/libquote-b130b5a8a957718a.rlib","/mnt/data1/nix/vendor/rust/cargo2nix/target/debug/deps/libquote-b130b5a8a957718a.rmeta"],"executable":null,"fresh":true}
{"reason":"compiler-artifact","package_id":"registry+https://github.com/rust-lang/crates.io-index#stable_deref_trait@1.2.1","manifest_path":"/home/mdupont/.cargo/registry/src/index.crates.io-1949cf8c6b5b557f/stable_deref_trait-1.2.1/Cargo.toml","target":{"kind":["lib"],"crate_types":["lib"],"name":"stable_deref_trait","src_path":"/home/mdupont/.cargo/registry/src/index.crates.io-1949cf8c6b5b557f/stable_deref_trait-1.2.1/src/lib.rs","edition":"2015","doc":true,"doctest":true,"test":true},"profile":{"opt_level":"0","debuginfo":2,"debug_assertions":true,"overflow_checks":true,"test":false},"features":["alloc","default","std"],"filenames":["/mnt/data1/nix/vendor/rust/cargo2nix/target/debug/deps/libstable_deref_trait-89f13f8275a5cfeb.rlib","/mnt/data1/nix/vendor/rust/cargo2nix/target/debug/deps/libstable_deref_trait-89f13f8275a5cfeb.rmeta"],"executable":null,"fresh":true}
{"reason":"compiler-artifact","package_id":"registry+https://github.com/rust-lang/crates.io-index#libc@0.2.178","manifest_path":"/home/mdupont/.cargo/registry/src/index.crates.io-1949cf8c6b5b557f/libc-0.2.178/Cargo.toml","target":{"kind":["custom-build"],"crate_types":["bin"],"name":"build-script-build","src_path":"/home/mdupont/.cargo/registry/src/index.crates.io-1949cf8c6b5b557f/libc-0.2.178/build.rs","edition":"2021","doc":false,"doctest":false,"test":false},"profile":{"opt_level":"0","debuginfo":0,"debug_assertions":true,"overflow_checks":true,"test":false},"features":["default","std"],"filenames":["/mnt/data1/nix/vendor/rust/cargo2nix/target/debug/build/libc-437ff09f19b669dd/build-script-build"],"executable":null,"fresh":true}
{"reason":"compiler-artifact","package_id":"registry+https://github.com/rust-lang/crates.io-index#cfg-if@1.0.4","manifest_path":"/home/mdupont/.cargo/registry/src/index.crates.io-1949cf8c6b5b557f/cfg-if-1.0.4/Cargo.toml","target":{"kind":["lib"],"crate_types":["lib"],"name":"cfg_if","src_path":"/home/mdupont/.cargo/registry/src/index.crates.io-1949cf8c6b5b557f/cfg-if-1.0.4/src/lib.rs","edition":"2018","doc":true,"doctest":true,"test":true},"profile":{"opt_level":"0","debuginfo":2,"debug_assertions":true,"overflow_checks":true,"test":false},"features":[],"filenames":["/mnt/data1/nix/vendor/rust/cargo2nix/target/debug/deps/libcfg_if-2262c59ed30cbfdf.rlib","/mnt/data1/nix/vendor/rust/cargo2nix/target/debug/deps/libcfg_if-2262c59ed30cbfdf.rmeta"],"executable":null,"fresh":true}
{"reason":"build-script-executed","package_id":"path+file:///mnt/data1/nix/vendor/rust/cargo2nix/submodules/syn#2.0.110","linked_libs":[],"linked_paths":[],"cfgs":["check_cfg"],"env":[],"out_dir":"/mnt/data1/nix/vendor/rust/cargo2nix/target/debug/build/syn-c2ff996193521b8a/out"}
{"reason":"build-script-executed","package_id":"registry+https://github.com/rust-lang/crates.io-index#libc@0.2.178","linked_libs":[],"linked_paths":[],"cfgs":["freebsd12"],"env":[],"out_dir":"/mnt/data1/nix/vendor/rust/cargo2nix/target/debug/build/libc-a543724a99056de3/out"}
{"reason":"compiler-artifact","package_id":"registry+https://github.com/rust-lang/crates.io-index#shlex@1.3.0","manifest_path":"/home/mdupont/.cargo/registry/src/index.crates.io-1949cf8c6b5b557f/shlex-1.3.0/Cargo.toml","target":{"kind":["lib"],"crate_types":["lib"],"name":"shlex","src_path":"/home/mdupont/.cargo/registry/src/index.crates.io-1949cf8c6b5b557f/shlex-1.3.0/src/lib.rs","edition":"2015","doc":true,"doctest":true,"test":true},"profile":{"opt_level":"0","debuginfo":0,"debug_assertions":true,"overflow_checks":true,"test":false},"features":["default","std"],"filenames":["/mnt/data1/nix/vendor/rust/cargo2nix/target/debug/deps/libshlex-e8c7a80568050100.rlib","/mnt/data1/nix/vendor/rust/cargo2nix/target/debug/deps/libshlex-e8c7a80568050100.rmeta"],"executable":null,"fresh":true}
{"reason":"compiler-artifact","package_id":"registry+https://github.com/rust-lang/crates.io-index#version_check@0.9.5","manifest_path":"/home/mdupont/.cargo/registry/src/index.crates.io-1949cf8c6b5b557f/version_check-0.9.5/Cargo.toml","target":{"kind":["lib"],"crate_types":["lib"],"name":"version_check","src_path":"/home/mdupont/.cargo/registry/src/index.crates.io-1949cf8c6b5b557f/version_check-0.9.5/src/lib.rs","edition":"2015","doc":true,"doctest":true,"test":true},"profile":{"opt_level":"0","debuginfo":0,"debug_assertions":true,"overflow_checks":true,"test":false},"features":[],"filenames":["/mnt/data1/nix/vendor/rust/cargo2nix/target/debug/deps/libversion_check-2571cf324060ec01.rlib","/mnt/data1/nix/vendor/rust/cargo2nix/target/debug/deps/libversion_check-2571cf324060ec01.rmeta"],"executable":null,"fresh":true}
{"reason":"compiler-artifact","package_id":"registry+https://github.com/rust-lang/crates.io-index#typenum@1.19.0","manifest_path":"/home/mdupont/.cargo/registry/src/index.crates.io-1949cf8c6b5b557f/typenum-1.19.0/Cargo.toml","target":{"kind":["custom-build"],"crate_types":["bin"],"name":"build-script-build","src_path":"/home/mdupont/.cargo/registry/src/index.crates.io-1949cf8c6b5b557f/typenum-1.19.0/build.rs","edition":"2018","doc":false,"doctest":false,"test":false},"profile":{"opt_level":"0","debuginfo":0,"debug_assertions":true,"overflow_checks":true,"test":false},"features":[],"filenames":["/mnt/data1/nix/vendor/rust/cargo2nix/target/debug/build/typenum-1d112de01353164c/build-script-build"],"executable":null,"fresh":true}
{"reason":"compiler-artifact","package_id":"registry+https://github.com/rust-lang/crates.io-index#autocfg@1.5.0","manifest_path":"/home/mdupont/.cargo/registry/src/index.crates.io-1949cf8c6b5b557f/autocfg-1.5.0/Cargo.toml","target":{"kind":["lib"],"crate_types":["lib"],"name":"autocfg","src_path":"/home/mdupont/.cargo/registry/src/index.crates.io-1949cf8c6b5b557f/autocfg-1.5.0/src/lib.rs","edition":"2015","doc":true,"doctest":true,"test":true},"profile":{"opt_level":"0","debuginfo":0,"debug_assertions":true,"overflow_checks":true,"test":false},"features":[],"filenames":["/mnt/data1/nix/vendor/rust/cargo2nix/target/debug/deps/libautocfg-3b49e0afa777d415.rlib","/mnt/data1/nix/vendor/rust/cargo2nix/target/debug/deps/libautocfg-3b49e0afa777d415.rmeta"],"executable":null,"fresh":true}
{"reason":"compiler-artifact","package_id":"registry+https://github.com/rust-lang/crates.io-index#scopeguard@1.2.0","manifest_path":"/home/mdupont/.cargo/registry/src/index.crates.io-1949cf8c6b5b557f/scopeguard-1.2.0/Cargo.toml","target":{"kind":["lib"],"crate_types":["lib"],"name":"scopeguard","src_path":"/home/mdupont/.cargo/registry/src/index.crates.io-1949cf8c6b5b557f/scopeguard-1.2.0/src/lib.rs","edition":"2015","doc":true,"doctest":true,"test":true},"profile":{"opt_level":"0","debuginfo":2,"debug_assertions":true,"overflow_checks":true,"test":false},"features":[],"filenames":["/mnt/data1/nix/vendor/rust/cargo2nix/target/debug/deps/libscopeguard-cfa69166bd4da734.rlib","/mnt/data1/nix/vendor/rust/cargo2nix/target/debug/deps/libscopeguard-cfa69166bd4da734.rmeta"],"executable":null,"fresh":true}
{"reason":"compiler-artifact","package_id":"registry+https://github.com/rust-lang/crates.io-index#crossbeam-utils@0.8.21","manifest_path":"/home/mdupont/.cargo/registry/src/index.crates.io-1949cf8c6b5b557f/crossbeam-utils-0.8.21/Cargo.toml","target":{"kind":["custom-build"],"crate_types":["bin"],"name":"build-script-build","src_path":"/home/mdupont/.cargo/registry/src/index.crates.io-1949cf8c6b5b557f/crossbeam-utils-0.8.21/build.rs","edition":"2021","doc":false,"doctest":false,"test":false},"profile":{"opt_level":"0","debuginfo":0,"debug_assertions":true,"overflow_checks":true,"test":false},"features":["default","std"],"filenames":["/mnt/data1/nix/vendor/rust/cargo2nix/target/debug/build/crossbeam-utils-5887ca59ff28d947/build-script-build"],"executable":null,"fresh":true}
{"reason":"compiler-artifact","package_id":"registry+https://github.com/rust-lang/crates.io-index#smallvec@1.15.1","manifest_path":"/home/mdupont/.cargo/registry/src/index.crates.io-1949cf8c6b5b557f/smallvec-1.15.1/Cargo.toml","target":{"kind":["lib"],"crate_types":["lib"],"name":"smallvec","src_path":"/home/mdupont/.cargo/registry/src/index.crates.io-1949cf8c6b5b557f/smallvec-1.15.1/src/lib.rs","edition":"2018","doc":true,"doctest":true,"test":true},"profile":{"opt_level":"0","debuginfo":2,"debug_assertions":true,"overflow_checks":true,"test":false},"features":["const_generics","may_dangle","union"],"filenames":["/mnt/data1/nix/vendor/rust/cargo2nix/target/debug/deps/libsmallvec-dee5d9eac11d371c.rlib","/mnt/data1/nix/vendor/rust/cargo2nix/target/debug/deps/libsmallvec-dee5d9eac11d371c.rmeta"],"executable":null,"fresh":true}
{"reason":"compiler-artifact","package_id":"registry+https://github.com/rust-lang/crates.io-index#rustc-hash@2.1.1","manifest_path":"/home/mdupont/.cargo/registry/src/index.crates.io-1949cf8c6b5b557f/rustc-hash-2.1.1/Cargo.toml","target":{"kind":["lib"],"crate_types":["lib"],"name":"rustc_hash","src_path":"/home/mdupont/.cargo/registry/src/index.crates.io-1949cf8c6b5b557f/rustc-hash-2.1.1/src/lib.rs","edition":"2021","doc":true,"doctest":true,"test":true},"profile":{"opt_level":"0","debuginfo":2,"debug_assertions":true,"overflow_checks":true,"test":false},"features":["default","std"],"filenames":["/mnt/data1/nix/vendor/rust/cargo2nix/target/debug/deps/librustc_hash-dc45a8d11cf191ca.rlib","/mnt/data1/nix/vendor/rust/cargo2nix/target/debug/deps/librustc_hash-dc45a8d11cf191ca.rmeta"],"executable":null,"fresh":true}
{"reason":"compiler-artifact","package_id":"registry+https://github.com/rust-lang/crates.io-index#once_cell@1.21.3","manifest_path":"/home/mdupont/.cargo/registry/src/index.crates.io-1949cf8c6b5b557f/once_cell-1.21.3/Cargo.toml","target":{"kind":["lib"],"crate_types":["lib"],"name":"once_cell","src_path":"/home/mdupont/.cargo/registry/src/index.crates.io-1949cf8c6b5b557f/once_cell-1.21.3/src/lib.rs","edition":"2021","doc":true,"doctest":true,"test":true},"profile":{"opt_level":"0","debuginfo":2,"debug_assertions":true,"overflow_checks":true,"test":false},"features":["alloc","default","race","std"],"filenames":["/mnt/data1/nix/vendor/rust/cargo2nix/target/debug/deps/libonce_cell-6c5ecd365f058077.rlib","/mnt/data1/nix/vendor/rust/cargo2nix/target/debug/deps/libonce_cell-6c5ecd365f058077.rmeta"],"executable":null,"fresh":true}
{"reason":"compiler-artifact","package_id":"registry+https://github.com/rust-lang/crates.io-index#rustix@1.1.2","manifest_path":"/home/mdupont/.cargo/registry/src/index.crates.io-1949cf8c6b5b557f/rustix-1.1.2/Cargo.toml","target":{"kind":["custom-build"],"crate_types":["bin"],"name":"build-script-build","src_path":"/home/mdupont/.cargo/registry/src/index.crates.io-1949cf8c6b5b557f/rustix-1.1.2/build.rs","edition":"2021","doc":false,"doctest":false,"test":false},"profile":{"opt_level":"0","debuginfo":0,"debug_assertions":true,"overflow_checks":true,"test":false},"features":["alloc","default","fs","std"],"filenames":["/mnt/data1/nix/vendor/rust/cargo2nix/target/debug/build/rustix-e02d02c8e2b5b134/build-script-build"],"executable":null,"fresh":true}
{"reason":"compiler-artifact","package_id":"path+file:///mnt/data1/nix/vendor/rust/cargo2nix/submodules/parking_lot/core#parking_lot_core@0.9.13","manifest_path":"/mnt/data1/nix/vendor/rust/cargo2nix/submodules/parking_lot/core/Cargo.toml","target":{"kind":["custom-build"],"crate_types":["bin"],"name":"build-script-build","src_path":"/mnt/data1/nix/vendor/rust/cargo2nix/submodules/parking_lot/core/build.rs","edition":"2021","doc":false,"doctest":false,"test":false},"profile":{"opt_level":"0","debuginfo":0,"debug_assertions":true,"overflow_checks":true,"test":false},"features":[],"filenames":["/mnt/data1/nix/vendor/rust/cargo2nix/target/debug/build/parking_lot_core-7635933883eff3ca/build-script-build"],"executable":null,"fresh":true}
{"reason":"compiler-artifact","package_id":"registry+https://github.com/rust-lang/crates.io-index#getrandom@0.3.4","manifest_path":"/home/mdupont/.cargo/registry/src/index.crates.io-1949cf8c6b5b557f/getrandom-0.3.4/Cargo.toml","target":{"kind":["custom-build"],"crate_types":["bin"],"name":"build-script-build","src_path":"/home/mdupont/.cargo/registry/src/index.crates.io-1949cf8c6b5b557f/getrandom-0.3.4/build.rs","edition":"2021","doc":false,"doctest":false,"test":false},"profile":{"opt_level":"0","debuginfo":0,"debug_assertions":true,"overflow_checks":true,"test":false},"features":[],"filenames":["/mnt/data1/nix/vendor/rust/cargo2nix/target/debug/build/getrandom-0054371bf7b99291/build-script-build"],"executable":null,"fresh":true}
{"reason":"compiler-artifact","package_id":"path+file:///mnt/data1/nix/vendor/rust/cargo2nix/submodules/rust-smallvec#smallvec@2.0.0-alpha.12","manifest_path":"/mnt/data1/nix/vendor/rust/cargo2nix/submodules/rust-smallvec/Cargo.toml","target":{"kind":["lib"],"crate_types":["lib"],"name":"smallvec","src_path":"/mnt/data1/nix/vendor/rust/cargo2nix/submodules/rust-smallvec/src/lib.rs","edition":"2021","doc":true,"doctest":true,"test":true},"profile":{"opt_level":"0","debuginfo":2,"debug_assertions":true,"overflow_checks":true,"test":false},"features":[],"filenames":["/mnt/data1/nix/vendor/rust/cargo2nix/target/debug/deps/libsmallvec-39da6c6240a07e62.rlib","/mnt/data1/nix/vendor/rust/cargo2nix/target/debug/deps/libsmallvec-39da6c6240a07e62.rmeta"],"executable":null,"fresh":true}
{"reason":"compiler-artifact","package_id":"registry+https://github.com/rust-lang/crates.io-index#proc-macro-hack@0.5.20+deprecated","manifest_path":"/home/mdupont/.cargo/registry/src/index.crates.io-1949cf8c6b5b557f/proc-macro-hack-0.5.20+deprecated/Cargo.toml","target":{"kind":["custom-build"],"crate_types":["bin"],"name":"build-script-build","src_path":"/home/mdupont/.cargo/registry/src/index.crates.io-1949cf8c6b5b557f/proc-macro-hack-0.5.20+deprecated/build.rs","edition":"2018","doc":false,"doctest":false,"test":false},"profile":{"opt_level":"0","debuginfo":0,"debug_assertions":true,"overflow_checks":true,"test":false},"features":[],"filenames":["/mnt/data1/nix/vendor/rust/cargo2nix/target/debug/build/proc-macro-hack-6493b3201e22390d/build-script-build"],"executable":null,"fresh":true}
{"reason":"compiler-artifact","package_id":"registry+https://github.com/rust-lang/crates.io-index#equivalent@1.0.2","manifest_path":"/home/mdupont/.cargo/registry/src/index.crates.io-1949cf8c6b5b557f/equivalent-1.0.2/Cargo.toml","target":{"kind":["lib"],"crate_types":["lib"],"name":"equivalent","src_path":"/home/mdupont/.cargo/registry/src/index.crates.io-1949cf8c6b5b557f/equivalent-1.0.2/src/lib.rs","edition":"2015","doc":true,"doctest":true,"test":true},"profile":{"opt_level":"0","debuginfo":2,"debug_assertions":true,"overflow_checks":true,"test":false},"features":[],"filenames":["/mnt/data1/nix/vendor/rust/cargo2nix/target/debug/deps/libequivalent-3ff77df1ac69f53a.rlib","/mnt/data1/nix/vendor/rust/cargo2nix/target/debug/deps/libequivalent-3ff77df1ac69f53a.rmeta"],"executable":null,"fresh":true}
{"reason":"compiler-artifact","package_id":"registry+https://github.com/rust-lang/crates.io-index#linux-raw-sys@0.11.0","manifest_path":"/home/mdupont/.cargo/registry/src/index.crates.io-1949cf8c6b5b557f/linux-raw-sys-0.11.0/Cargo.toml","target":{"kind":["lib"],"crate_types":["lib"],"name":"linux_raw_sys","src_path":"/home/mdupont/.cargo/registry/src/index.crates.io-1949cf8c6b5b557f/linux-raw-sys-0.11.0/src/lib.rs","edition":"2021","doc":true,"doctest":true,"test":true},"profile":{"opt_level":"0","debuginfo":2,"debug_assertions":true,"overflow_checks":true,"test":false},"features":["auxvec","elf","errno","general","ioctl","no_std"],"filenames":["/mnt/data1/nix/vendor/rust/cargo2nix/target/debug/deps/liblinux_raw_sys-12d95df1e9fb328b.rlib","/mnt/data1/nix/vendor/rust/cargo2nix/target/debug/deps/liblinux_raw_sys-12d95df1e9fb328b.rmeta"],"executable":null,"fresh":true}
{"reason":"compiler-artifact","package_id":"path+file:///mnt/data1/nix/vendor/rust/cargo2nix/submodules/rust/compiler/rustc_macros#0.0.0","manifest_path":"/mnt/data1/nix/vendor/rust/cargo2nix/submodules/rust/compiler/rustc_macros/Cargo.toml","target":{"kind":["custom-build"],"crate_types":["bin"],"name":"build-script-build","src_path":"/mnt/data1/nix/vendor/rust/cargo2nix/submodules/rust/compiler/rustc_macros/build.rs","edition":"2024","doc":false,"doctest":false,"test":false},"profile":{"opt_level":"0","debuginfo":0,"debug_assertions":true,"overflow_checks":true,"test":false},"features":[],"filenames":["/mnt/data1/nix/vendor/rust/cargo2nix/target/debug/build/rustc_macros-5a3f65926a00d803/build-script-build"],"executable":null,"fresh":true}
{"reason":"compiler-artifact","package_id":"registry+https://github.com/rust-lang/crates.io-index#memchr@2.7.6","manifest_path":"/home/mdupont/.cargo/registry/src/index.crates.io-1949cf8c6b5b557f/memchr-2.7.6/Cargo.toml","target":{"kind":["lib"],"crate_types":["lib"],"name":"memchr","src_path":"/home/mdupont/.cargo/registry/src/index.crates.io-1949cf8c6b5b557f/memchr-2.7.6/src/lib.rs","edition":"2021","doc":true,"doctest":true,"test":true},"profile":{"opt_level":"0","debuginfo":2,"debug_assertions":true,"overflow_checks":true,"test":false},"features":["alloc","default","std"],"filenames":["/mnt/data1/nix/vendor/rust/cargo2nix/target/debug/deps/libmemchr-5860c3e5f17fe065.rlib","/mnt/data1/nix/vendor/rust/cargo2nix/target/debug/deps/libmemchr-5860c3e5f17fe065.rmeta"],"executable":null,"fresh":true}
{"reason":"compiler-artifact","package_id":"registry+https://github.com/rust-lang/crates.io-index#hashbrown@0.16.1","manifest_path":"/home/mdupont/.cargo/registry/src/index.crates.io-1949cf8c6b5b557f/hashbrown-0.16.1/Cargo.toml","target":{"kind":["lib"],"crate_types":["lib"],"name":"hashbrown","src_path":"/home/mdupont/.cargo/registry/src/index.crates.io-1949cf8c6b5b557f/hashbrown-0.16.1/src/lib.rs","edition":"2021","doc":true,"doctest":true,"test":true},"profile":{"opt_level":"0","debuginfo":2,"debug_assertions":true,"overflow_checks":true,"test":false},"features":[],"filenames":["/mnt/data1/nix/vendor/rust/cargo2nix/target/debug/deps/libhashbrown-b0e8b026c933dc04.rlib","/mnt/data1/nix/vendor/rust/cargo2nix/target/debug/deps/libhashbrown-b0e8b026c933dc04.rmeta"],"executable":null,"fresh":true}
{"reason":"compiler-artifact","package_id":"registry+https://github.com/rust-lang/crates.io-index#bitflags@2.9.1","manifest_path":"/home/mdupont/.cargo/registry/src/index.crates.io-1949cf8c6b5b557f/bitflags-2.9.1/Cargo.toml","target":{"kind":["lib"],"crate_types":["lib"],"name":"bitflags","src_path":"/home/mdupont/.cargo/registry/src/index.crates.io-1949cf8c6b5b557f/bitflags-2.9.1/src/lib.rs","edition":"2021","doc":true,"doctest":true,"test":true},"profile":{"opt_level":"0","debuginfo":2,"debug_assertions":true,"overflow_checks":true,"test":false},"features":["std"],"filenames":["/mnt/data1/nix/vendor/rust/cargo2nix/target/debug/deps/libbitflags-70d45624af9c1b08.rlib","/mnt/data1/nix/vendor/rust/cargo2nix/target/debug/deps/libbitflags-70d45624af9c1b08.rmeta"],"executable":null,"fresh":true}
{"reason":"compiler-artifact","package_id":"path+file:///mnt/data1/nix/vendor/rust/cargo2nix/submodules/cfg-if#1.0.4","manifest_path":"/mnt/data1/nix/vendor/rust/cargo2nix/submodules/cfg-if/Cargo.toml","target":{"kind":["lib"],"crate_types":["lib"],"name":"cfg_if","src_path":"/mnt/data1/nix/vendor/rust/cargo2nix/submodules/cfg-if/src/lib.rs","edition":"2018","doc":true,"doctest":true,"test":true},"profile":{"opt_level":"0","debuginfo":2,"debug_assertions":true,"overflow_checks":true,"test":false},"features":[],"filenames":["/mnt/data1/nix/vendor/rust/cargo2nix/target/debug/deps/libcfg_if-abcd325605cd1772.rlib","/mnt/data1/nix/vendor/rust/cargo2nix/target/debug/deps/libcfg_if-abcd325605cd1772.rmeta"],"executable":null,"fresh":true}
{"reason":"compiler-artifact","package_id":"registry+https://github.com/rust-lang/crates.io-index#rustc-stable-hash@0.1.2","manifest_path":"/home/mdupont/.cargo/registry/src/index.crates.io-1949cf8c6b5b557f/rustc-stable-hash-0.1.2/Cargo.toml","target":{"kind":["lib"],"crate_types":["lib"],"name":"rustc_stable_hash","src_path":"/home/mdupont/.cargo/registry/src/index.crates.io-1949cf8c6b5b557f/rustc-stable-hash-0.1.2/src/lib.rs","edition":"2021","doc":true,"doctest":true,"test":true},"profile":{"opt_level":"0","debuginfo":2,"debug_assertions":true,"overflow_checks":true,"test":false},"features":["nightly"],"filenames":["/mnt/data1/nix/vendor/rust/cargo2nix/target/debug/deps/librustc_stable_hash-09ac5b9f65c37c6a.rlib","/mnt/data1/nix/vendor/rust/cargo2nix/target/debug/deps/librustc_stable_hash-09ac5b9f65c37c6a.rmeta"],"executable":null,"fresh":true}
{"reason":"compiler-artifact","package_id":"path+file:///mnt/data1/nix/vendor/rust/cargo2nix/submodules/syn#2.0.110","manifest_path":"/mnt/data1/nix/vendor/rust/cargo2nix/submodules/syn/Cargo.toml","target":{"kind":["lib"],"crate_types":["lib"],"name":"syn","src_path":"/mnt/data1/nix/vendor/rust/cargo2nix/submodules/syn/src/lib.rs","edition":"2021","doc":true,"doctest":true,"test":true},"profile":{"opt_level":"0","debuginfo":0,"debug_assertions":true,"overflow_checks":true,"test":false},"features":["clone-impls","default","derive","extra-traits","fold","full","parsing","printing","proc-macro","visit","visit-mut"],"filenames":["/mnt/data1/nix/vendor/rust/cargo2nix/target/debug/deps/libsyn-2d1f5843b6e2bfc0.rlib","/mnt/data1/nix/vendor/rust/cargo2nix/target/debug/deps/libsyn-2d1f5843b6e2bfc0.rmeta"],"executable":null,"fresh":true}
{"reason":"compiler-artifact","package_id":"registry+https://github.com/rust-lang/crates.io-index#libc@0.2.178","manifest_path":"/home/mdupont/.cargo/registry/src/index.crates.io-1949cf8c6b5b557f/libc-0.2.178/Cargo.toml","target":{"kind":["lib"],"crate_types":["lib"],"name":"libc","src_path":"/home/mdupont/.cargo/registry/src/index.crates.io-1949cf8c6b5b557f/libc-0.2.178/src/lib.rs","edition":"2021","doc":true,"doctest":true,"test":true},"profile":{"opt_level":"0","debuginfo":2,"debug_assertions":true,"overflow_checks":true,"test":false},"features":["default","std"],"filenames":["/mnt/data1/nix/vendor/rust/cargo2nix/target/debug/deps/liblibc-c4ebd88dbcc0a736.rlib","/mnt/data1/nix/vendor/rust/cargo2nix/target/debug/deps/liblibc-c4ebd88dbcc0a736.rmeta"],"executable":null,"fresh":true}
{"reason":"compiler-artifact","package_id":"registry+https://github.com/rust-lang/crates.io-index#cc@1.2.16","manifest_path":"/home/mdupont/.cargo/registry/src/index.crates.io-1949cf8c6b5b557f/cc-1.2.16/Cargo.toml","target":{"kind":["lib"],"crate_types":["lib"],"name":"cc","src_path":"/home/mdupont/.cargo/registry/src/index.crates.io-1949cf8c6b5b557f/cc-1.2.16/src/lib.rs","edition":"2018","doc":true,"doctest":true,"test":true},"profile":{"opt_level":"0","debuginfo":0,"debug_assertions":true,"overflow_checks":true,"test":false},"features":[],"filenames":["/mnt/data1/nix/vendor/rust/cargo2nix/target/debug/deps/libcc-04cf6fca5e83c259.rlib","/mnt/data1/nix/vendor/rust/cargo2nix/target/debug/deps/libcc-04cf6fca5e83c259.rmeta"],"executable":null,"fresh":true}
{"reason":"build-script-executed","package_id":"registry+https://github.com/rust-lang/crates.io-index#typenum@1.19.0","linked_libs":[],"linked_paths":[],"cfgs":[],"env":[],"out_dir":"/mnt/data1/nix/vendor/rust/cargo2nix/target/debug/build/typenum-c98bfe5758206a9e/out"}
{"reason":"compiler-artifact","package_id":"registry+https://github.com/rust-lang/crates.io-index#generic-array@0.14.7","manifest_path":"/home/mdupont/.cargo/registry/src/index.crates.io-1949cf8c6b5b557f/generic-array-0.14.7/Cargo.toml","target":{"kind":["custom-build"],"crate_types":["bin"],"name":"build-script-build","src_path":"/home/mdupont/.cargo/registry/src/index.crates.io-1949cf8c6b5b557f/generic-array-0.14.7/build.rs","edition":"2015","doc":false,"doctest":false,"test":false},"profile":{"opt_level":"0","debuginfo":0,"debug_assertions":true,"overflow_checks":true,"test":false},"features":["more_lengths"],"filenames":["/mnt/data1/nix/vendor/rust/cargo2nix/target/debug/build/generic-array-8457ed2fe4614263/build-script-build"],"executable":null,"fresh":true}
{"reason":"compiler-artifact","package_id":"registry+https://github.com/rust-lang/crates.io-index#memoffset@0.9.1","manifest_path":"/home/mdupont/.cargo/registry/src/index.crates.io-1949cf8c6b5b557f/memoffset-0.9.1/Cargo.toml","target":{"kind":["custom-build"],"crate_types":["bin"],"name":"build-script-build","src_path":"/home/mdupont/.cargo/registry/src/index.crates.io-1949cf8c6b5b557f/memoffset-0.9.1/build.rs","edition":"2015","doc":false,"doctest":false,"test":false},"profile":{"opt_level":"0","debuginfo":0,"debug_assertions":true,"overflow_checks":true,"test":false},"features":["default"],"filenames":["/mnt/data1/nix/vendor/rust/cargo2nix/target/debug/build/memoffset-517b06b5452d2ce1/build-script-build"],"executable":null,"fresh":true}
{"reason":"compiler-artifact","package_id":"registry+https://github.com/rust-lang/crates.io-index#crossbeam-epoch@0.9.15","manifest_path":"/home/mdupont/.cargo/registry/src/index.crates.io-1949cf8c6b5b557f/crossbeam-epoch-0.9.15/Cargo.toml","target":{"kind":["custom-build"],"crate_types":["bin"],"name":"build-script-build","src_path":"/home/mdupont/.cargo/registry/src/index.crates.io-1949cf8c6b5b557f/crossbeam-epoch-0.9.15/build.rs","edition":"2018","doc":false,"doctest":false,"test":false},"profile":{"opt_level":"0","debuginfo":0,"debug_assertions":true,"overflow_checks":true,"test":false},"features":["alloc","std"],"filenames":["/mnt/data1/nix/vendor/rust/cargo2nix/target/debug/build/crossbeam-epoch-d9758b4868331235/build-script-build"],"executable":null,"fresh":true}
{"reason":"build-script-executed","package_id":"registry+https://github.com/rust-lang/crates.io-index#crossbeam-utils@0.8.21","linked_libs":[],"linked_paths":[],"cfgs":[],"env":[],"out_dir":"/mnt/data1/nix/vendor/rust/cargo2nix/target/debug/build/crossbeam-utils-124310733090f593/out"}
{"reason":"build-script-executed","package_id":"registry+https://github.com/rust-lang/crates.io-index#rustix@1.1.2","linked_libs":[],"linked_paths":[],"cfgs":["static_assertions","lower_upper_exp_for_non_zero","rustc_diagnostics","linux_raw_dep","linux_raw","linux_like","linux_kernel"],"env":[],"out_dir":"/mnt/data1/nix/vendor/rust/cargo2nix/target/debug/build/rustix-b469ac74743ee08d/out"}
{"reason":"build-script-executed","package_id":"registry+https://github.com/rust-lang/crates.io-index#getrandom@0.3.4","linked_libs":[],"linked_paths":[],"cfgs":[],"env":[],"out_dir":"/mnt/data1/nix/vendor/rust/cargo2nix/target/debug/build/getrandom-3bb03a3df2befad3/out"}
{"reason":"build-script-executed","package_id":"path+file:///mnt/data1/nix/vendor/rust/cargo2nix/submodules/parking_lot/core#parking_lot_core@0.9.13","linked_libs":[],"linked_paths":[],"cfgs":[],"env":[],"out_dir":"/mnt/data1/nix/vendor/rust/cargo2nix/target/debug/build/parking_lot_core-fe234f826ed00202/out"}
{"reason":"build-script-executed","package_id":"registry+https://github.com/rust-lang/crates.io-index#proc-macro-hack@0.5.20+deprecated","linked_libs":[],"linked_paths":[],"cfgs":[],"env":[],"out_dir":"/mnt/data1/nix/vendor/rust/cargo2nix/target/debug/build/proc-macro-hack-8456808f9f535b46/out"}
{"reason":"build-script-executed","package_id":"path+file:///mnt/data1/nix/vendor/rust/cargo2nix/submodules/rust/compiler/rustc_macros#0.0.0","linked_libs":[],"linked_paths":[],"cfgs":[],"env":[],"out_dir":"/mnt/data1/nix/vendor/rust/cargo2nix/target/debug/build/rustc_macros-677eac7e1a7b5efa/out"}
{"reason":"compiler-artifact","package_id":"path+file:///mnt/data1/nix/vendor/rust/cargo2nix/submodules/rust/compiler/rustc_hashes#0.0.0","manifest_path":"/mnt/data1/nix/vendor/rust/cargo2nix/submodules/rust/compiler/rustc_hashes/Cargo.toml","target":{"kind":["lib"],"crate_types":["lib"],"name":"rustc_hashes","src_path":"/mnt/data1/nix/vendor/rust/cargo2nix/submodules/rust/compiler/rustc_hashes/src/lib.rs","edition":"2024","doc":true,"doctest":true,"test":true},"profile":{"opt_level":"0","debuginfo":2,"debug_assertions":true,"overflow_checks":true,"test":false},"features":[],"filenames":["/mnt/data1/nix/vendor/rust/cargo2nix/target/debug/deps/librustc_hashes-b3cb917380071670.rlib","/mnt/data1/nix/vendor/rust/cargo2nix/target/debug/deps/librustc_hashes-b3cb917380071670.rmeta"],"executable":null,"fresh":true}
{"reason":"compiler-artifact","package_id":"registry+https://github.com/rust-lang/crates.io-index#indexmap@2.11.4","manifest_path":"/home/mdupont/.cargo/registry/src/index.crates.io-1949cf8c6b5b557f/indexmap-2.11.4/Cargo.toml","target":{"kind":["lib"],"crate_types":["lib"],"name":"indexmap","src_path":"/home/mdupont/.cargo/registry/src/index.crates.io-1949cf8c6b5b557f/indexmap-2.11.4/src/lib.rs","edition":"2021","doc":true,"doctest":true,"test":true},"profile":{"opt_level":"0","debuginfo":2,"debug_assertions":true,"overflow_checks":true,"test":false},"features":["default","std"],"filenames":["/mnt/data1/nix/vendor/rust/cargo2nix/target/debug/deps/libindexmap-e63699300bd95c8c.rlib","/mnt/data1/nix/vendor/rust/cargo2nix/target/debug/deps/libindexmap-e63699300bd95c8c.rmeta"],"executable":null,"fresh":true}
{"reason":"compiler-artifact","package_id":"path+file:///mnt/data1/nix/vendor/rust/cargo2nix/submodules/parking_lot/lock_api#0.4.14","manifest_path":"/mnt/data1/nix/vendor/rust/cargo2nix/submodules/parking_lot/lock_api/Cargo.toml","target":{"kind":["lib"],"crate_types":["lib"],"name":"lock_api","src_path":"/mnt/data1/nix/vendor/rust/cargo2nix/submodules/parking_lot/lock_api/src/lib.rs","edition":"2021","doc":true,"doctest":true,"test":true},"profile":{"opt_level":"0","debuginfo":2,"debug_assertions":true,"overflow_checks":true,"test":false},"features":["atomic_usize","default"],"filenames":["/mnt/data1/nix/vendor/rust/cargo2nix/target/debug/deps/liblock_api-8a591569431bd593.rlib","/mnt/data1/nix/vendor/rust/cargo2nix/target/debug/deps/liblock_api-8a591569431bd593.rmeta"],"executable":null,"fresh":true}
{"reason":"compiler-artifact","package_id":"registry+https://github.com/rust-lang/crates.io-index#fastrand@2.3.0","manifest_path":"/home/mdupont/.cargo/registry/src/index.crates.io-1949cf8c6b5b557f/fastrand-2.3.0/Cargo.toml","target":{"kind":["lib"],"crate_types":["lib"],"name":"fastrand","src_path":"/home/mdupont/.cargo/registry/src/index.crates.io-1949cf8c6b5b557f/fastrand-2.3.0/src/lib.rs","edition":"2018","doc":true,"doctest":true,"test":true},"profile":{"opt_level":"0","debuginfo":2,"debug_assertions":true,"overflow_checks":true,"test":false},"features":["alloc","default","std"],"filenames":["/mnt/data1/nix/vendor/rust/cargo2nix/target/debug/deps/libfastrand-ecdbacb34276294a.rlib","/mnt/data1/nix/vendor/rust/cargo2nix/target/debug/deps/libfastrand-ecdbacb34276294a.rmeta"],"executable":null,"fresh":true}
{"reason":"compiler-artifact","package_id":"registry+https://github.com/rust-lang/crates.io-index#itoa@1.0.15","manifest_path":"/home/mdupont/.cargo/registry/src/index.crates.io-1949cf8c6b5b557f/itoa-1.0.15/Cargo.toml","target":{"kind":["lib"],"crate_types":["lib"],"name":"itoa","src_path":"/home/mdupont/.cargo/registry/src/index.crates.io-1949cf8c6b5b557f/itoa-1.0.15/src/lib.rs","edition":"2018","doc":true,"doctest":true,"test":true},"profile":{"opt_level":"0","debuginfo":2,"debug_assertions":true,"overflow_checks":true,"test":false},"features":[],"filenames":["/mnt/data1/nix/vendor/rust/cargo2nix/target/debug/deps/libitoa-a586594d020aa48a.rlib","/mnt/data1/nix/vendor/rust/cargo2nix/target/debug/deps/libitoa-a586594d020aa48a.rmeta"],"executable":null,"fresh":true}
{"reason":"compiler-artifact","package_id":"registry+https://github.com/rust-lang/crates.io-index#log@0.4.27","manifest_path":"/home/mdupont/.cargo/registry/src/index.crates.io-1949cf8c6b5b557f/log-0.4.27/Cargo.toml","target":{"kind":["lib"],"crate_types":["lib"],"name":"log","src_path":"/home/mdupont/.cargo/registry/src/index.crates.io-1949cf8c6b5b557f/log-0.4.27/src/lib.rs","edition":"2021","doc":true,"doctest":true,"test":true},"profile":{"opt_level":"0","debuginfo":2,"debug_assertions":true,"overflow_checks":true,"test":false},"features":[],"filenames":["/mnt/data1/nix/vendor/rust/cargo2nix/target/debug/deps/liblog-2e1dd8ba3a1a55d0.rlib","/mnt/data1/nix/vendor/rust/cargo2nix/target/debug/deps/liblog-2e1dd8ba3a1a55d0.rmeta"],"executable":null,"fresh":true}
{"reason":"compiler-artifact","package_id":"registry+https://github.com/rust-lang/crates.io-index#thin-vec@0.2.14","manifest_path":"/home/mdupont/.cargo/registry/src/index.crates.io-1949cf8c6b5b557f/thin-vec-0.2.14/Cargo.toml","target":{"kind":["lib"],"crate_types":["lib"],"name":"thin_vec","src_path":"/home/mdupont/.cargo/registry/src/index.crates.io-1949cf8c6b5b557f/thin-vec-0.2.14/src/lib.rs","edition":"2018","doc":true,"doctest":true,"test":true},"profile":{"opt_level":"0","debuginfo":2,"debug_assertions":true,"overflow_checks":true,"test":false},"features":["default","std"],"filenames":["/mnt/data1/nix/vendor/rust/cargo2nix/target/debug/deps/libthin_vec-d6727ede64ac316f.rlib","/mnt/data1/nix/vendor/rust/cargo2nix/target/debug/deps/libthin_vec-d6727ede64ac316f.rmeta"],"executable":null,"fresh":true}
{"reason":"compiler-artifact","package_id":"registry+https://github.com/rust-lang/crates.io-index#tracing-core@0.1.35","manifest_path":"/home/mdupont/.cargo/registry/src/index.crates.io-1949cf8c6b5b557f/tracing-core-0.1.35/Cargo.toml","target":{"kind":["lib"],"crate_types":["lib"],"name":"tracing_core","src_path":"/home/mdupont/.cargo/registry/src/index.crates.io-1949cf8c6b5b557f/tracing-core-0.1.35/src/lib.rs","edition":"2018","doc":true,"doctest":true,"test":true},"profile":{"opt_level":"0","debuginfo":2,"debug_assertions":true,"overflow_checks":true,"test":false},"features":["once_cell","std"],"filenames":["/mnt/data1/nix/vendor/rust/cargo2nix/target/debug/deps/libtracing_core-65c2b3bba258c992.rlib","/mnt/data1/nix/vendor/rust/cargo2nix/target/debug/deps/libtracing_core-65c2b3bba258c992.rmeta"],"executable":null,"fresh":true}
{"reason":"compiler-artifact","package_id":"registry+https://github.com/rust-lang/crates.io-index#cpufeatures@0.2.17","manifest_path":"/home/mdupont/.cargo/registry/src/index.crates.io-1949cf8c6b5b557f/cpufeatures-0.2.17/Cargo.toml","target":{"kind":["lib"],"crate_types":["lib"],"name":"cpufeatures","src_path":"/home/mdupont/.cargo/registry/src/index.crates.io-1949cf8c6b5b557f/cpufeatures-0.2.17/src/lib.rs","edition":"2018","doc":true,"doctest":true,"test":true},"profile":{"opt_level":"0","debuginfo":2,"debug_assertions":true,"overflow_checks":true,"test":false},"features":[],"filenames":["/mnt/data1/nix/vendor/rust/cargo2nix/target/debug/deps/libcpufeatures-241f523369765f8e.rlib","/mnt/data1/nix/vendor/rust/cargo2nix/target/debug/deps/libcpufeatures-241f523369765f8e.rmeta"],"executable":null,"fresh":true}
{"reason":"compiler-artifact","package_id":"registry+https://github.com/rust-lang/crates.io-index#either@1.13.0","manifest_path":"/home/mdupont/.cargo/registry/src/index.crates.io-1949cf8c6b5b557f/either-1.13.0/Cargo.toml","target":{"kind":["lib"],"crate_types":["lib"],"name":"either","src_path":"/home/mdupont/.cargo/registry/src/index.crates.io-1949cf8c6b5b557f/either-1.13.0/src/lib.rs","edition":"2018","doc":true,"doctest":true,"test":true},"profile":{"opt_level":"0","debuginfo":2,"debug_assertions":true,"overflow_checks":true,"test":false},"features":["default","use_std"],"filenames":["/mnt/data1/nix/vendor/rust/cargo2nix/target/debug/deps/libeither-bac2b5147016ebf9.rlib","/mnt/data1/nix/vendor/rust/cargo2nix/target/debug/deps/libeither-bac2b5147016ebf9.rmeta"],"executable":null,"fresh":true}
{"reason":"compiler-artifact","package_id":"registry+https://github.com/rust-lang/crates.io-index#pin-project-lite@0.2.16","manifest_path":"/home/mdupont/.cargo/registry/src/index.crates.io-1949cf8c6b5b557f/pin-project-lite-0.2.16/Cargo.toml","target":{"kind":["lib"],"crate_types":["lib"],"name":"pin_project_lite","src_path":"/home/mdupont/.cargo/registry/src/index.crates.io-1949cf8c6b5b557f/pin-project-lite-0.2.16/src/lib.rs","edition":"2018","doc":true,"doctest":true,"test":true},"profile":{"opt_level":"0","debuginfo":2,"debug_assertions":true,"overflow_checks":true,"test":false},"features":[],"filenames":["/mnt/data1/nix/vendor/rust/cargo2nix/target/debug/deps/libpin_project_lite-8ceaaa5d1655a324.rlib","/mnt/data1/nix/vendor/rust/cargo2nix/target/debug/deps/libpin_project_lite-8ceaaa5d1655a324.rmeta"],"executable":null,"fresh":true}
   Compiling synstructure v0.13.2
   Compiling displaydoc v0.2.5
   Compiling zerovec-derive v0.11.2
{"reason":"compiler-artifact","package_id":"registry+https://github.com/rust-lang/crates.io-index#typenum@1.19.0","manifest_path":"/home/mdupont/.cargo/registry/src/index.crates.io-1949cf8c6b5b557f/typenum-1.19.0/Cargo.toml","target":{"kind":["lib"],"crate_types":["lib"],"name":"typenum","src_path":"/home/mdupont/.cargo/registry/src/index.crates.io-1949cf8c6b5b557f/typenum-1.19.0/src/lib.rs","edition":"2018","doc":true,"doctest":true,"test":true},"profile":{"opt_level":"0","debuginfo":2,"debug_assertions":true,"overflow_checks":true,"test":false},"features":[],"filenames":["/mnt/data1/nix/vendor/rust/cargo2nix/target/debug/deps/libtypenum-e3f905bb714bbc8a.rlib","/mnt/data1/nix/vendor/rust/cargo2nix/target/debug/deps/libtypenum-e3f905bb714bbc8a.rmeta"],"executable":null,"fresh":true}
{"reason":"build-script-executed","package_id":"registry+https://github.com/rust-lang/crates.io-index#generic-array@0.14.7","linked_libs":[],"linked_paths":[],"cfgs":["relaxed_coherence"],"env":[],"out_dir":"/mnt/data1/nix/vendor/rust/cargo2nix/target/debug/build/generic-array-3ae9e17769bb82ee/out"}
{"reason":"build-script-executed","package_id":"registry+https://github.com/rust-lang/crates.io-index#memoffset@0.9.1","linked_libs":[],"linked_paths":[],"cfgs":["tuple_ty","allow_clippy","maybe_uninit","doctests","raw_ref_macros","stable_const","stable_offset_of"],"env":[],"out_dir":"/mnt/data1/nix/vendor/rust/cargo2nix/target/debug/build/memoffset-b312f9d8753d991d/out"}
{"reason":"compiler-artifact","package_id":"registry+https://github.com/rust-lang/crates.io-index#crossbeam-utils@0.8.21","manifest_path":"/home/mdupont/.cargo/registry/src/index.crates.io-1949cf8c6b5b557f/crossbeam-utils-0.8.21/Cargo.toml","target":{"kind":["lib"],"crate_types":["lib"],"name":"crossbeam_utils","src_path":"/home/mdupont/.cargo/registry/src/index.crates.io-1949cf8c6b5b557f/crossbeam-utils-0.8.21/src/lib.rs","edition":"2021","doc":true,"doctest":true,"test":true},"profile":{"opt_level":"0","debuginfo":2,"debug_assertions":true,"overflow_checks":true,"test":false},"features":["default","std"],"filenames":["/mnt/data1/nix/vendor/rust/cargo2nix/target/debug/deps/libcrossbeam_utils-8b1c467854ef33b2.rlib","/mnt/data1/nix/vendor/rust/cargo2nix/target/debug/deps/libcrossbeam_utils-8b1c467854ef33b2.rmeta"],"executable":null,"fresh":true}
   Compiling psm v0.1.26
{"reason":"build-script-executed","package_id":"registry+https://github.com/rust-lang/crates.io-index#crossbeam-epoch@0.9.15","linked_libs":[],"linked_paths":[],"cfgs":[],"env":[],"out_dir":"/mnt/data1/nix/vendor/rust/cargo2nix/target/debug/build/crossbeam-epoch-6e1020901dab190c/out"}
{"reason":"compiler-message","package_id":"path+file:///mnt/data1/nix/vendor/rust/cargo2nix/submodules/parking_lot/core#parking_lot_core@0.9.13","manifest_path":"/mnt/data1/nix/vendor/rust/cargo2nix/submodules/parking_lot/core/Cargo.toml","target":{"kind":["lib"],"crate_types":["lib"],"name":"parking_lot_core","src_path":"/mnt/data1/nix/vendor/rust/cargo2nix/submodules/parking_lot/core/src/lib.rs","edition":"2021","doc":true,"doctest":true,"test":true},"message":{"rendered":"warning: type `word_lock::ThreadData` is more private than the item `word_lock::with_thread_data`\n  --> submodules/parking_lot/core/src/word_lock.rs:51:1\n   |\n51 | pub fn with_thread_data<T>(f: impl FnOnce(&ThreadData) -> T) -> T {\n   | ^^^^^^^^^^^^^^^^^^^^^^^^^^^^^^^^^^^^^^^^^^^^^^^^^^^^^^^^^^^^^^^^^ function `word_lock::with_thread_data` is reachable at visibility `pub(crate)`\n   |\nnote: but type `word_lock::ThreadData` is only usable at visibility `pub(self)`\n  --> submodules/parking_lot/core/src/word_lock.rs:16:1\n   |\n16 | struct ThreadData {\n   | ^^^^^^^^^^^^^^^^^\n   = note: `#[warn(private_bounds)]` on by default\n\n","$message_type":"diagnostic","children":[{"children":[],"code":null,"level":"note","message":"but type `word_lock::ThreadData` is only usable at visibility `pub(self)`","rendered":null,"spans":[{"byte_end":549,"byte_start":532,"column_end":18,"column_start":1,"expansion":null,"file_name":"submodules/parking_lot/core/src/word_lock.rs","is_primary":true,"label":null,"line_end":16,"line_start":16,"suggested_replacement":null,"suggestion_applicability":null,"text":[{"highlight_end":18,"highlight_start":1,"text":"struct ThreadData {"}]}]},{"children":[],"code":null,"level":"note","message":"`#[warn(private_bounds)]` on by default","rendered":null,"spans":[]}],"code":{"code":"private_bounds","explanation":null},"level":"warning","message":"type `word_lock::ThreadData` is more private than the item `word_lock::with_thread_data`","spans":[{"byte_end":1934,"byte_start":1869,"column_end":66,"column_start":1,"expansion":null,"file_name":"submodules/parking_lot/core/src/word_lock.rs","is_primary":true,"label":"function `word_lock::with_thread_data` is reachable at visibility `pub(crate)`","line_end":51,"line_start":51,"suggested_replacement":null,"suggestion_applicability":null,"text":[{"highlight_end":66,"highlight_start":1,"text":"pub fn with_thread_data<T>(f: impl FnOnce(&ThreadData) -> T) -> T {"}]}]}}
{"reason":"compiler-artifact","package_id":"path+file:///mnt/data1/nix/vendor/rust/cargo2nix/submodules/parking_lot/core#parking_lot_core@0.9.13","manifest_path":"/mnt/data1/nix/vendor/rust/cargo2nix/submodules/parking_lot/core/Cargo.toml","target":{"kind":["lib"],"crate_types":["lib"],"name":"parking_lot_core","src_path":"/mnt/data1/nix/vendor/rust/cargo2nix/submodules/parking_lot/core/src/lib.rs","edition":"2021","doc":true,"doctest":true,"test":true},"profile":{"opt_level":"0","debuginfo":2,"debug_assertions":true,"overflow_checks":true,"test":false},"features":[],"filenames":["/mnt/data1/nix/vendor/rust/cargo2nix/target/debug/deps/libparking_lot_core-9be775b69d4a0863.rlib","/mnt/data1/nix/vendor/rust/cargo2nix/target/debug/deps/libparking_lot_core-9be775b69d4a0863.rmeta"],"executable":null,"fresh":true}
   Compiling stacker v0.1.21
{"reason":"compiler-artifact","package_id":"registry+https://github.com/rust-lang/crates.io-index#rustix@1.1.2","manifest_path":"/home/mdupont/.cargo/registry/src/index.crates.io-1949cf8c6b5b557f/rustix-1.1.2/Cargo.toml","target":{"kind":["lib"],"crate_types":["lib"],"name":"rustix","src_path":"/home/mdupont/.cargo/registry/src/index.crates.io-1949cf8c6b5b557f/rustix-1.1.2/src/lib.rs","edition":"2021","doc":true,"doctest":true,"test":true},"profile":{"opt_level":"0","debuginfo":2,"debug_assertions":true,"overflow_checks":true,"test":false},"features":["alloc","default","fs","std"],"filenames":["/mnt/data1/nix/vendor/rust/cargo2nix/target/debug/deps/librustix-fa47042f1eab7cf7.rlib","/mnt/data1/nix/vendor/rust/cargo2nix/target/debug/deps/librustix-fa47042f1eab7cf7.rmeta"],"executable":null,"fresh":true}
{"reason":"compiler-artifact","package_id":"registry+https://github.com/rust-lang/crates.io-index#proc-macro-hack@0.5.20+deprecated","manifest_path":"/home/mdupont/.cargo/registry/src/index.crates.io-1949cf8c6b5b557f/proc-macro-hack-0.5.20+deprecated/Cargo.toml","target":{"kind":["proc-macro"],"crate_types":["proc-macro"],"name":"proc_macro_hack","src_path":"/home/mdupont/.cargo/registry/src/index.crates.io-1949cf8c6b5b557f/proc-macro-hack-0.5.20+deprecated/src/lib.rs","edition":"2018","doc":true,"doctest":true,"test":true},"profile":{"opt_level":"0","debuginfo":0,"debug_assertions":true,"overflow_checks":true,"test":false},"features":[],"filenames":["/mnt/data1/nix/vendor/rust/cargo2nix/target/debug/deps/libproc_macro_hack-8d759cea2048f9d2.so"],"executable":null,"fresh":true}
{"reason":"compiler-artifact","package_id":"registry+https://github.com/rust-lang/crates.io-index#getrandom@0.3.4","manifest_path":"/home/mdupont/.cargo/registry/src/index.crates.io-1949cf8c6b5b557f/getrandom-0.3.4/Cargo.toml","target":{"kind":["lib"],"crate_types":["lib"],"name":"getrandom","src_path":"/home/mdupont/.cargo/registry/src/index.crates.io-1949cf8c6b5b557f/getrandom-0.3.4/src/lib.rs","edition":"2021","doc":true,"doctest":true,"test":true},"profile":{"opt_level":"0","debuginfo":2,"debug_assertions":true,"overflow_checks":true,"test":false},"features":[],"filenames":["/mnt/data1/nix/vendor/rust/cargo2nix/target/debug/deps/libgetrandom-1d379f1c27037172.rlib","/mnt/data1/nix/vendor/rust/cargo2nix/target/debug/deps/libgetrandom-1d379f1c27037172.rmeta"],"executable":null,"fresh":true}
{"reason":"compiler-artifact","package_id":"registry+https://github.com/rust-lang/crates.io-index#perf-event-open-sys@3.0.0","manifest_path":"/home/mdupont/.cargo/registry/src/index.crates.io-1949cf8c6b5b557f/perf-event-open-sys-3.0.0/Cargo.toml","target":{"kind":["lib"],"crate_types":["lib"],"name":"perf_event_open_sys","src_path":"/home/mdupont/.cargo/registry/src/index.crates.io-1949cf8c6b5b557f/perf-event-open-sys-3.0.0/src/lib.rs","edition":"2018","doc":true,"doctest":true,"test":true},"profile":{"opt_level":"0","debuginfo":2,"debug_assertions":true,"overflow_checks":true,"test":false},"features":[],"filenames":["/mnt/data1/nix/vendor/rust/cargo2nix/target/debug/deps/libperf_event_open_sys-11015d0130a3db48.rlib","/mnt/data1/nix/vendor/rust/cargo2nix/target/debug/deps/libperf_event_open_sys-11015d0130a3db48.rmeta"],"executable":null,"fresh":true}
{"reason":"compiler-artifact","package_id":"path+file:///mnt/data1/nix/vendor/rust/cargo2nix/submodules/rust/compiler/rustc_serialize#0.0.0","manifest_path":"/mnt/data1/nix/vendor/rust/cargo2nix/submodules/rust/compiler/rustc_serialize/Cargo.toml","target":{"kind":["lib"],"crate_types":["lib"],"name":"rustc_serialize","src_path":"/mnt/data1/nix/vendor/rust/cargo2nix/submodules/rust/compiler/rustc_serialize/src/lib.rs","edition":"2024","doc":true,"doctest":true,"test":true},"profile":{"opt_level":"0","debuginfo":2,"debug_assertions":true,"overflow_checks":true,"test":false},"features":[],"filenames":["/mnt/data1/nix/vendor/rust/cargo2nix/target/debug/deps/librustc_serialize-5841aab622994be4.rlib","/mnt/data1/nix/vendor/rust/cargo2nix/target/debug/deps/librustc_serialize-5841aab622994be4.rmeta"],"executable":null,"fresh":true}
   Compiling blake3 v1.8.2
{"reason":"compiler-artifact","package_id":"registry+https://github.com/rust-lang/crates.io-index#memmap2@0.2.3","manifest_path":"/home/mdupont/.cargo/registry/src/index.crates.io-1949cf8c6b5b557f/memmap2-0.2.3/Cargo.toml","target":{"kind":["lib"],"crate_types":["lib"],"name":"memmap2","src_path":"/home/mdupont/.cargo/registry/src/index.crates.io-1949cf8c6b5b557f/memmap2-0.2.3/src/lib.rs","edition":"2018","doc":true,"doctest":true,"test":true},"profile":{"opt_level":"0","debuginfo":2,"debug_assertions":true,"overflow_checks":true,"test":false},"features":[],"filenames":["/mnt/data1/nix/vendor/rust/cargo2nix/target/debug/deps/libmemmap2-d1ee406e18127c5a.rlib","/mnt/data1/nix/vendor/rust/cargo2nix/target/debug/deps/libmemmap2-d1ee406e18127c5a.rmeta"],"executable":null,"fresh":true}
   Compiling tracing-attributes v0.1.28
   Compiling rustc_index_macros v0.0.0 (/mnt/data1/nix/vendor/rust/cargo2nix/submodules/rust/compiler/rustc_index_macros)
{"reason":"compiler-artifact","package_id":"registry+https://github.com/rust-lang/crates.io-index#arrayvec@0.7.6","manifest_path":"/home/mdupont/.cargo/registry/src/index.crates.io-1949cf8c6b5b557f/arrayvec-0.7.6/Cargo.toml","target":{"kind":["lib"],"crate_types":["lib"],"name":"arrayvec","src_path":"/home/mdupont/.cargo/registry/src/index.crates.io-1949cf8c6b5b557f/arrayvec-0.7.6/src/lib.rs","edition":"2018","doc":true,"doctest":true,"test":true},"profile":{"opt_level":"0","debuginfo":2,"debug_assertions":true,"overflow_checks":true,"test":false},"features":[],"filenames":["/mnt/data1/nix/vendor/rust/cargo2nix/target/debug/deps/libarrayvec-a5e92737053faea4.rlib","/mnt/data1/nix/vendor/rust/cargo2nix/target/debug/deps/libarrayvec-a5e92737053faea4.rmeta"],"executable":null,"fresh":true}
{"reason":"compiler-artifact","package_id":"registry+https://github.com/rust-lang/crates.io-index#rustc-hash@1.1.0","manifest_path":"/home/mdupont/.cargo/registry/src/index.crates.io-1949cf8c6b5b557f/rustc-hash-1.1.0/Cargo.toml","target":{"kind":["lib"],"crate_types":["lib"],"name":"rustc_hash","src_path":"/home/mdupont/.cargo/registry/src/index.crates.io-1949cf8c6b5b557f/rustc-hash-1.1.0/src/lib.rs","edition":"2015","doc":true,"doctest":true,"test":true},"profile":{"opt_level":"0","debuginfo":2,"debug_assertions":true,"overflow_checks":true,"test":false},"features":["default","std"],"filenames":["/mnt/data1/nix/vendor/rust/cargo2nix/target/debug/deps/librustc_hash-9961800f1f66f75d.rlib","/mnt/data1/nix/vendor/rust/cargo2nix/target/debug/deps/librustc_hash-9961800f1f66f75d.rmeta"],"executable":null,"fresh":true}
{"reason":"compiler-artifact","package_id":"registry+https://github.com/rust-lang/crates.io-index#jobserver@0.1.34","manifest_path":"/home/mdupont/.cargo/registry/src/index.crates.io-1949cf8c6b5b557f/jobserver-0.1.34/Cargo.toml","target":{"kind":["lib"],"crate_types":["lib"],"name":"jobserver","src_path":"/home/mdupont/.cargo/registry/src/index.crates.io-1949cf8c6b5b557f/jobserver-0.1.34/src/lib.rs","edition":"2021","doc":true,"doctest":true,"test":true},"profile":{"opt_level":"0","debuginfo":2,"debug_assertions":true,"overflow_checks":true,"test":false},"features":[],"filenames":["/mnt/data1/nix/vendor/rust/cargo2nix/target/debug/deps/libjobserver-48605ac4ef2789d4.rlib","/mnt/data1/nix/vendor/rust/cargo2nix/target/debug/deps/libjobserver-48605ac4ef2789d4.rmeta"],"executable":null,"fresh":true}
{"reason":"compiler-artifact","package_id":"registry+https://github.com/rust-lang/crates.io-index#ena@0.14.3","manifest_path":"/home/mdupont/.cargo/registry/src/index.crates.io-1949cf8c6b5b557f/ena-0.14.3/Cargo.toml","target":{"kind":["lib"],"crate_types":["lib"],"name":"ena","src_path":"/home/mdupont/.cargo/registry/src/index.crates.io-1949cf8c6b5b557f/ena-0.14.3/src/lib.rs","edition":"2015","doc":true,"doctest":true,"test":true},"profile":{"opt_level":"0","debuginfo":2,"debug_assertions":true,"overflow_checks":true,"test":false},"features":[],"filenames":["/mnt/data1/nix/vendor/rust/cargo2nix/target/debug/deps/libena-19ed99606a1eeccd.rlib","/mnt/data1/nix/vendor/rust/cargo2nix/target/debug/deps/libena-19ed99606a1eeccd.rmeta"],"executable":null,"fresh":true}
{"reason":"compiler-artifact","package_id":"registry+https://github.com/rust-lang/crates.io-index#generic-array@0.14.7","manifest_path":"/home/mdupont/.cargo/registry/src/index.crates.io-1949cf8c6b5b557f/generic-array-0.14.7/Cargo.toml","target":{"kind":["lib"],"crate_types":["lib"],"name":"generic_array","src_path":"/home/mdupont/.cargo/registry/src/index.crates.io-1949cf8c6b5b557f/generic-array-0.14.7/src/lib.rs","edition":"2015","doc":true,"doctest":true,"test":true},"profile":{"opt_level":"0","debuginfo":2,"debug_assertions":true,"overflow_checks":true,"test":false},"features":["more_lengths"],"filenames":["/mnt/data1/nix/vendor/rust/cargo2nix/target/debug/deps/libgeneric_array-25f7b09caa2d094b.rlib","/mnt/data1/nix/vendor/rust/cargo2nix/target/debug/deps/libgeneric_array-25f7b09caa2d094b.rmeta"],"executable":null,"fresh":true}
{"reason":"compiler-artifact","package_id":"registry+https://github.com/rust-lang/crates.io-index#memoffset@0.9.1","manifest_path":"/home/mdupont/.cargo/registry/src/index.crates.io-1949cf8c6b5b557f/memoffset-0.9.1/Cargo.toml","target":{"kind":["lib"],"crate_types":["lib"],"name":"memoffset","src_path":"/home/mdupont/.cargo/registry/src/index.crates.io-1949cf8c6b5b557f/memoffset-0.9.1/src/lib.rs","edition":"2015","doc":true,"doctest":true,"test":true},"profile":{"opt_level":"0","debuginfo":2,"debug_assertions":true,"overflow_checks":true,"test":false},"features":["default"],"filenames":["/mnt/data1/nix/vendor/rust/cargo2nix/target/debug/deps/libmemoffset-4e383f14ad0576a3.rlib","/mnt/data1/nix/vendor/rust/cargo2nix/target/debug/deps/libmemoffset-4e383f14ad0576a3.rmeta"],"executable":null,"fresh":true}
{"reason":"compiler-message","package_id":"path+file:///mnt/data1/nix/vendor/rust/cargo2nix/submodules/parking_lot#0.12.6","manifest_path":"/mnt/data1/nix/vendor/rust/cargo2nix/submodules/parking_lot/Cargo.toml","target":{"kind":["lib"],"crate_types":["lib"],"name":"parking_lot","src_path":"/mnt/data1/nix/vendor/rust/cargo2nix/submodules/parking_lot/src/lib.rs","edition":"2021","doc":true,"doctest":true,"test":true},"message":{"rendered":"warning: unused import: `deadlock`\n  --> submodules/parking_lot/src/condvar.rs:10:13\n   |\n10 | use crate::{deadlock, util};\n   |             ^^^^^^^^\n   |\n   = note: `#[warn(unused_imports)]` (part of `#[warn(unused)]`) on by default\n\n","$message_type":"diagnostic","children":[{"children":[],"code":null,"level":"note","message":"`#[warn(unused_imports)]` (part of `#[warn(unused)]`) on by default","rendered":null,"spans":[]},{"children":[],"code":null,"level":"help","message":"remove the unused import","rendered":null,"spans":[{"byte_end":448,"byte_start":438,"column_end":23,"column_start":13,"expansion":null,"file_name":"submodules/parking_lot/src/condvar.rs","is_primary":true,"label":null,"line_end":10,"line_start":10,"suggested_replacement":"","suggestion_applicability":"MachineApplicable","text":[{"highlight_end":23,"highlight_start":13,"text":"use crate::{deadlock, util};"}]},{"byte_end":438,"byte_start":437,"column_end":13,"column_start":12,"expansion":null,"file_name":"submodules/parking_lot/src/condvar.rs","is_primary":true,"label":null,"line_end":10,"line_start":10,"suggested_replacement":"","suggestion_applicability":"MachineApplicable","text":[{"highlight_end":13,"highlight_start":12,"text":"use crate::{deadlock, util};"}]},{"byte_end":453,"byte_start":452,"column_end":28,"column_start":27,"expansion":null,"file_name":"submodules/parking_lot/src/condvar.rs","is_primary":true,"label":null,"line_end":10,"line_start":10,"suggested_replacement":"","suggestion_applicability":"MachineApplicable","text":[{"highlight_end":28,"highlight_start":27,"text":"use crate::{deadlock, util};"}]}]}],"code":{"code":"unused_imports","explanation":null},"level":"warning","message":"unused import: `deadlock`","spans":[{"byte_end":446,"byte_start":438,"column_end":21,"column_start":13,"expansion":null,"file_name":"submodules/parking_lot/src/condvar.rs","is_primary":true,"label":null,"line_end":10,"line_start":10,"suggested_replacement":null,"suggestion_applicability":null,"text":[{"highlight_end":21,"highlight_start":13,"text":"use crate::{deadlock, util};"}]}]}}
{"reason":"compiler-message","package_id":"path+file:///mnt/data1/nix/vendor/rust/cargo2nix/submodules/parking_lot#0.12.6","manifest_path":"/mnt/data1/nix/vendor/rust/cargo2nix/submodules/parking_lot/Cargo.toml","target":{"kind":["lib"],"crate_types":["lib"],"name":"parking_lot","src_path":"/mnt/data1/nix/vendor/rust/cargo2nix/submodules/parking_lot/src/lib.rs","edition":"2021","doc":true,"doctest":true,"test":true},"message":{"rendered":"warning: unused import: `crate::deadlock`\n  --> submodules/parking_lot/src/raw_mutex.rs:11:5\n   |\n11 | use crate::deadlock;\n   |     ^^^^^^^^^^^^^^^\n\n","$message_type":"diagnostic","children":[{"children":[],"code":null,"level":"help","message":"remove the whole `use` item","rendered":null,"spans":[{"byte_end":496,"byte_start":431,"column_end":1,"column_start":1,"expansion":null,"file_name":"submodules/parking_lot/src/raw_mutex.rs","is_primary":true,"label":null,"line_end":12,"line_start":10,"suggested_replacement":"","suggestion_applicability":"MachineApplicable","text":[{"highlight_end":44,"highlight_start":1,"text":"#[cfg(not(feature = \"deadlock_detection\"))]"},{"highlight_end":21,"highlight_start":1,"text":"use crate::deadlock;"},{"highlight_end":1,"highlight_start":1,"text":"use crate::util;"}]}]}],"code":{"code":"unused_imports","explanation":null},"level":"warning","message":"unused import: `crate::deadlock`","spans":[{"byte_end":494,"byte_start":479,"column_end":20,"column_start":5,"expansion":null,"file_name":"submodules/parking_lot/src/raw_mutex.rs","is_primary":true,"label":null,"line_end":11,"line_start":11,"suggested_replacement":null,"suggestion_applicability":null,"text":[{"highlight_end":20,"highlight_start":5,"text":"use crate::deadlock;"}]}]}}
{"reason":"compiler-message","package_id":"path+file:///mnt/data1/nix/vendor/rust/cargo2nix/submodules/parking_lot#0.12.6","manifest_path":"/mnt/data1/nix/vendor/rust/cargo2nix/submodules/parking_lot/Cargo.toml","target":{"kind":["lib"],"crate_types":["lib"],"name":"parking_lot","src_path":"/mnt/data1/nix/vendor/rust/cargo2nix/submodules/parking_lot/src/lib.rs","edition":"2021","doc":true,"doctest":true,"test":true},"message":{"rendered":"warning: unused import: `parking_lot_core::deadlock`\n  --> submodules/parking_lot/src/deadlock.rs:38:16\n   |\n38 | pub(crate) use parking_lot_core::deadlock;\n   |                ^^^^^^^^^^^^^^^^^^^^^^^^^^\n\n","$message_type":"diagnostic","children":[{"children":[],"code":null,"level":"help","message":"remove the whole `use` item","rendered":null,"spans":[{"byte_end":1165,"byte_start":1122,"column_end":1,"column_start":1,"expansion":null,"file_name":"submodules/parking_lot/src/deadlock.rs","is_primary":true,"label":null,"line_end":39,"line_start":38,"suggested_replacement":"","suggestion_applicability":"MachineApplicable","text":[{"highlight_end":43,"highlight_start":1,"text":"pub(crate) use parking_lot_core::deadlock;"},{"highlight_end":1,"highlight_start":1,"text":""}]}]}],"code":{"code":"unused_imports","explanation":null},"level":"warning","message":"unused import: `parking_lot_core::deadlock`","spans":[{"byte_end":1163,"byte_start":1137,"column_end":42,"column_start":16,"expansion":null,"file_name":"submodules/parking_lot/src/deadlock.rs","is_primary":true,"label":null,"line_end":38,"line_start":38,"suggested_replacement":null,"suggestion_applicability":null,"text":[{"highlight_end":42,"highlight_start":16,"text":"pub(crate) use parking_lot_core::deadlock;"}]}]}}
{"reason":"compiler-artifact","package_id":"path+file:///mnt/data1/nix/vendor/rust/cargo2nix/submodules/parking_lot#0.12.6","manifest_path":"/mnt/data1/nix/vendor/rust/cargo2nix/submodules/parking_lot/Cargo.toml","target":{"kind":["lib"],"crate_types":["lib"],"name":"parking_lot","src_path":"/mnt/data1/nix/vendor/rust/cargo2nix/submodules/parking_lot/src/lib.rs","edition":"2021","doc":true,"doctest":true,"test":true},"profile":{"opt_level":"0","debuginfo":2,"debug_assertions":true,"overflow_checks":true,"test":false},"features":["default"],"filenames":["/mnt/data1/nix/vendor/rust/cargo2nix/target/debug/deps/libparking_lot-1d1f0f1d2441c680.rlib","/mnt/data1/nix/vendor/rust/cargo2nix/target/debug/deps/libparking_lot-1d1f0f1d2441c680.rmeta"],"executable":null,"fresh":true}
{"reason":"compiler-artifact","package_id":"registry+https://github.com/rust-lang/crates.io-index#tempfile@3.23.0","manifest_path":"/home/mdupont/.cargo/registry/src/index.crates.io-1949cf8c6b5b557f/tempfile-3.23.0/Cargo.toml","target":{"kind":["lib"],"crate_types":["lib"],"name":"tempfile","src_path":"/home/mdupont/.cargo/registry/src/index.crates.io-1949cf8c6b5b557f/tempfile-3.23.0/src/lib.rs","edition":"2021","doc":true,"doctest":true,"test":true},"profile":{"opt_level":"0","debuginfo":2,"debug_assertions":true,"overflow_checks":true,"test":false},"features":["default","getrandom"],"filenames":["/mnt/data1/nix/vendor/rust/cargo2nix/target/debug/deps/libtempfile-40e862ad44e59d3d.rlib","/mnt/data1/nix/vendor/rust/cargo2nix/target/debug/deps/libtempfile-40e862ad44e59d3d.rmeta"],"executable":null,"fresh":true}
{"reason":"compiler-artifact","package_id":"path+file:///mnt/data1/nix/vendor/rust/cargo2nix/submodules/rust/compiler/rustc_arena#0.0.0","manifest_path":"/mnt/data1/nix/vendor/rust/cargo2nix/submodules/rust/compiler/rustc_arena/Cargo.toml","target":{"kind":["lib"],"crate_types":["lib"],"name":"rustc_arena","src_path":"/mnt/data1/nix/vendor/rust/cargo2nix/submodules/rust/compiler/rustc_arena/src/lib.rs","edition":"2024","doc":true,"doctest":true,"test":true},"profile":{"opt_level":"0","debuginfo":2,"debug_assertions":true,"overflow_checks":true,"test":false},"features":[],"filenames":["/mnt/data1/nix/vendor/rust/cargo2nix/target/debug/deps/librustc_arena-94a71350d8d0d8f0.rlib","/mnt/data1/nix/vendor/rust/cargo2nix/target/debug/deps/librustc_arena-94a71350d8d0d8f0.rmeta"],"executable":null,"fresh":true}
{"reason":"compiler-artifact","package_id":"registry+https://github.com/rust-lang/crates.io-index#elsa@1.11.2","manifest_path":"/home/mdupont/.cargo/registry/src/index.crates.io-1949cf8c6b5b557f/elsa-1.11.2/Cargo.toml","target":{"kind":["lib"],"crate_types":["lib"],"name":"elsa","src_path":"/home/mdupont/.cargo/registry/src/index.crates.io-1949cf8c6b5b557f/elsa-1.11.2/src/lib.rs","edition":"2018","doc":true,"doctest":true,"test":true},"profile":{"opt_level":"0","debuginfo":2,"debug_assertions":true,"overflow_checks":true,"test":false},"features":["default"],"filenames":["/mnt/data1/nix/vendor/rust/cargo2nix/target/debug/deps/libelsa-662c816b3d62d82f.rlib","/mnt/data1/nix/vendor/rust/cargo2nix/target/debug/deps/libelsa-662c816b3d62d82f.rmeta"],"executable":null,"fresh":true}
{"reason":"compiler-artifact","package_id":"path+file:///mnt/data1/nix/vendor/rust/cargo2nix/submodules/rust/compiler/rustc_graphviz#0.0.0","manifest_path":"/mnt/data1/nix/vendor/rust/cargo2nix/submodules/rust/compiler/rustc_graphviz/Cargo.toml","target":{"kind":["lib"],"crate_types":["lib"],"name":"rustc_graphviz","src_path":"/mnt/data1/nix/vendor/rust/cargo2nix/submodules/rust/compiler/rustc_graphviz/src/lib.rs","edition":"2024","doc":true,"doctest":true,"test":true},"profile":{"opt_level":"0","debuginfo":2,"debug_assertions":true,"overflow_checks":true,"test":false},"features":[],"filenames":["/mnt/data1/nix/vendor/rust/cargo2nix/target/debug/deps/librustc_graphviz-f1537effac297354.rlib","/mnt/data1/nix/vendor/rust/cargo2nix/target/debug/deps/librustc_graphviz-f1537effac297354.rmeta"],"executable":null,"fresh":true}
{"reason":"compiler-artifact","package_id":"registry+https://github.com/rust-lang/crates.io-index#hashbrown@0.15.5","manifest_path":"/home/mdupont/.cargo/registry/src/index.crates.io-1949cf8c6b5b557f/hashbrown-0.15.5/Cargo.toml","target":{"kind":["lib"],"crate_types":["lib"],"name":"hashbrown","src_path":"/home/mdupont/.cargo/registry/src/index.crates.io-1949cf8c6b5b557f/hashbrown-0.15.5/src/lib.rs","edition":"2021","doc":true,"doctest":true,"test":true},"profile":{"opt_level":"0","debuginfo":2,"debug_assertions":true,"overflow_checks":true,"test":false},"features":["nightly"],"filenames":["/mnt/data1/nix/vendor/rust/cargo2nix/target/debug/deps/libhashbrown-cfc71c41f7c63ac4.rlib","/mnt/data1/nix/vendor/rust/cargo2nix/target/debug/deps/libhashbrown-cfc71c41f7c63ac4.rmeta"],"executable":null,"fresh":true}
{"reason":"compiler-artifact","package_id":"registry+https://github.com/rust-lang/crates.io-index#arrayref@0.3.9","manifest_path":"/home/mdupont/.cargo/registry/src/index.crates.io-1949cf8c6b5b557f/arrayref-0.3.9/Cargo.toml","target":{"kind":["lib"],"crate_types":["lib"],"name":"arrayref","src_path":"/home/mdupont/.cargo/registry/src/index.crates.io-1949cf8c6b5b557f/arrayref-0.3.9/src/lib.rs","edition":"2015","doc":true,"doctest":true,"test":true},"profile":{"opt_level":"0","debuginfo":2,"debug_assertions":true,"overflow_checks":true,"test":false},"features":[],"filenames":["/mnt/data1/nix/vendor/rust/cargo2nix/target/debug/deps/libarrayref-00723dadb0b8c66f.rlib","/mnt/data1/nix/vendor/rust/cargo2nix/target/debug/deps/libarrayref-00723dadb0b8c66f.rmeta"],"executable":null,"fresh":true}
{"reason":"compiler-artifact","package_id":"registry+https://github.com/rust-lang/crates.io-index#constant_time_eq@0.3.1","manifest_path":"/home/mdupont/.cargo/registry/src/index.crates.io-1949cf8c6b5b557f/constant_time_eq-0.3.1/Cargo.toml","target":{"kind":["lib"],"crate_types":["lib"],"name":"constant_time_eq","src_path":"/home/mdupont/.cargo/registry/src/index.crates.io-1949cf8c6b5b557f/constant_time_eq-0.3.1/src/lib.rs","edition":"2021","doc":true,"doctest":true,"test":true},"profile":{"opt_level":"0","debuginfo":2,"debug_assertions":true,"overflow_checks":true,"test":false},"features":[],"filenames":["/mnt/data1/nix/vendor/rust/cargo2nix/target/debug/deps/libconstant_time_eq-d11132ad9d2c657a.rlib","/mnt/data1/nix/vendor/rust/cargo2nix/target/debug/deps/libconstant_time_eq-d11132ad9d2c657a.rmeta"],"executable":null,"fresh":true}
   Compiling derive-where v1.6.0
{"reason":"compiler-artifact","package_id":"registry+https://github.com/rust-lang/crates.io-index#writeable@0.6.0","manifest_path":"/home/mdupont/.cargo/registry/src/index.crates.io-1949cf8c6b5b557f/writeable-0.6.0/Cargo.toml","target":{"kind":["lib"],"crate_types":["lib"],"name":"writeable","src_path":"/home/mdupont/.cargo/registry/src/index.crates.io-1949cf8c6b5b557f/writeable-0.6.0/src/lib.rs","edition":"2021","doc":true,"doctest":true,"test":true},"profile":{"opt_level":"0","debuginfo":2,"debug_assertions":true,"overflow_checks":true,"test":false},"features":[],"filenames":["/mnt/data1/nix/vendor/rust/cargo2nix/target/debug/deps/libwriteable-ed6c23909d2467a3.rlib","/mnt/data1/nix/vendor/rust/cargo2nix/target/debug/deps/libwriteable-ed6c23909d2467a3.rmeta"],"executable":null,"fresh":true}
{"reason":"compiler-artifact","package_id":"registry+https://github.com/rust-lang/crates.io-index#unicode-width@0.2.2","manifest_path":"/home/mdupont/.cargo/registry/src/index.crates.io-1949cf8c6b5b557f/unicode-width-0.2.2/Cargo.toml","target":{"kind":["lib"],"crate_types":["lib"],"name":"unicode_width","src_path":"/home/mdupont/.cargo/registry/src/index.crates.io-1949cf8c6b5b557f/unicode-width-0.2.2/src/lib.rs","edition":"2021","doc":true,"doctest":true,"test":true},"profile":{"opt_level":"0","debuginfo":2,"debug_assertions":true,"overflow_checks":true,"test":false},"features":["cjk","default"],"filenames":["/mnt/data1/nix/vendor/rust/cargo2nix/target/debug/deps/libunicode_width-a6375d3a2a26d1e5.rlib","/mnt/data1/nix/vendor/rust/cargo2nix/target/debug/deps/libunicode_width-a6375d3a2a26d1e5.rmeta"],"executable":null,"fresh":true}
{"reason":"compiler-artifact","package_id":"registry+https://github.com/rust-lang/crates.io-index#litemap@0.8.1","manifest_path":"/home/mdupont/.cargo/registry/src/index.crates.io-1949cf8c6b5b557f/litemap-0.8.1/Cargo.toml","target":{"kind":["lib"],"crate_types":["lib"],"name":"litemap","src_path":"/home/mdupont/.cargo/registry/src/index.crates.io-1949cf8c6b5b557f/litemap-0.8.1/src/lib.rs","edition":"2021","doc":true,"doctest":true,"test":true},"profile":{"opt_level":"0","debuginfo":2,"debug_assertions":true,"overflow_checks":true,"test":false},"features":["alloc"],"filenames":["/mnt/data1/nix/vendor/rust/cargo2nix/target/debug/deps/liblitemap-6e1d9be8262b43c5.rlib","/mnt/data1/nix/vendor/rust/cargo2nix/target/debug/deps/liblitemap-6e1d9be8262b43c5.rmeta"],"executable":null,"fresh":true}
{"reason":"compiler-artifact","package_id":"registry+https://github.com/rust-lang/crates.io-index#scoped-tls@1.0.1","manifest_path":"/home/mdupont/.cargo/registry/src/index.crates.io-1949cf8c6b5b557f/scoped-tls-1.0.1/Cargo.toml","target":{"kind":["lib"],"crate_types":["lib"],"name":"scoped_tls","src_path":"/home/mdupont/.cargo/registry/src/index.crates.io-1949cf8c6b5b557f/scoped-tls-1.0.1/src/lib.rs","edition":"2015","doc":true,"doctest":true,"test":true},"profile":{"opt_level":"0","debuginfo":2,"debug_assertions":true,"overflow_checks":true,"test":false},"features":[],"filenames":["/mnt/data1/nix/vendor/rust/cargo2nix/target/debug/deps/libscoped_tls-aa5bed6722dc3816.rlib","/mnt/data1/nix/vendor/rust/cargo2nix/target/debug/deps/libscoped_tls-aa5bed6722dc3816.rmeta"],"executable":null,"fresh":true}
{"reason":"compiler-artifact","package_id":"path+file:///mnt/data1/nix/vendor/rust/cargo2nix/submodules/serde/serde_core#1.0.228","manifest_path":"/mnt/data1/nix/vendor/rust/cargo2nix/submodules/serde/serde_core/Cargo.toml","target":{"kind":["custom-build"],"crate_types":["bin"],"name":"build-script-build","src_path":"/mnt/data1/nix/vendor/rust/cargo2nix/submodules/serde/serde_core/build.rs","edition":"2021","doc":false,"doctest":false,"test":false},"profile":{"opt_level":"0","debuginfo":0,"debug_assertions":true,"overflow_checks":true,"test":false},"features":["alloc","result","std"],"filenames":["/mnt/data1/nix/vendor/rust/cargo2nix/target/debug/build/serde_core-3b16272154062d69/build-script-build"],"executable":null,"fresh":true}
{"reason":"compiler-artifact","package_id":"registry+https://github.com/rust-lang/crates.io-index#crypto-common@0.1.7","manifest_path":"/home/mdupont/.cargo/registry/src/index.crates.io-1949cf8c6b5b557f/crypto-common-0.1.7/Cargo.toml","target":{"kind":["lib"],"crate_types":["lib"],"name":"crypto_common","src_path":"/home/mdupont/.cargo/registry/src/index.crates.io-1949cf8c6b5b557f/crypto-common-0.1.7/src/lib.rs","edition":"2018","doc":true,"doctest":true,"test":true},"profile":{"opt_level":"0","debuginfo":2,"debug_assertions":true,"overflow_checks":true,"test":false},"features":["std"],"filenames":["/mnt/data1/nix/vendor/rust/cargo2nix/target/debug/deps/libcrypto_common-b7ddc09df213073c.rlib","/mnt/data1/nix/vendor/rust/cargo2nix/target/debug/deps/libcrypto_common-b7ddc09df213073c.rmeta"],"executable":null,"fresh":true}
{"reason":"compiler-artifact","package_id":"registry+https://github.com/rust-lang/crates.io-index#block-buffer@0.10.4","manifest_path":"/home/mdupont/.cargo/registry/src/index.crates.io-1949cf8c6b5b557f/block-buffer-0.10.4/Cargo.toml","target":{"kind":["lib"],"crate_types":["lib"],"name":"block_buffer","src_path":"/home/mdupont/.cargo/registry/src/index.crates.io-1949cf8c6b5b557f/block-buffer-0.10.4/src/lib.rs","edition":"2018","doc":true,"doctest":true,"test":true},"profile":{"opt_level":"0","debuginfo":2,"debug_assertions":true,"overflow_checks":true,"test":false},"features":[],"filenames":["/mnt/data1/nix/vendor/rust/cargo2nix/target/debug/deps/libblock_buffer-093f74dbed6b7a3a.rlib","/mnt/data1/nix/vendor/rust/cargo2nix/target/debug/deps/libblock_buffer-093f74dbed6b7a3a.rmeta"],"executable":null,"fresh":true}
{"reason":"compiler-artifact","package_id":"registry+https://github.com/rust-lang/crates.io-index#crossbeam-epoch@0.9.15","manifest_path":"/home/mdupont/.cargo/registry/src/index.crates.io-1949cf8c6b5b557f/crossbeam-epoch-0.9.15/Cargo.toml","target":{"kind":["lib"],"crate_types":["lib"],"name":"crossbeam_epoch","src_path":"/home/mdupont/.cargo/registry/src/index.crates.io-1949cf8c6b5b557f/crossbeam-epoch-0.9.15/src/lib.rs","edition":"2018","doc":true,"doctest":true,"test":true},"profile":{"opt_level":"0","debuginfo":2,"debug_assertions":true,"overflow_checks":true,"test":false},"features":["alloc","std"],"filenames":["/mnt/data1/nix/vendor/rust/cargo2nix/target/debug/deps/libcrossbeam_epoch-cebe9333505cdb30.rlib","/mnt/data1/nix/vendor/rust/cargo2nix/target/debug/deps/libcrossbeam_epoch-cebe9333505cdb30.rmeta"],"executable":null,"fresh":true}
   Compiling measureme v12.0.3
{"reason":"compiler-artifact","package_id":"registry+https://github.com/rust-lang/crates.io-index#icu_locale_data@2.0.0","manifest_path":"/home/mdupont/.cargo/registry/src/index.crates.io-1949cf8c6b5b557f/icu_locale_data-2.0.0/Cargo.toml","target":{"kind":["custom-build"],"crate_types":["bin"],"name":"build-script-build","src_path":"/home/mdupont/.cargo/registry/src/index.crates.io-1949cf8c6b5b557f/icu_locale_data-2.0.0/build.rs","edition":"2021","doc":false,"doctest":false,"test":false},"profile":{"opt_level":"0","debuginfo":0,"debug_assertions":true,"overflow_checks":true,"test":false},"features":[],"filenames":["/mnt/data1/nix/vendor/rust/cargo2nix/target/debug/build/icu_locale_data-7b7eaa310878813b/build-script-build"],"executable":null,"fresh":true}
{"reason":"compiler-artifact","package_id":"path+file:///mnt/data1/nix/vendor/rust/cargo2nix/submodules/thiserror#2.0.17","manifest_path":"/mnt/data1/nix/vendor/rust/cargo2nix/submodules/thiserror/Cargo.toml","target":{"kind":["custom-build"],"crate_types":["bin"],"name":"build-script-build","src_path":"/mnt/data1/nix/vendor/rust/cargo2nix/submodules/thiserror/build.rs","edition":"2021","doc":false,"doctest":false,"test":false},"profile":{"opt_level":"0","debuginfo":0,"debug_assertions":true,"overflow_checks":true,"test":false},"features":["default","std"],"filenames":["/mnt/data1/nix/vendor/rust/cargo2nix/target/debug/build/thiserror-223799931cee3e22/build-script-build"],"executable":null,"fresh":true}
{"reason":"build-script-executed","package_id":"path+file:///mnt/data1/nix/vendor/rust/cargo2nix/submodules/serde/serde_core#1.0.228","linked_libs":[],"linked_paths":[],"cfgs":[],"env":[],"out_dir":"/mnt/data1/nix/vendor/rust/cargo2nix/target/debug/build/serde_core-794e6e9852b217b2/out"}
   Compiling thiserror-impl v2.0.17 (/mnt/data1/nix/vendor/rust/cargo2nix/submodules/thiserror/impl)
{"reason":"compiler-artifact","package_id":"registry+https://github.com/rust-lang/crates.io-index#type-map@0.5.1","manifest_path":"/home/mdupont/.cargo/registry/src/index.crates.io-1949cf8c6b5b557f/type-map-0.5.1/Cargo.toml","target":{"kind":["lib"],"crate_types":["lib"],"name":"type_map","src_path":"/home/mdupont/.cargo/registry/src/index.crates.io-1949cf8c6b5b557f/type-map-0.5.1/src/lib.rs","edition":"2018","doc":true,"doctest":true,"test":true},"profile":{"opt_level":"0","debuginfo":2,"debug_assertions":true,"overflow_checks":true,"test":false},"features":[],"filenames":["/mnt/data1/nix/vendor/rust/cargo2nix/target/debug/deps/libtype_map-fff57f7c95a14a9f.rlib","/mnt/data1/nix/vendor/rust/cargo2nix/target/debug/deps/libtype_map-fff57f7c95a14a9f.rmeta"],"executable":null,"fresh":true}
{"reason":"compiler-artifact","package_id":"registry+https://github.com/rust-lang/crates.io-index#thiserror@2.0.17","manifest_path":"/home/mdupont/.cargo/registry/src/index.crates.io-1949cf8c6b5b557f/thiserror-2.0.17/Cargo.toml","target":{"kind":["custom-build"],"crate_types":["bin"],"name":"build-script-build","src_path":"/home/mdupont/.cargo/registry/src/index.crates.io-1949cf8c6b5b557f/thiserror-2.0.17/build.rs","edition":"2021","doc":false,"doctest":false,"test":false},"profile":{"opt_level":"0","debuginfo":0,"debug_assertions":true,"overflow_checks":true,"test":false},"features":["default","std"],"filenames":["/mnt/data1/nix/vendor/rust/cargo2nix/target/debug/build/thiserror-c73a6dcbf85ebb6c/build-script-build"],"executable":null,"fresh":true}
   Compiling thiserror-impl v2.0.17
{"reason":"compiler-artifact","package_id":"registry+https://github.com/rust-lang/crates.io-index#unicode-properties@0.1.4","manifest_path":"/home/mdupont/.cargo/registry/src/index.crates.io-1949cf8c6b5b557f/unicode-properties-0.1.4/Cargo.toml","target":{"kind":["lib"],"crate_types":["lib"],"name":"unicode_properties","src_path":"/home/mdupont/.cargo/registry/src/index.crates.io-1949cf8c6b5b557f/unicode-properties-0.1.4/src/lib.rs","edition":"2021","doc":true,"doctest":true,"test":true},"profile":{"opt_level":"0","debuginfo":2,"debug_assertions":true,"overflow_checks":true,"test":false},"features":["emoji"],"filenames":["/mnt/data1/nix/vendor/rust/cargo2nix/target/debug/deps/libunicode_properties-37ed21603fdff6e2.rlib","/mnt/data1/nix/vendor/rust/cargo2nix/target/debug/deps/libunicode_properties-37ed21603fdff6e2.rmeta"],"executable":null,"fresh":true}
{"reason":"compiler-artifact","package_id":"path+file:///mnt/data1/nix/vendor/rust/cargo2nix/submodules/serde/serde#1.0.228","manifest_path":"/mnt/data1/nix/vendor/rust/cargo2nix/submodules/serde/serde/Cargo.toml","target":{"kind":["custom-build"],"crate_types":["bin"],"name":"build-script-build","src_path":"/mnt/data1/nix/vendor/rust/cargo2nix/submodules/serde/serde/build.rs","edition":"2021","doc":false,"doctest":false,"test":false},"profile":{"opt_level":"0","debuginfo":0,"debug_assertions":true,"overflow_checks":true,"test":false},"features":["alloc","default","std"],"filenames":["/mnt/data1/nix/vendor/rust/cargo2nix/target/debug/build/serde-2425703770bec273/build-script-build"],"executable":null,"fresh":true}
{"reason":"compiler-artifact","package_id":"registry+https://github.com/rust-lang/crates.io-index#rustc-literal-escaper@0.0.5","manifest_path":"/home/mdupont/.cargo/registry/src/index.crates.io-1949cf8c6b5b557f/rustc-literal-escaper-0.0.5/Cargo.toml","target":{"kind":["lib"],"crate_types":["lib"],"name":"rustc_literal_escaper","src_path":"/home/mdupont/.cargo/registry/src/index.crates.io-1949cf8c6b5b557f/rustc-literal-escaper-0.0.5/src/lib.rs","edition":"2021","doc":true,"doctest":true,"test":true},"profile":{"opt_level":"0","debuginfo":2,"debug_assertions":true,"overflow_checks":true,"test":false},"features":[],"filenames":["/mnt/data1/nix/vendor/rust/cargo2nix/target/debug/deps/librustc_literal_escaper-3f1560e892969740.rlib","/mnt/data1/nix/vendor/rust/cargo2nix/target/debug/deps/librustc_literal_escaper-3f1560e892969740.rmeta"],"executable":null,"fresh":true}
{"reason":"compiler-artifact","package_id":"registry+https://github.com/rust-lang/crates.io-index#unicode-xid@0.2.6","manifest_path":"/home/mdupont/.cargo/registry/src/index.crates.io-1949cf8c6b5b557f/unicode-xid-0.2.6/Cargo.toml","target":{"kind":["lib"],"crate_types":["lib"],"name":"unicode_xid","src_path":"/home/mdupont/.cargo/registry/src/index.crates.io-1949cf8c6b5b557f/unicode-xid-0.2.6/src/lib.rs","edition":"2015","doc":true,"doctest":true,"test":true},"profile":{"opt_level":"0","debuginfo":2,"debug_assertions":true,"overflow_checks":true,"test":false},"features":["default"],"filenames":["/mnt/data1/nix/vendor/rust/cargo2nix/target/debug/deps/libunicode_xid-bad2f1623ab8e9f0.rlib","/mnt/data1/nix/vendor/rust/cargo2nix/target/debug/deps/libunicode_xid-bad2f1623ab8e9f0.rmeta"],"executable":null,"fresh":true}
{"reason":"compiler-artifact","package_id":"registry+https://github.com/rust-lang/crates.io-index#digest@0.10.7","manifest_path":"/home/mdupont/.cargo/registry/src/index.crates.io-1949cf8c6b5b557f/digest-0.10.7/Cargo.toml","target":{"kind":["lib"],"crate_types":["lib"],"name":"digest","src_path":"/home/mdupont/.cargo/registry/src/index.crates.io-1949cf8c6b5b557f/digest-0.10.7/src/lib.rs","edition":"2018","doc":true,"doctest":true,"test":true},"profile":{"opt_level":"0","debuginfo":2,"debug_assertions":true,"overflow_checks":true,"test":false},"features":["alloc","block-buffer","core-api","default","std"],"filenames":["/mnt/data1/nix/vendor/rust/cargo2nix/target/debug/deps/libdigest-c5446c2c9aa69997.rlib","/mnt/data1/nix/vendor/rust/cargo2nix/target/debug/deps/libdigest-c5446c2c9aa69997.rmeta"],"executable":null,"fresh":true}
{"reason":"compiler-artifact","package_id":"registry+https://github.com/rust-lang/crates.io-index#crossbeam-deque@0.8.3","manifest_path":"/home/mdupont/.cargo/registry/src/index.crates.io-1949cf8c6b5b557f/crossbeam-deque-0.8.3/Cargo.toml","target":{"kind":["lib"],"crate_types":["lib"],"name":"crossbeam_deque","src_path":"/home/mdupont/.cargo/registry/src/index.crates.io-1949cf8c6b5b557f/crossbeam-deque-0.8.3/src/lib.rs","edition":"2018","doc":true,"doctest":true,"test":true},"profile":{"opt_level":"0","debuginfo":2,"debug_assertions":true,"overflow_checks":true,"test":false},"features":["crossbeam-epoch","crossbeam-utils","default","std"],"filenames":["/mnt/data1/nix/vendor/rust/cargo2nix/target/debug/deps/libcrossbeam_deque-79dd9051b4a7da3b.rlib","/mnt/data1/nix/vendor/rust/cargo2nix/target/debug/deps/libcrossbeam_deque-79dd9051b4a7da3b.rmeta"],"executable":null,"fresh":true}
{"reason":"build-script-executed","package_id":"path+file:///mnt/data1/nix/vendor/rust/cargo2nix/submodules/thiserror#2.0.17","linked_libs":[],"linked_paths":[],"cfgs":["error_generic_member_access"],"env":[],"out_dir":"/mnt/data1/nix/vendor/rust/cargo2nix/target/debug/build/thiserror-73e75c2d1c2ddfaa/out"}
{"reason":"build-script-executed","package_id":"registry+https://github.com/rust-lang/crates.io-index#icu_locale_data@2.0.0","linked_libs":[],"linked_paths":[],"cfgs":[],"env":[],"out_dir":"/mnt/data1/nix/vendor/rust/cargo2nix/target/debug/build/icu_locale_data-5616972d8f0f5cb0/out"}
{"reason":"compiler-artifact","package_id":"path+file:///mnt/data1/nix/vendor/rust/cargo2nix/submodules/serde/serde_core#1.0.228","manifest_path":"/mnt/data1/nix/vendor/rust/cargo2nix/submodules/serde/serde_core/Cargo.toml","target":{"kind":["lib"],"crate_types":["lib"],"name":"serde_core","src_path":"/mnt/data1/nix/vendor/rust/cargo2nix/submodules/serde/serde_core/src/lib.rs","edition":"2021","doc":true,"doctest":true,"test":true},"profile":{"opt_level":"0","debuginfo":2,"debug_assertions":true,"overflow_checks":true,"test":false},"features":["alloc","result","std"],"filenames":["/mnt/data1/nix/vendor/rust/cargo2nix/target/debug/deps/libserde_core-1893475745ba08d4.rlib","/mnt/data1/nix/vendor/rust/cargo2nix/target/debug/deps/libserde_core-1893475745ba08d4.rmeta"],"executable":null,"fresh":true}
{"reason":"build-script-executed","package_id":"registry+https://github.com/rust-lang/crates.io-index#thiserror@2.0.17","linked_libs":[],"linked_paths":[],"cfgs":["error_generic_member_access"],"env":[],"out_dir":"/mnt/data1/nix/vendor/rust/cargo2nix/target/debug/build/thiserror-431281c637257f87/out"}
{"reason":"compiler-artifact","package_id":"registry+https://github.com/rust-lang/crates.io-index#regex-automata@0.4.13","manifest_path":"/home/mdupont/.cargo/registry/src/index.crates.io-1949cf8c6b5b557f/regex-automata-0.4.13/Cargo.toml","target":{"kind":["lib"],"crate_types":["lib"],"name":"regex_automata","src_path":"/home/mdupont/.cargo/registry/src/index.crates.io-1949cf8c6b5b557f/regex-automata-0.4.13/src/lib.rs","edition":"2021","doc":true,"doctest":true,"test":true},"profile":{"opt_level":"0","debuginfo":2,"debug_assertions":true,"overflow_checks":true,"test":false},"features":["dfa-search"],"filenames":["/mnt/data1/nix/vendor/rust/cargo2nix/target/debug/deps/libregex_automata-ebe8d7e8ef3608ad.rlib","/mnt/data1/nix/vendor/rust/cargo2nix/target/debug/deps/libregex_automata-ebe8d7e8ef3608ad.rmeta"],"executable":null,"fresh":true}
{"reason":"build-script-executed","package_id":"path+file:///mnt/data1/nix/vendor/rust/cargo2nix/submodules/serde/serde#1.0.228","linked_libs":[],"linked_paths":[],"cfgs":["if_docsrs_then_no_serde_core"],"env":[],"out_dir":"/mnt/data1/nix/vendor/rust/cargo2nix/target/debug/build/serde-e3b31b5e3b9cca43/out"}
{"reason":"compiler-artifact","package_id":"path+file:///mnt/data1/nix/vendor/rust/cargo2nix/submodules/rust/compiler/rustc_lexer#0.0.0","manifest_path":"/mnt/data1/nix/vendor/rust/cargo2nix/submodules/rust/compiler/rustc_lexer/Cargo.toml","target":{"kind":["lib"],"crate_types":["lib"],"name":"rustc_lexer","src_path":"/mnt/data1/nix/vendor/rust/cargo2nix/submodules/rust/compiler/rustc_lexer/src/lib.rs","edition":"2024","doc":true,"doctest":true,"test":true},"profile":{"opt_level":"0","debuginfo":2,"debug_assertions":true,"overflow_checks":true,"test":false},"features":[],"filenames":["/mnt/data1/nix/vendor/rust/cargo2nix/target/debug/deps/librustc_lexer-c616dd2d50b9d7bc.rlib","/mnt/data1/nix/vendor/rust/cargo2nix/target/debug/deps/librustc_lexer-c616dd2d50b9d7bc.rmeta"],"executable":null,"fresh":true}
{"reason":"compiler-artifact","package_id":"registry+https://github.com/rust-lang/crates.io-index#itertools@0.12.1","manifest_path":"/home/mdupont/.cargo/registry/src/index.crates.io-1949cf8c6b5b557f/itertools-0.12.1/Cargo.toml","target":{"kind":["lib"],"crate_types":["lib"],"name":"itertools","src_path":"/home/mdupont/.cargo/registry/src/index.crates.io-1949cf8c6b5b557f/itertools-0.12.1/src/lib.rs","edition":"2018","doc":true,"doctest":true,"test":false},"profile":{"opt_level":"0","debuginfo":2,"debug_assertions":true,"overflow_checks":true,"test":false},"features":["default","use_alloc","use_std"],"filenames":["/mnt/data1/nix/vendor/rust/cargo2nix/target/debug/deps/libitertools-b81801be1e96fafe.rlib","/mnt/data1/nix/vendor/rust/cargo2nix/target/debug/deps/libitertools-b81801be1e96fafe.rmeta"],"executable":null,"fresh":true}
{"reason":"compiler-artifact","package_id":"registry+https://github.com/rust-lang/crates.io-index#rand_core@0.9.3","manifest_path":"/home/mdupont/.cargo/registry/src/index.crates.io-1949cf8c6b5b557f/rand_core-0.9.3/Cargo.toml","target":{"kind":["lib"],"crate_types":["lib"],"name":"rand_core","src_path":"/home/mdupont/.cargo/registry/src/index.crates.io-1949cf8c6b5b557f/rand_core-0.9.3/src/lib.rs","edition":"2021","doc":true,"doctest":true,"test":true},"profile":{"opt_level":"0","debuginfo":2,"debug_assertions":true,"overflow_checks":true,"test":false},"features":[],"filenames":["/mnt/data1/nix/vendor/rust/cargo2nix/target/debug/deps/librand_core-d83f28c506397848.rlib","/mnt/data1/nix/vendor/rust/cargo2nix/target/debug/deps/librand_core-d83f28c506397848.rmeta"],"executable":null,"fresh":true}
{"reason":"compiler-artifact","package_id":"path+file:///mnt/data1/nix/vendor/rust/cargo2nix/submodules/rustc-hash#2.1.1","manifest_path":"/mnt/data1/nix/vendor/rust/cargo2nix/submodules/rustc-hash/Cargo.toml","target":{"kind":["lib"],"crate_types":["lib"],"name":"rustc_hash","src_path":"/mnt/data1/nix/vendor/rust/cargo2nix/submodules/rustc-hash/src/lib.rs","edition":"2021","doc":true,"doctest":true,"test":true},"profile":{"opt_level":"0","debuginfo":2,"debug_assertions":true,"overflow_checks":true,"test":false},"features":["default","std"],"filenames":["/mnt/data1/nix/vendor/rust/cargo2nix/target/debug/deps/librustc_hash-fcbf48bc2fa92835.rlib","/mnt/data1/nix/vendor/rust/cargo2nix/target/debug/deps/librustc_hash-fcbf48bc2fa92835.rmeta"],"executable":null,"fresh":true}
{"reason":"compiler-artifact","package_id":"path+file:///mnt/data1/nix/vendor/rust/cargo2nix/submodules/rust/compiler/rustc_thread_pool#0.0.0","manifest_path":"/mnt/data1/nix/vendor/rust/cargo2nix/submodules/rust/compiler/rustc_thread_pool/Cargo.toml","target":{"kind":["lib"],"crate_types":["lib"],"name":"rustc_thread_pool","src_path":"/mnt/data1/nix/vendor/rust/cargo2nix/submodules/rust/compiler/rustc_thread_pool/src/lib.rs","edition":"2021","doc":true,"doctest":true,"test":true},"profile":{"opt_level":"0","debuginfo":2,"debug_assertions":true,"overflow_checks":true,"test":false},"features":[],"filenames":["/mnt/data1/nix/vendor/rust/cargo2nix/target/debug/deps/librustc_thread_pool-7687a44379a5dc00.rlib","/mnt/data1/nix/vendor/rust/cargo2nix/target/debug/deps/librustc_thread_pool-7687a44379a5dc00.rmeta"],"executable":null,"fresh":true}
{"reason":"compiler-artifact","package_id":"registry+https://github.com/rust-lang/crates.io-index#md-5@0.10.6","manifest_path":"/home/mdupont/.cargo/registry/src/index.crates.io-1949cf8c6b5b557f/md-5-0.10.6/Cargo.toml","target":{"kind":["lib"],"crate_types":["lib"],"name":"md5","src_path":"/home/mdupont/.cargo/registry/src/index.crates.io-1949cf8c6b5b557f/md-5-0.10.6/src/lib.rs","edition":"2018","doc":true,"doctest":true,"test":true},"profile":{"opt_level":"0","debuginfo":2,"debug_assertions":true,"overflow_checks":true,"test":false},"features":["default","std"],"filenames":["/mnt/data1/nix/vendor/rust/cargo2nix/target/debug/deps/libmd5-c4c741dd9542da6a.rlib","/mnt/data1/nix/vendor/rust/cargo2nix/target/debug/deps/libmd5-c4c741dd9542da6a.rmeta"],"executable":null,"fresh":true}
{"reason":"compiler-artifact","package_id":"registry+https://github.com/rust-lang/crates.io-index#sha2@0.10.9","manifest_path":"/home/mdupont/.cargo/registry/src/index.crates.io-1949cf8c6b5b557f/sha2-0.10.9/Cargo.toml","target":{"kind":["lib"],"crate_types":["lib"],"name":"sha2","src_path":"/home/mdupont/.cargo/registry/src/index.crates.io-1949cf8c6b5b557f/sha2-0.10.9/src/lib.rs","edition":"2018","doc":true,"doctest":true,"test":true},"profile":{"opt_level":"0","debuginfo":2,"debug_assertions":true,"overflow_checks":true,"test":false},"features":["default","std"],"filenames":["/mnt/data1/nix/vendor/rust/cargo2nix/target/debug/deps/libsha2-09e150c807d6307c.rlib","/mnt/data1/nix/vendor/rust/cargo2nix/target/debug/deps/libsha2-09e150c807d6307c.rmeta"],"executable":null,"fresh":true}
{"reason":"compiler-artifact","package_id":"registry+https://github.com/rust-lang/crates.io-index#sha1@0.10.6","manifest_path":"/home/mdupont/.cargo/registry/src/index.crates.io-1949cf8c6b5b557f/sha1-0.10.6/Cargo.toml","target":{"kind":["lib"],"crate_types":["lib"],"name":"sha1","src_path":"/home/mdupont/.cargo/registry/src/index.crates.io-1949cf8c6b5b557f/sha1-0.10.6/src/lib.rs","edition":"2018","doc":true,"doctest":true,"test":true},"profile":{"opt_level":"0","debuginfo":2,"debug_assertions":true,"overflow_checks":true,"test":false},"features":["default","std"],"filenames":["/mnt/data1/nix/vendor/rust/cargo2nix/target/debug/deps/libsha1-5dec54d2e5c00498.rlib","/mnt/data1/nix/vendor/rust/cargo2nix/target/debug/deps/libsha1-5dec54d2e5c00498.rmeta"],"executable":null,"fresh":true}
{"reason":"compiler-artifact","package_id":"registry+https://github.com/rust-lang/crates.io-index#icu_locale_data@2.0.0","manifest_path":"/home/mdupont/.cargo/registry/src/index.crates.io-1949cf8c6b5b557f/icu_locale_data-2.0.0/Cargo.toml","target":{"kind":["lib"],"crate_types":["lib"],"name":"icu_locale_data","src_path":"/home/mdupont/.cargo/registry/src/index.crates.io-1949cf8c6b5b557f/icu_locale_data-2.0.0/src/lib.rs","edition":"2021","doc":true,"doctest":true,"test":true},"profile":{"opt_level":"0","debuginfo":2,"debug_assertions":true,"overflow_checks":true,"test":false},"features":[],"filenames":["/mnt/data1/nix/vendor/rust/cargo2nix/target/debug/deps/libicu_locale_data-61801bedc90c3c64.rlib","/mnt/data1/nix/vendor/rust/cargo2nix/target/debug/deps/libicu_locale_data-61801bedc90c3c64.rmeta"],"executable":null,"fresh":true}
{"reason":"compiler-artifact","package_id":"registry+https://github.com/rust-lang/crates.io-index#serde_json@1.0.145","manifest_path":"/home/mdupont/.cargo/registry/src/index.crates.io-1949cf8c6b5b557f/serde_json-1.0.145/Cargo.toml","target":{"kind":["custom-build"],"crate_types":["bin"],"name":"build-script-build","src_path":"/home/mdupont/.cargo/registry/src/index.crates.io-1949cf8c6b5b557f/serde_json-1.0.145/build.rs","edition":"2021","doc":false,"doctest":false,"test":false},"profile":{"opt_level":"0","debuginfo":0,"debug_assertions":true,"overflow_checks":true,"test":false},"features":["alloc","default","std"],"filenames":["/mnt/data1/nix/vendor/rust/cargo2nix/target/debug/build/serde_json-cc6731e7f738d2ed/build-script-build"],"executable":null,"fresh":true}
{"reason":"compiler-artifact","package_id":"registry+https://github.com/rust-lang/crates.io-index#self_cell@1.2.1","manifest_path":"/home/mdupont/.cargo/registry/src/index.crates.io-1949cf8c6b5b557f/self_cell-1.2.1/Cargo.toml","target":{"kind":["lib"],"crate_types":["lib"],"name":"self_cell","src_path":"/home/mdupont/.cargo/registry/src/index.crates.io-1949cf8c6b5b557f/self_cell-1.2.1/src/lib.rs","edition":"2018","doc":true,"doctest":true,"test":true},"profile":{"opt_level":"0","debuginfo":2,"debug_assertions":true,"overflow_checks":true,"test":false},"features":[],"filenames":["/mnt/data1/nix/vendor/rust/cargo2nix/target/debug/deps/libself_cell-f6421977d0b60464.rlib","/mnt/data1/nix/vendor/rust/cargo2nix/target/debug/deps/libself_cell-f6421977d0b60464.rmeta"],"executable":null,"fresh":true}
{"reason":"compiler-artifact","package_id":"registry+https://github.com/rust-lang/crates.io-index#ref-cast@1.0.24","manifest_path":"/home/mdupont/.cargo/registry/src/index.crates.io-1949cf8c6b5b557f/ref-cast-1.0.24/Cargo.toml","target":{"kind":["custom-build"],"crate_types":["bin"],"name":"build-script-build","src_path":"/home/mdupont/.cargo/registry/src/index.crates.io-1949cf8c6b5b557f/ref-cast-1.0.24/build.rs","edition":"2021","doc":false,"doctest":false,"test":false},"profile":{"opt_level":"0","debuginfo":0,"debug_assertions":true,"overflow_checks":true,"test":false},"features":[],"filenames":["/mnt/data1/nix/vendor/rust/cargo2nix/target/debug/build/ref-cast-1c15d77cbdcba306/build-script-build"],"executable":null,"fresh":true}
   Compiling serde v1.0.228 (/mnt/data1/nix/vendor/rust/cargo2nix/submodules/serde/serde)
   Compiling serde_derive_internals v0.29.1
   Compiling ref-cast-impl v1.0.24
{"reason":"compiler-artifact","package_id":"path+file:///mnt/data1/nix/vendor/rust/cargo2nix/submodules/serde/serde_derive#1.0.228","manifest_path":"/mnt/data1/nix/vendor/rust/cargo2nix/submodules/serde/serde_derive/Cargo.toml","target":{"kind":["custom-build"],"crate_types":["bin"],"name":"build-script-build","src_path":"/mnt/data1/nix/vendor/rust/cargo2nix/submodules/serde/serde_derive/build.rs","edition":"2021","doc":false,"doctest":false,"test":false},"profile":{"opt_level":"0","debuginfo":0,"debug_assertions":true,"overflow_checks":true,"test":false},"features":["default"],"filenames":["/mnt/data1/nix/vendor/rust/cargo2nix/target/debug/build/serde_derive-506d997c95177add/build-script-build"],"executable":null,"fresh":true}
{"reason":"build-script-executed","package_id":"registry+https://github.com/rust-lang/crates.io-index#ref-cast@1.0.24","linked_libs":[],"linked_paths":[],"cfgs":[],"env":[],"out_dir":"/mnt/data1/nix/vendor/rust/cargo2nix/target/debug/build/ref-cast-cf1d1bfdeeb475b5/out"}
{"reason":"build-script-executed","package_id":"registry+https://github.com/rust-lang/crates.io-index#serde_json@1.0.145","linked_libs":[],"linked_paths":[],"cfgs":["fast_arithmetic=\"64\""],"env":[],"out_dir":"/mnt/data1/nix/vendor/rust/cargo2nix/target/debug/build/serde_json-937c20c297728c1e/out"}
{"reason":"compiler-artifact","package_id":"registry+https://github.com/rust-lang/crates.io-index#object@0.37.3","manifest_path":"/home/mdupont/.cargo/registry/src/index.crates.io-1949cf8c6b5b557f/object-0.37.3/Cargo.toml","target":{"kind":["custom-build"],"crate_types":["bin"],"name":"build-script-build","src_path":"/home/mdupont/.cargo/registry/src/index.crates.io-1949cf8c6b5b557f/object-0.37.3/build.rs","edition":"2018","doc":false,"doctest":false,"test":false},"profile":{"opt_level":"0","debuginfo":0,"debug_assertions":true,"overflow_checks":true,"test":false},"features":["elf","macho"],"filenames":["/mnt/data1/nix/vendor/rust/cargo2nix/target/debug/build/object-373692a6ece7edfa/build-script-build"],"executable":null,"fresh":true}
{"reason":"compiler-artifact","package_id":"registry+https://github.com/rust-lang/crates.io-index#ryu@1.0.20","manifest_path":"/home/mdupont/.cargo/registry/src/index.crates.io-1949cf8c6b5b557f/ryu-1.0.20/Cargo.toml","target":{"kind":["lib"],"crate_types":["lib"],"name":"ryu","src_path":"/home/mdupont/.cargo/registry/src/index.crates.io-1949cf8c6b5b557f/ryu-1.0.20/src/lib.rs","edition":"2018","doc":true,"doctest":true,"test":true},"profile":{"opt_level":"0","debuginfo":2,"debug_assertions":true,"overflow_checks":true,"test":false},"features":[],"filenames":["/mnt/data1/nix/vendor/rust/cargo2nix/target/debug/deps/libryu-675674a647ff1eb1.rlib","/mnt/data1/nix/vendor/rust/cargo2nix/target/debug/deps/libryu-675674a647ff1eb1.rmeta"],"executable":null,"fresh":true}
{"reason":"build-script-executed","package_id":"path+file:///mnt/data1/nix/vendor/rust/cargo2nix/submodules/serde/serde_derive#1.0.228","linked_libs":[],"linked_paths":[],"cfgs":["check_cfg"],"env":[],"out_dir":"/mnt/data1/nix/vendor/rust/cargo2nix/target/debug/build/serde_derive-083a43c072f62b59/out"}
{"reason":"compiler-artifact","package_id":"registry+https://github.com/rust-lang/crates.io-index#rand_xoshiro@0.7.0","manifest_path":"/home/mdupont/.cargo/registry/src/index.crates.io-1949cf8c6b5b557f/rand_xoshiro-0.7.0/Cargo.toml","target":{"kind":["lib"],"crate_types":["lib"],"name":"rand_xoshiro","src_path":"/home/mdupont/.cargo/registry/src/index.crates.io-1949cf8c6b5b557f/rand_xoshiro-0.7.0/src/lib.rs","edition":"2021","doc":true,"doctest":true,"test":true},"profile":{"opt_level":"0","debuginfo":2,"debug_assertions":true,"overflow_checks":true,"test":false},"features":[],"filenames":["/mnt/data1/nix/vendor/rust/cargo2nix/target/debug/deps/librand_xoshiro-a2099cdefbacb6de.rlib","/mnt/data1/nix/vendor/rust/cargo2nix/target/debug/deps/librand_xoshiro-a2099cdefbacb6de.rmeta"],"executable":null,"fresh":true}
{"reason":"compiler-artifact","package_id":"registry+https://github.com/rust-lang/crates.io-index#rand@0.9.2","manifest_path":"/home/mdupont/.cargo/registry/src/index.crates.io-1949cf8c6b5b557f/rand-0.9.2/Cargo.toml","target":{"kind":["lib"],"crate_types":["lib"],"name":"rand","src_path":"/home/mdupont/.cargo/registry/src/index.crates.io-1949cf8c6b5b557f/rand-0.9.2/src/lib.rs","edition":"2021","doc":true,"doctest":true,"test":true},"profile":{"opt_level":"0","debuginfo":2,"debug_assertions":true,"overflow_checks":true,"test":false},"features":[],"filenames":["/mnt/data1/nix/vendor/rust/cargo2nix/target/debug/deps/librand-e8f83018390cf11d.rlib","/mnt/data1/nix/vendor/rust/cargo2nix/target/debug/deps/librand-e8f83018390cf11d.rmeta"],"executable":null,"fresh":true}
{"reason":"compiler-artifact","package_id":"registry+https://github.com/rust-lang/crates.io-index#dyn-clone@1.0.20","manifest_path":"/home/mdupont/.cargo/registry/src/index.crates.io-1949cf8c6b5b557f/dyn-clone-1.0.20/Cargo.toml","target":{"kind":["lib"],"crate_types":["lib"],"name":"dyn_clone","src_path":"/home/mdupont/.cargo/registry/src/index.crates.io-1949cf8c6b5b557f/dyn-clone-1.0.20/src/lib.rs","edition":"2018","doc":true,"doctest":true,"test":true},"profile":{"opt_level":"0","debuginfo":2,"debug_assertions":true,"overflow_checks":true,"test":false},"features":[],"filenames":["/mnt/data1/nix/vendor/rust/cargo2nix/target/debug/deps/libdyn_clone-4355ab5d15e99189.rlib","/mnt/data1/nix/vendor/rust/cargo2nix/target/debug/deps/libdyn_clone-4355ab5d15e99189.rmeta"],"executable":null,"fresh":true}
{"reason":"compiler-artifact","package_id":"path+file:///mnt/data1/nix/vendor/rust/cargo2nix/submodules/rust/compiler/rustc_fs_util#0.0.0","manifest_path":"/mnt/data1/nix/vendor/rust/cargo2nix/submodules/rust/compiler/rustc_fs_util/Cargo.toml","target":{"kind":["lib"],"crate_types":["lib"],"name":"rustc_fs_util","src_path":"/mnt/data1/nix/vendor/rust/cargo2nix/submodules/rust/compiler/rustc_fs_util/src/lib.rs","edition":"2024","doc":true,"doctest":true,"test":true},"profile":{"opt_level":"0","debuginfo":2,"debug_assertions":true,"overflow_checks":true,"test":false},"features":[],"filenames":["/mnt/data1/nix/vendor/rust/cargo2nix/target/debug/deps/librustc_fs_util-6175a1af99e14c47.rlib","/mnt/data1/nix/vendor/rust/cargo2nix/target/debug/deps/librustc_fs_util-6175a1af99e14c47.rmeta"],"executable":null,"fresh":true}
   Compiling serde_json v1.0.145
{"reason":"build-script-executed","package_id":"registry+https://github.com/rust-lang/crates.io-index#object@0.37.3","linked_libs":[],"linked_paths":[],"cfgs":["core_error"],"env":[],"out_dir":"/mnt/data1/nix/vendor/rust/cargo2nix/target/debug/build/object-fe3de03b5a539c33/out"}
   Compiling serde_derive v1.0.228 (/mnt/data1/nix/vendor/rust/cargo2nix/submodules/serde/serde_derive)
{"reason":"compiler-artifact","package_id":"registry+https://github.com/rust-lang/crates.io-index#odht@0.3.1","manifest_path":"/home/mdupont/.cargo/registry/src/index.crates.io-1949cf8c6b5b557f/odht-0.3.1/Cargo.toml","target":{"kind":["lib"],"crate_types":["lib"],"name":"odht","src_path":"/home/mdupont/.cargo/registry/src/index.crates.io-1949cf8c6b5b557f/odht-0.3.1/src/lib.rs","edition":"2018","doc":true,"doctest":true,"test":true},"profile":{"opt_level":"0","debuginfo":2,"debug_assertions":true,"overflow_checks":true,"test":false},"features":["nightly"],"filenames":["/mnt/data1/nix/vendor/rust/cargo2nix/target/debug/deps/libodht-0bc832dd5ea55942.rlib","/mnt/data1/nix/vendor/rust/cargo2nix/target/debug/deps/libodht-0bc832dd5ea55942.rmeta"],"executable":null,"fresh":true}
{"reason":"compiler-artifact","package_id":"registry+https://github.com/rust-lang/crates.io-index#object@0.37.3","manifest_path":"/home/mdupont/.cargo/registry/src/index.crates.io-1949cf8c6b5b557f/object-0.37.3/Cargo.toml","target":{"kind":["lib"],"crate_types":["lib"],"name":"object","src_path":"/home/mdupont/.cargo/registry/src/index.crates.io-1949cf8c6b5b557f/object-0.37.3/src/lib.rs","edition":"2018","doc":true,"doctest":true,"test":true},"profile":{"opt_level":"0","debuginfo":2,"debug_assertions":true,"overflow_checks":true,"test":false},"features":["elf","macho"],"filenames":["/mnt/data1/nix/vendor/rust/cargo2nix/target/debug/deps/libobject-65ed216ccc391d8f.rlib","/mnt/data1/nix/vendor/rust/cargo2nix/target/debug/deps/libobject-65ed216ccc391d8f.rmeta"],"executable":null,"fresh":true}
{"reason":"compiler-artifact","package_id":"registry+https://github.com/rust-lang/crates.io-index#measureme@12.0.3","manifest_path":"/home/mdupont/.cargo/registry/src/index.crates.io-1949cf8c6b5b557f/measureme-12.0.3/Cargo.toml","target":{"kind":["lib"],"crate_types":["lib"],"name":"measureme","src_path":"/home/mdupont/.cargo/registry/src/index.crates.io-1949cf8c6b5b557f/measureme-12.0.3/src/lib.rs","edition":"2018","doc":true,"doctest":true,"test":true},"profile":{"opt_level":"0","debuginfo":2,"debug_assertions":true,"overflow_checks":true,"test":false},"features":[],"filenames":["/mnt/data1/nix/vendor/rust/cargo2nix/target/debug/deps/libmeasureme-38c65d7b8a5fb7b7.rlib","/mnt/data1/nix/vendor/rust/cargo2nix/target/debug/deps/libmeasureme-38c65d7b8a5fb7b7.rmeta"],"executable":null,"fresh":false}
{"reason":"compiler-artifact","package_id":"registry+https://github.com/rust-lang/crates.io-index#synstructure@0.13.2","manifest_path":"/home/mdupont/.cargo/registry/src/index.crates.io-1949cf8c6b5b557f/synstructure-0.13.2/Cargo.toml","target":{"kind":["lib"],"crate_types":["lib"],"name":"synstructure","src_path":"/home/mdupont/.cargo/registry/src/index.crates.io-1949cf8c6b5b557f/synstructure-0.13.2/src/lib.rs","edition":"2018","doc":true,"doctest":true,"test":true},"profile":{"opt_level":"0","debuginfo":0,"debug_assertions":true,"overflow_checks":true,"test":false},"features":["default","proc-macro"],"filenames":["/mnt/data1/nix/vendor/rust/cargo2nix/target/debug/deps/libsynstructure-d1a57407b77223d0.rlib","/mnt/data1/nix/vendor/rust/cargo2nix/target/debug/deps/libsynstructure-d1a57407b77223d0.rmeta"],"executable":null,"fresh":false}
   Compiling zerofrom-derive v0.1.6
   Compiling yoke-derive v0.8.1
   Compiling rustc_macros v0.0.0 (/mnt/data1/nix/vendor/rust/cargo2nix/submodules/rust/compiler/rustc_macros)
   Compiling serde_path_to_error v0.1.17
{"reason":"compiler-artifact","package_id":"registry+https://github.com/rust-lang/crates.io-index#stacker@0.1.21","manifest_path":"/home/mdupont/.cargo/registry/src/index.crates.io-1949cf8c6b5b557f/stacker-0.1.21/Cargo.toml","target":{"kind":["custom-build"],"crate_types":["bin"],"name":"build-script-build","src_path":"/home/mdupont/.cargo/registry/src/index.crates.io-1949cf8c6b5b557f/stacker-0.1.21/build.rs","edition":"2021","doc":false,"doctest":false,"test":false},"profile":{"opt_level":"0","debuginfo":0,"debug_assertions":true,"overflow_checks":true,"test":false},"features":[],"filenames":["/mnt/data1/nix/vendor/rust/cargo2nix/target/debug/build/stacker-f157a13fce724e3e/build-script-build"],"executable":null,"fresh":false}
{"reason":"compiler-artifact","package_id":"registry+https://github.com/rust-lang/crates.io-index#psm@0.1.26","manifest_path":"/home/mdupont/.cargo/registry/src/index.crates.io-1949cf8c6b5b557f/psm-0.1.26/Cargo.toml","target":{"kind":["custom-build"],"crate_types":["bin"],"name":"build-script-build","src_path":"/home/mdupont/.cargo/registry/src/index.crates.io-1949cf8c6b5b557f/psm-0.1.26/build.rs","edition":"2021","doc":false,"doctest":false,"test":false},"profile":{"opt_level":"0","debuginfo":0,"debug_assertions":true,"overflow_checks":true,"test":false},"features":[],"filenames":["/mnt/data1/nix/vendor/rust/cargo2nix/target/debug/build/psm-1aaf72fcdf4ec68b/build-script-build"],"executable":null,"fresh":false}
{"reason":"compiler-artifact","package_id":"registry+https://github.com/rust-lang/crates.io-index#blake3@1.8.2","manifest_path":"/home/mdupont/.cargo/registry/src/index.crates.io-1949cf8c6b5b557f/blake3-1.8.2/Cargo.toml","target":{"kind":["custom-build"],"crate_types":["bin"],"name":"build-script-build","src_path":"/home/mdupont/.cargo/registry/src/index.crates.io-1949cf8c6b5b557f/blake3-1.8.2/build.rs","edition":"2021","doc":false,"doctest":false,"test":false},"profile":{"opt_level":"0","debuginfo":0,"debug_assertions":true,"overflow_checks":true,"test":false},"features":["default","std"],"filenames":["/mnt/data1/nix/vendor/rust/cargo2nix/target/debug/build/blake3-82f35a1e42544409/build-script-build"],"executable":null,"fresh":false}
{"reason":"build-script-executed","package_id":"registry+https://github.com/rust-lang/crates.io-index#stacker@0.1.21","linked_libs":[],"linked_paths":[],"cfgs":[],"env":[],"out_dir":"/mnt/data1/nix/vendor/rust/cargo2nix/target/debug/build/stacker-b316bb0c8dc21e5b/out"}
{"reason":"compiler-artifact","package_id":"registry+https://github.com/rust-lang/crates.io-index#serde_derive_internals@0.29.1","manifest_path":"/home/mdupont/.cargo/registry/src/index.crates.io-1949cf8c6b5b557f/serde_derive_internals-0.29.1/Cargo.toml","target":{"kind":["lib"],"crate_types":["lib"],"name":"serde_derive_internals","src_path":"/home/mdupont/.cargo/registry/src/index.crates.io-1949cf8c6b5b557f/serde_derive_internals-0.29.1/lib.rs","edition":"2015","doc":true,"doctest":true,"test":true},"profile":{"opt_level":"0","debuginfo":0,"debug_assertions":true,"overflow_checks":true,"test":false},"features":[],"filenames":["/mnt/data1/nix/vendor/rust/cargo2nix/target/debug/deps/libserde_derive_internals-069f08607734b97a.rlib","/mnt/data1/nix/vendor/rust/cargo2nix/target/debug/deps/libserde_derive_internals-069f08607734b97a.rmeta"],"executable":null,"fresh":false}
   Compiling schemars_derive v1.1.0
{"reason":"compiler-artifact","package_id":"path+file:///mnt/data1/nix/vendor/rust/cargo2nix/submodules/serde/serde#1.0.228","manifest_path":"/mnt/data1/nix/vendor/rust/cargo2nix/submodules/serde/serde/Cargo.toml","target":{"kind":["lib"],"crate_types":["lib"],"name":"serde","src_path":"/mnt/data1/nix/vendor/rust/cargo2nix/submodules/serde/serde/src/lib.rs","edition":"2021","doc":true,"doctest":true,"test":true},"profile":{"opt_level":"0","debuginfo":2,"debug_assertions":true,"overflow_checks":true,"test":false},"features":["alloc","default","std"],"filenames":["/mnt/data1/nix/vendor/rust/cargo2nix/target/debug/deps/libserde-a6b58ee00aeb6c29.rlib","/mnt/data1/nix/vendor/rust/cargo2nix/target/debug/deps/libserde-a6b58ee00aeb6c29.rmeta"],"executable":null,"fresh":false}
{"reason":"compiler-artifact","package_id":"registry+https://github.com/rust-lang/crates.io-index#serde_json@1.0.145","manifest_path":"/home/mdupont/.cargo/registry/src/index.crates.io-1949cf8c6b5b557f/serde_json-1.0.145/Cargo.toml","target":{"kind":["lib"],"crate_types":["lib"],"name":"serde_json","src_path":"/home/mdupont/.cargo/registry/src/index.crates.io-1949cf8c6b5b557f/serde_json-1.0.145/src/lib.rs","edition":"2021","doc":true,"doctest":true,"test":true},"profile":{"opt_level":"0","debuginfo":2,"debug_assertions":true,"overflow_checks":true,"test":false},"features":["alloc","default","std"],"filenames":["/mnt/data1/nix/vendor/rust/cargo2nix/target/debug/deps/libserde_json-e4dffaf2a97ae3ac.rlib","/mnt/data1/nix/vendor/rust/cargo2nix/target/debug/deps/libserde_json-e4dffaf2a97ae3ac.rmeta"],"executable":null,"fresh":false}
{"reason":"compiler-artifact","package_id":"registry+https://github.com/rust-lang/crates.io-index#serde_path_to_error@0.1.17","manifest_path":"/home/mdupont/.cargo/registry/src/index.crates.io-1949cf8c6b5b557f/serde_path_to_error-0.1.17/Cargo.toml","target":{"kind":["lib"],"crate_types":["lib"],"name":"serde_path_to_error","src_path":"/home/mdupont/.cargo/registry/src/index.crates.io-1949cf8c6b5b557f/serde_path_to_error-0.1.17/src/lib.rs","edition":"2021","doc":true,"doctest":true,"test":true},"profile":{"opt_level":"0","debuginfo":2,"debug_assertions":true,"overflow_checks":true,"test":false},"features":[],"filenames":["/mnt/data1/nix/vendor/rust/cargo2nix/target/debug/deps/libserde_path_to_error-712c7a39f8ba85cf.rlib","/mnt/data1/nix/vendor/rust/cargo2nix/target/debug/deps/libserde_path_to_error-712c7a39f8ba85cf.rmeta"],"executable":null,"fresh":false}
{"reason":"build-script-executed","package_id":"registry+https://github.com/rust-lang/crates.io-index#psm@0.1.26","linked_libs":["static=psm_s"],"linked_paths":["native=/mnt/data1/nix/vendor/rust/cargo2nix/target/debug/build/psm-51f472c6f77637f0/out"],"cfgs":["asm","link_asm","switchable_stack"],"env":[],"out_dir":"/mnt/data1/nix/vendor/rust/cargo2nix/target/debug/build/psm-51f472c6f77637f0/out"}
{"reason":"compiler-artifact","package_id":"registry+https://github.com/rust-lang/crates.io-index#psm@0.1.26","manifest_path":"/home/mdupont/.cargo/registry/src/index.crates.io-1949cf8c6b5b557f/psm-0.1.26/Cargo.toml","target":{"kind":["lib"],"crate_types":["lib"],"name":"psm","src_path":"/home/mdupont/.cargo/registry/src/index.crates.io-1949cf8c6b5b557f/psm-0.1.26/src/lib.rs","edition":"2021","doc":true,"doctest":true,"test":true},"profile":{"opt_level":"0","debuginfo":2,"debug_assertions":true,"overflow_checks":true,"test":false},"features":[],"filenames":["/mnt/data1/nix/vendor/rust/cargo2nix/target/debug/deps/libpsm-dcf0f1ca4c10026e.rlib","/mnt/data1/nix/vendor/rust/cargo2nix/target/debug/deps/libpsm-dcf0f1ca4c10026e.rmeta"],"executable":null,"fresh":false}
{"reason":"compiler-artifact","package_id":"registry+https://github.com/rust-lang/crates.io-index#stacker@0.1.21","manifest_path":"/home/mdupont/.cargo/registry/src/index.crates.io-1949cf8c6b5b557f/stacker-0.1.21/Cargo.toml","target":{"kind":["lib"],"crate_types":["lib"],"name":"stacker","src_path":"/home/mdupont/.cargo/registry/src/index.crates.io-1949cf8c6b5b557f/stacker-0.1.21/src/lib.rs","edition":"2021","doc":true,"doctest":false,"test":false},"profile":{"opt_level":"0","debuginfo":2,"debug_assertions":true,"overflow_checks":true,"test":false},"features":[],"filenames":["/mnt/data1/nix/vendor/rust/cargo2nix/target/debug/deps/libstacker-12d39337d33024ca.rlib","/mnt/data1/nix/vendor/rust/cargo2nix/target/debug/deps/libstacker-12d39337d33024ca.rmeta"],"executable":null,"fresh":false}
{"reason":"compiler-artifact","package_id":"registry+https://github.com/rust-lang/crates.io-index#displaydoc@0.2.5","manifest_path":"/home/mdupont/.cargo/registry/src/index.crates.io-1949cf8c6b5b557f/displaydoc-0.2.5/Cargo.toml","target":{"kind":["proc-macro"],"crate_types":["proc-macro"],"name":"displaydoc","src_path":"/home/mdupont/.cargo/registry/src/index.crates.io-1949cf8c6b5b557f/displaydoc-0.2.5/src/lib.rs","edition":"2021","doc":true,"doctest":true,"test":true},"profile":{"opt_level":"0","debuginfo":0,"debug_assertions":true,"overflow_checks":true,"test":false},"features":[],"filenames":["/mnt/data1/nix/vendor/rust/cargo2nix/target/debug/deps/libdisplaydoc-e304795a60d1f680.so"],"executable":null,"fresh":false}
   Compiling tinystr v0.8.0
   Compiling zerotrie v0.2.0
{"reason":"compiler-artifact","package_id":"registry+https://github.com/rust-lang/crates.io-index#ref-cast-impl@1.0.24","manifest_path":"/home/mdupont/.cargo/registry/src/index.crates.io-1949cf8c6b5b557f/ref-cast-impl-1.0.24/Cargo.toml","target":{"kind":["proc-macro"],"crate_types":["proc-macro"],"name":"ref_cast_impl","src_path":"/home/mdupont/.cargo/registry/src/index.crates.io-1949cf8c6b5b557f/ref-cast-impl-1.0.24/src/lib.rs","edition":"2021","doc":true,"doctest":true,"test":true},"profile":{"opt_level":"0","debuginfo":0,"debug_assertions":true,"overflow_checks":true,"test":false},"features":[],"filenames":["/mnt/data1/nix/vendor/rust/cargo2nix/target/debug/deps/libref_cast_impl-ea7a44e65008c3af.so"],"executable":null,"fresh":false}
   Compiling ref-cast v1.0.24
{"reason":"compiler-artifact","package_id":"registry+https://github.com/rust-lang/crates.io-index#zerovec-derive@0.11.2","manifest_path":"/home/mdupont/.cargo/registry/src/index.crates.io-1949cf8c6b5b557f/zerovec-derive-0.11.2/Cargo.toml","target":{"kind":["proc-macro"],"crate_types":["proc-macro"],"name":"zerovec_derive","src_path":"/home/mdupont/.cargo/registry/src/index.crates.io-1949cf8c6b5b557f/zerovec-derive-0.11.2/src/lib.rs","edition":"2021","doc":true,"doctest":true,"test":true},"profile":{"opt_level":"0","debuginfo":0,"debug_assertions":true,"overflow_checks":true,"test":false},"features":[],"filenames":["/mnt/data1/nix/vendor/rust/cargo2nix/target/debug/deps/libzerovec_derive-70ea3a788c50cddf.so"],"executable":null,"fresh":false}
{"reason":"compiler-artifact","package_id":"path+file:///mnt/data1/nix/vendor/rust/cargo2nix/submodules/rust/compiler/rustc_index_macros#0.0.0","manifest_path":"/mnt/data1/nix/vendor/rust/cargo2nix/submodules/rust/compiler/rustc_index_macros/Cargo.toml","target":{"kind":["proc-macro"],"crate_types":["proc-macro"],"name":"rustc_index_macros","src_path":"/mnt/data1/nix/vendor/rust/cargo2nix/submodules/rust/compiler/rustc_index_macros/src/lib.rs","edition":"2024","doc":true,"doctest":true,"test":true},"profile":{"opt_level":"0","debuginfo":0,"debug_assertions":true,"overflow_checks":true,"test":false},"features":["nightly"],"filenames":["/mnt/data1/nix/vendor/rust/cargo2nix/target/debug/deps/librustc_index_macros-47f16c5343b3fd31.so"],"executable":null,"fresh":false}
{"reason":"compiler-artifact","package_id":"registry+https://github.com/rust-lang/crates.io-index#derive-where@1.6.0","manifest_path":"/home/mdupont/.cargo/registry/src/index.crates.io-1949cf8c6b5b557f/derive-where-1.6.0/Cargo.toml","target":{"kind":["proc-macro"],"crate_types":["proc-macro"],"name":"derive_where","src_path":"/home/mdupont/.cargo/registry/src/index.crates.io-1949cf8c6b5b557f/derive-where-1.6.0/src/lib.rs","edition":"2021","doc":true,"doctest":true,"test":true},"profile":{"opt_level":"0","debuginfo":0,"debug_assertions":true,"overflow_checks":true,"test":false},"features":[],"filenames":["/mnt/data1/nix/vendor/rust/cargo2nix/target/debug/deps/libderive_where-98f3b3ee28d1cb6c.so"],"executable":null,"fresh":false}
{"reason":"compiler-artifact","package_id":"registry+https://github.com/rust-lang/crates.io-index#thiserror-impl@2.0.17","manifest_path":"/home/mdupont/.cargo/registry/src/index.crates.io-1949cf8c6b5b557f/thiserror-impl-2.0.17/Cargo.toml","target":{"kind":["proc-macro"],"crate_types":["proc-macro"],"name":"thiserror_impl","src_path":"/home/mdupont/.cargo/registry/src/index.crates.io-1949cf8c6b5b557f/thiserror-impl-2.0.17/src/lib.rs","edition":"2021","doc":true,"doctest":true,"test":true},"profile":{"opt_level":"0","debuginfo":0,"debug_assertions":true,"overflow_checks":true,"test":false},"features":[],"filenames":["/mnt/data1/nix/vendor/rust/cargo2nix/target/debug/deps/libthiserror_impl-0bb85a42274a3ab5.so"],"executable":null,"fresh":false}
{"reason":"compiler-artifact","package_id":"registry+https://github.com/rust-lang/crates.io-index#yoke-derive@0.8.1","manifest_path":"/home/mdupont/.cargo/registry/src/index.crates.io-1949cf8c6b5b557f/yoke-derive-0.8.1/Cargo.toml","target":{"kind":["proc-macro"],"crate_types":["proc-macro"],"name":"yoke_derive","src_path":"/home/mdupont/.cargo/registry/src/index.crates.io-1949cf8c6b5b557f/yoke-derive-0.8.1/src/lib.rs","edition":"2021","doc":true,"doctest":true,"test":true},"profile":{"opt_level":"0","debuginfo":0,"debug_assertions":true,"overflow_checks":true,"test":false},"features":[],"filenames":["/mnt/data1/nix/vendor/rust/cargo2nix/target/debug/deps/libyoke_derive-1dfc4db6a3892017.so"],"executable":null,"fresh":false}
{"reason":"compiler-artifact","package_id":"registry+https://github.com/rust-lang/crates.io-index#schemars_derive@1.1.0","manifest_path":"/home/mdupont/.cargo/registry/src/index.crates.io-1949cf8c6b5b557f/schemars_derive-1.1.0/Cargo.toml","target":{"kind":["proc-macro"],"crate_types":["proc-macro"],"name":"schemars_derive","src_path":"/home/mdupont/.cargo/registry/src/index.crates.io-1949cf8c6b5b557f/schemars_derive-1.1.0/src/lib.rs","edition":"2021","doc":true,"doctest":true,"test":true},"profile":{"opt_level":"0","debuginfo":0,"debug_assertions":true,"overflow_checks":true,"test":false},"features":[],"filenames":["/mnt/data1/nix/vendor/rust/cargo2nix/target/debug/deps/libschemars_derive-a376d2abf4a2bc81.so"],"executable":null,"fresh":false}
   Compiling thiserror v2.0.17
{"reason":"compiler-artifact","package_id":"registry+https://github.com/rust-lang/crates.io-index#tracing-attributes@0.1.28","manifest_path":"/home/mdupont/.cargo/registry/src/index.crates.io-1949cf8c6b5b557f/tracing-attributes-0.1.28/Cargo.toml","target":{"kind":["proc-macro"],"crate_types":["proc-macro"],"name":"tracing_attributes","src_path":"/home/mdupont/.cargo/registry/src/index.crates.io-1949cf8c6b5b557f/tracing-attributes-0.1.28/src/lib.rs","edition":"2018","doc":true,"doctest":true,"test":true},"profile":{"opt_level":"0","debuginfo":0,"debug_assertions":true,"overflow_checks":true,"test":false},"features":[],"filenames":["/mnt/data1/nix/vendor/rust/cargo2nix/target/debug/deps/libtracing_attributes-5c575a7a3845f841.so"],"executable":null,"fresh":false}
{"reason":"compiler-artifact","package_id":"registry+https://github.com/rust-lang/crates.io-index#zerofrom-derive@0.1.6","manifest_path":"/home/mdupont/.cargo/registry/src/index.crates.io-1949cf8c6b5b557f/zerofrom-derive-0.1.6/Cargo.toml","target":{"kind":["proc-macro"],"crate_types":["proc-macro"],"name":"zerofrom_derive","src_path":"/home/mdupont/.cargo/registry/src/index.crates.io-1949cf8c6b5b557f/zerofrom-derive-0.1.6/src/lib.rs","edition":"2021","doc":true,"doctest":true,"test":true},"profile":{"opt_level":"0","debuginfo":0,"debug_assertions":true,"overflow_checks":true,"test":false},"features":[],"filenames":["/mnt/data1/nix/vendor/rust/cargo2nix/target/debug/deps/libzerofrom_derive-ccdfbf8b159ba536.so"],"executable":null,"fresh":false}
{"reason":"compiler-artifact","package_id":"path+file:///mnt/data1/nix/vendor/rust/cargo2nix/submodules/thiserror/impl#thiserror-impl@2.0.17","manifest_path":"/mnt/data1/nix/vendor/rust/cargo2nix/submodules/thiserror/impl/Cargo.toml","target":{"kind":["proc-macro"],"crate_types":["proc-macro"],"name":"thiserror_impl","src_path":"/mnt/data1/nix/vendor/rust/cargo2nix/submodules/thiserror/impl/src/lib.rs","edition":"2021","doc":true,"doctest":true,"test":true},"profile":{"opt_level":"0","debuginfo":0,"debug_assertions":true,"overflow_checks":true,"test":false},"features":[],"filenames":["/mnt/data1/nix/vendor/rust/cargo2nix/target/debug/deps/libthiserror_impl-b3beb703c71d38bb.so"],"executable":null,"fresh":false}
   Compiling zerofrom v0.1.3
   Compiling tracing v0.1.41
{"reason":"compiler-artifact","package_id":"path+file:///mnt/data1/nix/vendor/rust/cargo2nix/submodules/rust/compiler/rustc_macros#0.0.0","manifest_path":"/mnt/data1/nix/vendor/rust/cargo2nix/submodules/rust/compiler/rustc_macros/Cargo.toml","target":{"kind":["proc-macro"],"crate_types":["proc-macro"],"name":"rustc_macros","src_path":"/mnt/data1/nix/vendor/rust/cargo2nix/submodules/rust/compiler/rustc_macros/src/lib.rs","edition":"2024","doc":true,"doctest":true,"test":true},"profile":{"opt_level":"0","debuginfo":0,"debug_assertions":true,"overflow_checks":true,"test":false},"features":[],"filenames":["/mnt/data1/nix/vendor/rust/cargo2nix/target/debug/deps/librustc_macros-8ea9841c69b325f5.so"],"executable":null,"fresh":false}
   Compiling thiserror v2.0.17 (/mnt/data1/nix/vendor/rust/cargo2nix/submodules/thiserror)
   Compiling rustc_index v0.0.0 (/mnt/data1/nix/vendor/rust/cargo2nix/submodules/rust/compiler/rustc_index)
   Compiling unic-langid-impl v0.9.6
   Compiling schemars v1.1.0
{"reason":"compiler-artifact","package_id":"registry+https://github.com/rust-lang/crates.io-index#ref-cast@1.0.24","manifest_path":"/home/mdupont/.cargo/registry/src/index.crates.io-1949cf8c6b5b557f/ref-cast-1.0.24/Cargo.toml","target":{"kind":["lib"],"crate_types":["lib"],"name":"ref_cast","src_path":"/home/mdupont/.cargo/registry/src/index.crates.io-1949cf8c6b5b557f/ref-cast-1.0.24/src/lib.rs","edition":"2021","doc":true,"doctest":true,"test":true},"profile":{"opt_level":"0","debuginfo":2,"debug_assertions":true,"overflow_checks":true,"test":false},"features":[],"filenames":["/mnt/data1/nix/vendor/rust/cargo2nix/target/debug/deps/libref_cast-e1c2483c358f6ab6.rlib","/mnt/data1/nix/vendor/rust/cargo2nix/target/debug/deps/libref_cast-e1c2483c358f6ab6.rmeta"],"executable":null,"fresh":false}
{"reason":"compiler-artifact","package_id":"registry+https://github.com/rust-lang/crates.io-index#tinystr@0.8.0","manifest_path":"/home/mdupont/.cargo/registry/src/index.crates.io-1949cf8c6b5b557f/tinystr-0.8.0/Cargo.toml","target":{"kind":["lib"],"crate_types":["lib"],"name":"tinystr","src_path":"/home/mdupont/.cargo/registry/src/index.crates.io-1949cf8c6b5b557f/tinystr-0.8.0/src/lib.rs","edition":"2021","doc":true,"doctest":true,"test":true},"profile":{"opt_level":"0","debuginfo":0,"debug_assertions":true,"overflow_checks":true,"test":false},"features":["alloc","default"],"filenames":["/mnt/data1/nix/vendor/rust/cargo2nix/target/debug/deps/libtinystr-4b3df77b5c7d9992.rlib","/mnt/data1/nix/vendor/rust/cargo2nix/target/debug/deps/libtinystr-4b3df77b5c7d9992.rmeta"],"executable":null,"fresh":false}
   Compiling yoke v0.8.0
   Compiling fluent-syntax v0.12.0
{"reason":"compiler-artifact","package_id":"registry+https://github.com/rust-lang/crates.io-index#zerofrom@0.1.3","manifest_path":"/home/mdupont/.cargo/registry/src/index.crates.io-1949cf8c6b5b557f/zerofrom-0.1.3/Cargo.toml","target":{"kind":["lib"],"crate_types":["lib"],"name":"zerofrom","src_path":"/home/mdupont/.cargo/registry/src/index.crates.io-1949cf8c6b5b557f/zerofrom-0.1.3/src/lib.rs","edition":"2021","doc":true,"doctest":true,"test":true},"profile":{"opt_level":"0","debuginfo":2,"debug_assertions":true,"overflow_checks":true,"test":false},"features":["alloc","derive"],"filenames":["/mnt/data1/nix/vendor/rust/cargo2nix/target/debug/deps/libzerofrom-4f9e1f9eb83bbb3f.rlib","/mnt/data1/nix/vendor/rust/cargo2nix/target/debug/deps/libzerofrom-4f9e1f9eb83bbb3f.rmeta"],"executable":null,"fresh":false}
{"reason":"compiler-artifact","package_id":"registry+https://github.com/rust-lang/crates.io-index#thiserror@2.0.17","manifest_path":"/home/mdupont/.cargo/registry/src/index.crates.io-1949cf8c6b5b557f/thiserror-2.0.17/Cargo.toml","target":{"kind":["lib"],"crate_types":["lib"],"name":"thiserror","src_path":"/home/mdupont/.cargo/registry/src/index.crates.io-1949cf8c6b5b557f/thiserror-2.0.17/src/lib.rs","edition":"2021","doc":true,"doctest":true,"test":true},"profile":{"opt_level":"0","debuginfo":2,"debug_assertions":true,"overflow_checks":true,"test":false},"features":["default","std"],"filenames":["/mnt/data1/nix/vendor/rust/cargo2nix/target/debug/deps/libthiserror-66fd94e9b533617d.rlib","/mnt/data1/nix/vendor/rust/cargo2nix/target/debug/deps/libthiserror-66fd94e9b533617d.rmeta"],"executable":null,"fresh":false}
   Compiling fluent-syntax v0.12.0 (/mnt/data1/nix/vendor/rust/cargo2nix/submodules/fluent-rs/fluent-syntax)
{"reason":"compiler-artifact","package_id":"path+file:///mnt/data1/nix/vendor/rust/cargo2nix/submodules/thiserror#2.0.17","manifest_path":"/mnt/data1/nix/vendor/rust/cargo2nix/submodules/thiserror/Cargo.toml","target":{"kind":["lib"],"crate_types":["lib"],"name":"thiserror","src_path":"/mnt/data1/nix/vendor/rust/cargo2nix/submodules/thiserror/src/lib.rs","edition":"2021","doc":true,"doctest":true,"test":true},"profile":{"opt_level":"0","debuginfo":2,"debug_assertions":true,"overflow_checks":true,"test":false},"features":["default","std"],"filenames":["/mnt/data1/nix/vendor/rust/cargo2nix/target/debug/deps/libthiserror-25eded0fe8b9150a.rlib","/mnt/data1/nix/vendor/rust/cargo2nix/target/debug/deps/libthiserror-25eded0fe8b9150a.rmeta"],"executable":null,"fresh":false}
{"reason":"compiler-artifact","package_id":"path+file:///mnt/data1/nix/vendor/rust/cargo2nix/submodules/serde/serde_derive#1.0.228","manifest_path":"/mnt/data1/nix/vendor/rust/cargo2nix/submodules/serde/serde_derive/Cargo.toml","target":{"kind":["proc-macro"],"crate_types":["proc-macro"],"name":"serde_derive","src_path":"/mnt/data1/nix/vendor/rust/cargo2nix/submodules/serde/serde_derive/src/lib.rs","edition":"2021","doc":true,"doctest":true,"test":true},"profile":{"opt_level":"0","debuginfo":0,"debug_assertions":true,"overflow_checks":true,"test":false},"features":["default"],"filenames":["/mnt/data1/nix/vendor/rust/cargo2nix/target/debug/deps/libserde_derive-39b7100c7a5b1582.so"],"executable":null,"fresh":false}
{"reason":"compiler-artifact","package_id":"registry+https://github.com/rust-lang/crates.io-index#tracing@0.1.41","manifest_path":"/home/mdupont/.cargo/registry/src/index.crates.io-1949cf8c6b5b557f/tracing-0.1.41/Cargo.toml","target":{"kind":["lib"],"crate_types":["lib"],"name":"tracing","src_path":"/home/mdupont/.cargo/registry/src/index.crates.io-1949cf8c6b5b557f/tracing-0.1.41/src/lib.rs","edition":"2018","doc":true,"doctest":true,"test":true},"profile":{"opt_level":"0","debuginfo":2,"debug_assertions":true,"overflow_checks":true,"test":false},"features":["attributes","default","std","tracing-attributes"],"filenames":["/mnt/data1/nix/vendor/rust/cargo2nix/target/debug/deps/libtracing-f57d24d5c15350b7.rlib","/mnt/data1/nix/vendor/rust/cargo2nix/target/debug/deps/libtracing-f57d24d5c15350b7.rmeta"],"executable":null,"fresh":false}
   Compiling zerovec v0.11.1
{"reason":"compiler-artifact","package_id":"registry+https://github.com/rust-lang/crates.io-index#yoke@0.8.0","manifest_path":"/home/mdupont/.cargo/registry/src/index.crates.io-1949cf8c6b5b557f/yoke-0.8.0/Cargo.toml","target":{"kind":["lib"],"crate_types":["lib"],"name":"yoke","src_path":"/home/mdupont/.cargo/registry/src/index.crates.io-1949cf8c6b5b557f/yoke-0.8.0/src/lib.rs","edition":"2021","doc":true,"doctest":true,"test":true},"profile":{"opt_level":"0","debuginfo":2,"debug_assertions":true,"overflow_checks":true,"test":false},"features":["alloc","derive","zerofrom"],"filenames":["/mnt/data1/nix/vendor/rust/cargo2nix/target/debug/deps/libyoke-991fb6213484a3cb.rlib","/mnt/data1/nix/vendor/rust/cargo2nix/target/debug/deps/libyoke-991fb6213484a3cb.rmeta"],"executable":null,"fresh":false}
{"reason":"compiler-artifact","package_id":"registry+https://github.com/rust-lang/crates.io-index#unic-langid-impl@0.9.6","manifest_path":"/home/mdupont/.cargo/registry/src/index.crates.io-1949cf8c6b5b557f/unic-langid-impl-0.9.6/Cargo.toml","target":{"kind":["lib"],"crate_types":["lib"],"name":"unic_langid_impl","src_path":"/home/mdupont/.cargo/registry/src/index.crates.io-1949cf8c6b5b557f/unic-langid-impl-0.9.6/src/lib.rs","edition":"2021","doc":true,"doctest":true,"test":true},"profile":{"opt_level":"0","debuginfo":2,"debug_assertions":true,"overflow_checks":true,"test":false},"features":[],"filenames":["/mnt/data1/nix/vendor/rust/cargo2nix/target/debug/deps/libunic_langid_impl-f9883e08ca6ff7b6.rlib","/mnt/data1/nix/vendor/rust/cargo2nix/target/debug/deps/libunic_langid_impl-f9883e08ca6ff7b6.rmeta"],"executable":null,"fresh":false}
   Compiling unic-langid-macros-impl v0.9.6
{"reason":"compiler-message","package_id":"path+file:///mnt/data1/nix/vendor/rust/cargo2nix/submodules/rust/compiler/rustc_index#0.0.0","manifest_path":"/mnt/data1/nix/vendor/rust/cargo2nix/submodules/rust/compiler/rustc_index/Cargo.toml","target":{"kind":["lib"],"crate_types":["lib"],"name":"rustc_index","src_path":"/mnt/data1/nix/vendor/rust/cargo2nix/submodules/rust/compiler/rustc_index/src/lib.rs","edition":"2024","doc":true,"doctest":true,"test":true},"message":{"rendered":"error[E0658]: use of unstable library feature `new_zeroed_alloc`\n   --> submodules/rust/compiler/rustc_index/src/bit_set.rs:640:37\n    |\n640 |                         let words = Rc::<[Word; CHUNK_WORDS]>::new_zeroed();\n    |                                     ^^^^^^^^^^^^^^^^^^^^^^^^^^^^^^^^^^^^^\n    |\n    = note: see issue #129396 <https://github.com/rust-lang/rust/issues/129396> for more information\n    = help: add `#![feature(new_zeroed_alloc)]` to the crate attributes to enable\n    = note: this compiler was built on 2025-09-15; consider upgrading it if it is out of date\n\n","$message_type":"diagnostic","children":[{"children":[],"code":null,"level":"note","message":"see issue #129396 <https://github.com/rust-lang/rust/issues/129396> for more information","rendered":null,"spans":[]},{"children":[],"code":null,"level":"help","message":"add `#![feature(new_zeroed_alloc)]` to the crate attributes to enable","rendered":null,"spans":[]},{"children":[],"code":null,"level":"note","message":"this compiler was built on 2025-09-15; consider upgrading it if it is out of date","rendered":null,"spans":[]}],"code":{"code":"E0658","explanation":"An unstable feature was used.\n\nErroneous code example:\n\n```compile_fail,E0658\nuse std::intrinsics; // error: use of unstable library feature `core_intrinsics`\n```\n\nIf you're using a stable or a beta version of rustc, you won't be able to use\nany unstable features. In order to do so, please switch to a nightly version of\nrustc (by using [rustup]).\n\nIf you're using a nightly version of rustc, just add the corresponding feature\nto be able to use it:\n\n```\n#![feature(core_intrinsics)]\n\nuse std::intrinsics; // ok!\n```\n\n[rustup]: https://rust-lang.github.io/rustup/concepts/channels.html\n"},"level":"error","message":"use of unstable library feature `new_zeroed_alloc`","spans":[{"byte_end":22037,"byte_start":22000,"column_end":74,"column_start":37,"expansion":null,"file_name":"submodules/rust/compiler/rustc_index/src/bit_set.rs","is_primary":true,"label":null,"line_end":640,"line_start":640,"suggested_replacement":null,"suggestion_applicability":null,"text":[{"highlight_end":74,"highlight_start":37,"text":"                        let words = Rc::<[Word; CHUNK_WORDS]>::new_zeroed();"}]}]}}
{"reason":"compiler-message","package_id":"path+file:///mnt/data1/nix/vendor/rust/cargo2nix/submodules/rust/compiler/rustc_index#0.0.0","manifest_path":"/mnt/data1/nix/vendor/rust/cargo2nix/submodules/rust/compiler/rustc_index/Cargo.toml","target":{"kind":["lib"],"crate_types":["lib"],"name":"rustc_index","src_path":"/mnt/data1/nix/vendor/rust/cargo2nix/submodules/rust/compiler/rustc_index/src/lib.rs","edition":"2024","doc":true,"doctest":true,"test":true},"message":{"rendered":"error[E0658]: use of unstable library feature `new_zeroed_alloc`\n   --> submodules/rust/compiler/rustc_index/src/bit_set.rs:701:37\n    |\n701 |                         let words = Rc::<[Word; CHUNK_WORDS]>::new_zeroed();\n    |                                     ^^^^^^^^^^^^^^^^^^^^^^^^^^^^^^^^^^^^^\n    |\n    = note: see issue #129396 <https://github.com/rust-lang/rust/issues/129396> for more information\n    = help: add `#![feature(new_zeroed_alloc)]` to the crate attributes to enable\n    = note: this compiler was built on 2025-09-15; consider upgrading it if it is out of date\n\n","$message_type":"diagnostic","children":[{"children":[],"code":null,"level":"note","message":"see issue #129396 <https://github.com/rust-lang/rust/issues/129396> for more information","rendered":null,"spans":[]},{"children":[],"code":null,"level":"help","message":"add `#![feature(new_zeroed_alloc)]` to the crate attributes to enable","rendered":null,"spans":[]},{"children":[],"code":null,"level":"note","message":"this compiler was built on 2025-09-15; consider upgrading it if it is out of date","rendered":null,"spans":[]}],"code":{"code":"E0658","explanation":"An unstable feature was used.\n\nErroneous code example:\n\n```compile_fail,E0658\nuse std::intrinsics; // error: use of unstable library feature `core_intrinsics`\n```\n\nIf you're using a stable or a beta version of rustc, you won't be able to use\nany unstable features. In order to do so, please switch to a nightly version of\nrustc (by using [rustup]).\n\nIf you're using a nightly version of rustc, just add the corresponding feature\nto be able to use it:\n\n```\n#![feature(core_intrinsics)]\n\nuse std::intrinsics; // ok!\n```\n\n[rustup]: https://rust-lang.github.io/rustup/concepts/channels.html\n"},"level":"error","message":"use of unstable library feature `new_zeroed_alloc`","spans":[{"byte_end":24545,"byte_start":24508,"column_end":74,"column_start":37,"expansion":null,"file_name":"submodules/rust/compiler/rustc_index/src/bit_set.rs","is_primary":true,"label":null,"line_end":701,"line_start":701,"suggested_replacement":null,"suggestion_applicability":null,"text":[{"highlight_end":74,"highlight_start":37,"text":"                        let words = Rc::<[Word; CHUNK_WORDS]>::new_zeroed();"}]}]}}
{"reason":"compiler-artifact","package_id":"registry+https://github.com/rust-lang/crates.io-index#fluent-syntax@0.12.0","manifest_path":"/home/mdupont/.cargo/registry/src/index.crates.io-1949cf8c6b5b557f/fluent-syntax-0.12.0/Cargo.toml","target":{"kind":["lib"],"crate_types":["lib"],"name":"fluent_syntax","src_path":"/home/mdupont/.cargo/registry/src/index.crates.io-1949cf8c6b5b557f/fluent-syntax-0.12.0/src/lib.rs","edition":"2021","doc":true,"doctest":true,"test":true},"profile":{"opt_level":"0","debuginfo":2,"debug_assertions":true,"overflow_checks":true,"test":false},"features":["default"],"filenames":["/mnt/data1/nix/vendor/rust/cargo2nix/target/debug/deps/libfluent_syntax-3ed92aede722bd39.rlib","/mnt/data1/nix/vendor/rust/cargo2nix/target/debug/deps/libfluent_syntax-3ed92aede722bd39.rmeta"],"executable":null,"fresh":false}
{"reason":"compiler-artifact","package_id":"registry+https://github.com/rust-lang/crates.io-index#zerotrie@0.2.0","manifest_path":"/home/mdupont/.cargo/registry/src/index.crates.io-1949cf8c6b5b557f/zerotrie-0.2.0/Cargo.toml","target":{"kind":["lib"],"crate_types":["lib"],"name":"zerotrie","src_path":"/home/mdupont/.cargo/registry/src/index.crates.io-1949cf8c6b5b557f/zerotrie-0.2.0/src/lib.rs","edition":"2021","doc":true,"doctest":true,"test":true},"profile":{"opt_level":"0","debuginfo":2,"debug_assertions":true,"overflow_checks":true,"test":false},"features":["alloc"],"filenames":["/mnt/data1/nix/vendor/rust/cargo2nix/target/debug/deps/libzerotrie-0e614fd2142141da.rlib","/mnt/data1/nix/vendor/rust/cargo2nix/target/debug/deps/libzerotrie-0e614fd2142141da.rmeta"],"executable":null,"fresh":false}
{"reason":"compiler-message","package_id":"path+file:///mnt/data1/nix/vendor/rust/cargo2nix/submodules/rust/compiler/rustc_index#0.0.0","manifest_path":"/mnt/data1/nix/vendor/rust/cargo2nix/submodules/rust/compiler/rustc_index/Cargo.toml","target":{"kind":["lib"],"crate_types":["lib"],"name":"rustc_index","src_path":"/mnt/data1/nix/vendor/rust/cargo2nix/submodules/rust/compiler/rustc_index/src/lib.rs","edition":"2024","doc":true,"doctest":true,"test":true},"message":{"rendered":"For more information about this error, try `rustc --explain E0658`.\n","$message_type":"diagnostic","children":[],"code":null,"level":"failure-note","message":"For more information about this error, try `rustc --explain E0658`.","spans":[]}}
error: could not compile `rustc_index` (lib) due to 2 previous errors
warning: build failed, waiting for other jobs to finish...
{"reason":"compiler-artifact","package_id":"registry+https://github.com/rust-lang/crates.io-index#unic-langid-macros-impl@0.9.6","manifest_path":"/home/mdupont/.cargo/registry/src/index.crates.io-1949cf8c6b5b557f/unic-langid-macros-impl-0.9.6/Cargo.toml","target":{"kind":["proc-macro"],"crate_types":["proc-macro"],"name":"unic_langid_macros_impl","src_path":"/home/mdupont/.cargo/registry/src/index.crates.io-1949cf8c6b5b557f/unic-langid-macros-impl-0.9.6/src/lib.rs","edition":"2021","doc":true,"doctest":true,"test":true},"profile":{"opt_level":"0","debuginfo":0,"debug_assertions":true,"overflow_checks":true,"test":false},"features":[],"filenames":["/mnt/data1/nix/vendor/rust/cargo2nix/target/debug/deps/libunic_langid_macros_impl-11bd605ffe5a834c.so"],"executable":null,"fresh":false}
{"reason":"compiler-artifact","package_id":"path+file:///mnt/data1/nix/vendor/rust/cargo2nix/submodules/fluent-rs/fluent-syntax#0.12.0","manifest_path":"/mnt/data1/nix/vendor/rust/cargo2nix/submodules/fluent-rs/fluent-syntax/Cargo.toml","target":{"kind":["lib"],"crate_types":["lib"],"name":"fluent_syntax","src_path":"/mnt/data1/nix/vendor/rust/cargo2nix/submodules/fluent-rs/fluent-syntax/src/lib.rs","edition":"2024","doc":true,"doctest":true,"test":true},"profile":{"opt_level":"0","debuginfo":2,"debug_assertions":true,"overflow_checks":true,"test":false},"features":["default"],"filenames":["/mnt/data1/nix/vendor/rust/cargo2nix/target/debug/deps/libfluent_syntax-fd8c1843c1faa9fe.rlib","/mnt/data1/nix/vendor/rust/cargo2nix/target/debug/deps/libfluent_syntax-fd8c1843c1faa9fe.rmeta"],"executable":null,"fresh":false}
{"reason":"compiler-artifact","package_id":"registry+https://github.com/rust-lang/crates.io-index#zerovec@0.11.1","manifest_path":"/home/mdupont/.cargo/registry/src/index.crates.io-1949cf8c6b5b557f/zerovec-0.11.1/Cargo.toml","target":{"kind":["lib"],"crate_types":["lib"],"name":"zerovec","src_path":"/home/mdupont/.cargo/registry/src/index.crates.io-1949cf8c6b5b557f/zerovec-0.11.1/src/lib.rs","edition":"2021","doc":true,"doctest":true,"test":true},"profile":{"opt_level":"0","debuginfo":2,"debug_assertions":true,"overflow_checks":true,"test":false},"features":["alloc","derive","yoke"],"filenames":["/mnt/data1/nix/vendor/rust/cargo2nix/target/debug/deps/libzerovec-004f663e1311a8bb.rlib","/mnt/data1/nix/vendor/rust/cargo2nix/target/debug/deps/libzerovec-004f663e1311a8bb.rmeta"],"executable":null,"fresh":false}
{"reason":"compiler-artifact","package_id":"registry+https://github.com/rust-lang/crates.io-index#schemars@1.1.0","manifest_path":"/home/mdupont/.cargo/registry/src/index.crates.io-1949cf8c6b5b557f/schemars-1.1.0/Cargo.toml","target":{"kind":["lib"],"crate_types":["lib"],"name":"schemars","src_path":"/home/mdupont/.cargo/registry/src/index.crates.io-1949cf8c6b5b557f/schemars-1.1.0/src/lib.rs","edition":"2021","doc":true,"doctest":true,"test":true},"profile":{"opt_level":"0","debuginfo":2,"debug_assertions":true,"overflow_checks":true,"test":false},"features":["default","derive","schemars_derive","std"],"filenames":["/mnt/data1/nix/vendor/rust/cargo2nix/target/debug/deps/libschemars-503f2078269e8b90.rlib","/mnt/data1/nix/vendor/rust/cargo2nix/target/debug/deps/libschemars-503f2078269e8b90.rmeta"],"executable":null,"fresh":false}
{"reason":"build-script-executed","package_id":"registry+https://github.com/rust-lang/crates.io-index#blake3@1.8.2","linked_libs":["static=blake3_sse2_sse41_avx2_assembly","static=blake3_avx512_assembly"],"linked_paths":["native=/mnt/data1/nix/vendor/rust/cargo2nix/target/debug/build/blake3-1889f2012b19eab4/out","native=/mnt/data1/nix/vendor/rust/cargo2nix/target/debug/build/blake3-1889f2012b19eab4/out"],"cfgs":["blake3_sse2_ffi","blake3_sse41_ffi","blake3_avx2_ffi","blake3_avx512_ffi"],"env":[],"out_dir":"/mnt/data1/nix/vendor/rust/cargo2nix/target/debug/build/blake3-1889f2012b19eab4/out"}
{"reason":"build-finished","success":false}
